batch_id,dataset,stock_id,query_start_date,query_end_date,download_timestamp,row_count,sha256,source_endpoint,retry_count,status,file_path
1,TaiwanStockInstitutionalInvestorsBuySell,1101,2012-01-01,2026-07-11,2026-07-11T10:28:06.068747,15324,677cbedabc0422876f9a44111168c3fd392b9f3db9bc252c270a33c88dc16a16,https://api.finmindtrade.com/api/v4/data,0,success,rp001_data\phase2a\raw\TaiwanStockInstitutionalInvestorsBuySell_1101.json
1,TaiwanStockPrice,1101,2012-01-01,2026-07-11,2026-07-11T10:28:07.280177,3549,e32687f70e133bb437d7e9beb7e110e2203d48295e65268e1cf990abc8788706,https://api.finmindtrade.com/api/v4/data,0,success,rp001_data\phase2a\raw\TaiwanStockPrice_1101.json
1,TaiwanStockPER,1101,2012-01-01,2026-07-11,2026-07-11T10:28:08.174071,3552,d4e7df362024f7592c2f44a16da9a8e1e9896692ae634841629a9f10d2f42ac6,https://api.finmindtrade.com/api/v4/data,0,success,rp001_data\phase2a\raw\TaiwanStockPER_1101.json
1,TaiwanStockInstitutionalInvestorsBuySell,1102,2012-01-01,2026-07-11,2026-07-11T10:28:09.327540,15337,8a8478c7479f76efd09e950c285debf4cd555460fbbb83481d3edbb5ed62eab7,https://api.finmindtrade.com/api/v4/data,0,success,rp001_data\phase2a\raw\TaiwanStockInstitutionalInvestorsBuySell_1102.json
1,TaiwanStockPrice,1102,2012-01-01,2026-07-11,2026-07-11T10:28:10.687412,3549,9d0204d93e9296c99f315be1344b8592821e2259a411464860122afffc152e9a,https://api.finmindtrade.com/api/v4/data,0,success,rp001_data\phase2a\raw\TaiwanStockPrice_1102.json
1,TaiwanStockPER,1102,2012-01-01,2026-07-11,2026-07-11T10:28:12.259865,3552,8870abb1a49c976c0e0217f75846ed46f81d887515b241307c193f4c53c2cf3b,https://api.finmindtrade.com/api/v4/data,0,success,rp001_data\phase2a\raw\TaiwanStockPER_1102.json
1,TaiwanStockInstitutionalInvestorsBuySell,1103,2012-01-01,2026-07-11,2026-07-11T10:28:14.147490,15280,3cb9be5fe27dceea3c962c2565c36b3feff47bc1ad35e40e77d01b0ebcaa3240,https://api.finmindtrade.com/api/v4/data,0,success,rp001_data\phase2a\raw\TaiwanStockInstitutionalInvestorsBuySell_1103.json
1,TaiwanStockPrice,1103,2012-01-01,2026-07-11,2026-07-11T10:28:15.298392,3549,e2d0ef14e7c250e6c0a2c0567e308fb699ed1b54060c26c652eccf4ea103759b,https://api.finmindtrade.com/api/v4/data,0,success,rp001_data\phase2a\raw\TaiwanStockPrice_1103.json
1,TaiwanStockPER,1103,2012-01-01,2026-07-11,2026-07-11T10:28:16.219285,3552,32109489be0928d5d558e603c3dc29de4b41407c3412c72ca8e913991138461b,https://api.finmindtrade.com/api/v4/data,0,success,rp001_data\phase2a\raw\TaiwanStockPER_1103.json
1,TaiwanStockInstitutionalInvestorsBuySell,1104,2012-01-01,2026-07-11,2026-07-11T10:28:17.976378,15301,0b6e1b68a7cfa78c92c0ef1d961761cb277f5332c09c00310b70c74e6b53424d,https://api.finmindtrade.com/api/v4/data,0,success,rp001_data\phase2a\raw\TaiwanStockInstitutionalInvestorsBuySell_1104.json
1,TaiwanStockPrice,1104,2012-01-01,2026-07-11,2026-07-11T10:28:19.130210,3549,25553549b181aebedf8c646d247c74cb7ec7665a0e248b2e854eae17876287ce,https://api.finmindtrade.com/api/v4/data,0,success,rp001_data\phase2a\raw\TaiwanStockPrice_1104.json
1,TaiwanStockPER,1104,2012-01-01,2026-07-11,2026-07-11T10:28:20.039233,3552,a0fcbe8ad23c1e34f9580e5851d70fa1fdd9546756657d53026b005fceb62b56,https://api.finmindtrade.com/api/v4/data,0,success,rp001_data\phase2a\raw\TaiwanStockPER_1104.json
1,TaiwanStockInstitutionalInvestorsBuySell,1108,2012-01-01,2026-07-11,2026-07-11T10:28:21.865442,14403,d1afea69a7d622a88dd1fb5a426d7d6663789a9c43b7e4f1dffb6c0d2c5cbd47,https://api.finmindtrade.com/api/v4/data,0,success,rp001_data\phase2a\raw\TaiwanStockInstitutionalInvestorsBuySell_1108.json
1,TaiwanStockPrice,1108,2012-01-01,2026-07-11,2026-07-11T10:28:22.969863,3549,20b3eccc23f7604cf826812c6d5511a74f1dce32460cfd891095a5cb272e853d,https://api.finmindtrade.com/api/v4/data,0,success,rp001_data\phase2a\raw\TaiwanStockPrice_1108.json
1,TaiwanStockPER,1108,2012-01-01,2026-07-11,2026-07-11T10:28:25.135382,3552,7c387bda16de956a0783bb36239c3839c46f4750976e63a5cfc3b0ef3d5e0c10,https://api.finmindtrade.com/api/v4/data,0,success,rp001_data\phase2a\raw\TaiwanStockPER_1108.json
1,TaiwanStockInstitutionalInvestorsBuySell,1109,2012-01-01,2026-07-11,2026-07-11T10:28:26.448298,13471,bd4cb5fea3958ab472c022d7c78fb7affa696df00609641e0fff354ac1245bab,https://api.finmindtrade.com/api/v4/data,0,success,rp001_data\phase2a\raw\TaiwanStockInstitutionalInvestorsBuySell_1109.json
1,TaiwanStockPrice,1109,2012-01-01,2026-07-11,2026-07-11T10:28:27.548428,3525,52e7d249f1f39f521fcb62a5436225250bea53a739f703b230408f3d402d671c,https://api.finmindtrade.com/api/v4/data,0,success,rp001_data\phase2a\raw\TaiwanStockPrice_1109.json
1,TaiwanStockPER,1109,2012-01-01,2026-07-11,2026-07-11T10:28:28.524192,3528,8cdbf295deba6b42478fbc45b8131067c66e87875eacffe214fc58196c95d1fb,https://api.finmindtrade.com/api/v4/data,0,success,rp001_data\phase2a\raw\TaiwanStockPER_1109.json
1,TaiwanStockInstitutionalInvestorsBuySell,1110,2012-01-01,2026-07-11,2026-07-11T10:28:30.331714,13499,1413cdcfdd1ec8d8927679ace1235c215a29a3e2268725b8ebf3d8b317c7659f,https://api.finmindtrade.com/api/v4/data,0,success,rp001_data\phase2a\raw\TaiwanStockInstitutionalInvestorsBuySell_1110.json
1,TaiwanStockPrice,1110,2012-01-01,2026-07-11,2026-07-11T10:28:32.650502,3549,5a0ad4de15dc003e2b13bc644b08885a206d2f490b4eccb543ba9d132bfde0dd,https://api.finmindtrade.com/api/v4/data,0,success,rp001_data\phase2a\raw\TaiwanStockPrice_1110.json
1,TaiwanStockPER,1110,2012-01-01,2026-07-11,2026-07-11T10:28:34.046239,3552,3a0a16bc12225048435825a392ec5f149c75b2b498a568108293fe4600e235be,https://api.finmindtrade.com/api/v4/data,0,success,rp001_data\phase2a\raw\TaiwanStockPER_1110.json
1,TaiwanStockInstitutionalInvestorsBuySell,1201,2012-01-01,2026-07-11,2026-07-11T10:28:35.969710,15328,300c969a9944c1213d71b6e6fd47888edc09b95726d95d9edd980639a0f3d026,https://api.finmindtrade.com/api/v4/data,0,success,rp001_data\phase2a\raw\TaiwanStockInstitutionalInvestorsBuySell_1201.json
1,TaiwanStockPrice,1201,2012-01-01,2026-07-11,2026-07-11T10:28:38.493459,3549,38c0f10c6d9d05738df32752657e8ea50340e1f244f9d761bb83558e65d5386e,https://api.finmindtrade.com/api/v4/data,0,success,rp001_data\phase2a\raw\TaiwanStockPrice_1201.json
1,TaiwanStockPER,1201,2012-01-01,2026-07-11,2026-07-11T10:28:39.686033,3552,966086e5fe01e2d9af3d11dc64b01c6d7f1f044f8f3552cff522ca1a0add4674,https://api.finmindtrade.com/api/v4/data,0,success,rp001_data\phase2a\raw\TaiwanStockPER_1201.json
1,TaiwanStockInstitutionalInvestorsBuySell,1203,2012-01-01,2026-07-11,2026-07-11T10:28:41.318163,13905,5d8eba6c49abc33e48e4330e4b6507dcc9148d7b59208a2cbaa3fe2a42fa9e4c,https://api.finmindtrade.com/api/v4/data,0,success,rp001_data\phase2a\raw\TaiwanStockInstitutionalInvestorsBuySell_1203.json
1,TaiwanStockPrice,1203,2012-01-01,2026-07-11,2026-07-11T10:28:42.339553,3549,d11a5fee00e2835c739b0915928972c5c6dff160b90b44ec5af7984481dcb0d9,https://api.finmindtrade.com/api/v4/data,0,success,rp001_data\phase2a\raw\TaiwanStockPrice_1203.json
1,TaiwanStockPER,1203,2012-01-01,2026-07-11,2026-07-11T10:28:43.230427,3552,b0be8bd2f09a0bb762f6166a6b25fce2559696d6f49714284887796c5ba13e5e,https://api.finmindtrade.com/api/v4/data,0,success,rp001_data\phase2a\raw\TaiwanStockPER_1203.json
1,TaiwanStockInstitutionalInvestorsBuySell,1210,2012-01-01,2026-07-11,2026-07-11T10:28:44.302468,15339,4cd867921e147bd43befdc7ab040b0b0fe3b52a8f9b5ba63fbf4da361b0a9b61,https://api.finmindtrade.com/api/v4/data,0,success,rp001_data\phase2a\raw\TaiwanStockInstitutionalInvestorsBuySell_1210.json
1,TaiwanStockPrice,1210,2012-01-01,2026-07-11,2026-07-11T10:28:45.418313,3549,76b111760db121621e202ad9ad57ab73726a07e8bfaebea3a7172625fbb1be81,https://api.finmindtrade.com/api/v4/data,0,success,rp001_data\phase2a\raw\TaiwanStockPrice_1210.json
1,TaiwanStockPER,1210,2012-01-01,2026-07-11,2026-07-11T10:28:46.342808,3552,d9a1be8bdc8eed48e05735b9038646ab7433e836a6270b7de1d4e95589ef734a,https://api.finmindtrade.com/api/v4/data,0,success,rp001_data\phase2a\raw\TaiwanStockPER_1210.json
1,TaiwanStockInstitutionalInvestorsBuySell,1213,2012-01-01,2026-07-11,2026-07-11T10:28:47.402745,4527,18408cf8c629b5f0e29035a0926cb1062d30af1abf40c1c5170c7b168af25901,https://api.finmindtrade.com/api/v4/data,0,success,rp001_data\phase2a\raw\TaiwanStockInstitutionalInvestorsBuySell_1213.json
1,TaiwanStockPrice,1213,2012-01-01,2026-07-11,2026-07-11T10:28:48.590342,3431,f1228ddd0e9992e0ea83db55713bf1e1c8f59862d635fdad8648f734a1aa7153,https://api.finmindtrade.com/api/v4/data,0,success,rp001_data\phase2a\raw\TaiwanStockPrice_1213.json
1,TaiwanStockPER,1213,2012-01-01,2026-07-11,2026-07-11T10:28:49.475693,3435,5b34587f67b02fc4da2b5b5c86b27f1d55743fc2f7369ade5b591ebf3efa0262,https://api.finmindtrade.com/api/v4/data,0,success,rp001_data\phase2a\raw\TaiwanStockPER_1213.json
1,TaiwanStockInstitutionalInvestorsBuySell,1215,2012-01-01,2026-07-11,2026-07-11T10:28:51.302058,15335,8cdf9fe4daae9c4adfe137c13f42f33c7308ec8625bd9a8cfbe68e3712f98a1e,https://api.finmindtrade.com/api/v4/data,0,success,rp001_data\phase2a\raw\TaiwanStockInstitutionalInvestorsBuySell_1215.json
1,TaiwanStockPrice,1215,2012-01-01,2026-07-11,2026-07-11T10:28:52.687956,3549,0f2729d29d5a9b95a2fbf071e79df945ccedf3d96663bd5d606dd74e0350a3d9,https://api.finmindtrade.com/api/v4/data,0,success,rp001_data\phase2a\raw\TaiwanStockPrice_1215.json
1,TaiwanStockPER,1215,2012-01-01,2026-07-11,2026-07-11T10:28:53.634117,3552,d41ee509875bd83c8244ff2d64babd6fd3e118ed1b9995bf26af39d8fcfc29d1,https://api.finmindtrade.com/api/v4/data,0,success,rp001_data\phase2a\raw\TaiwanStockPER_1215.json
1,TaiwanStockInstitutionalInvestorsBuySell,1216,2012-01-01,2026-07-11,2026-07-11T10:28:54.900068,15338,7a8830e57bde3ecd65b05b574bbe5a399b1672810789998b30d7c80182cf1257,https://api.finmindtrade.com/api/v4/data,0,success,rp001_data\phase2a\raw\TaiwanStockInstitutionalInvestorsBuySell_1216.json
1,TaiwanStockPrice,1216,2012-01-01,2026-07-11,2026-07-11T10:28:56.151058,3549,fb2731e83ec53a946bef8b0da2a969b9601b29f077fd3cb6b3fc0d0a8185cf90,https://api.finmindtrade.com/api/v4/data,0,success,rp001_data\phase2a\raw\TaiwanStockPrice_1216.json
1,TaiwanStockPER,1216,2012-01-01,2026-07-11,2026-07-11T10:28:57.513856,3552,805a81ef7aa0e9c326d71d47353c0c4ac4f36139a3ae6199cf86b12c3953bcf5,https://api.finmindtrade.com/api/v4/data,0,success,rp001_data\phase2a\raw\TaiwanStockPER_1216.json
1,TaiwanStockInstitutionalInvestorsBuySell,1217,2012-01-01,2026-07-11,2026-07-11T10:29:00.414951,15299,94722f8c9d14ffc27af182134263c8ad634414f244b72226b9136d6de30cb00c,https://api.finmindtrade.com/api/v4/data,0,success,rp001_data\phase2a\raw\TaiwanStockInstitutionalInvestorsBuySell_1217.json
1,TaiwanStockPrice,1217,2012-01-01,2026-07-11,2026-07-11T10:29:01.553505,3549,b4a6e00969069b418e18d08043ff5d95f0454f3b15cf51c41c82fe3051a3d0b1,https://api.finmindtrade.com/api/v4/data,0,success,rp001_data\phase2a\raw\TaiwanStockPrice_1217.json
1,TaiwanStockPER,1217,2012-01-01,2026-07-11,2026-07-11T10:29:02.414108,3552,5f8deab14004b4eceabf69f3ebe199021eb6b1481cee887a41e2c61add5d4356,https://api.finmindtrade.com/api/v4/data,0,success,rp001_data\phase2a\raw\TaiwanStockPER_1217.json
1,TaiwanStockInstitutionalInvestorsBuySell,1218,2012-01-01,2026-07-11,2026-07-11T10:29:03.892008,15299,5b7d2fd81e886173e1ff9f5604945f9d7ef5265daf9287996ccd458180b13b6a,https://api.finmindtrade.com/api/v4/data,0,success,rp001_data\phase2a\raw\TaiwanStockInstitutionalInvestorsBuySell_1218.json
1,TaiwanStockPrice,1218,2012-01-01,2026-07-11,2026-07-11T10:29:05.316266,3549,eceeb19978a548c055ed9e80d27fc452b79c38093c2fc6cd018b5dadfe007bff,https://api.finmindtrade.com/api/v4/data,0,success,rp001_data\phase2a\raw\TaiwanStockPrice_1218.json
1,TaiwanStockPER,1218,2012-01-01,2026-07-11,2026-07-11T10:29:06.305858,3552,3b69006297468a22094e82663025e00e15b352e090226397dcf9df92d6845457,https://api.finmindtrade.com/api/v4/data,0,success,rp001_data\phase2a\raw\TaiwanStockPER_1218.json
1,TaiwanStockInstitutionalInvestorsBuySell,1219,2012-01-01,2026-07-11,2026-07-11T10:29:08.050348,13475,603f2e705407df8e8d77781567b9880a69c9c772807ed779cf14692bd360befa,https://api.finmindtrade.com/api/v4/data,0,success,rp001_data\phase2a\raw\TaiwanStockInstitutionalInvestorsBuySell_1219.json
1,TaiwanStockPrice,1219,2012-01-01,2026-07-11,2026-07-11T10:29:10.148177,3549,d6de261aa1f4f74c51dfdf289973a3a6fe6f2ffb449070b25b5f695b8ccfcda6,https://api.finmindtrade.com/api/v4/data,0,success,rp001_data\phase2a\raw\TaiwanStockPrice_1219.json
1,TaiwanStockPER,1219,2012-01-01,2026-07-11,2026-07-11T10:29:11.120440,3552,2c984757c448d362a504dad24b8af3bd5df9f80742150373c8a0b992ee79a5ae,https://api.finmindtrade.com/api/v4/data,0,success,rp001_data\phase2a\raw\TaiwanStockPER_1219.json
1,TaiwanStockInstitutionalInvestorsBuySell,1220,2012-01-01,2026-07-11,2026-07-11T10:29:12.695688,12762,0ea6451d6aa706a952db1bdb846ba76a1b4e19d3bafcdeb1c984e94eb9569916,https://api.finmindtrade.com/api/v4/data,0,success,rp001_data\phase2a\raw\TaiwanStockInstitutionalInvestorsBuySell_1220.json
1,TaiwanStockPrice,1220,2012-01-01,2026-07-11,2026-07-11T10:29:13.710853,3549,25d9a15fe9dbc2462f579cd2e076c60e7491960d9644443220cb335d676d6074,https://api.finmindtrade.com/api/v4/data,0,success,rp001_data\phase2a\raw\TaiwanStockPrice_1220.json
1,TaiwanStockPER,1220,2012-01-01,2026-07-11,2026-07-11T10:29:14.510856,3552,6de2c80be8d868d6b526c53e1d50380f40c6f382ab97101727d473aea02ad37e,https://api.finmindtrade.com/api/v4/data,0,success,rp001_data\phase2a\raw\TaiwanStockPER_1220.json
1,TaiwanStockInstitutionalInvestorsBuySell,1225,2012-01-01,2026-07-11,2026-07-11T10:29:16.175231,13558,fbfb14491d0fb316de6783ca088bd3270978fffd7fd941ac381eaf3a142bafdc,https://api.finmindtrade.com/api/v4/data,0,success,rp001_data\phase2a\raw\TaiwanStockInstitutionalInvestorsBuySell_1225.json
1,TaiwanStockPrice,1225,2012-01-01,2026-07-11,2026-07-11T10:29:17.663603,3496,bc77c052cdd4d4c20da52006e2cb320e3de1a3d5667012d8eb14e2c553e29c12,https://api.finmindtrade.com/api/v4/data,0,success,rp001_data\phase2a\raw\TaiwanStockPrice_1225.json
1,TaiwanStockPER,1225,2012-01-01,2026-07-11,2026-07-11T10:29:18.858698,3499,7a057039b82325d12f5a788efd5c0dac198f03771a40ef4cdf588e62d2d59ea3,https://api.finmindtrade.com/api/v4/data,0,success,rp001_data\phase2a\raw\TaiwanStockPER_1225.json
1,TaiwanStockInstitutionalInvestorsBuySell,1227,2012-01-01,2026-07-11,2026-07-11T10:29:20.724032,15329,c8fe41326d35c7289cf98ba895c04db7fe6d12531022b1eaaf139571bf6e54b2,https://api.finmindtrade.com/api/v4/data,0,success,rp001_data\phase2a\raw\TaiwanStockInstitutionalInvestorsBuySell_1227.json
1,TaiwanStockPrice,1227,2012-01-01,2026-07-11,2026-07-11T10:29:21.813996,3549,6357491f1212255418b10e8c6869d12830accca53f60121e8277d507040a3889,https://api.finmindtrade.com/api/v4/data,0,success,rp001_data\phase2a\raw\TaiwanStockPrice_1227.json
1,TaiwanStockPER,1227,2012-01-01,2026-07-11,2026-07-11T10:29:22.681635,3552,5cdf2d46c7cfb0df98bc134dfc1153c83cfb41cfdbeec3e31ee47f56e776c6b1,https://api.finmindtrade.com/api/v4/data,0,success,rp001_data\phase2a\raw\TaiwanStockPER_1227.json
1,TaiwanStockInstitutionalInvestorsBuySell,1229,2012-01-01,2026-07-11,2026-07-11T10:29:23.734596,15319,5b50e2b9dfc94c2e5dcb51ad42edfb54a6b9d3637ea0607154cf44195c5aa4d3,https://api.finmindtrade.com/api/v4/data,0,success,rp001_data\phase2a\raw\TaiwanStockInstitutionalInvestorsBuySell_1229.json
1,TaiwanStockPrice,1229,2012-01-01,2026-07-11,2026-07-11T10:29:24.808786,3549,dd4587f131490cd33485015e05be90fc085f43ee9794ce7f5d40e05cfcac6db0,https://api.finmindtrade.com/api/v4/data,0,success,rp001_data\phase2a\raw\TaiwanStockPrice_1229.json
1,TaiwanStockPER,1229,2012-01-01,2026-07-11,2026-07-11T10:29:25.683464,3552,f965b903893a0f1e7a89c3530dc44f183fa2b7aaa04109cf326c346fba884444,https://api.finmindtrade.com/api/v4/data,0,success,rp001_data\phase2a\raw\TaiwanStockPER_1229.json
1,TaiwanStockInstitutionalInvestorsBuySell,1231,2012-01-01,2026-07-11,2026-07-11T10:29:26.814321,15227,5e787f87a1f61788ae46b40d6efd49fc84beca74f8875ebaa2841a87a1295be4,https://api.finmindtrade.com/api/v4/data,0,success,rp001_data\phase2a\raw\TaiwanStockInstitutionalInvestorsBuySell_1231.json
1,TaiwanStockPrice,1231,2012-01-01,2026-07-11,2026-07-11T10:29:27.844259,3549,6be43e753ab38a61aa2813bd3e5e247eaadfb11c6febd96dd9d824bafe7e43d8,https://api.finmindtrade.com/api/v4/data,0,success,rp001_data\phase2a\raw\TaiwanStockPrice_1231.json
1,TaiwanStockPER,1231,2012-01-01,2026-07-11,2026-07-11T10:29:28.699848,3552,e2837201ce32ba17c35cab0f0d1d237b1229b8cdbfeb17cbcd536bd628569283,https://api.finmindtrade.com/api/v4/data,0,success,rp001_data\phase2a\raw\TaiwanStockPER_1231.json
1,TaiwanStockInstitutionalInvestorsBuySell,1232,2012-01-01,2026-07-11,2026-07-11T10:29:30.285273,14861,899cbcdbf59ae9e3d0e1b433e3c62d1d2759baddce9162552584974a1e10b4d4,https://api.finmindtrade.com/api/v4/data,0,success,rp001_data\phase2a\raw\TaiwanStockInstitutionalInvestorsBuySell_1232.json
1,TaiwanStockPrice,1232,2012-01-01,2026-07-11,2026-07-11T10:29:54.219661,3549,1f400a123229ae99421fe98733d0d109a34a0eb8a101b7992ccb69b134af0207,https://api.finmindtrade.com/api/v4/data,1,success,rp001_data\phase2a\raw\TaiwanStockPrice_1232.json
1,TaiwanStockPER,1232,2012-01-01,2026-07-11,2026-07-11T10:29:55.109271,3552,93b00d92dc5f58c060debde74f221aa0446cb6095c6a36cc67ddaa92e54e4284,https://api.finmindtrade.com/api/v4/data,0,success,rp001_data\phase2a\raw\TaiwanStockPER_1232.json
1,TaiwanStockInstitutionalInvestorsBuySell,1233,2012-01-01,2026-07-11,2026-07-11T10:29:57.829250,11116,f9cb819cadbb42d7e49587b02d1221752abf430d8e8ff17e2ca2f4b318c31ba5,https://api.finmindtrade.com/api/v4/data,0,success,rp001_data\phase2a\raw\TaiwanStockInstitutionalInvestorsBuySell_1233.json
1,TaiwanStockPrice,1233,2012-01-01,2026-07-11,2026-07-11T10:29:59.191910,3549,3d4f33153df61063751bc9e885aa9f7a8928bf1c1ba31a8f7332ef9557d2ae0f,https://api.finmindtrade.com/api/v4/data,0,success,rp001_data\phase2a\raw\TaiwanStockPrice_1233.json
1,TaiwanStockPER,1233,2012-01-01,2026-07-11,2026-07-11T10:30:00.588016,3552,6410a16c8270b7166bd2f130114a2e457399c2733279d9fbc69fd3d37c4d41a6,https://api.finmindtrade.com/api/v4/data,0,success,rp001_data\phase2a\raw\TaiwanStockPER_1233.json
1,TaiwanStockInstitutionalInvestorsBuySell,1234,2012-01-01,2026-07-11,2026-07-11T10:30:03.077433,14847,63bee4d977281975758e014cbceb72c7e2b1c9bbaafb436c50138ece40bb52c3,https://api.finmindtrade.com/api/v4/data,0,success,rp001_data\phase2a\raw\TaiwanStockInstitutionalInvestorsBuySell_1234.json
1,TaiwanStockPrice,1234,2012-01-01,2026-07-11,2026-07-11T10:30:05.114944,3541,c604159a87153d6eaef7a00fb4a07cacddd03841d6805fbf60c78b255c3ec82b,https://api.finmindtrade.com/api/v4/data,0,success,rp001_data\phase2a\raw\TaiwanStockPrice_1234.json
1,TaiwanStockPER,1234,2012-01-01,2026-07-11,2026-07-11T10:30:06.011285,3544,47764223a348498f78c27e09ea8c208bbac543567b42cfec3877a4e8cbada340,https://api.finmindtrade.com/api/v4/data,0,success,rp001_data\phase2a\raw\TaiwanStockPER_1234.json
1,TaiwanStockInstitutionalInvestorsBuySell,1235,2012-01-01,2026-07-11,2026-07-11T10:30:07.469584,11137,ff2850ee011a6cba83a76a5abec503c84339e6c51e89d73d4605dd4c5449d530,https://api.finmindtrade.com/api/v4/data,0,success,rp001_data\phase2a\raw\TaiwanStockInstitutionalInvestorsBuySell_1235.json
1,TaiwanStockPrice,1235,2012-01-01,2026-07-11,2026-07-11T10:30:08.508760,3547,5ad217668588b373fcb837784037977c4ab2fe79ce16ea7d2cd3f930343c4744,https://api.finmindtrade.com/api/v4/data,0,success,rp001_data\phase2a\raw\TaiwanStockPrice_1235.json
1,TaiwanStockPER,1235,2012-01-01,2026-07-11,2026-07-11T10:30:09.552260,3552,e327fd79463bb2ec398361b531a30b16646b914d61935a5c0dd8d69ae6850f5c,https://api.finmindtrade.com/api/v4/data,0,success,rp001_data\phase2a\raw\TaiwanStockPER_1235.json
1,TaiwanStockInstitutionalInvestorsBuySell,1236,2012-01-01,2026-07-11,2026-07-11T10:30:11.693368,10203,5f59d95a8c7cfdad9cf962745d75ae88fa5539811727158ad700af1585e990c1,https://api.finmindtrade.com/api/v4/data,0,success,rp001_data\phase2a\raw\TaiwanStockInstitutionalInvestorsBuySell_1236.json
1,TaiwanStockPrice,1236,2012-01-01,2026-07-11,2026-07-11T10:30:12.792078,3542,86ed41634ebf4c0902becd9ea491c7930fd07977f96e42b60532c1d9da554369,https://api.finmindtrade.com/api/v4/data,0,success,rp001_data\phase2a\raw\TaiwanStockPrice_1236.json
1,TaiwanStockPER,1236,2012-01-01,2026-07-11,2026-07-11T10:30:13.684902,3545,3b0d46d3521af51b3a86016bfc063649326b081b705f96ed69a1ba1df6044c55,https://api.finmindtrade.com/api/v4/data,0,success,rp001_data\phase2a\raw\TaiwanStockPER_1236.json
1,TaiwanStockInstitutionalInvestorsBuySell,1256,2012-01-01,2026-07-11,2026-07-11T10:30:17.418152,13206,ce84910a8c35c7ed2ac839f7559de50a35372f384807c5d6674673458af01caa,https://api.finmindtrade.com/api/v4/data,0,success,rp001_data\phase2a\raw\TaiwanStockInstitutionalInvestorsBuySell_1256.json
1,TaiwanStockPrice,1256,2012-01-01,2026-07-11,2026-07-11T10:30:18.499739,3382,4a412259fab1e02ea104af687c724b6b5bb04e782009711466c79b1b7f539856,https://api.finmindtrade.com/api/v4/data,0,success,rp001_data\phase2a\raw\TaiwanStockPrice_1256.json
1,TaiwanStockPER,1256,2012-01-01,2026-07-11,2026-07-11T10:30:19.419793,3379,b203080802370ce6f082ab81a05116efafd3b9c52408a1f9f313fbc6264c3940,https://api.finmindtrade.com/api/v4/data,0,success,rp001_data\phase2a\raw\TaiwanStockPER_1256.json
1,TaiwanStockInstitutionalInvestorsBuySell,1301,2012-01-01,2026-07-11,2026-07-11T10:30:20.439312,15342,510804fac7c19b94bbf6f81543dbde69f12c890c0ded164eb3ee4b970c7394a8,https://api.finmindtrade.com/api/v4/data,0,success,rp001_data\phase2a\raw\TaiwanStockInstitutionalInvestorsBuySell_1301.json
1,TaiwanStockPrice,1301,2012-01-01,2026-07-11,2026-07-11T10:30:21.601649,3549,347894fada7013246c71bcd9621753115d6c35c61d132b5f8ec80df57d1034d0,https://api.finmindtrade.com/api/v4/data,0,success,rp001_data\phase2a\raw\TaiwanStockPrice_1301.json
1,TaiwanStockPER,1301,2012-01-01,2026-07-11,2026-07-11T10:30:22.488506,3552,b707930856eda83ac108e8411e4795fc3c4b111828fc5a4f8570ebdaf80db463,https://api.finmindtrade.com/api/v4/data,0,success,rp001_data\phase2a\raw\TaiwanStockPER_1301.json
1,TaiwanStockInstitutionalInvestorsBuySell,1303,2012-01-01,2026-07-11,2026-07-11T10:30:23.863593,15339,4864324fccf76310581f2cc118d8f1886e76b0e21fa626464d7ad5451323a2dd,https://api.finmindtrade.com/api/v4/data,0,success,rp001_data\phase2a\raw\TaiwanStockInstitutionalInvestorsBuySell_1303.json
1,TaiwanStockPrice,1303,2012-01-01,2026-07-11,2026-07-11T10:30:25.037526,3549,396b761f90ed8be290c452cfa33dd6b6ea02dce56d07b2122feefd469a50fc28,https://api.finmindtrade.com/api/v4/data,0,success,rp001_data\phase2a\raw\TaiwanStockPrice_1303.json
1,TaiwanStockPER,1303,2012-01-01,2026-07-11,2026-07-11T10:30:25.854495,3552,d087f0395ad32482d56a7381e9a508e2c70e971a893ed4893947aeebbd67ba21,https://api.finmindtrade.com/api/v4/data,0,success,rp001_data\phase2a\raw\TaiwanStockPER_1303.json
1,TaiwanStockInstitutionalInvestorsBuySell,1304,2012-01-01,2026-07-11,2026-07-11T10:30:27.728414,15324,fccbc2d836c520e573732d9590936f54685d151e970526968a9abc23b1119cc8,https://api.finmindtrade.com/api/v4/data,0,success,rp001_data\phase2a\raw\TaiwanStockInstitutionalInvestorsBuySell_1304.json
1,TaiwanStockPrice,1304,2012-01-01,2026-07-11,2026-07-11T10:30:28.944725,3549,0412e5b9aeaff4fabae4a1fc34452d4a38c1ddf9d2b832f94e0a0c923cebcb7c,https://api.finmindtrade.com/api/v4/data,0,success,rp001_data\phase2a\raw\TaiwanStockPrice_1304.json
1,TaiwanStockPER,1304,2012-01-01,2026-07-11,2026-07-11T10:30:29.854923,3552,8526ad06688cab9b2e889b59411cb0cfccaf2772ce5ec723f942cb853cd3bb3f,https://api.finmindtrade.com/api/v4/data,0,success,rp001_data\phase2a\raw\TaiwanStockPER_1304.json
1,TaiwanStockInstitutionalInvestorsBuySell,1305,2012-01-01,2026-07-11,2026-07-11T10:30:31.039579,15342,3a5776c2d8007606156c8859395ac871795e3b522d11ff9ade98b54896d8bd6c,https://api.finmindtrade.com/api/v4/data,0,success,rp001_data\phase2a\raw\TaiwanStockInstitutionalInvestorsBuySell_1305.json
1,TaiwanStockPrice,1305,2012-01-01,2026-07-11,2026-07-11T10:30:32.257774,3549,2d60c99131abbe871bec533cf84e8c1701797b80873fb0d24aae41d26f9b361f,https://api.finmindtrade.com/api/v4/data,0,success,rp001_data\phase2a\raw\TaiwanStockPrice_1305.json
1,TaiwanStockPER,1305,2012-01-01,2026-07-11,2026-07-11T10:30:33.145060,3552,ae85bb09981cbd2733ea5766abc88d7fa3141076e91fc6f16d931a41b6327ac7,https://api.finmindtrade.com/api/v4/data,0,success,rp001_data\phase2a\raw\TaiwanStockPER_1305.json
1,TaiwanStockInstitutionalInvestorsBuySell,1307,2012-01-01,2026-07-11,2026-07-11T10:30:34.647998,15153,63b235baed943833421acd23c88525ac30b6c45883be6df0f718a66751c6c0fa,https://api.finmindtrade.com/api/v4/data,0,success,rp001_data\phase2a\raw\TaiwanStockInstitutionalInvestorsBuySell_1307.json
1,TaiwanStockPrice,1307,2012-01-01,2026-07-11,2026-07-11T10:30:36.065174,3549,b68b20a150c8b67cd94d5c8d068fd27aa8aac0b08fa6acdcbd9fcde2322b3cc0,https://api.finmindtrade.com/api/v4/data,0,success,rp001_data\phase2a\raw\TaiwanStockPrice_1307.json
1,TaiwanStockPER,1307,2012-01-01,2026-07-11,2026-07-11T10:30:37.211104,3552,bcb441ea9d160e27b8cde28682b50abaa2dfdcfb58f707217147ea11035c204b,https://api.finmindtrade.com/api/v4/data,0,success,rp001_data\phase2a\raw\TaiwanStockPER_1307.json
1,TaiwanStockInstitutionalInvestorsBuySell,1308,2012-01-01,2026-07-11,2026-07-11T10:30:38.291117,15313,5cd79073b94551d7bd449b92f3c12d5f6b9aee12c337e860e9295aa08002ba56,https://api.finmindtrade.com/api/v4/data,0,success,rp001_data\phase2a\raw\TaiwanStockInstitutionalInvestorsBuySell_1308.json
1,TaiwanStockPrice,1308,2012-01-01,2026-07-11,2026-07-11T10:30:39.293687,3549,f30060cfe796d9ced9d3272d833fe92c0164cecbbf94deffc9df18a5f0846e24,https://api.finmindtrade.com/api/v4/data,0,success,rp001_data\phase2a\raw\TaiwanStockPrice_1308.json
1,TaiwanStockPER,1308,2012-01-01,2026-07-11,2026-07-11T10:30:40.255860,3552,84df86ad346998c15723612ec7591bd53ab121e6938bfc1ed8008a01f0117aa4,https://api.finmindtrade.com/api/v4/data,0,success,rp001_data\phase2a\raw\TaiwanStockPER_1308.json
1,TaiwanStockInstitutionalInvestorsBuySell,1309,2012-01-01,2026-07-11,2026-07-11T10:30:41.369999,15262,c926858d731a13a896b9dbd2c912432179f979e7084aa33b9fa30907bb097026,https://api.finmindtrade.com/api/v4/data,0,success,rp001_data\phase2a\raw\TaiwanStockInstitutionalInvestorsBuySell_1309.json
1,TaiwanStockPrice,1309,2012-01-01,2026-07-11,2026-07-11T10:30:42.400152,3549,df3123b12a14a9d0c25670cc3d3147bdb6fa69b1add3ce54d4bbcf01b3335ecc,https://api.finmindtrade.com/api/v4/data,0,success,rp001_data\phase2a\raw\TaiwanStockPrice_1309.json
1,TaiwanStockPER,1309,2012-01-01,2026-07-11,2026-07-11T10:30:43.292662,3552,1c9d899be200dbf0a3e707289fc7e02dea3c0ad70b100872d5a966ad3a338ccf,https://api.finmindtrade.com/api/v4/data,0,success,rp001_data\phase2a\raw\TaiwanStockPER_1309.json
1,TaiwanStockInstitutionalInvestorsBuySell,1310,2012-01-01,2026-07-11,2026-07-11T10:30:44.391656,15303,fe64434c610497d2870cb209d6c1525083765c40fd1e52a30a136ce21c7aba6d,https://api.finmindtrade.com/api/v4/data,0,success,rp001_data\phase2a\raw\TaiwanStockInstitutionalInvestorsBuySell_1310.json
1,TaiwanStockPrice,1310,2012-01-01,2026-07-11,2026-07-11T10:30:45.452177,3539,f37d1a87c2b22b963fba5c7ea12914c3882ce687593a65e3705ad759faed85b5,https://api.finmindtrade.com/api/v4/data,0,success,rp001_data\phase2a\raw\TaiwanStockPrice_1310.json
1,TaiwanStockPER,1310,2012-01-01,2026-07-11,2026-07-11T10:30:46.322615,3542,818d8347b89781d7c604d183273872b8c3a869530d2f9106e1ec81f41fdfd5e9,https://api.finmindtrade.com/api/v4/data,0,success,rp001_data\phase2a\raw\TaiwanStockPER_1310.json
1,TaiwanStockInstitutionalInvestorsBuySell,1312,2012-01-01,2026-07-11,2026-07-11T10:30:47.443934,15342,2ae032f6ba4cddaf45f35eaac2d11d494a21f0226234adec8f497ae5744d18fc,https://api.finmindtrade.com/api/v4/data,0,success,rp001_data\phase2a\raw\TaiwanStockInstitutionalInvestorsBuySell_1312.json
1,TaiwanStockPrice,1312,2012-01-01,2026-07-11,2026-07-11T10:30:48.692656,3549,b82bd35dba2a81e64d7a482be838f4910cd2869db6c7eed7eee3ebd1b8487534,https://api.finmindtrade.com/api/v4/data,0,success,rp001_data\phase2a\raw\TaiwanStockPrice_1312.json
1,TaiwanStockPER,1312,2012-01-01,2026-07-11,2026-07-11T10:30:50.615246,3552,cd81bf39ab4b1577f857bf1caec42af4b23275de6e8bec21cf6b713a9aef48be,https://api.finmindtrade.com/api/v4/data,0,success,rp001_data\phase2a\raw\TaiwanStockPER_1312.json
1,TaiwanStockInstitutionalInvestorsBuySell,1313,2012-01-01,2026-07-11,2026-07-11T10:30:51.734758,15342,dc0951367829581f987747bd4002bcf3782debc9ae40a245fdb06c42d3566dc0,https://api.finmindtrade.com/api/v4/data,0,success,rp001_data\phase2a\raw\TaiwanStockInstitutionalInvestorsBuySell_1313.json
1,TaiwanStockPrice,1313,2012-01-01,2026-07-11,2026-07-11T10:30:52.933463,3549,e68db2be28c389b64a2e33be75910d4baa5232482395b47d71808fb6e8eff823,https://api.finmindtrade.com/api/v4/data,0,success,rp001_data\phase2a\raw\TaiwanStockPrice_1313.json
1,TaiwanStockPER,1313,2012-01-01,2026-07-11,2026-07-11T10:30:53.830860,3552,7e52863032e085765c26853891f22e4dd9ea5733524f5aa86fdf10b1dfe3c8b0,https://api.finmindtrade.com/api/v4/data,0,success,rp001_data\phase2a\raw\TaiwanStockPER_1313.json
1,TaiwanStockInstitutionalInvestorsBuySell,1314,2012-01-01,2026-07-11,2026-07-11T10:30:55.083066,15333,7772b35b1e8f5cbb5493a8c45f265b136e4d6eef2e64e739647cdf1c594594b7,https://api.finmindtrade.com/api/v4/data,0,success,rp001_data\phase2a\raw\TaiwanStockInstitutionalInvestorsBuySell_1314.json
1,TaiwanStockPrice,1314,2012-01-01,2026-07-11,2026-07-11T10:30:56.284750,3549,be1b5f313e9fc48230cad1ac75a8642fad90f2e75eae713c64867a244776beb4,https://api.finmindtrade.com/api/v4/data,0,success,rp001_data\phase2a\raw\TaiwanStockPrice_1314.json
1,TaiwanStockPER,1314,2012-01-01,2026-07-11,2026-07-11T10:30:57.171912,3552,18cda0e519e944aafb24a38b48401a978eaec8f2aedec7245f482af991dbcad5,https://api.finmindtrade.com/api/v4/data,0,success,rp001_data\phase2a\raw\TaiwanStockPER_1314.json
1,TaiwanStockInstitutionalInvestorsBuySell,1315,2012-01-01,2026-07-11,2026-07-11T10:30:59.073653,12489,ee6ef5cfdf80be33d5414f458361dd4cfc5fdb02e328b5a2bd7ffa616692bae5,https://api.finmindtrade.com/api/v4/data,0,success,rp001_data\phase2a\raw\TaiwanStockInstitutionalInvestorsBuySell_1315.json
1,TaiwanStockPrice,1315,2012-01-01,2026-07-11,2026-07-11T10:31:00.046898,3525,892d380ebded156a0958c8f3f7a0fbc3e40ee039622fd9b7ca55f9d0f35ff926,https://api.finmindtrade.com/api/v4/data,0,success,rp001_data\phase2a\raw\TaiwanStockPrice_1315.json
1,TaiwanStockPER,1315,2012-01-01,2026-07-11,2026-07-11T10:31:00.929838,3528,0c481de130b7c7f469feb76ca8abe5babbfbe7a716fe147338b25c19b1c5744d,https://api.finmindtrade.com/api/v4/data,0,success,rp001_data\phase2a\raw\TaiwanStockPER_1315.json
1,TaiwanStockInstitutionalInvestorsBuySell,1316,2012-01-01,2026-07-11,2026-07-11T10:31:03.407720,14336,24dc0591d897183434d920e2513c05f12fe74ab18fb62ae159f5b05940272f60,https://api.finmindtrade.com/api/v4/data,0,success,rp001_data\phase2a\raw\TaiwanStockInstitutionalInvestorsBuySell_1316.json
1,TaiwanStockPrice,1316,2012-01-01,2026-07-11,2026-07-11T10:31:04.444799,3534,5cdeac39508b5f4739fa9fe411c9f59e3543e8ecc83749b2f61379250675f1ab,https://api.finmindtrade.com/api/v4/data,0,success,rp001_data\phase2a\raw\TaiwanStockPrice_1316.json
1,TaiwanStockPER,1316,2012-01-01,2026-07-11,2026-07-11T10:31:05.285913,3537,bfd82eab24134d5029f9329f807dfb99ee9f9f11ad5f17e4213801e3a68f3544,https://api.finmindtrade.com/api/v4/data,0,success,rp001_data\phase2a\raw\TaiwanStockPER_1316.json
1,TaiwanStockInstitutionalInvestorsBuySell,1319,2012-01-01,2026-07-11,2026-07-11T10:31:06.347186,15342,528cd4a3a8e3565523c87f9d9ab31423e33e872e49df97910219373db09a470c,https://api.finmindtrade.com/api/v4/data,0,success,rp001_data\phase2a\raw\TaiwanStockInstitutionalInvestorsBuySell_1319.json
1,TaiwanStockPrice,1319,2012-01-01,2026-07-11,2026-07-11T10:31:07.454061,3549,28591ded24f4a3fd239c1fd481209130cc504375b174a1d048757d7a8117bc24,https://api.finmindtrade.com/api/v4/data,0,success,rp001_data\phase2a\raw\TaiwanStockPrice_1319.json
1,TaiwanStockPER,1319,2012-01-01,2026-07-11,2026-07-11T10:31:08.324738,3552,9d4be65fdc7126161fe4a09e93e39e9d1ddecd167deade9495c580c00289150e,https://api.finmindtrade.com/api/v4/data,0,success,rp001_data\phase2a\raw\TaiwanStockPER_1319.json
1,TaiwanStockInstitutionalInvestorsBuySell,1321,2012-01-01,2026-07-11,2026-07-11T10:31:09.706687,15071,745ab561824d4c2325c71c28975cebbffeddc2a36106e20979cb8273786e3991,https://api.finmindtrade.com/api/v4/data,0,success,rp001_data\phase2a\raw\TaiwanStockInstitutionalInvestorsBuySell_1321.json
1,TaiwanStockPrice,1321,2012-01-01,2026-07-11,2026-07-11T10:31:10.667063,3549,ae1ebc3953f15d00f84a40e8796e16386bd1f8cb04de3f5099843e40535aab3b,https://api.finmindtrade.com/api/v4/data,0,success,rp001_data\phase2a\raw\TaiwanStockPrice_1321.json
1,TaiwanStockPER,1321,2012-01-01,2026-07-11,2026-07-11T10:31:11.573139,3552,bc165311d9d6621d704aae1d6216b72ff11c8ed8ad3a9b44a7eb75244a3d569c,https://api.finmindtrade.com/api/v4/data,0,success,rp001_data\phase2a\raw\TaiwanStockPER_1321.json
1,TaiwanStockInstitutionalInvestorsBuySell,1323,2012-01-01,2026-07-11,2026-07-11T10:31:12.750591,14953,2bd3db46e93cfe0a2a972e7e20cd52f6dc12d42327c3af225b178f5a94fd6ecd,https://api.finmindtrade.com/api/v4/data,0,success,rp001_data\phase2a\raw\TaiwanStockInstitutionalInvestorsBuySell_1323.json
1,TaiwanStockPrice,1323,2012-01-01,2026-07-11,2026-07-11T10:31:13.936066,3549,b5b70552a91efa3333e8263b2d19a901b638446d45d95ed5255e5989e9e08b18,https://api.finmindtrade.com/api/v4/data,0,success,rp001_data\phase2a\raw\TaiwanStockPrice_1323.json
1,TaiwanStockPER,1323,2012-01-01,2026-07-11,2026-07-11T10:31:15.379785,3552,7658e7f4cb120d25dbc1c4f903616c0f6d4b4a20dee92566d6dc3651e12d74be,https://api.finmindtrade.com/api/v4/data,0,success,rp001_data\phase2a\raw\TaiwanStockPER_1323.json
1,TaiwanStockInstitutionalInvestorsBuySell,1324,2012-01-01,2026-07-11,2026-07-11T10:31:16.594275,10951,edf59dc42f81f819470ec18ed8b90b0b4b318800332398ecf7aff80131179136,https://api.finmindtrade.com/api/v4/data,0,success,rp001_data\phase2a\raw\TaiwanStockInstitutionalInvestorsBuySell_1324.json
1,TaiwanStockPrice,1324,2012-01-01,2026-07-11,2026-07-11T10:31:17.667495,3549,8b26c1040b2cebaeebf11a88dced00ff22c855e2bbc8a7c1e0acbff7a5905569,https://api.finmindtrade.com/api/v4/data,0,success,rp001_data\phase2a\raw\TaiwanStockPrice_1324.json
1,TaiwanStockPER,1324,2012-01-01,2026-07-11,2026-07-11T10:31:18.616715,3552,36e6f831ce28bfb5ba0c3803e6c75e276b855b792111da0a3075853785db1511,https://api.finmindtrade.com/api/v4/data,0,success,rp001_data\phase2a\raw\TaiwanStockPER_1324.json
1,TaiwanStockInstitutionalInvestorsBuySell,1325,2012-01-01,2026-07-11,2026-07-11T10:31:20.170127,12181,c13b55ea98cdd7babc94e9d01c23af4ebf0b60fa74fb1cb44b6c72221c3df8c6,https://api.finmindtrade.com/api/v4/data,0,success,rp001_data\phase2a\raw\TaiwanStockInstitutionalInvestorsBuySell_1325.json
1,TaiwanStockPrice,1325,2012-01-01,2026-07-11,2026-07-11T10:31:21.258770,3539,a94fc0518445d7684ea30d87967533168dde935042bc501b48d9d3f5354f0dfa,https://api.finmindtrade.com/api/v4/data,0,success,rp001_data\phase2a\raw\TaiwanStockPrice_1325.json
1,TaiwanStockPER,1325,2012-01-01,2026-07-11,2026-07-11T10:31:22.152758,3542,8672697588711d3bc011f53515cecc25ca51a837227d43f6cccbe52f00cfe1f4,https://api.finmindtrade.com/api/v4/data,0,success,rp001_data\phase2a\raw\TaiwanStockPER_1325.json
1,TaiwanStockInstitutionalInvestorsBuySell,1326,2012-01-01,2026-07-11,2026-07-11T10:31:23.262533,15342,7c1f93145cea563859bbdc77cda5806055d731851cfc891ba0d770afccf1fcd2,https://api.finmindtrade.com/api/v4/data,0,success,rp001_data\phase2a\raw\TaiwanStockInstitutionalInvestorsBuySell_1326.json
1,TaiwanStockPrice,1326,2012-01-01,2026-07-11,2026-07-11T10:31:24.366099,3549,bedaf60737739ec6402e8490210214fa2df918892baaf94c7f9ad337674767f2,https://api.finmindtrade.com/api/v4/data,0,success,rp001_data\phase2a\raw\TaiwanStockPrice_1326.json
1,TaiwanStockPER,1326,2012-01-01,2026-07-11,2026-07-11T10:31:25.445607,3552,a1432f067ff84bc1015030d5df18972ffdd347fc5bea250b16e5369be7d66a9b,https://api.finmindtrade.com/api/v4/data,0,success,rp001_data\phase2a\raw\TaiwanStockPER_1326.json
1,TaiwanStockInstitutionalInvestorsBuySell,1337,2012-01-01,2026-07-11,2026-07-11T10:31:26.958859,15304,1d28e25002abca1848763884da467bb0a9f5d53f0d18e32b34c8f4001c45252a,https://api.finmindtrade.com/api/v4/data,0,success,rp001_data\phase2a\raw\TaiwanStockInstitutionalInvestorsBuySell_1337.json
1,TaiwanStockPrice,1337,2012-01-01,2026-07-11,2026-07-11T10:31:28.307481,3549,2eb84f047d2ae48b3377be22dfe71e7d3ef13fe9f9bc0a4b35068780747f4344,https://api.finmindtrade.com/api/v4/data,0,success,rp001_data\phase2a\raw\TaiwanStockPrice_1337.json
1,TaiwanStockPER,1337,2012-01-01,2026-07-11,2026-07-11T10:31:29.320585,3552,0d77af041b73ae687ff4e1352438c963ed75efd709184185b3a74387d8a51ca3,https://api.finmindtrade.com/api/v4/data,0,success,rp001_data\phase2a\raw\TaiwanStockPER_1337.json
1,TaiwanStockInstitutionalInvestorsBuySell,1338,2012-01-01,2026-07-11,2026-07-11T10:31:32.535064,14776,c4b8ac0df239d1d1c72c43bc6b8230bcd264f28f19e459844bb26c28e41c89ac,https://api.finmindtrade.com/api/v4/data,0,success,rp001_data\phase2a\raw\TaiwanStockInstitutionalInvestorsBuySell_1338.json
1,TaiwanStockPrice,1338,2012-01-01,2026-07-11,2026-07-11T10:31:34.064458,3547,15e9d7782ebd53038b9806d8193c8ff8bb52b5c65eb22c64f92d0524fa7968f1,https://api.finmindtrade.com/api/v4/data,0,success,rp001_data\phase2a\raw\TaiwanStockPrice_1338.json
1,TaiwanStockPER,1338,2012-01-01,2026-07-11,2026-07-11T10:31:35.313987,3311,7a13f9c59364dc80e4580aa816f916c1db6494e403ce9742d1a553431a02f368,https://api.finmindtrade.com/api/v4/data,0,success,rp001_data\phase2a\raw\TaiwanStockPER_1338.json
1,TaiwanStockInstitutionalInvestorsBuySell,1339,2012-01-01,2026-07-11,2026-07-11T10:31:37.570856,14311,354f1619b7a425a554068d333f114a255412ac1c07dd1bfb39503ab08f8e485b,https://api.finmindtrade.com/api/v4/data,0,success,rp001_data\phase2a\raw\TaiwanStockInstitutionalInvestorsBuySell_1339.json
1,TaiwanStockPrice,1339,2012-01-01,2026-07-11,2026-07-11T10:31:39.947192,3547,c9b4840bdd8e47dd2e33ea79614ee65408f364ab53bb129816ec1237626db4a7,https://api.finmindtrade.com/api/v4/data,0,success,rp001_data\phase2a\raw\TaiwanStockPrice_1339.json
1,TaiwanStockPER,1339,2012-01-01,2026-07-11,2026-07-11T10:31:41.232900,3479,9d46127ccd5ef16142bb6fc1edfe151cc70f1820bbab8caca8c2fdc64d725320,https://api.finmindtrade.com/api/v4/data,0,success,rp001_data\phase2a\raw\TaiwanStockPER_1339.json
1,TaiwanStockInstitutionalInvestorsBuySell,1340,2012-01-01,2026-07-11,2026-07-11T10:31:43.610312,14039,77e90577511c0a32ffa0add4190add3a710ebdecf50454edee43ded9a9be8275,https://api.finmindtrade.com/api/v4/data,0,success,rp001_data\phase2a\raw\TaiwanStockInstitutionalInvestorsBuySell_1340.json
1,TaiwanStockPrice,1340,2012-01-01,2026-07-11,2026-07-11T10:31:44.934050,3071,c5042117c23dc8fa6f0212be9e0e7ef1888241531ed7b7309dd1a176ec4f961e,https://api.finmindtrade.com/api/v4/data,0,success,rp001_data\phase2a\raw\TaiwanStockPrice_1340.json
1,TaiwanStockPER,1340,2012-01-01,2026-07-11,2026-07-11T10:31:46.176048,3048,33bfbadff0b0989ac141c586fbd6ff898f907ad57fc78428ca216509270f58b5,https://api.finmindtrade.com/api/v4/data,0,success,rp001_data\phase2a\raw\TaiwanStockPER_1340.json
1,TaiwanStockInstitutionalInvestorsBuySell,1341,2012-01-01,2026-07-11,2026-07-11T10:31:48.019220,5295,568934bb518693c91c6f272d578e88a8121c7a43223c468495874a9be30bec63,https://api.finmindtrade.com/api/v4/data,0,success,rp001_data\phase2a\raw\TaiwanStockInstitutionalInvestorsBuySell_1341.json
1,TaiwanStockPrice,1341,2012-01-01,2026-07-11,2026-07-11T10:31:49.376263,1829,286ac5a1be62b9ad5ee597cbe28e7ca52841452f11e18b1181bde9d07e0d9f6b,https://api.finmindtrade.com/api/v4/data,0,success,rp001_data\phase2a\raw\TaiwanStockPrice_1341.json
1,TaiwanStockPER,1341,2012-01-01,2026-07-11,2026-07-11T10:31:50.623810,1831,2cbb143ba8e92f891d98492ef59589d7dd13a0a0325ec841f33c153fba0c7511,https://api.finmindtrade.com/api/v4/data,0,success,rp001_data\phase2a\raw\TaiwanStockPER_1341.json
1,TaiwanStockInstitutionalInvestorsBuySell,1342,2012-01-01,2026-07-11,2026-07-11T10:31:52.824169,6730,24b7a6512ee345dc96742e5f9f0444f9e6c8790d6b2560ade01ba3e5f285aa1b,https://api.finmindtrade.com/api/v4/data,0,success,rp001_data\phase2a\raw\TaiwanStockInstitutionalInvestorsBuySell_1342.json
1,TaiwanStockPrice,1342,2012-01-01,2026-07-11,2026-07-11T10:31:54.162583,1642,9c624894ddf63095a875f69c8e2581304849550ff58a80ccd81ec8ac49690a69,https://api.finmindtrade.com/api/v4/data,0,success,rp001_data\phase2a\raw\TaiwanStockPrice_1342.json
1,TaiwanStockPER,1342,2012-01-01,2026-07-11,2026-07-11T10:31:55.537409,1367,6a9fc65054cbee4a8b78e04d0ddab1573a9e574e72488ae4ea8bb3cf0caab156,https://api.finmindtrade.com/api/v4/data,0,success,rp001_data\phase2a\raw\TaiwanStockPER_1342.json
1,TaiwanStockInstitutionalInvestorsBuySell,1402,2012-01-01,2026-07-11,2026-07-11T10:31:57.217042,15342,02b709bf7c9c554931b95629d6feffd4d08ef9ca00231d4087fd3b75a20ba68b,https://api.finmindtrade.com/api/v4/data,0,success,rp001_data\phase2a\raw\TaiwanStockInstitutionalInvestorsBuySell_1402.json
1,TaiwanStockPrice,1402,2012-01-01,2026-07-11,2026-07-11T10:31:58.751300,3549,617f8aeedc687be8574ea966f33d19b2175278a8208445c70b8f8977a7827212,https://api.finmindtrade.com/api/v4/data,0,success,rp001_data\phase2a\raw\TaiwanStockPrice_1402.json
1,TaiwanStockPER,1402,2012-01-01,2026-07-11,2026-07-11T10:31:59.984032,3552,ce997be38f47a31fc8204d4592b422bc0dcbbe7ec8c0f559191913d6eb4b21de,https://api.finmindtrade.com/api/v4/data,0,success,rp001_data\phase2a\raw\TaiwanStockPER_1402.json
1,TaiwanStockInstitutionalInvestorsBuySell,1409,2012-01-01,2026-07-11,2026-07-11T10:32:01.538699,15326,7468b0e6bdb6f20b49dd121661d840474b22813c852d5999dc769e61efa80a9b,https://api.finmindtrade.com/api/v4/data,0,success,rp001_data\phase2a\raw\TaiwanStockInstitutionalInvestorsBuySell_1409.json
1,TaiwanStockPrice,1409,2012-01-01,2026-07-11,2026-07-11T10:32:03.053394,3549,8ac373ad4473877d94ea65c164a0ef395233b61384d9a6fd780e81c3fd05b98c,https://api.finmindtrade.com/api/v4/data,0,success,rp001_data\phase2a\raw\TaiwanStockPrice_1409.json
1,TaiwanStockPER,1409,2012-01-01,2026-07-11,2026-07-11T10:32:04.325874,3552,9aaf3800e5572cd4f2ef89f95248eba483146600fbe22b4686a6bdf475f2803f,https://api.finmindtrade.com/api/v4/data,0,success,rp001_data\phase2a\raw\TaiwanStockPER_1409.json
1,TaiwanStockInstitutionalInvestorsBuySell,1410,2012-01-01,2026-07-11,2026-07-11T10:32:06.950843,11606,8ff1f0c7c6cb2bc20f5190424da4e0b309641f15c565799486982145da6beebe,https://api.finmindtrade.com/api/v4/data,0,success,rp001_data\phase2a\raw\TaiwanStockInstitutionalInvestorsBuySell_1410.json
1,TaiwanStockPrice,1410,2012-01-01,2026-07-11,2026-07-11T10:32:08.890565,3533,7f6ca9e521ded7ec7a7954b862d47471626d535143829fc5d8ab10e377c6cf8e,https://api.finmindtrade.com/api/v4/data,0,success,rp001_data\phase2a\raw\TaiwanStockPrice_1410.json
1,TaiwanStockPER,1410,2012-01-01,2026-07-11,2026-07-11T10:32:10.271202,3536,e3602c7068bd19d795a4274b92a3d1377eaa49208902029174726a47cfb60e4d,https://api.finmindtrade.com/api/v4/data,0,success,rp001_data\phase2a\raw\TaiwanStockPER_1410.json
1,TaiwanStockInstitutionalInvestorsBuySell,1413,2012-01-01,2026-07-11,2026-07-11T10:32:12.691062,12489,02a9c45ea8cf2b5765e86ebfdbc4248d0afd966d97c1ed0e4560cb3f1b520df2,https://api.finmindtrade.com/api/v4/data,0,success,rp001_data\phase2a\raw\TaiwanStockInstitutionalInvestorsBuySell_1413.json
1,TaiwanStockPrice,1413,2012-01-01,2026-07-11,2026-07-11T10:32:14.204019,3538,c17a06bf7cac9f4081c87941f0e0ce45d374845474266c90ac71f43177dc9b21,https://api.finmindtrade.com/api/v4/data,0,success,rp001_data\phase2a\raw\TaiwanStockPrice_1413.json
1,TaiwanStockPER,1413,2012-01-01,2026-07-11,2026-07-11T10:32:15.357489,3542,2f88c776437ff8e230731a17f6c3b310c3c7320a0dc72fcd103c174c2cce7fe5,https://api.finmindtrade.com/api/v4/data,0,success,rp001_data\phase2a\raw\TaiwanStockPER_1413.json
1,TaiwanStockInstitutionalInvestorsBuySell,1414,2012-01-01,2026-07-11,2026-07-11T10:32:21.164547,14381,8cd3ddf88aa4113c2ee8d9f28d43784e08741cc7cbb509038adda89d595d5622,https://api.finmindtrade.com/api/v4/data,0,success,rp001_data\phase2a\raw\TaiwanStockInstitutionalInvestorsBuySell_1414.json
1,TaiwanStockPrice,1414,2012-01-01,2026-07-11,2026-07-11T10:32:22.673124,3542,fdd37b79e819cba89819894d8232d6bcf995df2ed4312b495c65cabe9bde1706,https://api.finmindtrade.com/api/v4/data,0,success,rp001_data\phase2a\raw\TaiwanStockPrice_1414.json
1,TaiwanStockPER,1414,2012-01-01,2026-07-11,2026-07-11T10:32:24.051125,3545,e13bfe14d20baf4aae20e3828cbec9a88515fcadf9ae8ba818b59506dda002b1,https://api.finmindtrade.com/api/v4/data,0,success,rp001_data\phase2a\raw\TaiwanStockPER_1414.json
1,TaiwanStockInstitutionalInvestorsBuySell,1416,2012-01-01,2026-07-11,2026-07-11T10:32:26.281258,14614,28a2403d8b2b514325b38381fdefe245e29b4518592ecdd516a3d17f773e1401,https://api.finmindtrade.com/api/v4/data,0,success,rp001_data\phase2a\raw\TaiwanStockInstitutionalInvestorsBuySell_1416.json
1,TaiwanStockPrice,1416,2012-01-01,2026-07-11,2026-07-11T10:32:27.865750,3516,3e3dd9c8cfb0a8cd4880ab64e227e40cfb33923390d4a08119b249398f5da1ca,https://api.finmindtrade.com/api/v4/data,0,success,rp001_data\phase2a\raw\TaiwanStockPrice_1416.json
1,TaiwanStockPER,1416,2012-01-01,2026-07-11,2026-07-11T10:32:29.143492,3519,f8ccb7f717ecf8c6e84a9501001a60ce9a2e3816f8a885f1427a100b3839e609,https://api.finmindtrade.com/api/v4/data,0,success,rp001_data\phase2a\raw\TaiwanStockPER_1416.json
1,TaiwanStockInstitutionalInvestorsBuySell,1417,2012-01-01,2026-07-11,2026-07-11T10:32:31.332066,14920,7767c8f2b3d3931fd2e20bee60273d346bc28ae91b1d0b1c2a05786f2623622b,https://api.finmindtrade.com/api/v4/data,0,success,rp001_data\phase2a\raw\TaiwanStockInstitutionalInvestorsBuySell_1417.json
1,TaiwanStockPrice,1417,2012-01-01,2026-07-11,2026-07-11T10:32:32.952789,3535,fc0ae150915158bc40ea6bcbca98e3e21b09259b174bae8dbfebe8b21d5d8f45,https://api.finmindtrade.com/api/v4/data,0,success,rp001_data\phase2a\raw\TaiwanStockPrice_1417.json
1,TaiwanStockPER,1417,2012-01-01,2026-07-11,2026-07-11T10:32:56.813276,3538,8d2df0426bfeed1bacdb1b4adb751e8213578ca1a7d8d02115c8eaa67f092516,https://api.finmindtrade.com/api/v4/data,1,success,rp001_data\phase2a\raw\TaiwanStockPER_1417.json
1,TaiwanStockInstitutionalInvestorsBuySell,1418,2012-01-01,2026-07-11,2026-07-11T10:32:58.515082,6971,25ac6369cfc02265259a1c42657d5e79a1a44220723151779191d87ed80d03e0,https://api.finmindtrade.com/api/v4/data,0,success,rp001_data\phase2a\raw\TaiwanStockInstitutionalInvestorsBuySell_1418.json
1,TaiwanStockPrice,1418,2012-01-01,2026-07-11,2026-07-11T10:32:59.985905,3540,bc7b8cb6f865b6c358c5c4290889caf9f0adf8b802fa1ea1cc0b702a89497fda,https://api.finmindtrade.com/api/v4/data,0,success,rp001_data\phase2a\raw\TaiwanStockPrice_1418.json
1,TaiwanStockPER,1418,2012-01-01,2026-07-11,2026-07-11T10:33:01.247124,3545,b78899bfda202a3531aeb051d0c3256b047cdd7c1ae5b799e5630063c8831f9d,https://api.finmindtrade.com/api/v4/data,0,success,rp001_data\phase2a\raw\TaiwanStockPER_1418.json
1,TaiwanStockInstitutionalInvestorsBuySell,1419,2012-01-01,2026-07-11,2026-07-11T10:33:03.965367,14120,2473bb4f6b59cb98d62ab887cf79796abf80aaa801f57d8abecee454eee68b28,https://api.finmindtrade.com/api/v4/data,0,success,rp001_data\phase2a\raw\TaiwanStockInstitutionalInvestorsBuySell_1419.json
1,TaiwanStockPrice,1419,2012-01-01,2026-07-11,2026-07-11T10:33:05.397341,3549,6c424633455e39f34b3457d593f975b9965cc836185bf938e6f69dececd7dd5d,https://api.finmindtrade.com/api/v4/data,0,success,rp001_data\phase2a\raw\TaiwanStockPrice_1419.json
1,TaiwanStockPER,1419,2012-01-01,2026-07-11,2026-07-11T10:33:06.724126,3552,36348e6a12b3f6d8c231b94841139541a475cac91321ba3aa5455acb1ee64ee8,https://api.finmindtrade.com/api/v4/data,0,success,rp001_data\phase2a\raw\TaiwanStockPER_1419.json
1,TaiwanStockInstitutionalInvestorsBuySell,1423,2012-01-01,2026-07-11,2026-07-11T10:33:08.999617,13175,7d7423fd1c3fbd7f2fe28b676939bc4f2736118d1097fdee252ba5e7fe06a1fb,https://api.finmindtrade.com/api/v4/data,0,success,rp001_data\phase2a\raw\TaiwanStockInstitutionalInvestorsBuySell_1423.json
1,TaiwanStockPrice,1423,2012-01-01,2026-07-11,2026-07-11T10:33:11.017755,3535,a5c766c09d2c724e482240dfe0aa836d7bae8912304e1fe619a81a65ca82459d,https://api.finmindtrade.com/api/v4/data,0,success,rp001_data\phase2a\raw\TaiwanStockPrice_1423.json
1,TaiwanStockPER,1423,2012-01-01,2026-07-11,2026-07-11T10:33:13.556398,3538,f8b7c7860ac21a4026a0039124df413b012376677c41b14a38584a6a00701cf9,https://api.finmindtrade.com/api/v4/data,0,success,rp001_data\phase2a\raw\TaiwanStockPER_1423.json
1,TaiwanStockInstitutionalInvestorsBuySell,1432,2012-01-01,2026-07-11,2026-07-11T10:33:15.548563,13868,d274850b8bc3debd25abf500c911230aa886b97f48422603bbd8fc426add1703,https://api.finmindtrade.com/api/v4/data,0,success,rp001_data\phase2a\raw\TaiwanStockInstitutionalInvestorsBuySell_1432.json
1,TaiwanStockPrice,1432,2012-01-01,2026-07-11,2026-07-11T10:33:17.348246,3542,ae2c98b9da99705558f08ebb6b1367b3436c281d1c19a7320756993e4e8a0eb3,https://api.finmindtrade.com/api/v4/data,0,success,rp001_data\phase2a\raw\TaiwanStockPrice_1432.json
1,TaiwanStockPER,1432,2012-01-01,2026-07-11,2026-07-11T10:33:18.202097,3545,707602c238a1ea0f2b190cc3e50426f190cabdb1079e0e0f7bbc75b0eff8c3f8,https://api.finmindtrade.com/api/v4/data,0,success,rp001_data\phase2a\raw\TaiwanStockPER_1432.json
1,TaiwanStockInstitutionalInvestorsBuySell,1434,2012-01-01,2026-07-11,2026-07-11T10:33:20.708975,15333,cc5e68b79c15e040091eb3c4cacdfa8e7bfb890adbdd21d6026fdf36701eab94,https://api.finmindtrade.com/api/v4/data,0,success,rp001_data\phase2a\raw\TaiwanStockInstitutionalInvestorsBuySell_1434.json
1,TaiwanStockPrice,1434,2012-01-01,2026-07-11,2026-07-11T10:33:21.757914,3549,a06bc66657fc65e8c1be5abfcd1e9ebcf33681919e140e1c70a6800fac138f4b,https://api.finmindtrade.com/api/v4/data,0,success,rp001_data\phase2a\raw\TaiwanStockPrice_1434.json
1,TaiwanStockPER,1434,2012-01-01,2026-07-11,2026-07-11T10:33:25.622012,3552,8118e090559d378eae0c3232177bc1b2027b82c7eee0f4bc1ae7c5e499b8ab86,https://api.finmindtrade.com/api/v4/data,0,success,rp001_data\phase2a\raw\TaiwanStockPER_1434.json
1,TaiwanStockInstitutionalInvestorsBuySell,1435,2012-01-01,2026-07-11,2026-07-11T10:33:26.559957,8961,dab2b4b9e1882a29bbeaf4e694fbdfb686da4c7bdc9ab4056da829367b57a894,https://api.finmindtrade.com/api/v4/data,0,success,rp001_data\phase2a\raw\TaiwanStockInstitutionalInvestorsBuySell_1435.json
1,TaiwanStockPrice,1435,2012-01-01,2026-07-11,2026-07-11T10:33:27.560193,3269,7428a9eb5f9334b753b07d110c91bedf24ed0dfef7d784da7c5ea69d5400d90f,https://api.finmindtrade.com/api/v4/data,0,success,rp001_data\phase2a\raw\TaiwanStockPrice_1435.json
1,TaiwanStockPER,1435,2012-01-01,2026-07-11,2026-07-11T10:33:28.440943,3274,69ad1090b5acf1caa82e3ba6a84d56cac0c01e1d030c7707352678b14be4dd8d,https://api.finmindtrade.com/api/v4/data,0,success,rp001_data\phase2a\raw\TaiwanStockPER_1435.json
1,TaiwanStockInstitutionalInvestorsBuySell,1436,2012-01-01,2026-07-11,2026-07-11T10:33:29.570882,11154,00a4f001a5160ad3d45c291206cc7630a5cdc2277865143fe6fb8dce0a44d0e9,https://api.finmindtrade.com/api/v4/data,0,success,rp001_data\phase2a\raw\TaiwanStockInstitutionalInvestorsBuySell_1436.json
1,TaiwanStockPrice,1436,2012-01-01,2026-07-11,2026-07-11T10:33:30.699073,3542,71d7fd1fe2909d8ad404073f21aefede0748476e880ba41c3fa7102be0735dae,https://api.finmindtrade.com/api/v4/data,0,success,rp001_data\phase2a\raw\TaiwanStockPrice_1436.json
1,TaiwanStockPER,1436,2012-01-01,2026-07-11,2026-07-11T10:33:31.590901,3545,75291f651deef13ba202ade4da3992df02edcf5bf0a447fd10521b87073045c1,https://api.finmindtrade.com/api/v4/data,0,success,rp001_data\phase2a\raw\TaiwanStockPER_1436.json
1,TaiwanStockInstitutionalInvestorsBuySell,1437,2012-01-01,2026-07-11,2026-07-11T10:33:33.831646,14822,3488c00ef14b0ccbdfe14d37c2d73751b33f2aaabac4796530336a975bd11e1c,https://api.finmindtrade.com/api/v4/data,0,success,rp001_data\phase2a\raw\TaiwanStockInstitutionalInvestorsBuySell_1437.json
1,TaiwanStockPrice,1437,2012-01-01,2026-07-11,2026-07-11T10:33:34.939324,3549,a7ddc1650fd7a4281c07574177a67df2f958b0f63316acc5bbb061087dce1217,https://api.finmindtrade.com/api/v4/data,0,success,rp001_data\phase2a\raw\TaiwanStockPrice_1437.json
1,TaiwanStockPER,1437,2012-01-01,2026-07-11,2026-07-11T10:33:36.119093,3552,de207cdc5b2354e08583994e7d81551b9dd48e8fe289a4c93320f95220f08ac4,https://api.finmindtrade.com/api/v4/data,0,success,rp001_data\phase2a\raw\TaiwanStockPER_1437.json
1,TaiwanStockInstitutionalInvestorsBuySell,1438,2012-01-01,2026-07-11,2026-07-11T10:33:37.728878,10105,44aa20d4c8cf33a50d6e525d8e2967067d6e64940f3eb18c8467f9ff7bc8266a,https://api.finmindtrade.com/api/v4/data,0,success,rp001_data\phase2a\raw\TaiwanStockInstitutionalInvestorsBuySell_1438.json
1,TaiwanStockPrice,1438,2012-01-01,2026-07-11,2026-07-11T10:33:39.090939,3542,396171da1b2065c986d309291ca5c44689ed910c8fd3938ccb09d71f46439e98,https://api.finmindtrade.com/api/v4/data,0,success,rp001_data\phase2a\raw\TaiwanStockPrice_1438.json
1,TaiwanStockPER,1438,2012-01-01,2026-07-11,2026-07-11T10:33:39.923983,3546,cc24015a94485077a70be9a813a4a797250b1de084b0750d9a467af24c6d9d73,https://api.finmindtrade.com/api/v4/data,0,success,rp001_data\phase2a\raw\TaiwanStockPER_1438.json
1,TaiwanStockInstitutionalInvestorsBuySell,1439,2012-01-01,2026-07-11,2026-07-11T10:33:41.026448,13712,966a7007e4b30a7d224cae79a73a93d28fdc7b567da75fab98af88fff382113e,https://api.finmindtrade.com/api/v4/data,0,success,rp001_data\phase2a\raw\TaiwanStockInstitutionalInvestorsBuySell_1439.json
1,TaiwanStockPrice,1439,2012-01-01,2026-07-11,2026-07-11T10:33:42.048658,3549,7b5bc881ab99469d4f6856c9ebb77232b1a8f55ea0353e20ebb008417e1c11f2,https://api.finmindtrade.com/api/v4/data,0,success,rp001_data\phase2a\raw\TaiwanStockPrice_1439.json
1,TaiwanStockPER,1439,2012-01-01,2026-07-11,2026-07-11T10:33:42.913711,3552,3fb51e90359092aaface5a5ba7bbe88a79fda10abeb0b840d946512fe143f647,https://api.finmindtrade.com/api/v4/data,0,success,rp001_data\phase2a\raw\TaiwanStockPER_1439.json
1,TaiwanStockInstitutionalInvestorsBuySell,1440,2012-01-01,2026-07-11,2026-07-11T10:33:45.840164,15324,e585d01f441b5ff3acc9d1cfe9a136cbb9931ea2865ffdf5eb8e06b50ce9e98d,https://api.finmindtrade.com/api/v4/data,0,success,rp001_data\phase2a\raw\TaiwanStockInstitutionalInvestorsBuySell_1440.json
1,TaiwanStockPrice,1440,2012-01-01,2026-07-11,2026-07-11T10:33:46.942142,3549,66ef00ee6348fc9299bcf83da1c67eeb6c0d30e51358026d540d2a699b2da459,https://api.finmindtrade.com/api/v4/data,0,success,rp001_data\phase2a\raw\TaiwanStockPrice_1440.json
1,TaiwanStockPER,1440,2012-01-01,2026-07-11,2026-07-11T10:33:47.809801,3552,6752ff2060cccf8a2e85f4db59ab90e80e7c12021365f79803aae202d12bbe52,https://api.finmindtrade.com/api/v4/data,0,success,rp001_data\phase2a\raw\TaiwanStockPER_1440.json
1,TaiwanStockInstitutionalInvestorsBuySell,1441,2012-01-01,2026-07-11,2026-07-11T10:33:49.233460,12329,5b596b66c50128c9df645ca1b500346d38052c28c64fd8b51592cdcfb1fabe49,https://api.finmindtrade.com/api/v4/data,0,success,rp001_data\phase2a\raw\TaiwanStockInstitutionalInvestorsBuySell_1441.json
1,TaiwanStockPrice,1441,2012-01-01,2026-07-11,2026-07-11T10:33:50.607736,3536,95ddb46728c263a0fd5a13e1d609ef1c2fd892207844ba4117dbbe211a7141c9,https://api.finmindtrade.com/api/v4/data,0,success,rp001_data\phase2a\raw\TaiwanStockPrice_1441.json
1,TaiwanStockPER,1441,2012-01-01,2026-07-11,2026-07-11T10:33:51.763394,3539,8b14d4a19ee24b458e1885d71c174323292bfecd0fecef82490859ed3d82d035,https://api.finmindtrade.com/api/v4/data,0,success,rp001_data\phase2a\raw\TaiwanStockPER_1441.json
1,TaiwanStockInstitutionalInvestorsBuySell,1442,2012-01-01,2026-07-11,2026-07-11T10:33:53.477856,15127,be0a198e5962ea180e692213500263f61d4da8b1683c3d34446820e2d1478fa1,https://api.finmindtrade.com/api/v4/data,0,success,rp001_data\phase2a\raw\TaiwanStockInstitutionalInvestorsBuySell_1442.json
1,TaiwanStockPrice,1442,2012-01-01,2026-07-11,2026-07-11T10:33:54.529425,3549,e5b90489861bd80e2615d1633f0337cbd37a57a20e690f57bd0189adf9d577ec,https://api.finmindtrade.com/api/v4/data,0,success,rp001_data\phase2a\raw\TaiwanStockPrice_1442.json
1,TaiwanStockPER,1442,2012-01-01,2026-07-11,2026-07-11T10:33:55.413093,3552,299fb0fa6c25eb29b42d6309caee8c2db0f23aeeef2cfa5001eee63b93fc8f60,https://api.finmindtrade.com/api/v4/data,0,success,rp001_data\phase2a\raw\TaiwanStockPER_1442.json
1,TaiwanStockInstitutionalInvestorsBuySell,1443,2012-01-01,2026-07-11,2026-07-11T10:33:56.426435,11277,81f751eb33ac5d43129e07728e95132fd9acc4a1611d3520cfcd09598bd0ae62,https://api.finmindtrade.com/api/v4/data,0,success,rp001_data\phase2a\raw\TaiwanStockInstitutionalInvestorsBuySell_1443.json
1,TaiwanStockPrice,1443,2012-01-01,2026-07-11,2026-07-11T10:33:57.494634,3549,4c34bf0524d396c84836edafa6e3576c27cc8528227b0c7af1650407ae979321,https://api.finmindtrade.com/api/v4/data,0,success,rp001_data\phase2a\raw\TaiwanStockPrice_1443.json
1,TaiwanStockPER,1443,2012-01-01,2026-07-11,2026-07-11T10:33:58.480433,3552,21a1e52c3591e6a92472655687a0e5d4ed87ae817c1d966a7400ba8524841ae8,https://api.finmindtrade.com/api/v4/data,0,success,rp001_data\phase2a\raw\TaiwanStockPER_1443.json
1,TaiwanStockInstitutionalInvestorsBuySell,1444,2012-01-01,2026-07-11,2026-07-11T10:34:00.313096,15323,39954600a128613bdca2a594cb5315a117d23f0bdd97764c6ea61790500459c3,https://api.finmindtrade.com/api/v4/data,0,success,rp001_data\phase2a\raw\TaiwanStockInstitutionalInvestorsBuySell_1444.json
1,TaiwanStockPrice,1444,2012-01-01,2026-07-11,2026-07-11T10:34:01.427064,3549,883f8509e913f157c8327565462af4900585ecb3512f076d89aae2c1225ea6ac,https://api.finmindtrade.com/api/v4/data,0,success,rp001_data\phase2a\raw\TaiwanStockPrice_1444.json
1,TaiwanStockPER,1444,2012-01-01,2026-07-11,2026-07-11T10:34:02.440681,3552,73c736e4d1f31256b22b6bc999f2b7928d7b847fc5f152864ae9082f5107e327,https://api.finmindtrade.com/api/v4/data,0,success,rp001_data\phase2a\raw\TaiwanStockPER_1444.json
1,TaiwanStockInstitutionalInvestorsBuySell,1445,2012-01-01,2026-07-11,2026-07-11T10:34:04.193039,13091,59f2248fa1f677e0d0f09bd08b8741eaa83497aaf2a0385166b90f3f794a043b,https://api.finmindtrade.com/api/v4/data,0,success,rp001_data\phase2a\raw\TaiwanStockInstitutionalInvestorsBuySell_1445.json
1,TaiwanStockPrice,1445,2012-01-01,2026-07-11,2026-07-11T10:34:05.339602,3549,b1baf92fc7f254b5698bce49c51e1199d21ad0b9ded2fb3969c35bafd867a35c,https://api.finmindtrade.com/api/v4/data,0,success,rp001_data\phase2a\raw\TaiwanStockPrice_1445.json
1,TaiwanStockPER,1445,2012-01-01,2026-07-11,2026-07-11T10:34:06.307449,3552,3d0d5635a9c90679b0abb02160ac80f3b82086a29b78e315eb58ccda7570813b,https://api.finmindtrade.com/api/v4/data,0,success,rp001_data\phase2a\raw\TaiwanStockPER_1445.json
1,TaiwanStockInstitutionalInvestorsBuySell,1446,2012-01-01,2026-07-11,2026-07-11T10:34:08.767077,14124,d3a761a7fb8b9d776f406602c145630a6228f520eb7197d143a42e11896e63a9,https://api.finmindtrade.com/api/v4/data,0,success,rp001_data\phase2a\raw\TaiwanStockInstitutionalInvestorsBuySell_1446.json
1,TaiwanStockPrice,1446,2012-01-01,2026-07-11,2026-07-11T10:34:11.235546,3549,157f1d5f2a2d21487f6c1b75682b02eddd43d5892a6d9470f416aec59624fe44,https://api.finmindtrade.com/api/v4/data,0,success,rp001_data\phase2a\raw\TaiwanStockPrice_1446.json
1,TaiwanStockPER,1446,2012-01-01,2026-07-11,2026-07-11T10:34:12.617671,3552,88dfaa921f1bff8866c3ba7e8e5e60ca0ec7cc620fc542c03ad683daf6a82332,https://api.finmindtrade.com/api/v4/data,0,success,rp001_data\phase2a\raw\TaiwanStockPER_1446.json
1,TaiwanStockInstitutionalInvestorsBuySell,1447,2012-01-01,2026-07-11,2026-07-11T10:34:14.646847,15321,5cc6f79b83c1d1f8d1e544047cd5d75915682f79eaeac4cbafca5c7397c3a33c,https://api.finmindtrade.com/api/v4/data,0,success,rp001_data\phase2a\raw\TaiwanStockInstitutionalInvestorsBuySell_1447.json
1,TaiwanStockPrice,1447,2012-01-01,2026-07-11,2026-07-11T10:34:16.540497,3549,7ba8986558608b992f9307d8f1e319914ba94bf6a3546706c49d00f6dff82f67,https://api.finmindtrade.com/api/v4/data,0,success,rp001_data\phase2a\raw\TaiwanStockPrice_1447.json
1,TaiwanStockPER,1447,2012-01-01,2026-07-11,2026-07-11T10:34:17.899116,3552,af6f57cb9b40f0a6cd1bb1aa625ad07d8d15c4dfc2b821285758937db2ee3750,https://api.finmindtrade.com/api/v4/data,0,success,rp001_data\phase2a\raw\TaiwanStockPER_1447.json
1,TaiwanStockInstitutionalInvestorsBuySell,1449,2012-01-01,2026-07-11,2026-07-11T10:34:20.354718,10751,7de49661956113849c21d318a15a247c2df387ec53dc77db72993821b971d325,https://api.finmindtrade.com/api/v4/data,0,success,rp001_data\phase2a\raw\TaiwanStockInstitutionalInvestorsBuySell_1449.json
1,TaiwanStockPrice,1449,2012-01-01,2026-07-11,2026-07-11T10:34:21.810274,3527,3ef17d83921926c1fdeffb343f5d30f099c387d171490173c8925472cca5e337,https://api.finmindtrade.com/api/v4/data,0,success,rp001_data\phase2a\raw\TaiwanStockPrice_1449.json
1,TaiwanStockPER,1449,2012-01-01,2026-07-11,2026-07-11T10:34:23.301729,3531,7cc957464b74066ac42d0d7a03dc5e060fbe7442878e430cb48b55eb7fecf799,https://api.finmindtrade.com/api/v4/data,0,success,rp001_data\phase2a\raw\TaiwanStockPER_1449.json
1,TaiwanStockInstitutionalInvestorsBuySell,1451,2012-01-01,2026-07-11,2026-07-11T10:34:25.294867,15210,3f962324d23d07682d4f8db812da00a3527dcbb8de79db76da2a017e0acfdf72,https://api.finmindtrade.com/api/v4/data,0,success,rp001_data\phase2a\raw\TaiwanStockInstitutionalInvestorsBuySell_1451.json
1,TaiwanStockPrice,1451,2012-01-01,2026-07-11,2026-07-11T10:34:26.879816,3527,cd2cd90e02fd9e6117c5873b9114f836ed74f539352cf2d26d0d68fe4f247ea4,https://api.finmindtrade.com/api/v4/data,0,success,rp001_data\phase2a\raw\TaiwanStockPrice_1451.json
1,TaiwanStockPER,1451,2012-01-01,2026-07-11,2026-07-11T10:34:28.313177,3531,8fe4a213d683ef5486545ad78741cda3e9601893c9f14c866a95ad38a34a93e1,https://api.finmindtrade.com/api/v4/data,0,success,rp001_data\phase2a\raw\TaiwanStockPER_1451.json
1,TaiwanStockInstitutionalInvestorsBuySell,1452,2012-01-01,2026-07-11,2026-07-11T10:34:30.607234,14933,1682d596486daf94910a109da9a03ee993fb96156a39eeada00e35a1ac6e171b,https://api.finmindtrade.com/api/v4/data,0,success,rp001_data\phase2a\raw\TaiwanStockInstitutionalInvestorsBuySell_1452.json
1,TaiwanStockPrice,1452,2012-01-01,2026-07-11,2026-07-11T10:34:32.163271,3549,87abec9b33911330a1c287fe54c05153c73ebb18a2a5f77ea15a4655d3ff7142,https://api.finmindtrade.com/api/v4/data,0,success,rp001_data\phase2a\raw\TaiwanStockPrice_1452.json
1,TaiwanStockPER,1452,2012-01-01,2026-07-11,2026-07-11T10:34:33.500073,3552,f925e92c4a47a3f0b1b660bf8a854a586b9cb03a5f64b8e1e3827db83a7d1b56,https://api.finmindtrade.com/api/v4/data,0,success,rp001_data\phase2a\raw\TaiwanStockPER_1452.json
1,TaiwanStockInstitutionalInvestorsBuySell,1453,2012-01-01,2026-07-11,2026-07-11T10:34:36.006425,12184,16b9d73356964a9b9c25c4f5670651f50af6fbed7cd187a15cdcad5f5ad7b99a,https://api.finmindtrade.com/api/v4/data,0,success,rp001_data\phase2a\raw\TaiwanStockInstitutionalInvestorsBuySell_1453.json
1,TaiwanStockPrice,1453,2012-01-01,2026-07-11,2026-07-11T10:34:37.447473,3548,24b3fa99199269eafb429d06669e25519fea4ab559cc29590cd51c90e4eb5257,https://api.finmindtrade.com/api/v4/data,0,success,rp001_data\phase2a\raw\TaiwanStockPrice_1453.json
1,TaiwanStockPER,1453,2012-01-01,2026-07-11,2026-07-11T10:34:39.472258,3552,675a639f3ffe4bc6375e412c7648873fae967cb5719851fe87b805cb974ed652,https://api.finmindtrade.com/api/v4/data,0,success,rp001_data\phase2a\raw\TaiwanStockPER_1453.json
1,TaiwanStockInstitutionalInvestorsBuySell,1454,2012-01-01,2026-07-11,2026-07-11T10:34:41.642463,12916,1b52b11ca2b1d8466d877b8a0464a7033770a8f9c3847aed574cc44d3f63dc66,https://api.finmindtrade.com/api/v4/data,0,success,rp001_data\phase2a\raw\TaiwanStockInstitutionalInvestorsBuySell_1454.json
1,TaiwanStockPrice,1454,2012-01-01,2026-07-11,2026-07-11T10:34:43.215902,3549,75d2260c75ad7790eb2b0a526db0d7a9aacd3076acfebd5bffc91742f9f8ad20,https://api.finmindtrade.com/api/v4/data,0,success,rp001_data\phase2a\raw\TaiwanStockPrice_1454.json
1,TaiwanStockPER,1454,2012-01-01,2026-07-11,2026-07-11T10:34:44.464812,3552,e5acb4b7585561f10e3d08e26c3616e787e8d5b11ad0bec39ae615714d1a5a43,https://api.finmindtrade.com/api/v4/data,0,success,rp001_data\phase2a\raw\TaiwanStockPER_1454.json
1,TaiwanStockInstitutionalInvestorsBuySell,1455,2012-01-01,2026-07-11,2026-07-11T10:34:45.907509,15325,56136f49167c89226bc3e4ff86ce1d6a46285451b072e23a3d33d1ae76272d41,https://api.finmindtrade.com/api/v4/data,0,success,rp001_data\phase2a\raw\TaiwanStockInstitutionalInvestorsBuySell_1455.json
1,TaiwanStockPrice,1455,2012-01-01,2026-07-11,2026-07-11T10:34:47.422975,3549,f12b91532a95acfea4e33c9f384cc668ab518134f7f311213fb3a5d81cd61a9f,https://api.finmindtrade.com/api/v4/data,0,success,rp001_data\phase2a\raw\TaiwanStockPrice_1455.json
1,TaiwanStockPER,1455,2012-01-01,2026-07-11,2026-07-11T10:34:48.760563,3552,6951433685883332f94bcb23b28d062bd1216d5f0b0d12a667e838ee12650568,https://api.finmindtrade.com/api/v4/data,0,success,rp001_data\phase2a\raw\TaiwanStockPER_1455.json
1,TaiwanStockInstitutionalInvestorsBuySell,1456,2012-01-01,2026-07-11,2026-07-11T10:34:50.123677,9147,8823d894e562998bc12336355de0260bf9a73819bf8880056848e4f4dfec809f,https://api.finmindtrade.com/api/v4/data,0,success,rp001_data\phase2a\raw\TaiwanStockInstitutionalInvestorsBuySell_1456.json
1,TaiwanStockPrice,1456,2012-01-01,2026-07-11,2026-07-11T10:34:51.575847,3530,30316d844ac2db5145aa23e99daaa3754d1907153ff500108c9e39a295f06a8f,https://api.finmindtrade.com/api/v4/data,0,success,rp001_data\phase2a\raw\TaiwanStockPrice_1456.json
1,TaiwanStockPER,1456,2012-01-01,2026-07-11,2026-07-11T10:34:52.843229,3535,83e485f335602176b317ac79e1949b87574c70f76accbfb8d7546a81c9e466f0,https://api.finmindtrade.com/api/v4/data,0,success,rp001_data\phase2a\raw\TaiwanStockPER_1456.json
1,TaiwanStockInstitutionalInvestorsBuySell,1457,2012-01-01,2026-07-11,2026-07-11T10:34:55.866438,15246,0c532177d7d3c91fc77ab50d323a3319b70f41f18e720dfacd0431e9854e5ab8,https://api.finmindtrade.com/api/v4/data,0,success,rp001_data\phase2a\raw\TaiwanStockInstitutionalInvestorsBuySell_1457.json
1,TaiwanStockPrice,1457,2012-01-01,2026-07-11,2026-07-11T10:34:57.429769,3539,bbf57c4bff022c9498e46f704601cbde030daf2e60daad27d96694889a3d25d9,https://api.finmindtrade.com/api/v4/data,0,success,rp001_data\phase2a\raw\TaiwanStockPrice_1457.json
1,TaiwanStockPER,1457,2012-01-01,2026-07-11,2026-07-11T10:34:58.624333,3542,49432310466b6664dc44e800fe291de61d67318ca5277b9e7aca31cdcc8d5d52,https://api.finmindtrade.com/api/v4/data,0,success,rp001_data\phase2a\raw\TaiwanStockPER_1457.json
1,TaiwanStockInstitutionalInvestorsBuySell,1459,2012-01-01,2026-07-11,2026-07-11T10:35:01.785300,14289,8816f99b81df761f7355207a2a6e21cb4190651f27f9425f8cd02aadc6c69d7f,https://api.finmindtrade.com/api/v4/data,0,success,rp001_data\phase2a\raw\TaiwanStockInstitutionalInvestorsBuySell_1459.json
1,TaiwanStockPrice,1459,2012-01-01,2026-07-11,2026-07-11T10:35:02.905926,0,4f53cda18c2baa0c0354bb5f9a3ecbe5ed12ab4d8e11ba873c2f11161202b945,https://api.finmindtrade.com/api/v4/data,0,failed,rp001_data\phase2a\raw\TaiwanStockPrice_1459.json
1,TaiwanStockPER,1459,2012-01-01,2026-07-11,2026-07-11T10:35:04.095251,0,4f53cda18c2baa0c0354bb5f9a3ecbe5ed12ab4d8e11ba873c2f11161202b945,https://api.finmindtrade.com/api/v4/data,0,failed,rp001_data\phase2a\raw\TaiwanStockPER_1459.json
1,TaiwanStockInstitutionalInvestorsBuySell,1460,2012-01-01,2026-07-11,2026-07-11T10:35:05.210215,0,4f53cda18c2baa0c0354bb5f9a3ecbe5ed12ab4d8e11ba873c2f11161202b945,https://api.finmindtrade.com/api/v4/data,0,failed,rp001_data\phase2a\raw\TaiwanStockInstitutionalInvestorsBuySell_1460.json
1,TaiwanStockPrice,1460,2012-01-01,2026-07-11,2026-07-11T10:35:06.523909,0,4f53cda18c2baa0c0354bb5f9a3ecbe5ed12ab4d8e11ba873c2f11161202b945,https://api.finmindtrade.com/api/v4/data,0,failed,rp001_data\phase2a\raw\TaiwanStockPrice_1460.json
1,TaiwanStockPER,1460,2012-01-01,2026-07-11,2026-07-11T10:35:07.982756,0,4f53cda18c2baa0c0354bb5f9a3ecbe5ed12ab4d8e11ba873c2f11161202b945,https://api.finmindtrade.com/api/v4/data,0,failed,rp001_data\phase2a\raw\TaiwanStockPER_1460.json
1,TaiwanStockInstitutionalInvestorsBuySell,1463,2012-01-01,2026-07-11,2026-07-11T10:35:09.048074,0,4f53cda18c2baa0c0354bb5f9a3ecbe5ed12ab4d8e11ba873c2f11161202b945,https://api.finmindtrade.com/api/v4/data,0,failed,rp001_data\phase2a\raw\TaiwanStockInstitutionalInvestorsBuySell_1463.json
1,TaiwanStockPrice,1463,2012-01-01,2026-07-11,2026-07-11T10:35:10.101170,0,4f53cda18c2baa0c0354bb5f9a3ecbe5ed12ab4d8e11ba873c2f11161202b945,https://api.finmindtrade.com/api/v4/data,0,failed,rp001_data\phase2a\raw\TaiwanStockPrice_1463.json
1,TaiwanStockPER,1463,2012-01-01,2026-07-11,2026-07-11T10:35:11.274203,0,4f53cda18c2baa0c0354bb5f9a3ecbe5ed12ab4d8e11ba873c2f11161202b945,https://api.finmindtrade.com/api/v4/data,0,failed,rp001_data\phase2a\raw\TaiwanStockPER_1463.json
1,TaiwanStockInstitutionalInvestorsBuySell,1464,2012-01-01,2026-07-11,2026-07-11T10:35:12.493761,0,4f53cda18c2baa0c0354bb5f9a3ecbe5ed12ab4d8e11ba873c2f11161202b945,https://api.finmindtrade.com/api/v4/data,0,failed,rp001_data\phase2a\raw\TaiwanStockInstitutionalInvestorsBuySell_1464.json
1,TaiwanStockPrice,1464,2012-01-01,2026-07-11,2026-07-11T10:35:13.760532,0,4f53cda18c2baa0c0354bb5f9a3ecbe5ed12ab4d8e11ba873c2f11161202b945,https://api.finmindtrade.com/api/v4/data,0,failed,rp001_data\phase2a\raw\TaiwanStockPrice_1464.json
1,TaiwanStockPER,1464,2012-01-01,2026-07-11,2026-07-11T10:35:14.883215,0,4f53cda18c2baa0c0354bb5f9a3ecbe5ed12ab4d8e11ba873c2f11161202b945,https://api.finmindtrade.com/api/v4/data,0,failed,rp001_data\phase2a\raw\TaiwanStockPER_1464.json
1,TaiwanStockInstitutionalInvestorsBuySell,1465,2012-01-01,2026-07-11,2026-07-11T10:35:15.946411,0,4f53cda18c2baa0c0354bb5f9a3ecbe5ed12ab4d8e11ba873c2f11161202b945,https://api.finmindtrade.com/api/v4/data,0,failed,rp001_data\phase2a\raw\TaiwanStockInstitutionalInvestorsBuySell_1465.json
1,TaiwanStockPrice,1465,2012-01-01,2026-07-11,2026-07-11T10:35:17.074704,0,4f53cda18c2baa0c0354bb5f9a3ecbe5ed12ab4d8e11ba873c2f11161202b945,https://api.finmindtrade.com/api/v4/data,0,failed,rp001_data\phase2a\raw\TaiwanStockPrice_1465.json
1,TaiwanStockPER,1465,2012-01-01,2026-07-11,2026-07-11T10:35:18.212051,0,4f53cda18c2baa0c0354bb5f9a3ecbe5ed12ab4d8e11ba873c2f11161202b945,https://api.finmindtrade.com/api/v4/data,0,failed,rp001_data\phase2a\raw\TaiwanStockPER_1465.json
1,TaiwanStockInstitutionalInvestorsBuySell,1466,2012-01-01,2026-07-11,2026-07-11T10:35:19.493098,0,4f53cda18c2baa0c0354bb5f9a3ecbe5ed12ab4d8e11ba873c2f11161202b945,https://api.finmindtrade.com/api/v4/data,0,failed,rp001_data\phase2a\raw\TaiwanStockInstitutionalInvestorsBuySell_1466.json
1,TaiwanStockPrice,1466,2012-01-01,2026-07-11,2026-07-11T10:35:20.748602,0,4f53cda18c2baa0c0354bb5f9a3ecbe5ed12ab4d8e11ba873c2f11161202b945,https://api.finmindtrade.com/api/v4/data,0,failed,rp001_data\phase2a\raw\TaiwanStockPrice_1466.json
1,TaiwanStockPER,1466,2012-01-01,2026-07-11,2026-07-11T10:35:21.946390,0,4f53cda18c2baa0c0354bb5f9a3ecbe5ed12ab4d8e11ba873c2f11161202b945,https://api.finmindtrade.com/api/v4/data,0,failed,rp001_data\phase2a\raw\TaiwanStockPER_1466.json
1,TaiwanStockInstitutionalInvestorsBuySell,1467,2012-01-01,2026-07-11,2026-07-11T10:35:23.075690,0,4f53cda18c2baa0c0354bb5f9a3ecbe5ed12ab4d8e11ba873c2f11161202b945,https://api.finmindtrade.com/api/v4/data,0,failed,rp001_data\phase2a\raw\TaiwanStockInstitutionalInvestorsBuySell_1467.json
1,TaiwanStockPrice,1467,2012-01-01,2026-07-11,2026-07-11T10:35:24.195326,0,4f53cda18c2baa0c0354bb5f9a3ecbe5ed12ab4d8e11ba873c2f11161202b945,https://api.finmindtrade.com/api/v4/data,0,failed,rp001_data\phase2a\raw\TaiwanStockPrice_1467.json
1,TaiwanStockPER,1467,2012-01-01,2026-07-11,2026-07-11T10:35:25.350404,0,4f53cda18c2baa0c0354bb5f9a3ecbe5ed12ab4d8e11ba873c2f11161202b945,https://api.finmindtrade.com/api/v4/data,0,failed,rp001_data\phase2a\raw\TaiwanStockPER_1467.json
1,TaiwanStockInstitutionalInvestorsBuySell,1468,2012-01-01,2026-07-11,2026-07-11T10:35:26.594821,0,4f53cda18c2baa0c0354bb5f9a3ecbe5ed12ab4d8e11ba873c2f11161202b945,https://api.finmindtrade.com/api/v4/data,0,failed,rp001_data\phase2a\raw\TaiwanStockInstitutionalInvestorsBuySell_1468.json
1,TaiwanStockPrice,1468,2012-01-01,2026-07-11,2026-07-11T10:35:30.716543,0,4f53cda18c2baa0c0354bb5f9a3ecbe5ed12ab4d8e11ba873c2f11161202b945,https://api.finmindtrade.com/api/v4/data,0,failed,rp001_data\phase2a\raw\TaiwanStockPrice_1468.json
1,TaiwanStockPER,1468,2012-01-01,2026-07-11,2026-07-11T10:35:32.130340,0,4f53cda18c2baa0c0354bb5f9a3ecbe5ed12ab4d8e11ba873c2f11161202b945,https://api.finmindtrade.com/api/v4/data,0,failed,rp001_data\phase2a\raw\TaiwanStockPER_1468.json
1,TaiwanStockInstitutionalInvestorsBuySell,1470,2012-01-01,2026-07-11,2026-07-11T10:35:33.403295,0,4f53cda18c2baa0c0354bb5f9a3ecbe5ed12ab4d8e11ba873c2f11161202b945,https://api.finmindtrade.com/api/v4/data,0,failed,rp001_data\phase2a\raw\TaiwanStockInstitutionalInvestorsBuySell_1470.json
1,TaiwanStockPrice,1470,2012-01-01,2026-07-11,2026-07-11T10:35:34.616171,0,4f53cda18c2baa0c0354bb5f9a3ecbe5ed12ab4d8e11ba873c2f11161202b945,https://api.finmindtrade.com/api/v4/data,0,failed,rp001_data\phase2a\raw\TaiwanStockPrice_1470.json
1,TaiwanStockPER,1470,2012-01-01,2026-07-11,2026-07-11T10:35:35.792583,0,4f53cda18c2baa0c0354bb5f9a3ecbe5ed12ab4d8e11ba873c2f11161202b945,https://api.finmindtrade.com/api/v4/data,0,failed,rp001_data\phase2a\raw\TaiwanStockPER_1470.json
1,TaiwanStockInstitutionalInvestorsBuySell,1471,2012-01-01,2026-07-11,2026-07-11T10:35:37.309816,0,4f53cda18c2baa0c0354bb5f9a3ecbe5ed12ab4d8e11ba873c2f11161202b945,https://api.finmindtrade.com/api/v4/data,0,failed,rp001_data\phase2a\raw\TaiwanStockInstitutionalInvestorsBuySell_1471.json
1,TaiwanStockPrice,1471,2012-01-01,2026-07-11,2026-07-11T10:35:38.537961,0,4f53cda18c2baa0c0354bb5f9a3ecbe5ed12ab4d8e11ba873c2f11161202b945,https://api.finmindtrade.com/api/v4/data,0,failed,rp001_data\phase2a\raw\TaiwanStockPrice_1471.json
1,TaiwanStockPER,1471,2012-01-01,2026-07-11,2026-07-11T10:35:39.704317,0,4f53cda18c2baa0c0354bb5f9a3ecbe5ed12ab4d8e11ba873c2f11161202b945,https://api.finmindtrade.com/api/v4/data,0,failed,rp001_data\phase2a\raw\TaiwanStockPER_1471.json
1,TaiwanStockInstitutionalInvestorsBuySell,1472,2012-01-01,2026-07-11,2026-07-11T10:35:40.895981,0,4f53cda18c2baa0c0354bb5f9a3ecbe5ed12ab4d8e11ba873c2f11161202b945,https://api.finmindtrade.com/api/v4/data,0,failed,rp001_data\phase2a\raw\TaiwanStockInstitutionalInvestorsBuySell_1472.json
1,TaiwanStockPrice,1472,2012-01-01,2026-07-11,2026-07-11T10:35:42.009642,0,4f53cda18c2baa0c0354bb5f9a3ecbe5ed12ab4d8e11ba873c2f11161202b945,https://api.finmindtrade.com/api/v4/data,0,failed,rp001_data\phase2a\raw\TaiwanStockPrice_1472.json
1,TaiwanStockPER,1472,2012-01-01,2026-07-11,2026-07-11T10:35:43.099412,0,4f53cda18c2baa0c0354bb5f9a3ecbe5ed12ab4d8e11ba873c2f11161202b945,https://api.finmindtrade.com/api/v4/data,0,failed,rp001_data\phase2a\raw\TaiwanStockPER_1472.json
1,TaiwanStockInstitutionalInvestorsBuySell,1473,2012-01-01,2026-07-11,2026-07-11T10:35:44.662117,0,4f53cda18c2baa0c0354bb5f9a3ecbe5ed12ab4d8e11ba873c2f11161202b945,https://api.finmindtrade.com/api/v4/data,0,failed,rp001_data\phase2a\raw\TaiwanStockInstitutionalInvestorsBuySell_1473.json
1,TaiwanStockPrice,1473,2012-01-01,2026-07-11,2026-07-11T10:35:46.051723,0,4f53cda18c2baa0c0354bb5f9a3ecbe5ed12ab4d8e11ba873c2f11161202b945,https://api.finmindtrade.com/api/v4/data,0,failed,rp001_data\phase2a\raw\TaiwanStockPrice_1473.json
1,TaiwanStockPER,1473,2012-01-01,2026-07-11,2026-07-11T10:35:47.236218,0,4f53cda18c2baa0c0354bb5f9a3ecbe5ed12ab4d8e11ba873c2f11161202b945,https://api.finmindtrade.com/api/v4/data,0,failed,rp001_data\phase2a\raw\TaiwanStockPER_1473.json
1,TaiwanStockInstitutionalInvestorsBuySell,1474,2012-01-01,2026-07-11,2026-07-11T10:35:48.342402,0,4f53cda18c2baa0c0354bb5f9a3ecbe5ed12ab4d8e11ba873c2f11161202b945,https://api.finmindtrade.com/api/v4/data,0,failed,rp001_data\phase2a\raw\TaiwanStockInstitutionalInvestorsBuySell_1474.json
1,TaiwanStockPrice,1474,2012-01-01,2026-07-11,2026-07-11T10:35:49.524723,0,4f53cda18c2baa0c0354bb5f9a3ecbe5ed12ab4d8e11ba873c2f11161202b945,https://api.finmindtrade.com/api/v4/data,0,failed,rp001_data\phase2a\raw\TaiwanStockPrice_1474.json
1,TaiwanStockPER,1474,2012-01-01,2026-07-11,2026-07-11T10:35:50.678735,0,4f53cda18c2baa0c0354bb5f9a3ecbe5ed12ab4d8e11ba873c2f11161202b945,https://api.finmindtrade.com/api/v4/data,0,failed,rp001_data\phase2a\raw\TaiwanStockPER_1474.json
1,TaiwanStockInstitutionalInvestorsBuySell,1475,2012-01-01,2026-07-11,2026-07-11T10:35:51.769147,0,4f53cda18c2baa0c0354bb5f9a3ecbe5ed12ab4d8e11ba873c2f11161202b945,https://api.finmindtrade.com/api/v4/data,0,failed,rp001_data\phase2a\raw\TaiwanStockInstitutionalInvestorsBuySell_1475.json
1,TaiwanStockPrice,1475,2012-01-01,2026-07-11,2026-07-11T10:35:52.940475,0,4f53cda18c2baa0c0354bb5f9a3ecbe5ed12ab4d8e11ba873c2f11161202b945,https://api.finmindtrade.com/api/v4/data,0,failed,rp001_data\phase2a\raw\TaiwanStockPrice_1475.json
1,TaiwanStockPER,1475,2012-01-01,2026-07-11,2026-07-11T10:35:54.091454,0,4f53cda18c2baa0c0354bb5f9a3ecbe5ed12ab4d8e11ba873c2f11161202b945,https://api.finmindtrade.com/api/v4/data,0,failed,rp001_data\phase2a\raw\TaiwanStockPER_1475.json
1,TaiwanStockInstitutionalInvestorsBuySell,1476,2012-01-01,2026-07-11,2026-07-11T10:35:55.633997,0,4f53cda18c2baa0c0354bb5f9a3ecbe5ed12ab4d8e11ba873c2f11161202b945,https://api.finmindtrade.com/api/v4/data,0,failed,rp001_data\phase2a\raw\TaiwanStockInstitutionalInvestorsBuySell_1476.json
1,TaiwanStockPrice,1476,2012-01-01,2026-07-11,2026-07-11T10:35:57.022038,0,4f53cda18c2baa0c0354bb5f9a3ecbe5ed12ab4d8e11ba873c2f11161202b945,https://api.finmindtrade.com/api/v4/data,0,failed,rp001_data\phase2a\raw\TaiwanStockPrice_1476.json
1,TaiwanStockPER,1476,2012-01-01,2026-07-11,2026-07-11T10:35:58.309477,0,4f53cda18c2baa0c0354bb5f9a3ecbe5ed12ab4d8e11ba873c2f11161202b945,https://api.finmindtrade.com/api/v4/data,0,failed,rp001_data\phase2a\raw\TaiwanStockPER_1476.json
1,TaiwanStockInstitutionalInvestorsBuySell,1477,2012-01-01,2026-07-11,2026-07-11T10:35:59.646019,0,4f53cda18c2baa0c0354bb5f9a3ecbe5ed12ab4d8e11ba873c2f11161202b945,https://api.finmindtrade.com/api/v4/data,0,failed,rp001_data\phase2a\raw\TaiwanStockInstitutionalInvestorsBuySell_1477.json
1,TaiwanStockPrice,1477,2012-01-01,2026-07-11,2026-07-11T10:36:02.725642,0,4f53cda18c2baa0c0354bb5f9a3ecbe5ed12ab4d8e11ba873c2f11161202b945,https://api.finmindtrade.com/api/v4/data,0,failed,rp001_data\phase2a\raw\TaiwanStockPrice_1477.json
1,TaiwanStockPER,1477,2012-01-01,2026-07-11,2026-07-11T10:36:03.867180,0,4f53cda18c2baa0c0354bb5f9a3ecbe5ed12ab4d8e11ba873c2f11161202b945,https://api.finmindtrade.com/api/v4/data,0,failed,rp001_data\phase2a\raw\TaiwanStockPER_1477.json
1,TaiwanStockInstitutionalInvestorsBuySell,1503,2012-01-01,2026-07-11,2026-07-11T10:36:05.606363,0,4f53cda18c2baa0c0354bb5f9a3ecbe5ed12ab4d8e11ba873c2f11161202b945,https://api.finmindtrade.com/api/v4/data,0,failed,rp001_data\phase2a\raw\TaiwanStockInstitutionalInvestorsBuySell_1503.json
1,TaiwanStockPrice,1503,2012-01-01,2026-07-11,2026-07-11T10:36:06.373346,0,4f53cda18c2baa0c0354bb5f9a3ecbe5ed12ab4d8e11ba873c2f11161202b945,https://api.finmindtrade.com/api/v4/data,0,failed,rp001_data\phase2a\raw\TaiwanStockPrice_1503.json
1,TaiwanStockPER,1503,2012-01-01,2026-07-11,2026-07-11T10:36:07.158358,0,4f53cda18c2baa0c0354bb5f9a3ecbe5ed12ab4d8e11ba873c2f11161202b945,https://api.finmindtrade.com/api/v4/data,0,failed,rp001_data\phase2a\raw\TaiwanStockPER_1503.json
1,TaiwanStockInstitutionalInvestorsBuySell,1504,2012-01-01,2026-07-11,2026-07-11T10:36:07.926490,0,4f53cda18c2baa0c0354bb5f9a3ecbe5ed12ab4d8e11ba873c2f11161202b945,https://api.finmindtrade.com/api/v4/data,0,failed,rp001_data\phase2a\raw\TaiwanStockInstitutionalInvestorsBuySell_1504.json
1,TaiwanStockPrice,1504,2012-01-01,2026-07-11,2026-07-11T10:36:08.723420,0,4f53cda18c2baa0c0354bb5f9a3ecbe5ed12ab4d8e11ba873c2f11161202b945,https://api.finmindtrade.com/api/v4/data,0,failed,rp001_data\phase2a\raw\TaiwanStockPrice_1504.json
1,TaiwanStockPER,1504,2012-01-01,2026-07-11,2026-07-11T10:36:09.464736,0,4f53cda18c2baa0c0354bb5f9a3ecbe5ed12ab4d8e11ba873c2f11161202b945,https://api.finmindtrade.com/api/v4/data,0,failed,rp001_data\phase2a\raw\TaiwanStockPER_1504.json
1,TaiwanStockInstitutionalInvestorsBuySell,1506,2012-01-01,2026-07-11,2026-07-11T10:36:10.221023,0,4f53cda18c2baa0c0354bb5f9a3ecbe5ed12ab4d8e11ba873c2f11161202b945,https://api.finmindtrade.com/api/v4/data,0,failed,rp001_data\phase2a\raw\TaiwanStockInstitutionalInvestorsBuySell_1506.json
1,TaiwanStockPrice,1506,2012-01-01,2026-07-11,2026-07-11T10:36:11.046021,0,4f53cda18c2baa0c0354bb5f9a3ecbe5ed12ab4d8e11ba873c2f11161202b945,https://api.finmindtrade.com/api/v4/data,0,failed,rp001_data\phase2a\raw\TaiwanStockPrice_1506.json
1,TaiwanStockPER,1506,2012-01-01,2026-07-11,2026-07-11T10:36:11.834632,0,4f53cda18c2baa0c0354bb5f9a3ecbe5ed12ab4d8e11ba873c2f11161202b945,https://api.finmindtrade.com/api/v4/data,0,failed,rp001_data\phase2a\raw\TaiwanStockPER_1506.json
1,TaiwanStockInstitutionalInvestorsBuySell,1512,2012-01-01,2026-07-11,2026-07-11T10:36:12.676057,0,4f53cda18c2baa0c0354bb5f9a3ecbe5ed12ab4d8e11ba873c2f11161202b945,https://api.finmindtrade.com/api/v4/data,0,failed,rp001_data\phase2a\raw\TaiwanStockInstitutionalInvestorsBuySell_1512.json
1,TaiwanStockPrice,1512,2012-01-01,2026-07-11,2026-07-11T10:36:13.480260,0,4f53cda18c2baa0c0354bb5f9a3ecbe5ed12ab4d8e11ba873c2f11161202b945,https://api.finmindtrade.com/api/v4/data,0,failed,rp001_data\phase2a\raw\TaiwanStockPrice_1512.json
1,TaiwanStockPER,1512,2012-01-01,2026-07-11,2026-07-11T10:36:14.298469,0,4f53cda18c2baa0c0354bb5f9a3ecbe5ed12ab4d8e11ba873c2f11161202b945,https://api.finmindtrade.com/api/v4/data,0,failed,rp001_data\phase2a\raw\TaiwanStockPER_1512.json
1,TaiwanStockInstitutionalInvestorsBuySell,1513,2012-01-01,2026-07-11,2026-07-11T10:36:15.399970,0,4f53cda18c2baa0c0354bb5f9a3ecbe5ed12ab4d8e11ba873c2f11161202b945,https://api.finmindtrade.com/api/v4/data,0,failed,rp001_data\phase2a\raw\TaiwanStockInstitutionalInvestorsBuySell_1513.json
1,TaiwanStockPrice,1513,2012-01-01,2026-07-11,2026-07-11T10:36:17.358190,0,4f53cda18c2baa0c0354bb5f9a3ecbe5ed12ab4d8e11ba873c2f11161202b945,https://api.finmindtrade.com/api/v4/data,0,failed,rp001_data\phase2a\raw\TaiwanStockPrice_1513.json
1,TaiwanStockPER,1513,2012-01-01,2026-07-11,2026-07-11T10:36:19.609365,0,4f53cda18c2baa0c0354bb5f9a3ecbe5ed12ab4d8e11ba873c2f11161202b945,https://api.finmindtrade.com/api/v4/data,0,failed,rp001_data\phase2a\raw\TaiwanStockPER_1513.json
1,TaiwanStockInstitutionalInvestorsBuySell,1514,2012-01-01,2026-07-11,2026-07-11T10:36:21.286820,0,4f53cda18c2baa0c0354bb5f9a3ecbe5ed12ab4d8e11ba873c2f11161202b945,https://api.finmindtrade.com/api/v4/data,0,failed,rp001_data\phase2a\raw\TaiwanStockInstitutionalInvestorsBuySell_1514.json
1,TaiwanStockPrice,1514,2012-01-01,2026-07-11,2026-07-11T10:36:23.214702,0,4f53cda18c2baa0c0354bb5f9a3ecbe5ed12ab4d8e11ba873c2f11161202b945,https://api.finmindtrade.com/api/v4/data,0,failed,rp001_data\phase2a\raw\TaiwanStockPrice_1514.json
1,TaiwanStockPER,1514,2012-01-01,2026-07-11,2026-07-11T10:36:24.847053,0,4f53cda18c2baa0c0354bb5f9a3ecbe5ed12ab4d8e11ba873c2f11161202b945,https://api.finmindtrade.com/api/v4/data,0,failed,rp001_data\phase2a\raw\TaiwanStockPER_1514.json
1,TaiwanStockInstitutionalInvestorsBuySell,1515,2012-01-01,2026-07-11,2026-07-11T10:36:28.824681,0,4f53cda18c2baa0c0354bb5f9a3ecbe5ed12ab4d8e11ba873c2f11161202b945,https://api.finmindtrade.com/api/v4/data,0,failed,rp001_data\phase2a\raw\TaiwanStockInstitutionalInvestorsBuySell_1515.json
1,TaiwanStockPrice,1515,2012-01-01,2026-07-11,2026-07-11T10:36:29.647461,0,4f53cda18c2baa0c0354bb5f9a3ecbe5ed12ab4d8e11ba873c2f11161202b945,https://api.finmindtrade.com/api/v4/data,0,failed,rp001_data\phase2a\raw\TaiwanStockPrice_1515.json
1,TaiwanStockPER,1515,2012-01-01,2026-07-11,2026-07-11T10:36:32.424600,0,4f53cda18c2baa0c0354bb5f9a3ecbe5ed12ab4d8e11ba873c2f11161202b945,https://api.finmindtrade.com/api/v4/data,0,failed,rp001_data\phase2a\raw\TaiwanStockPER_1515.json
1,TaiwanStockInstitutionalInvestorsBuySell,1516,2012-01-01,2026-07-11,2026-07-11T10:36:35.973454,0,4f53cda18c2baa0c0354bb5f9a3ecbe5ed12ab4d8e11ba873c2f11161202b945,https://api.finmindtrade.com/api/v4/data,0,failed,rp001_data\phase2a\raw\TaiwanStockInstitutionalInvestorsBuySell_1516.json
1,TaiwanStockPrice,1516,2012-01-01,2026-07-11,2026-07-11T10:36:38.588890,0,4f53cda18c2baa0c0354bb5f9a3ecbe5ed12ab4d8e11ba873c2f11161202b945,https://api.finmindtrade.com/api/v4/data,0,failed,rp001_data\phase2a\raw\TaiwanStockPrice_1516.json
1,TaiwanStockPER,1516,2012-01-01,2026-07-11,2026-07-11T10:36:39.962779,0,4f53cda18c2baa0c0354bb5f9a3ecbe5ed12ab4d8e11ba873c2f11161202b945,https://api.finmindtrade.com/api/v4/data,0,failed,rp001_data\phase2a\raw\TaiwanStockPER_1516.json
1,TaiwanStockInstitutionalInvestorsBuySell,1517,2012-01-01,2026-07-11,2026-07-11T10:36:41.136388,0,4f53cda18c2baa0c0354bb5f9a3ecbe5ed12ab4d8e11ba873c2f11161202b945,https://api.finmindtrade.com/api/v4/data,0,failed,rp001_data\phase2a\raw\TaiwanStockInstitutionalInvestorsBuySell_1517.json
1,TaiwanStockPrice,1517,2012-01-01,2026-07-11,2026-07-11T10:36:42.250571,0,4f53cda18c2baa0c0354bb5f9a3ecbe5ed12ab4d8e11ba873c2f11161202b945,https://api.finmindtrade.com/api/v4/data,0,failed,rp001_data\phase2a\raw\TaiwanStockPrice_1517.json
1,TaiwanStockPER,1517,2012-01-01,2026-07-11,2026-07-11T10:36:43.351123,0,4f53cda18c2baa0c0354bb5f9a3ecbe5ed12ab4d8e11ba873c2f11161202b945,https://api.finmindtrade.com/api/v4/data,0,failed,rp001_data\phase2a\raw\TaiwanStockPER_1517.json
1,TaiwanStockInstitutionalInvestorsBuySell,1519,2012-01-01,2026-07-11,2026-07-11T10:36:44.516501,0,4f53cda18c2baa0c0354bb5f9a3ecbe5ed12ab4d8e11ba873c2f11161202b945,https://api.finmindtrade.com/api/v4/data,0,failed,rp001_data\phase2a\raw\TaiwanStockInstitutionalInvestorsBuySell_1519.json
1,TaiwanStockPrice,1519,2012-01-01,2026-07-11,2026-07-11T10:36:45.689188,0,4f53cda18c2baa0c0354bb5f9a3ecbe5ed12ab4d8e11ba873c2f11161202b945,https://api.finmindtrade.com/api/v4/data,0,failed,rp001_data\phase2a\raw\TaiwanStockPrice_1519.json
1,TaiwanStockPER,1519,2012-01-01,2026-07-11,2026-07-11T10:36:46.844739,0,4f53cda18c2baa0c0354bb5f9a3ecbe5ed12ab4d8e11ba873c2f11161202b945,https://api.finmindtrade.com/api/v4/data,0,failed,rp001_data\phase2a\raw\TaiwanStockPER_1519.json
1,TaiwanStockInstitutionalInvestorsBuySell,1521,2012-01-01,2026-07-11,2026-07-11T10:36:48.316521,0,4f53cda18c2baa0c0354bb5f9a3ecbe5ed12ab4d8e11ba873c2f11161202b945,https://api.finmindtrade.com/api/v4/data,0,failed,rp001_data\phase2a\raw\TaiwanStockInstitutionalInvestorsBuySell_1521.json
1,TaiwanStockPrice,1521,2012-01-01,2026-07-11,2026-07-11T10:36:49.806805,0,4f53cda18c2baa0c0354bb5f9a3ecbe5ed12ab4d8e11ba873c2f11161202b945,https://api.finmindtrade.com/api/v4/data,0,failed,rp001_data\phase2a\raw\TaiwanStockPrice_1521.json
1,TaiwanStockPER,1521,2012-01-01,2026-07-11,2026-07-11T10:36:51.021365,0,4f53cda18c2baa0c0354bb5f9a3ecbe5ed12ab4d8e11ba873c2f11161202b945,https://api.finmindtrade.com/api/v4/data,0,failed,rp001_data\phase2a\raw\TaiwanStockPER_1521.json
1,TaiwanStockInstitutionalInvestorsBuySell,1522,2012-01-01,2026-07-11,2026-07-11T10:36:52.151152,0,4f53cda18c2baa0c0354bb5f9a3ecbe5ed12ab4d8e11ba873c2f11161202b945,https://api.finmindtrade.com/api/v4/data,0,failed,rp001_data\phase2a\raw\TaiwanStockInstitutionalInvestorsBuySell_1522.json
1,TaiwanStockPrice,1522,2012-01-01,2026-07-11,2026-07-11T10:36:53.307761,0,4f53cda18c2baa0c0354bb5f9a3ecbe5ed12ab4d8e11ba873c2f11161202b945,https://api.finmindtrade.com/api/v4/data,0,failed,rp001_data\phase2a\raw\TaiwanStockPrice_1522.json
1,TaiwanStockPER,1522,2012-01-01,2026-07-11,2026-07-11T10:36:54.452514,0,4f53cda18c2baa0c0354bb5f9a3ecbe5ed12ab4d8e11ba873c2f11161202b945,https://api.finmindtrade.com/api/v4/data,0,failed,rp001_data\phase2a\raw\TaiwanStockPER_1522.json
1,TaiwanStockInstitutionalInvestorsBuySell,1524,2012-01-01,2026-07-11,2026-07-11T10:36:55.936629,0,4f53cda18c2baa0c0354bb5f9a3ecbe5ed12ab4d8e11ba873c2f11161202b945,https://api.finmindtrade.com/api/v4/data,0,failed,rp001_data\phase2a\raw\TaiwanStockInstitutionalInvestorsBuySell_1524.json
1,TaiwanStockPrice,1524,2012-01-01,2026-07-11,2026-07-11T10:36:57.431629,0,4f53cda18c2baa0c0354bb5f9a3ecbe5ed12ab4d8e11ba873c2f11161202b945,https://api.finmindtrade.com/api/v4/data,0,failed,rp001_data\phase2a\raw\TaiwanStockPrice_1524.json
1,TaiwanStockPER,1524,2012-01-01,2026-07-11,2026-07-11T10:36:58.586001,0,4f53cda18c2baa0c0354bb5f9a3ecbe5ed12ab4d8e11ba873c2f11161202b945,https://api.finmindtrade.com/api/v4/data,0,failed,rp001_data\phase2a\raw\TaiwanStockPER_1524.json
1,TaiwanStockInstitutionalInvestorsBuySell,1525,2012-01-01,2026-07-11,2026-07-11T10:36:59.729577,0,4f53cda18c2baa0c0354bb5f9a3ecbe5ed12ab4d8e11ba873c2f11161202b945,https://api.finmindtrade.com/api/v4/data,0,failed,rp001_data\phase2a\raw\TaiwanStockInstitutionalInvestorsBuySell_1525.json
1,TaiwanStockPrice,1525,2012-01-01,2026-07-11,2026-07-11T10:37:00.852802,0,4f53cda18c2baa0c0354bb5f9a3ecbe5ed12ab4d8e11ba873c2f11161202b945,https://api.finmindtrade.com/api/v4/data,0,failed,rp001_data\phase2a\raw\TaiwanStockPrice_1525.json
1,TaiwanStockPER,1525,2012-01-01,2026-07-11,2026-07-11T10:37:02.008227,0,4f53cda18c2baa0c0354bb5f9a3ecbe5ed12ab4d8e11ba873c2f11161202b945,https://api.finmindtrade.com/api/v4/data,0,failed,rp001_data\phase2a\raw\TaiwanStockPER_1525.json
1,TaiwanStockInstitutionalInvestorsBuySell,1526,2012-01-01,2026-07-11,2026-07-11T10:37:03.333705,0,4f53cda18c2baa0c0354bb5f9a3ecbe5ed12ab4d8e11ba873c2f11161202b945,https://api.finmindtrade.com/api/v4/data,0,failed,rp001_data\phase2a\raw\TaiwanStockInstitutionalInvestorsBuySell_1526.json
1,TaiwanStockPrice,1526,2012-01-01,2026-07-11,2026-07-11T10:37:04.459540,0,4f53cda18c2baa0c0354bb5f9a3ecbe5ed12ab4d8e11ba873c2f11161202b945,https://api.finmindtrade.com/api/v4/data,0,failed,rp001_data\phase2a\raw\TaiwanStockPrice_1526.json
1,TaiwanStockPER,1526,2012-01-01,2026-07-11,2026-07-11T10:37:05.651790,0,4f53cda18c2baa0c0354bb5f9a3ecbe5ed12ab4d8e11ba873c2f11161202b945,https://api.finmindtrade.com/api/v4/data,0,failed,rp001_data\phase2a\raw\TaiwanStockPER_1526.json
1,TaiwanStockInstitutionalInvestorsBuySell,1527,2012-01-01,2026-07-11,2026-07-11T10:37:06.794625,0,4f53cda18c2baa0c0354bb5f9a3ecbe5ed12ab4d8e11ba873c2f11161202b945,https://api.finmindtrade.com/api/v4/data,0,failed,rp001_data\phase2a\raw\TaiwanStockInstitutionalInvestorsBuySell_1527.json
1,TaiwanStockPrice,1527,2012-01-01,2026-07-11,2026-07-11T10:37:07.918872,0,4f53cda18c2baa0c0354bb5f9a3ecbe5ed12ab4d8e11ba873c2f11161202b945,https://api.finmindtrade.com/api/v4/data,0,failed,rp001_data\phase2a\raw\TaiwanStockPrice_1527.json
1,TaiwanStockPER,1527,2012-01-01,2026-07-11,2026-07-11T10:37:09.094798,0,4f53cda18c2baa0c0354bb5f9a3ecbe5ed12ab4d8e11ba873c2f11161202b945,https://api.finmindtrade.com/api/v4/data,0,failed,rp001_data\phase2a\raw\TaiwanStockPER_1527.json
1,TaiwanStockInstitutionalInvestorsBuySell,1528,2012-01-01,2026-07-11,2026-07-11T10:37:10.216679,0,4f53cda18c2baa0c0354bb5f9a3ecbe5ed12ab4d8e11ba873c2f11161202b945,https://api.finmindtrade.com/api/v4/data,0,failed,rp001_data\phase2a\raw\TaiwanStockInstitutionalInvestorsBuySell_1528.json
1,TaiwanStockPrice,1528,2012-01-01,2026-07-11,2026-07-11T10:37:11.347474,0,4f53cda18c2baa0c0354bb5f9a3ecbe5ed12ab4d8e11ba873c2f11161202b945,https://api.finmindtrade.com/api/v4/data,0,failed,rp001_data\phase2a\raw\TaiwanStockPrice_1528.json
1,TaiwanStockPER,1528,2012-01-01,2026-07-11,2026-07-11T10:37:12.547547,0,4f53cda18c2baa0c0354bb5f9a3ecbe5ed12ab4d8e11ba873c2f11161202b945,https://api.finmindtrade.com/api/v4/data,0,failed,rp001_data\phase2a\raw\TaiwanStockPER_1528.json
1,TaiwanStockInstitutionalInvestorsBuySell,1529,2012-01-01,2026-07-11,2026-07-11T10:37:13.652057,0,4f53cda18c2baa0c0354bb5f9a3ecbe5ed12ab4d8e11ba873c2f11161202b945,https://api.finmindtrade.com/api/v4/data,0,failed,rp001_data\phase2a\raw\TaiwanStockInstitutionalInvestorsBuySell_1529.json
1,TaiwanStockPrice,1529,2012-01-01,2026-07-11,2026-07-11T10:37:15.412722,0,4f53cda18c2baa0c0354bb5f9a3ecbe5ed12ab4d8e11ba873c2f11161202b945,https://api.finmindtrade.com/api/v4/data,0,failed,rp001_data\phase2a\raw\TaiwanStockPrice_1529.json
1,TaiwanStockPER,1529,2012-01-01,2026-07-11,2026-07-11T10:37:17.273566,0,4f53cda18c2baa0c0354bb5f9a3ecbe5ed12ab4d8e11ba873c2f11161202b945,https://api.finmindtrade.com/api/v4/data,0,failed,rp001_data\phase2a\raw\TaiwanStockPER_1529.json
1,TaiwanStockInstitutionalInvestorsBuySell,1530,2012-01-01,2026-07-11,2026-07-11T10:37:41.263627,0,4f53cda18c2baa0c0354bb5f9a3ecbe5ed12ab4d8e11ba873c2f11161202b945,https://api.finmindtrade.com/api/v4/data,1,failed,rp001_data\phase2a\raw\TaiwanStockInstitutionalInvestorsBuySell_1530.json
1,TaiwanStockPrice,1530,2012-01-01,2026-07-11,2026-07-11T10:37:42.558376,0,4f53cda18c2baa0c0354bb5f9a3ecbe5ed12ab4d8e11ba873c2f11161202b945,https://api.finmindtrade.com/api/v4/data,0,failed,rp001_data\phase2a\raw\TaiwanStockPrice_1530.json
1,TaiwanStockPER,1530,2012-01-01,2026-07-11,2026-07-11T10:37:43.748263,0,4f53cda18c2baa0c0354bb5f9a3ecbe5ed12ab4d8e11ba873c2f11161202b945,https://api.finmindtrade.com/api/v4/data,0,failed,rp001_data\phase2a\raw\TaiwanStockPER_1530.json
1,TaiwanStockPrice,1459,2012-01-01,2026-07-31,2026-07-31T09:18:45.046350,3557,7ff0deae18773df489346f3a660dfa117705e54d02a784fbf3c0fa5f79b59d94,https://api.finmindtrade.com/api/v4/data,0,success,rp001_data\phase2a\raw\TaiwanStockPrice_1459.json
1,TaiwanStockPER,1459,2012-01-01,2026-07-31,2026-07-31T09:18:46.022890,3560,aa0e8db74c245323f83c848434c6373791ce3800ac15524c656262f3551a470c,https://api.finmindtrade.com/api/v4/data,0,success,rp001_data\phase2a\raw\TaiwanStockPER_1459.json
1,TaiwanStockInstitutionalInvestorsBuySell,1460,2012-01-01,2026-07-31,2026-07-31T09:18:47.383703,15349,f3b83b0c11d8b013179daeac3edfa213509ad3a16aa82b362edffd73550fcf40,https://api.finmindtrade.com/api/v4/data,0,success,rp001_data\phase2a\raw\TaiwanStockInstitutionalInvestorsBuySell_1460.json
1,TaiwanStockPrice,1460,2012-01-01,2026-07-31,2026-07-31T09:18:48.613567,3559,8000bc0c3819eb061b91a92b3aeb91c2c46ae071d8c4762918c4a172ed3e036a,https://api.finmindtrade.com/api/v4/data,0,success,rp001_data\phase2a\raw\TaiwanStockPrice_1460.json
1,TaiwanStockPER,1460,2012-01-01,2026-07-31,2026-07-31T09:18:49.604636,3562,db20336a796a341e891bc1a24af4ef89183eee156fbb482df69ab84d01acd127,https://api.finmindtrade.com/api/v4/data,0,success,rp001_data\phase2a\raw\TaiwanStockPER_1460.json
1,TaiwanStockInstitutionalInvestorsBuySell,1463,2012-01-01,2026-07-31,2026-07-31T09:18:50.714352,15260,66a20e14818f6a747b56a167cdb4efa228ab36193b80e3267b29e5510166d2d7,https://api.finmindtrade.com/api/v4/data,0,success,rp001_data\phase2a\raw\TaiwanStockInstitutionalInvestorsBuySell_1463.json
1,TaiwanStockPrice,1463,2012-01-01,2026-07-31,2026-07-31T09:18:51.831765,3564,f1e97b981c7d116317978fcc3dc39f30788ec28086d4dfb6648ce60e44f54369,https://api.finmindtrade.com/api/v4/data,0,success,rp001_data\phase2a\raw\TaiwanStockPrice_1463.json
1,TaiwanStockPER,1463,2012-01-01,2026-07-31,2026-07-31T09:18:52.805820,3567,b789e92c70cf3016a8764abac49f2d2d6bda05400dd39061e1ace29732e6e995,https://api.finmindtrade.com/api/v4/data,0,success,rp001_data\phase2a\raw\TaiwanStockPER_1463.json
1,TaiwanStockInstitutionalInvestorsBuySell,1464,2012-01-01,2026-07-31,2026-07-31T09:18:53.880027,15099,c653d1a36b7611129b8a3b16e7dd4f1c0d32367decc3d50d6f8e55c644a80047,https://api.finmindtrade.com/api/v4/data,0,success,rp001_data\phase2a\raw\TaiwanStockInstitutionalInvestorsBuySell_1464.json
1,TaiwanStockPrice,1464,2012-01-01,2026-07-31,2026-07-31T09:18:54.983102,3564,39847fcc42e9e139e543503fb8140059500bc899354b8d781b0d63fed5925ab0,https://api.finmindtrade.com/api/v4/data,0,success,rp001_data\phase2a\raw\TaiwanStockPrice_1464.json
1,TaiwanStockPER,1464,2012-01-01,2026-07-31,2026-07-31T09:18:55.996575,3567,a21eabcca34365662d3fc557d4384216e7082985cd40a8804cde9ceb92d427f0,https://api.finmindtrade.com/api/v4/data,0,success,rp001_data\phase2a\raw\TaiwanStockPER_1464.json
1,TaiwanStockInstitutionalInvestorsBuySell,1465,2012-01-01,2026-07-31,2026-07-31T09:18:57.195826,11846,308e64de4b56b832ed160ac7319abc13be739a37b9d5c4a85f8de8c510700590,https://api.finmindtrade.com/api/v4/data,0,success,rp001_data\phase2a\raw\TaiwanStockInstitutionalInvestorsBuySell_1465.json
1,TaiwanStockPrice,1465,2012-01-01,2026-07-31,2026-07-31T09:18:58.429680,3564,9728ed9f46ed69049eed49c354827d986a6c49f1d51000b5a634a44a3a057105,https://api.finmindtrade.com/api/v4/data,0,success,rp001_data\phase2a\raw\TaiwanStockPrice_1465.json
1,TaiwanStockPER,1465,2012-01-01,2026-07-31,2026-07-31T09:18:59.614093,3567,0907cff4a16d722af6247ad0ca0aad2f0c6346d43333d0ac0652bd59ce48cd10,https://api.finmindtrade.com/api/v4/data,0,success,rp001_data\phase2a\raw\TaiwanStockPER_1465.json
1,TaiwanStockInstitutionalInvestorsBuySell,1466,2012-01-01,2026-07-31,2026-07-31T09:19:00.886422,13223,5513123664dc9ee22c9450f995886ba6cb5b9f4694cbd0e70183c689ee90cab9,https://api.finmindtrade.com/api/v4/data,0,success,rp001_data\phase2a\raw\TaiwanStockInstitutionalInvestorsBuySell_1466.json
1,TaiwanStockPrice,1466,2012-01-01,2026-07-31,2026-07-31T09:19:03.410596,3563,387f7c9bdc141d341f4430306148fcdfe39f456399c1020d3c4b16f7284a2988,https://api.finmindtrade.com/api/v4/data,0,success,rp001_data\phase2a\raw\TaiwanStockPrice_1466.json
1,TaiwanStockPER,1466,2012-01-01,2026-07-31,2026-07-31T09:19:06.600484,3567,4d36520ce6f9ce93aab94eeb9437ababacf3b86470c86d138bf437f348f4ccef,https://api.finmindtrade.com/api/v4/data,0,success,rp001_data\phase2a\raw\TaiwanStockPER_1466.json
1,TaiwanStockInstitutionalInvestorsBuySell,1467,2012-01-01,2026-07-31,2026-07-31T09:19:07.679505,15002,7a96edf3273887714dc5af05d29d604d851c1a7b90fdad8642f8194623efa2ac,https://api.finmindtrade.com/api/v4/data,0,success,rp001_data\phase2a\raw\TaiwanStockInstitutionalInvestorsBuySell_1467.json
1,TaiwanStockPrice,1467,2012-01-01,2026-07-31,2026-07-31T09:19:08.886031,3564,356735575c774089c83a3ec4e31dd241d7d19068b96a2b82d52482ea0481f89f,https://api.finmindtrade.com/api/v4/data,0,success,rp001_data\phase2a\raw\TaiwanStockPrice_1467.json
1,TaiwanStockPER,1467,2012-01-01,2026-07-31,2026-07-31T09:19:09.900089,3567,87028f5680c0e3c4dfff0cadc107e4ff70a03fc2c7c07eea1c6947927ccb1079,https://api.finmindtrade.com/api/v4/data,0,success,rp001_data\phase2a\raw\TaiwanStockPER_1467.json
1,TaiwanStockInstitutionalInvestorsBuySell,1468,2012-01-01,2026-07-31,2026-07-31T09:19:10.913457,10413,3b0c82272aa2ae5e632e68a5779514f829dd6709b37b6eccd19c2c3922eb73f1,https://api.finmindtrade.com/api/v4/data,0,success,rp001_data\phase2a\raw\TaiwanStockInstitutionalInvestorsBuySell_1468.json
1,TaiwanStockPrice,1468,2012-01-01,2026-07-31,2026-07-31T09:19:12.505893,3564,14877c02fbe13f7431425a39b5bdbe8889a54c8407f8ea5e642faa26358b69b2,https://api.finmindtrade.com/api/v4/data,0,success,rp001_data\phase2a\raw\TaiwanStockPrice_1468.json
1,TaiwanStockPER,1468,2012-01-01,2026-07-31,2026-07-31T09:19:13.626832,3567,848c9f0594e63f696291cda5bb571ea7e542ff5eec1c71a3148289a5a6095a9e,https://api.finmindtrade.com/api/v4/data,0,success,rp001_data\phase2a\raw\TaiwanStockPER_1468.json
1,TaiwanStockInstitutionalInvestorsBuySell,1470,2012-01-01,2026-07-31,2026-07-31T09:19:14.866362,7791,cf34444c8826becbfe89da658ff855cd41c8a3a6182a8223aeea2c4391b11a96,https://api.finmindtrade.com/api/v4/data,0,success,rp001_data\phase2a\raw\TaiwanStockInstitutionalInvestorsBuySell_1470.json
1,TaiwanStockPrice,1470,2012-01-01,2026-07-31,2026-07-31T09:19:17.854719,3561,5efd60e77e5f78cf51bdc6ae669911187d82d44bcc45036ea5ece0a64d3eb30f,https://api.finmindtrade.com/api/v4/data,0,success,rp001_data\phase2a\raw\TaiwanStockPrice_1470.json
1,TaiwanStockPER,1470,2012-01-01,2026-07-31,2026-07-31T09:19:20.602325,3567,6b351f9873f2e22033795516b7e457cd01b58c945bebe4c8bd57cb2b474b6322,https://api.finmindtrade.com/api/v4/data,0,success,rp001_data\phase2a\raw\TaiwanStockPER_1470.json
1,TaiwanStockInstitutionalInvestorsBuySell,1471,2012-01-01,2026-07-31,2026-07-31T09:19:21.629111,13456,fd39d2dca89cd6dacf54bc10ab66a4023a7312021e36e6a23473a46e886de82d,https://api.finmindtrade.com/api/v4/data,0,success,rp001_data\phase2a\raw\TaiwanStockInstitutionalInvestorsBuySell_1471.json
1,TaiwanStockPrice,1471,2012-01-01,2026-07-31,2026-07-31T09:19:22.808293,3557,c1c9749e2ee6b680099590dd6c6b7eab6d3ce3b7295e270a7b600ddf0b0f53a9,https://api.finmindtrade.com/api/v4/data,0,success,rp001_data\phase2a\raw\TaiwanStockPrice_1471.json
1,TaiwanStockPER,1471,2012-01-01,2026-07-31,2026-07-31T09:19:23.756185,3560,873fcb19313bd773cb92cbd8fef4ac12a0e04919cace36dd4d694d3b20b8d538,https://api.finmindtrade.com/api/v4/data,0,success,rp001_data\phase2a\raw\TaiwanStockPER_1471.json
1,TaiwanStockInstitutionalInvestorsBuySell,1472,2012-01-01,2026-07-31,2026-07-31T09:19:24.799333,10824,a055f8e0df42579b4ef9c948c5fb03e4db4a0da722411ae5cee5cc2b74abd764,https://api.finmindtrade.com/api/v4/data,0,success,rp001_data\phase2a\raw\TaiwanStockInstitutionalInvestorsBuySell_1472.json
1,TaiwanStockPrice,1472,2012-01-01,2026-07-31,2026-07-31T09:19:27.178094,3551,09ade3160ed68747493c257664f7719ccd23d22ede93f54ce5f68d0c6839fb50,https://api.finmindtrade.com/api/v4/data,0,success,rp001_data\phase2a\raw\TaiwanStockPrice_1472.json
1,TaiwanStockPER,1472,2012-01-01,2026-07-31,2026-07-31T09:19:29.508118,3554,3df8088e458ca7eef519136791d0ab8487474bfe1187e8e0b8afd491e2e3e9ab,https://api.finmindtrade.com/api/v4/data,0,success,rp001_data\phase2a\raw\TaiwanStockPER_1472.json
1,TaiwanStockInstitutionalInvestorsBuySell,1473,2012-01-01,2026-07-31,2026-07-31T09:19:30.704975,15205,a45ef7583da0b3d0bf2cc825527a12bd7d4dcbc5ad431806005a371e534a760c,https://api.finmindtrade.com/api/v4/data,0,success,rp001_data\phase2a\raw\TaiwanStockInstitutionalInvestorsBuySell_1473.json
1,TaiwanStockPrice,1473,2012-01-01,2026-07-31,2026-07-31T09:19:31.896596,3564,1c75a60e4fa4d93b1fc9b0690f65ea37ebca8b76084978bceeeac1ba9493b0de,https://api.finmindtrade.com/api/v4/data,0,success,rp001_data\phase2a\raw\TaiwanStockPrice_1473.json
1,TaiwanStockPER,1473,2012-01-01,2026-07-31,2026-07-31T09:19:33.012973,3567,f642a04ccb16f423910e105e9a8c4bea29d0b541ae7a30edc73c49f75e6b24d2,https://api.finmindtrade.com/api/v4/data,0,success,rp001_data\phase2a\raw\TaiwanStockPER_1473.json
1,TaiwanStockInstitutionalInvestorsBuySell,1474,2012-01-01,2026-07-31,2026-07-31T09:19:34.245201,14104,913aee096d2f0edf37f703119434b06871a01da3eb63ea16539c8de180101949,https://api.finmindtrade.com/api/v4/data,0,success,rp001_data\phase2a\raw\TaiwanStockInstitutionalInvestorsBuySell_1474.json
1,TaiwanStockPrice,1474,2012-01-01,2026-07-31,2026-07-31T09:19:35.428718,3564,0764b48f349fb432d3fdf1e55d04634eb2f6472f235925010bb99cf86fcea071,https://api.finmindtrade.com/api/v4/data,0,success,rp001_data\phase2a\raw\TaiwanStockPrice_1474.json
1,TaiwanStockPER,1474,2012-01-01,2026-07-31,2026-07-31T09:19:36.352653,3567,0307f6e8dea0bef119f24de942981bf0d290a81b7b52639e14e67eaf8cd6c925,https://api.finmindtrade.com/api/v4/data,0,success,rp001_data\phase2a\raw\TaiwanStockPER_1474.json
1,TaiwanStockInstitutionalInvestorsBuySell,1475,2012-01-01,2026-07-31,2026-07-31T09:19:38.340505,9215,f50e3af2a0d68b5333c4d6f593579c2030ca68289ce8022b549371e62f3accb4,https://api.finmindtrade.com/api/v4/data,0,success,rp001_data\phase2a\raw\TaiwanStockInstitutionalInvestorsBuySell_1475.json
1,TaiwanStockPrice,1475,2012-01-01,2026-07-31,2026-07-31T09:19:40.561223,3554,200c3acee5b615510251d659e5c022d4cef7e9be2437b600778831cb0efd6229,https://api.finmindtrade.com/api/v4/data,0,success,rp001_data\phase2a\raw\TaiwanStockPrice_1475.json
1,TaiwanStockPER,1475,2012-01-01,2026-07-31,2026-07-31T09:19:42.438790,3560,2b3272843235a0e22f7a6137a1ea13b1cf69861ee3e373a0406b14753f482f6a,https://api.finmindtrade.com/api/v4/data,0,success,rp001_data\phase2a\raw\TaiwanStockPER_1475.json
1,TaiwanStockInstitutionalInvestorsBuySell,1476,2012-01-01,2026-07-31,2026-07-31T09:19:45.324775,15412,4df26b07fa0944ce72a4c8d89795a56e1923b779825f337a639c01c1e3f27cd7,https://api.finmindtrade.com/api/v4/data,0,success,rp001_data\phase2a\raw\TaiwanStockInstitutionalInvestorsBuySell_1476.json
1,TaiwanStockPrice,1476,2012-01-01,2026-07-31,2026-07-31T09:19:47.102015,3564,48217081b39c141800970616c6ca297e3ac7851a6f7331660ad6a21648def965,https://api.finmindtrade.com/api/v4/data,0,success,rp001_data\phase2a\raw\TaiwanStockPrice_1476.json
1,TaiwanStockPER,1476,2012-01-01,2026-07-31,2026-07-31T09:19:48.559835,3567,2b5761ff5e2611a5155155154eebc6d75ebc90e4c8fe134a85cdf8a5c833902e,https://api.finmindtrade.com/api/v4/data,0,success,rp001_data\phase2a\raw\TaiwanStockPER_1476.json
1,TaiwanStockInstitutionalInvestorsBuySell,1477,2012-01-01,2026-07-31,2026-07-31T09:19:49.908271,15417,dc2f3957df0b2606e9c7259731892e227187cd973ab29e607f3d67433abe61d4,https://api.finmindtrade.com/api/v4/data,0,success,rp001_data\phase2a\raw\TaiwanStockInstitutionalInvestorsBuySell_1477.json
1,TaiwanStockPrice,1477,2012-01-01,2026-07-31,2026-07-31T09:19:51.066263,3564,efb82c01a6e983c8af3064ea38a643f3b825f2f5a6bc62f1d1a389f166e13543,https://api.finmindtrade.com/api/v4/data,0,success,rp001_data\phase2a\raw\TaiwanStockPrice_1477.json
1,TaiwanStockPER,1477,2012-01-01,2026-07-31,2026-07-31T09:19:52.297196,3567,4642ac273ce10bfdda7f4affe75bc4bd947dc75290fe0c56b075177404c53e00,https://api.finmindtrade.com/api/v4/data,0,success,rp001_data\phase2a\raw\TaiwanStockPER_1477.json
1,TaiwanStockInstitutionalInvestorsBuySell,1503,2012-01-01,2026-07-31,2026-07-31T09:19:56.414467,15182,fff05d32bc7f9839e3be87bcbb48db1843a1a4ddce8557efd46e473a1a475608,https://api.finmindtrade.com/api/v4/data,0,success,rp001_data\phase2a\raw\TaiwanStockInstitutionalInvestorsBuySell_1503.json
1,TaiwanStockPrice,1503,2012-01-01,2026-07-31,2026-07-31T09:19:58.995485,3564,84422ff42e4667f011f437a0ccca5bce1a2f823ed8de37639e4030300f58d605,https://api.finmindtrade.com/api/v4/data,0,success,rp001_data\phase2a\raw\TaiwanStockPrice_1503.json
1,TaiwanStockPER,1503,2012-01-01,2026-07-31,2026-07-31T09:20:03.686469,3567,3eb6f55b5db1259a9c248b02679b898890a20c380f287c6be18acfd3d74f71ba,https://api.finmindtrade.com/api/v4/data,0,success,rp001_data\phase2a\raw\TaiwanStockPER_1503.json
1,TaiwanStockInstitutionalInvestorsBuySell,1504,2012-01-01,2026-07-31,2026-07-31T09:20:04.941532,15408,a2accf52e2ab7a730d3913e708ece9c78e29762ee80f4ba7d43562d49642843f,https://api.finmindtrade.com/api/v4/data,0,success,rp001_data\phase2a\raw\TaiwanStockInstitutionalInvestorsBuySell_1504.json
1,TaiwanStockPrice,1504,2012-01-01,2026-07-31,2026-07-31T09:20:06.334585,3564,f483a06a0b0a0686e6f5d7a1011b08149fab54baf1c8e019c5adb9cfbf680604,https://api.finmindtrade.com/api/v4/data,0,success,rp001_data\phase2a\raw\TaiwanStockPrice_1504.json
1,TaiwanStockPER,1504,2012-01-01,2026-07-31,2026-07-31T09:20:07.672586,3567,9c1dd02835a56a9fea53c9211a3780d6e8d7f30531e4cacf9c6f6d81fb9afe3b,https://api.finmindtrade.com/api/v4/data,0,success,rp001_data\phase2a\raw\TaiwanStockPER_1504.json
1,TaiwanStockInstitutionalInvestorsBuySell,1506,2012-01-01,2026-07-31,2026-07-31T09:20:12.062780,14420,0e1acfa46a2896d4b4efec7995da9eb8ad2fb77b483fb03a1964271f46ff9a5e,https://api.finmindtrade.com/api/v4/data,0,success,rp001_data\phase2a\raw\TaiwanStockInstitutionalInvestorsBuySell_1506.json
1,TaiwanStockPrice,1506,2012-01-01,2026-07-31,2026-07-31T09:20:15.836383,3564,930abeb992decbb7e43633cffcd03f8b4bea526023091b04d3ad5c5a6376709f,https://api.finmindtrade.com/api/v4/data,0,success,rp001_data\phase2a\raw\TaiwanStockPrice_1506.json
1,TaiwanStockPER,1506,2012-01-01,2026-07-31,2026-07-31T09:20:18.072497,3567,91b95632df2aa5f6e5d5b1fa81cb1f0a46da9603d3e99c2c363d5160cee46050,https://api.finmindtrade.com/api/v4/data,0,success,rp001_data\phase2a\raw\TaiwanStockPER_1506.json
1,TaiwanStockInstitutionalInvestorsBuySell,1512,2012-01-01,2026-07-31,2026-07-31T09:20:19.300803,7759,72417c52865031ca7d33548c3a832496eeed2c1fe852df7efff4f8f2894fa88d,https://api.finmindtrade.com/api/v4/data,0,success,rp001_data\phase2a\raw\TaiwanStockInstitutionalInvestorsBuySell_1512.json
1,TaiwanStockPrice,1512,2012-01-01,2026-07-31,2026-07-31T09:20:20.903113,3557,bce0c657bc9548a27ea3c2e03f79b8998292d2e573dd0a0ba38467901b0caa1d,https://api.finmindtrade.com/api/v4/data,0,success,rp001_data\phase2a\raw\TaiwanStockPrice_1512.json
1,TaiwanStockPER,1512,2012-01-01,2026-07-31,2026-07-31T09:20:21.988774,3560,4ca6f00c9f925363bec3dac564a8b2de50b2e736f67bdc16729937bc36fef602,https://api.finmindtrade.com/api/v4/data,0,success,rp001_data\phase2a\raw\TaiwanStockPER_1512.json
1,TaiwanStockInstitutionalInvestorsBuySell,1513,2012-01-01,2026-07-31,2026-07-31T09:20:23.320009,15367,08dbc9b6956066fdf5917247c23d5a5435700157016a3583c842ad9544a8539c,https://api.finmindtrade.com/api/v4/data,0,success,rp001_data\phase2a\raw\TaiwanStockInstitutionalInvestorsBuySell_1513.json
1,TaiwanStockPrice,1513,2012-01-01,2026-07-31,2026-07-31T09:20:24.729349,3555,6ca70a4881bfebb5dbd22252e63c8627690fc1ff9cae5b9b319b3752a8cfa76c,https://api.finmindtrade.com/api/v4/data,0,success,rp001_data\phase2a\raw\TaiwanStockPrice_1513.json
1,TaiwanStockPER,1513,2012-01-01,2026-07-31,2026-07-31T09:20:28.239551,3558,67052e14e91986ca30e622f7f55e06b58e98f6d26a250f38e84c2337277d869f,https://api.finmindtrade.com/api/v4/data,0,success,rp001_data\phase2a\raw\TaiwanStockPER_1513.json
1,TaiwanStockInstitutionalInvestorsBuySell,1514,2012-01-01,2026-07-31,2026-07-31T09:20:30.909921,15182,392c2ea4d104caf70e6ebca86521f1fa2a05f9ef271df1036dac7d8bcfd1ad92,https://api.finmindtrade.com/api/v4/data,0,success,rp001_data\phase2a\raw\TaiwanStockInstitutionalInvestorsBuySell_1514.json
1,TaiwanStockPrice,1514,2012-01-01,2026-07-31,2026-07-31T09:20:32.434336,3564,cb24f9807ef596befdc2b89f456fe5efa89335f467fa08350067de3797159bb3,https://api.finmindtrade.com/api/v4/data,0,success,rp001_data\phase2a\raw\TaiwanStockPrice_1514.json
1,TaiwanStockPER,1514,2012-01-01,2026-07-31,2026-07-31T09:20:33.575444,3567,166f36eb87b5130540c48ab988e9be505dd70dfdbe60f927e426b8f166c92f88,https://api.finmindtrade.com/api/v4/data,0,success,rp001_data\phase2a\raw\TaiwanStockPER_1514.json
1,TaiwanStockInstitutionalInvestorsBuySell,1515,2012-01-01,2026-07-31,2026-07-31T09:20:34.901880,15052,a357b25ccd7968cbdda9c34fb5a33f827d59236beffacad972092c518eb6f3b2,https://api.finmindtrade.com/api/v4/data,0,success,rp001_data\phase2a\raw\TaiwanStockInstitutionalInvestorsBuySell_1515.json
1,TaiwanStockPrice,1515,2012-01-01,2026-07-31,2026-07-31T09:20:37.147302,3554,57b688258baded00ddcd72f3106075e4d178acdf1a2f5fc93050e8dfd9404121,https://api.finmindtrade.com/api/v4/data,0,success,rp001_data\phase2a\raw\TaiwanStockPrice_1515.json
1,TaiwanStockPER,1515,2012-01-01,2026-07-31,2026-07-31T09:20:39.358916,3557,f37e8a30a14f8ba7b9a019336eb890f7bc52b9e46dbbe267cfdbc434b318e442,https://api.finmindtrade.com/api/v4/data,0,success,rp001_data\phase2a\raw\TaiwanStockPER_1515.json
1,TaiwanStockInstitutionalInvestorsBuySell,1516,2012-01-01,2026-07-31,2026-07-31T09:20:40.427240,9950,64af6b1003555c474321ff81601819c66f6c5692bad975f4aebd01ff8fa31117,https://api.finmindtrade.com/api/v4/data,0,success,rp001_data\phase2a\raw\TaiwanStockInstitutionalInvestorsBuySell_1516.json
1,TaiwanStockPrice,1516,2012-01-01,2026-07-31,2026-07-31T09:20:41.759442,3544,513d3db4fb5e25af4817baf91ca16e3a5721bc3ae9a7872759e3f244fcd2e5b3,https://api.finmindtrade.com/api/v4/data,0,success,rp001_data\phase2a\raw\TaiwanStockPrice_1516.json
1,TaiwanStockPER,1516,2012-01-01,2026-07-31,2026-07-31T09:20:43.567315,3549,0fa1919bb33e685173e62143d113ba9316a10da687f179e77e07762c4fa71876,https://api.finmindtrade.com/api/v4/data,0,success,rp001_data\phase2a\raw\TaiwanStockPER_1516.json
1,TaiwanStockInstitutionalInvestorsBuySell,1517,2012-01-01,2026-07-31,2026-07-31T09:20:47.472490,14704,5c014ae41a079242cbedacbf1b1cd1c08f1c4a0309cd5328aac83d2c536092a8,https://api.finmindtrade.com/api/v4/data,0,success,rp001_data\phase2a\raw\TaiwanStockInstitutionalInvestorsBuySell_1517.json
1,TaiwanStockPrice,1517,2012-01-01,2026-07-31,2026-07-31T09:20:49.867411,3564,3fee8d47082cfd68219b2fd14ca878ad9466529cb772caf34aec5f755b6137b7,https://api.finmindtrade.com/api/v4/data,0,success,rp001_data\phase2a\raw\TaiwanStockPrice_1517.json
1,TaiwanStockPER,1517,2012-01-01,2026-07-31,2026-07-31T09:20:51.730497,3567,2e4cf969aacf472d0b5e81767b0bd45495ca39312fbe52adb6d44daed6417615,https://api.finmindtrade.com/api/v4/data,0,success,rp001_data\phase2a\raw\TaiwanStockPER_1517.json
1,TaiwanStockInstitutionalInvestorsBuySell,1519,2012-01-01,2026-07-31,2026-07-31T09:20:56.741225,15286,7cbf9de12f75842cd439f5d03e00d6ea6c7225a8eab31cfc40f77dc8b078d0b6,https://api.finmindtrade.com/api/v4/data,0,success,rp001_data\phase2a\raw\TaiwanStockInstitutionalInvestorsBuySell_1519.json
1,TaiwanStockPrice,1519,2012-01-01,2026-07-31,2026-07-31T09:20:58.546532,3564,759d71b582e972540c76f8d15f647f4e440c63306a48dcaacf573117b38a59f1,https://api.finmindtrade.com/api/v4/data,0,success,rp001_data\phase2a\raw\TaiwanStockPrice_1519.json
1,TaiwanStockPER,1519,2012-01-01,2026-07-31,2026-07-31T09:20:59.908992,3567,d029c944344e4349c976da42285ca25f76b2436ed94a7ce73eef445bc91d8540,https://api.finmindtrade.com/api/v4/data,0,success,rp001_data\phase2a\raw\TaiwanStockPER_1519.json
1,TaiwanStockInstitutionalInvestorsBuySell,1521,2012-01-01,2026-07-31,2026-07-31T09:21:01.611957,14721,3c4d3df4e6457b9f3d11f51368cb74e0302703d709142b37071db9d4052f6711,https://api.finmindtrade.com/api/v4/data,0,success,rp001_data\phase2a\raw\TaiwanStockInstitutionalInvestorsBuySell_1521.json
1,TaiwanStockPrice,1521,2012-01-01,2026-07-31,2026-07-31T09:21:03.155460,3564,ae85b0ed170a481708bd41563c28ec9d9a28b384d666e52c9bec83e018811c78,https://api.finmindtrade.com/api/v4/data,0,success,rp001_data\phase2a\raw\TaiwanStockPrice_1521.json
1,TaiwanStockPER,1521,2012-01-01,2026-07-31,2026-07-31T09:21:05.786344,3567,b07600810c68ebdde5bfe66ddb1a0bf59d4190ca53444ece9071db36fd094ac7,https://api.finmindtrade.com/api/v4/data,0,success,rp001_data\phase2a\raw\TaiwanStockPER_1521.json
1,TaiwanStockInstitutionalInvestorsBuySell,1522,2012-01-01,2026-07-31,2026-07-31T09:21:07.739726,15376,0d5651bc02fde126e4083b2706f4dd37b2441c5b120713e7a6634fd83dddbd31,https://api.finmindtrade.com/api/v4/data,0,success,rp001_data\phase2a\raw\TaiwanStockInstitutionalInvestorsBuySell_1522.json
1,TaiwanStockPrice,1522,2012-01-01,2026-07-31,2026-07-31T09:21:09.813110,3564,3be6165465dfe2cbf0a917b61108b67bbb443e18cef8021ed7d1f26eef5a8c05,https://api.finmindtrade.com/api/v4/data,0,success,rp001_data\phase2a\raw\TaiwanStockPrice_1522.json
1,TaiwanStockPER,1522,2012-01-01,2026-07-31,2026-07-31T09:21:11.486807,3567,42f1adbd411c9e10918be3ee022b6c2ef888e6a1c648b133a4792993e821941d,https://api.finmindtrade.com/api/v4/data,0,success,rp001_data\phase2a\raw\TaiwanStockPER_1522.json
1,TaiwanStockInstitutionalInvestorsBuySell,1524,2012-01-01,2026-07-31,2026-07-31T09:21:13.357466,14757,fa4d5f97d73d43a126ece63822bb21d4b0807b4f0c542c302c5f003771595f7f,https://api.finmindtrade.com/api/v4/data,0,success,rp001_data\phase2a\raw\TaiwanStockInstitutionalInvestorsBuySell_1524.json
1,TaiwanStockPrice,1524,2012-01-01,2026-07-31,2026-07-31T09:21:15.073044,3557,fbb7f47a2b5f4a304f687e71f482eec0c87120310f262344ae480fe107eb677c,https://api.finmindtrade.com/api/v4/data,0,success,rp001_data\phase2a\raw\TaiwanStockPrice_1524.json
1,TaiwanStockPER,1524,2012-01-01,2026-07-31,2026-07-31T09:21:16.512481,3560,e376f8443a55b07760393577f69b1d5742caad2de230af8aafdbc931579ce57d,https://api.finmindtrade.com/api/v4/data,0,success,rp001_data\phase2a\raw\TaiwanStockPER_1524.json
1,TaiwanStockInstitutionalInvestorsBuySell,1525,2012-01-01,2026-07-31,2026-07-31T09:21:18.269837,14877,b2c48b58f10808255e667177d5426fe2fc2c679e6b77a660c380c318a21d85b2,https://api.finmindtrade.com/api/v4/data,0,success,rp001_data\phase2a\raw\TaiwanStockInstitutionalInvestorsBuySell_1525.json
1,TaiwanStockPrice,1525,2012-01-01,2026-07-31,2026-07-31T09:21:20.088066,3564,1b6c18233a49319194aafac72ae799066c36f65093df1ff24ef427253fdf0e0a,https://api.finmindtrade.com/api/v4/data,0,success,rp001_data\phase2a\raw\TaiwanStockPrice_1525.json
1,TaiwanStockPER,1525,2012-01-01,2026-07-31,2026-07-31T09:21:21.753171,3567,5ba304a877d976cd575a852ede19ee19f48166e13173529e4761eda4989844a4,https://api.finmindtrade.com/api/v4/data,0,success,rp001_data\phase2a\raw\TaiwanStockPER_1525.json
1,TaiwanStockInstitutionalInvestorsBuySell,1526,2012-01-01,2026-07-31,2026-07-31T09:21:23.496162,13632,4534f7895f0675b8e2b8316a8bf0fc3524ebc34e05224fc1bf161517f08dca99,https://api.finmindtrade.com/api/v4/data,0,success,rp001_data\phase2a\raw\TaiwanStockInstitutionalInvestorsBuySell_1526.json
1,TaiwanStockPrice,1526,2012-01-01,2026-07-31,2026-07-31T09:21:25.786157,3564,9183ff72b42015561ef2fb31549ae9f48ddcd8c531effda802ef3f3ab8f4666d,https://api.finmindtrade.com/api/v4/data,0,success,rp001_data\phase2a\raw\TaiwanStockPrice_1526.json
1,TaiwanStockPER,1526,2012-01-01,2026-07-31,2026-07-31T09:21:28.093594,3567,3007f2bf25a89615f6ddc3eb418fa83c3268cc353853d17795ebf9ccd9780f95,https://api.finmindtrade.com/api/v4/data,0,success,rp001_data\phase2a\raw\TaiwanStockPER_1526.json
1,TaiwanStockInstitutionalInvestorsBuySell,1527,2012-01-01,2026-07-31,2026-07-31T09:21:29.979220,15359,981b88f0353fd3da0795691f3c0ed0059d10cbf1429695f46ff58fbebcd84d84,https://api.finmindtrade.com/api/v4/data,0,success,rp001_data\phase2a\raw\TaiwanStockInstitutionalInvestorsBuySell_1527.json
1,TaiwanStockPrice,1527,2012-01-01,2026-07-31,2026-07-31T09:21:31.795306,3556,80d4f10e8e0854e8bef177e269aadcbb05da194a3b452a1829b09bd582d3299a,https://api.finmindtrade.com/api/v4/data,0,success,rp001_data\phase2a\raw\TaiwanStockPrice_1527.json
1,TaiwanStockPER,1527,2012-01-01,2026-07-31,2026-07-31T09:21:33.398532,3559,e0716f84ce6ee22190f3b5a558e7cb781956b110c6f066fb969686b869f3d969,https://api.finmindtrade.com/api/v4/data,0,success,rp001_data\phase2a\raw\TaiwanStockPER_1527.json
1,TaiwanStockInstitutionalInvestorsBuySell,1528,2012-01-01,2026-07-31,2026-07-31T09:21:34.972667,14668,37b2c0e4940d5884ac9b34003eec52a7a56836984bbcc1f5fbca4bc9516f4dac,https://api.finmindtrade.com/api/v4/data,0,success,rp001_data\phase2a\raw\TaiwanStockInstitutionalInvestorsBuySell_1528.json
1,TaiwanStockPrice,1528,2012-01-01,2026-07-31,2026-07-31T09:21:36.710116,3564,e966459194a46dfd0c5be0d0cc269dd95fc3e71653b3415e8a8b3417ed6ff920,https://api.finmindtrade.com/api/v4/data,0,success,rp001_data\phase2a\raw\TaiwanStockPrice_1528.json
1,TaiwanStockPER,1528,2012-01-01,2026-07-31,2026-07-31T09:21:38.264101,3567,e74bc2620fa58584168b4773297ac09cbd9c86fdd45f19404dbcce646396d881,https://api.finmindtrade.com/api/v4/data,0,success,rp001_data\phase2a\raw\TaiwanStockPER_1528.json
1,TaiwanStockInstitutionalInvestorsBuySell,1529,2012-01-01,2026-07-31,2026-07-31T09:21:39.910152,8672,884bdc7c00a819c2d630f7c3acb13290619a142c12304c2354876efe6e12c153,https://api.finmindtrade.com/api/v4/data,0,success,rp001_data\phase2a\raw\TaiwanStockInstitutionalInvestorsBuySell_1529.json
1,TaiwanStockPrice,1529,2012-01-01,2026-07-31,2026-07-31T09:21:41.554790,3556,e1d704a633872621f3da2f95238dc6450fac686105c545a000f9d682c961d54d,https://api.finmindtrade.com/api/v4/data,0,success,rp001_data\phase2a\raw\TaiwanStockPrice_1529.json
1,TaiwanStockPER,1529,2012-01-01,2026-07-31,2026-07-31T09:21:43.137185,3560,90c22abf01b9671c35200c4ace9859eaaafb5c5a859e71e29e79d0ec36b2b305,https://api.finmindtrade.com/api/v4/data,0,success,rp001_data\phase2a\raw\TaiwanStockPER_1529.json
1,TaiwanStockInstitutionalInvestorsBuySell,1530,2012-01-01,2026-07-31,2026-07-31T09:21:45.080074,12956,8c4132c6615a615426f84537d7a040529cce8d8850d3d83eb875e31cce7dfacb,https://api.finmindtrade.com/api/v4/data,0,success,rp001_data\phase2a\raw\TaiwanStockInstitutionalInvestorsBuySell_1530.json
1,TaiwanStockPrice,1530,2012-01-01,2026-07-31,2026-07-31T09:21:46.906656,3564,0007550ee1607052cd60d60595e86e9ac874b8a792d0a2e3ce7babcc1f8ee3f8,https://api.finmindtrade.com/api/v4/data,0,success,rp001_data\phase2a\raw\TaiwanStockPrice_1530.json
1,TaiwanStockPER,1530,2012-01-01,2026-07-31,2026-07-31T09:21:48.619745,3567,6870cb83ed4ee1579677317d2f8af40e7f3a6a43711744e98c49a561f70ebf6f,https://api.finmindtrade.com/api/v4/data,0,success,rp001_data\phase2a\raw\TaiwanStockPER_1530.json
2,TaiwanStockInstitutionalInvestorsBuySell,1531,2012-01-01,2026-07-31,2026-07-31T09:22:50.413923,15011,8b9935d2563aa9be74f7988cd9518b45c876780a4b9a2e1127d3de52c4543aec,https://api.finmindtrade.com/api/v4/data,0,success,rp001_data\phase2a\raw\TaiwanStockInstitutionalInvestorsBuySell_1531.json
2,TaiwanStockPrice,1531,2012-01-01,2026-07-31,2026-07-31T09:22:51.667914,3564,1d196dae1231216765f70a0d49cbb8608ea124dcfddef26a5465cd2bbb849758,https://api.finmindtrade.com/api/v4/data,0,success,rp001_data\phase2a\raw\TaiwanStockPrice_1531.json
2,TaiwanStockPER,1531,2012-01-01,2026-07-31,2026-07-31T09:22:52.644634,3567,9313748c5e95bdb576ab4ca712c6f152453ed0db3ae95c291129b52ef8c4c8ee,https://api.finmindtrade.com/api/v4/data,0,success,rp001_data\phase2a\raw\TaiwanStockPER_1531.json
2,TaiwanStockInstitutionalInvestorsBuySell,1532,2012-01-01,2026-07-31,2026-07-31T09:22:53.704294,15406,675034bbd794ebd7695db2c2c98cca4b3d6c541eda6625c75646f3011d0d2a2c,https://api.finmindtrade.com/api/v4/data,0,success,rp001_data\phase2a\raw\TaiwanStockInstitutionalInvestorsBuySell_1532.json
2,TaiwanStockPrice,1532,2012-01-01,2026-07-31,2026-07-31T09:22:55.036472,3564,a924863aeb449bf957b0586f84ebeaf686d60ac844198cd28fdb2d9093623596,https://api.finmindtrade.com/api/v4/data,0,success,rp001_data\phase2a\raw\TaiwanStockPrice_1532.json
2,TaiwanStockPER,1532,2012-01-01,2026-07-31,2026-07-31T09:22:56.604569,3567,cbe5c796e7206606f11c4bd72056a4dc9acb732ace405f72dea01cd91d5cb7fc,https://api.finmindtrade.com/api/v4/data,0,success,rp001_data\phase2a\raw\TaiwanStockPER_1532.json
2,TaiwanStockInstitutionalInvestorsBuySell,1533,2012-01-01,2026-07-31,2026-07-31T09:22:59.015429,14887,3ed1d0434e26d013cd5d1ff1430d97a4fa9abeeda2eff1288fdc4fe217e372de,https://api.finmindtrade.com/api/v4/data,0,success,rp001_data\phase2a\raw\TaiwanStockInstitutionalInvestorsBuySell_1533.json
2,TaiwanStockPrice,1533,2012-01-01,2026-07-31,2026-07-31T09:23:00.716022,3564,78768ebcc8a12e0fb9d83aa7fb81ae7d6e85a30a4d6cdc6e2791962c4d6c22a4,https://api.finmindtrade.com/api/v4/data,0,success,rp001_data\phase2a\raw\TaiwanStockPrice_1533.json
2,TaiwanStockPER,1533,2012-01-01,2026-07-31,2026-07-31T09:23:02.834293,3567,1ca34c9e1523e373b8cccf473d4d7a9237c928a790678d4e2f503b769b0d3874,https://api.finmindtrade.com/api/v4/data,0,success,rp001_data\phase2a\raw\TaiwanStockPER_1533.json
2,TaiwanStockInstitutionalInvestorsBuySell,1535,2012-01-01,2026-07-31,2026-07-31T09:23:04.804064,14090,bdff19a1bf258e6b18228bf838fa3d6ef4e97932044339975c743010409e30a4,https://api.finmindtrade.com/api/v4/data,0,success,rp001_data\phase2a\raw\TaiwanStockInstitutionalInvestorsBuySell_1535.json
2,TaiwanStockPrice,1535,2012-01-01,2026-07-31,2026-07-31T09:23:06.466525,3564,a2dd124e093648ff35ae71d75f0cf2c5b8294113ce7e0701baca77e7eaffae6d,https://api.finmindtrade.com/api/v4/data,0,success,rp001_data\phase2a\raw\TaiwanStockPrice_1535.json
2,TaiwanStockPER,1535,2012-01-01,2026-07-31,2026-07-31T09:23:08.695852,3567,c0adba4a389be0b15441e7a45bc5717f99d2860751209e7de1b43b439ea7a62b,https://api.finmindtrade.com/api/v4/data,0,success,rp001_data\phase2a\raw\TaiwanStockPER_1535.json
2,TaiwanStockInstitutionalInvestorsBuySell,1536,2012-01-01,2026-07-31,2026-07-31T09:23:10.379759,15405,af2c41d2da8fecdddc1bbeb878cac87643a8981db24ce50609a6da51f0252ba4,https://api.finmindtrade.com/api/v4/data,0,success,rp001_data\phase2a\raw\TaiwanStockInstitutionalInvestorsBuySell_1536.json
2,TaiwanStockPrice,1536,2012-01-01,2026-07-31,2026-07-31T09:23:12.266792,3564,7027b452902cb82e7bd17297f1fbc15e8ad58bf385ca6b120f1be86925fd5c6d,https://api.finmindtrade.com/api/v4/data,0,success,rp001_data\phase2a\raw\TaiwanStockPrice_1536.json
2,TaiwanStockPER,1536,2012-01-01,2026-07-31,2026-07-31T09:23:13.987383,3567,6ed6c1accfc22b8fe6aa3f67bc36951dddc38879f1cbbdcaff56a4b5400c9a8d,https://api.finmindtrade.com/api/v4/data,0,success,rp001_data\phase2a\raw\TaiwanStockPER_1536.json
2,TaiwanStockInstitutionalInvestorsBuySell,1537,2012-01-01,2026-07-31,2026-07-31T09:23:15.884426,15412,546738059f1c8995c697bc24674474e47a279a2530aaeb943d8ce9a696915c66,https://api.finmindtrade.com/api/v4/data,0,success,rp001_data\phase2a\raw\TaiwanStockInstitutionalInvestorsBuySell_1537.json
2,TaiwanStockPrice,1537,2012-01-01,2026-07-31,2026-07-31T09:23:17.910254,3564,97589579d1e688dfb33a985b3009e8b565729670ef5c3bc68824feda0bd890b0,https://api.finmindtrade.com/api/v4/data,0,success,rp001_data\phase2a\raw\TaiwanStockPrice_1537.json
2,TaiwanStockPER,1537,2012-01-01,2026-07-31,2026-07-31T09:23:19.657534,3567,57deb58dfa1de30960290bcef570b2fa239ee53f1eda7033dbe4e98db20eaa58,https://api.finmindtrade.com/api/v4/data,0,success,rp001_data\phase2a\raw\TaiwanStockPER_1537.json
2,TaiwanStockInstitutionalInvestorsBuySell,1538,2012-01-01,2026-07-31,2026-07-31T09:23:21.076095,6081,e83a105bfdf1fc3491ff2264d11bf930b06eda4f28f9bb10c1340a7417c74619,https://api.finmindtrade.com/api/v4/data,0,success,rp001_data\phase2a\raw\TaiwanStockInstitutionalInvestorsBuySell_1538.json
2,TaiwanStockPrice,1538,2012-01-01,2026-07-31,2026-07-31T09:23:22.810412,3530,e7f732a613f9e48801072287d23816f5d35f8a4dd69fbeb57425205098b34298,https://api.finmindtrade.com/api/v4/data,0,success,rp001_data\phase2a\raw\TaiwanStockPrice_1538.json
2,TaiwanStockPER,1538,2012-01-01,2026-07-31,2026-07-31T09:23:24.222679,3533,293775bae0d717306517f09bbca7c5adf34f4c23044eff8c1a21178bc966e932,https://api.finmindtrade.com/api/v4/data,0,success,rp001_data\phase2a\raw\TaiwanStockPER_1538.json
2,TaiwanStockInstitutionalInvestorsBuySell,1539,2012-01-01,2026-07-31,2026-07-31T09:23:25.907769,14079,061365d19d49ccdbec9d2fc0a210d8883271799e391f39e43e8199f90da7e974,https://api.finmindtrade.com/api/v4/data,0,success,rp001_data\phase2a\raw\TaiwanStockInstitutionalInvestorsBuySell_1539.json
2,TaiwanStockPrice,1539,2012-01-01,2026-07-31,2026-07-31T09:23:28.721596,3564,ed1549939b0ace6b291502eea8a2b5996c9ef0358084a63843046766e0de4c91,https://api.finmindtrade.com/api/v4/data,0,success,rp001_data\phase2a\raw\TaiwanStockPrice_1539.json
2,TaiwanStockPER,1539,2012-01-01,2026-07-31,2026-07-31T09:23:30.721005,3567,8d51ca117ea4e041eae348d9d2ae91333ba939499b9e4fa01f1d1d85a0216a88,https://api.finmindtrade.com/api/v4/data,0,success,rp001_data\phase2a\raw\TaiwanStockPER_1539.json
2,TaiwanStockInstitutionalInvestorsBuySell,1540,2012-01-01,2026-07-31,2026-07-31T09:23:32.626031,13649,722883eac7fe83f1604c46b3bf5e29c500c187d6b9a5ba88391d521c9c924ca7,https://api.finmindtrade.com/api/v4/data,0,success,rp001_data\phase2a\raw\TaiwanStockInstitutionalInvestorsBuySell_1540.json
2,TaiwanStockPrice,1540,2012-01-01,2026-07-31,2026-07-31T09:23:34.283952,3564,c63b2a7ee6e0b6e54373600552fd0e67bf2381b8b54a5a9383dfb3c84641001d,https://api.finmindtrade.com/api/v4/data,0,success,rp001_data\phase2a\raw\TaiwanStockPrice_1540.json
2,TaiwanStockPER,1540,2012-01-01,2026-07-31,2026-07-31T09:23:35.768449,3567,aede2d0cf98b42400b302259aa15344400652d47dfcd94d94da0c15a0e2a8e4c,https://api.finmindtrade.com/api/v4/data,0,success,rp001_data\phase2a\raw\TaiwanStockPER_1540.json
2,TaiwanStockInstitutionalInvestorsBuySell,1541,2012-01-01,2026-07-31,2026-07-31T09:23:37.429523,13114,8a8bfe09a72d5d6261052b41dfaf0b52ad39ed7d10005205908be9e1a9573608,https://api.finmindtrade.com/api/v4/data,0,success,rp001_data\phase2a\raw\TaiwanStockInstitutionalInvestorsBuySell_1541.json
2,TaiwanStockPrice,1541,2012-01-01,2026-07-31,2026-07-31T09:23:39.074811,3564,bc8efb9de40a0b0b2e6d32558ba11763f242444c26d79aebc9b15391fd98f9f8,https://api.finmindtrade.com/api/v4/data,0,success,rp001_data\phase2a\raw\TaiwanStockPrice_1541.json
2,TaiwanStockPER,1541,2012-01-01,2026-07-31,2026-07-31T09:23:40.617522,3567,a92b64e4a3d817c547715dd1bd56bc756c074f56fc6e0278f5b83aaa5369ab85,https://api.finmindtrade.com/api/v4/data,0,success,rp001_data\phase2a\raw\TaiwanStockPER_1541.json
2,TaiwanStockInstitutionalInvestorsBuySell,1558,2012-01-01,2026-07-31,2026-07-31T09:23:42.658858,15573,e34809e5e55b64de76e5941750b706710941722a8100b0e01662ada3df985876,https://api.finmindtrade.com/api/v4/data,0,success,rp001_data\phase2a\raw\TaiwanStockInstitutionalInvestorsBuySell_1558.json
2,TaiwanStockPrice,1558,2012-01-01,2026-07-31,2026-07-31T09:23:44.866969,3564,019f254d1b8afc322475776507424fc1f80968c19aaa720c3d3a3c5dca97f6cf,https://api.finmindtrade.com/api/v4/data,0,success,rp001_data\phase2a\raw\TaiwanStockPrice_1558.json
2,TaiwanStockPER,1558,2012-01-01,2026-07-31,2026-07-31T09:23:46.526242,3562,c70f7e9688d58583df2800e4c966412dfa2238a48f3ff862c34d6499639bc152,https://api.finmindtrade.com/api/v4/data,0,success,rp001_data\phase2a\raw\TaiwanStockPER_1558.json
2,TaiwanStockInstitutionalInvestorsBuySell,1560,2012-01-01,2026-07-31,2026-07-31T09:23:48.173726,15403,d11e1231a6007ae542607a28dbab19998688f0cb5d981ecf2f664e517cd6bfe3,https://api.finmindtrade.com/api/v4/data,0,success,rp001_data\phase2a\raw\TaiwanStockInstitutionalInvestorsBuySell_1560.json
2,TaiwanStockPrice,1560,2012-01-01,2026-07-31,2026-07-31T09:23:50.032984,3564,729b5ccf82b861d3ce06eb5769ffb44bcaec3d2a8acd2dcb6aeb9e4cedf7949d,https://api.finmindtrade.com/api/v4/data,0,success,rp001_data\phase2a\raw\TaiwanStockPrice_1560.json
2,TaiwanStockPER,1560,2012-01-01,2026-07-31,2026-07-31T09:23:51.270478,3567,24aac49551cbcb81179f200700a778a30305e4133b66bf074b4f0335f8d3501d,https://api.finmindtrade.com/api/v4/data,0,success,rp001_data\phase2a\raw\TaiwanStockPER_1560.json
2,TaiwanStockInstitutionalInvestorsBuySell,1563,2012-01-01,2026-07-31,2026-07-31T09:23:52.728165,6983,56d1c62c3bafc055bd6e4dea8068a10505535cc6fa46536dca5672b924f099c5,https://api.finmindtrade.com/api/v4/data,0,success,rp001_data\phase2a\raw\TaiwanStockInstitutionalInvestorsBuySell_1563.json
2,TaiwanStockPrice,1563,2012-01-01,2026-07-31,2026-07-31T09:23:54.431322,3551,8f9b7d64b9935bc494937a043bde6784ae91b5fab715f95a92c321c6bba0bb38,https://api.finmindtrade.com/api/v4/data,0,success,rp001_data\phase2a\raw\TaiwanStockPrice_1563.json
2,TaiwanStockPER,1563,2012-01-01,2026-07-31,2026-07-31T09:23:55.937574,542,35d5f74a7c885e8bd3fd6756f5d184a9d57c18962f3fed4a455dc4eafd37f418,https://api.finmindtrade.com/api/v4/data,0,success,rp001_data\phase2a\raw\TaiwanStockPER_1563.json
2,TaiwanStockInstitutionalInvestorsBuySell,1568,2012-01-01,2026-07-31,2026-07-31T09:24:20.366874,13618,35489bab4e8a22e9ea6c25670fa772f37ad7a998d175db3f2913db845e4b3f83,https://api.finmindtrade.com/api/v4/data,1,success,rp001_data\phase2a\raw\TaiwanStockInstitutionalInvestorsBuySell_1568.json
2,TaiwanStockPrice,1568,2012-01-01,2026-07-31,2026-07-31T09:24:22.691076,3559,2348e4c24a77a03911d1aa833a30ca5bef25f99043324928e0c90ec248565f44,https://api.finmindtrade.com/api/v4/data,0,success,rp001_data\phase2a\raw\TaiwanStockPrice_1568.json
2,TaiwanStockPER,1568,2012-01-01,2026-07-31,2026-07-31T09:24:24.944604,2986,c3086e4522269f4a17e3110b702372afaae4eec4742275058beb7039d8ba6b2c,https://api.finmindtrade.com/api/v4/data,0,success,rp001_data\phase2a\raw\TaiwanStockPER_1568.json
2,TaiwanStockInstitutionalInvestorsBuySell,1582,2012-01-01,2026-07-31,2026-07-31T09:24:27.112436,15369,911666eead52aa22cfbd485a62ccc0c0f878296e6dc689d878ffa96ea314612e,https://api.finmindtrade.com/api/v4/data,0,success,rp001_data\phase2a\raw\TaiwanStockInstitutionalInvestorsBuySell_1582.json
2,TaiwanStockPrice,1582,2012-01-01,2026-07-31,2026-07-31T09:24:28.930679,3557,66645adcd4428a5035e55c7cb63977e06d2db300be25d91b3c2593111ad4aa9b,https://api.finmindtrade.com/api/v4/data,0,success,rp001_data\phase2a\raw\TaiwanStockPrice_1582.json
2,TaiwanStockPER,1582,2012-01-01,2026-07-31,2026-07-31T09:24:30.408359,3560,28e24e9650c69b6784d0f30823817add59ab311b363893caafb7aed3a3c0a833,https://api.finmindtrade.com/api/v4/data,0,success,rp001_data\phase2a\raw\TaiwanStockPER_1582.json
2,TaiwanStockInstitutionalInvestorsBuySell,1583,2012-01-01,2026-07-31,2026-07-31T09:24:32.369974,11582,568162e4395e2207289393dfa12dd19ad244c3ba53e25479220482ecb23ca7bb,https://api.finmindtrade.com/api/v4/data,0,success,rp001_data\phase2a\raw\TaiwanStockInstitutionalInvestorsBuySell_1583.json
2,TaiwanStockPrice,1583,2012-01-01,2026-07-31,2026-07-31T09:24:34.127804,3559,49f52bb024ef75ada5f68428230a82eea0556b19f2715255fb402b350a0cf2d4,https://api.finmindtrade.com/api/v4/data,0,success,rp001_data\phase2a\raw\TaiwanStockPrice_1583.json
2,TaiwanStockPER,1583,2012-01-01,2026-07-31,2026-07-31T09:24:35.707956,3567,22b6d9acb802cfe7f66fe2cf3c72fcf66e50f79bc12430e7f633098800c79d1b,https://api.finmindtrade.com/api/v4/data,0,success,rp001_data\phase2a\raw\TaiwanStockPER_1583.json
2,TaiwanStockInstitutionalInvestorsBuySell,1587,2012-01-01,2026-07-31,2026-07-31T09:24:38.052952,8815,01e456e7eef7a21f55166ffaf13d245d44ddc8b69e1c509c3119b77762729f26,https://api.finmindtrade.com/api/v4/data,0,success,rp001_data\phase2a\raw\TaiwanStockInstitutionalInvestorsBuySell_1587.json
2,TaiwanStockPrice,1587,2012-01-01,2026-07-31,2026-07-31T09:24:39.941641,3551,bd639cdb65c4ed8d1bbd993f2d4eb6b0373a7732085132a26aa37cc3b8b049a8,https://api.finmindtrade.com/api/v4/data,0,success,rp001_data\phase2a\raw\TaiwanStockPrice_1587.json
2,TaiwanStockPER,1587,2012-01-01,2026-07-31,2026-07-31T09:24:41.372495,2023,c7e0fd6aee3e345a37fa9571d9a014a364369c9550e5c98e3773a7f774ba1089,https://api.finmindtrade.com/api/v4/data,0,success,rp001_data\phase2a\raw\TaiwanStockPER_1587.json
2,TaiwanStockInstitutionalInvestorsBuySell,1589,2012-01-01,2026-07-31,2026-07-31T09:24:43.123394,14970,aa3d014665281b53aa3cc0f92ead6dda8307920c55fe0ff4fc452ca2a580e3f9,https://api.finmindtrade.com/api/v4/data,0,success,rp001_data\phase2a\raw\TaiwanStockInstitutionalInvestorsBuySell_1589.json
2,TaiwanStockPrice,1589,2012-01-01,2026-07-31,2026-07-31T09:24:45.787791,3407,ddf583f36bb7eb590aa9570e994c05327bc22a229f3edf7938ac7cfd7d8cb10b,https://api.finmindtrade.com/api/v4/data,0,success,rp001_data\phase2a\raw\TaiwanStockPrice_1589.json
2,TaiwanStockPER,1589,2012-01-01,2026-07-31,2026-07-31T09:24:47.230672,3425,f86c70de9cc2de72f78e6eac3c17f4602130900e7b18a518acd881095636eae8,https://api.finmindtrade.com/api/v4/data,0,success,rp001_data\phase2a\raw\TaiwanStockPER_1589.json
2,TaiwanStockInstitutionalInvestorsBuySell,1590,2012-01-01,2026-07-31,2026-07-31T09:24:48.908123,15417,c657decde454b9cdbf80e9fd80e1cead032f63ca60f987a31327c624714cb046,https://api.finmindtrade.com/api/v4/data,0,success,rp001_data\phase2a\raw\TaiwanStockInstitutionalInvestorsBuySell_1590.json
2,TaiwanStockPrice,1590,2012-01-01,2026-07-31,2026-07-31T09:24:51.597657,3564,700676218bc35c77bbe8f7dbfc322098741d0c5190254f2e2f21244276969e81,https://api.finmindtrade.com/api/v4/data,0,success,rp001_data\phase2a\raw\TaiwanStockPrice_1590.json
2,TaiwanStockPER,1590,2012-01-01,2026-07-31,2026-07-31T09:24:53.090263,3567,d47b986fb54b648cac8f731fe160507eebaa283068d9ce2e19f35621e6f15ab0,https://api.finmindtrade.com/api/v4/data,0,success,rp001_data\phase2a\raw\TaiwanStockPER_1590.json
2,TaiwanStockInstitutionalInvestorsBuySell,1597,2012-01-01,2026-07-31,2026-07-31T09:24:54.838298,13747,21076f09e5dffd54479081fe69f7df2550337098833a130c507a392eeaecdffb,https://api.finmindtrade.com/api/v4/data,0,success,rp001_data\phase2a\raw\TaiwanStockInstitutionalInvestorsBuySell_1597.json
2,TaiwanStockPrice,1597,2012-01-01,2026-07-31,2026-07-31T09:24:56.560309,3561,449e2f80cb2a08cf008622410783bcdc96a6cee6ba7aaa1300346ddd0d301f1a,https://api.finmindtrade.com/api/v4/data,0,success,rp001_data\phase2a\raw\TaiwanStockPrice_1597.json
2,TaiwanStockPER,1597,2012-01-01,2026-07-31,2026-07-31T09:24:57.969200,3305,e768b78bc99d826f816e5c09fd4a7b824b3309edd5bb0ebac26551e5297d076b,https://api.finmindtrade.com/api/v4/data,0,success,rp001_data\phase2a\raw\TaiwanStockPER_1597.json
2,TaiwanStockInstitutionalInvestorsBuySell,1598,2012-01-01,2026-07-31,2026-07-31T09:24:59.588539,11659,8c250fe30151beaaac89c51cdfc1bd9969a400ba003894b2446920827de2a5ca,https://api.finmindtrade.com/api/v4/data,0,success,rp001_data\phase2a\raw\TaiwanStockInstitutionalInvestorsBuySell_1598.json
2,TaiwanStockPrice,1598,2012-01-01,2026-07-31,2026-07-31T09:25:01.425250,3554,50ffdc35c0195eb17d0da255bff0f1eed8b04cec869e175491333d5e49d73fc4,https://api.finmindtrade.com/api/v4/data,0,success,rp001_data\phase2a\raw\TaiwanStockPrice_1598.json
2,TaiwanStockPER,1598,2012-01-01,2026-07-31,2026-07-31T09:25:03.155750,2405,5f624b4466eecf2b358b783093e986481092c6219bf43f5215699fff0097202e,https://api.finmindtrade.com/api/v4/data,0,success,rp001_data\phase2a\raw\TaiwanStockPER_1598.json
2,TaiwanStockInstitutionalInvestorsBuySell,1603,2012-01-01,2026-07-31,2026-07-31T09:25:05.814702,13616,1d22ca51b9f503bb4bf0888804d949d5949e4105c12e80f99c848a8efd799217,https://api.finmindtrade.com/api/v4/data,0,success,rp001_data\phase2a\raw\TaiwanStockInstitutionalInvestorsBuySell_1603.json
2,TaiwanStockPrice,1603,2012-01-01,2026-07-31,2026-07-31T09:25:07.674086,3454,8ee85ff56ed4a86488c9c9f7a46a70913ac1b1350dc33659f30f795dbda04d89,https://api.finmindtrade.com/api/v4/data,0,success,rp001_data\phase2a\raw\TaiwanStockPrice_1603.json
2,TaiwanStockPER,1603,2012-01-01,2026-07-31,2026-07-31T09:25:10.008610,3457,8f18f07bb3864dd8b699f5dc3fe4d5f18696a4d395a0134399437b86d43d825f,https://api.finmindtrade.com/api/v4/data,0,success,rp001_data\phase2a\raw\TaiwanStockPER_1603.json
2,TaiwanStockInstitutionalInvestorsBuySell,1604,2012-01-01,2026-07-31,2026-07-31T09:25:11.690659,15363,0ed60522ce63e8df9083954a827e88a4c0642d3bf34ae8893763c18c349b0eaf,https://api.finmindtrade.com/api/v4/data,0,success,rp001_data\phase2a\raw\TaiwanStockInstitutionalInvestorsBuySell_1604.json
2,TaiwanStockPrice,1604,2012-01-01,2026-07-31,2026-07-31T09:25:13.478264,3559,2d5d7590fe8fd7dd5347ffd824599316bfc2c54528f38292652ffe0a27622eb8,https://api.finmindtrade.com/api/v4/data,0,success,rp001_data\phase2a\raw\TaiwanStockPrice_1604.json
2,TaiwanStockPER,1604,2012-01-01,2026-07-31,2026-07-31T09:25:14.913473,3562,906ff79cc6de085fa29ad9b8f09277b4852a5833e694f3e483eae72b9240e3f1,https://api.finmindtrade.com/api/v4/data,0,success,rp001_data\phase2a\raw\TaiwanStockPER_1604.json
2,TaiwanStockInstitutionalInvestorsBuySell,1605,2012-01-01,2026-07-31,2026-07-31T09:25:17.177662,15412,c5c955e2178314ef6d2469c5ccf0b731cddee5ea805771528f94f8b1235f4430,https://api.finmindtrade.com/api/v4/data,0,success,rp001_data\phase2a\raw\TaiwanStockInstitutionalInvestorsBuySell_1605.json
2,TaiwanStockPrice,1605,2012-01-01,2026-07-31,2026-07-31T09:25:19.177038,3564,c0fca4fa0eecd9bef66b3f09102b208385818fafa0c5d738bdd353c5da14fe10,https://api.finmindtrade.com/api/v4/data,0,success,rp001_data\phase2a\raw\TaiwanStockPrice_1605.json
2,TaiwanStockPER,1605,2012-01-01,2026-07-31,2026-07-31T09:25:21.307879,3567,55927c5d52911b7f1c35fdcdb58cc72fa1f76e16a4d050001507fd6b72646c35,https://api.finmindtrade.com/api/v4/data,0,success,rp001_data\phase2a\raw\TaiwanStockPER_1605.json
2,TaiwanStockInstitutionalInvestorsBuySell,1608,2012-01-01,2026-07-31,2026-07-31T09:25:23.084407,15352,9e60216585da5abcd1aacaee296f5c22492c7970e6e1832250ed1a73843881c1,https://api.finmindtrade.com/api/v4/data,0,success,rp001_data\phase2a\raw\TaiwanStockInstitutionalInvestorsBuySell_1608.json
2,TaiwanStockPrice,1608,2012-01-01,2026-07-31,2026-07-31T09:25:25.050374,3564,eb243756b1d01e9782fd56329869a1c4244a7a277cab5ba061dffcbf2680785d,https://api.finmindtrade.com/api/v4/data,0,success,rp001_data\phase2a\raw\TaiwanStockPrice_1608.json
2,TaiwanStockPER,1608,2012-01-01,2026-07-31,2026-07-31T09:25:26.659218,3567,cb04c676bb19c8c7ecb0739c19fd06f104e7a17d3af64575ebed8912fa76b61f,https://api.finmindtrade.com/api/v4/data,0,success,rp001_data\phase2a\raw\TaiwanStockPER_1608.json
2,TaiwanStockInstitutionalInvestorsBuySell,1609,2012-01-01,2026-07-31,2026-07-31T09:25:30.620291,15352,fab57409d1e7430c7d78fd0d6f941f8332d10cf56cfbf525b8e57cad12bcad90,https://api.finmindtrade.com/api/v4/data,0,success,rp001_data\phase2a\raw\TaiwanStockInstitutionalInvestorsBuySell_1609.json
2,TaiwanStockPrice,1609,2012-01-01,2026-07-31,2026-07-31T09:25:32.364507,3564,711a880cb47d29122c37529caa0d6997abd74e4585109075da6da9ff9fe6c02d,https://api.finmindtrade.com/api/v4/data,0,success,rp001_data\phase2a\raw\TaiwanStockPrice_1609.json
2,TaiwanStockPER,1609,2012-01-01,2026-07-31,2026-07-31T09:25:33.847718,3567,53dae9012ff6e246d498c97ca74dc1b2acf8de9188a86104a19ee8cc48294a72,https://api.finmindtrade.com/api/v4/data,0,success,rp001_data\phase2a\raw\TaiwanStockPER_1609.json
2,TaiwanStockInstitutionalInvestorsBuySell,1611,2012-01-01,2026-07-31,2026-07-31T09:25:35.513962,15278,ddef1f4518f98978fdcdd7b32a009286a7e738153ce32c5e420b2f69abf9281f,https://api.finmindtrade.com/api/v4/data,0,success,rp001_data\phase2a\raw\TaiwanStockInstitutionalInvestorsBuySell_1611.json
2,TaiwanStockPrice,1611,2012-01-01,2026-07-31,2026-07-31T09:25:37.147773,3551,56f7648598c152851b6ad8d351f3c6a50099345bc5704ec7cf95fa47aac5bdf4,https://api.finmindtrade.com/api/v4/data,0,success,rp001_data\phase2a\raw\TaiwanStockPrice_1611.json
2,TaiwanStockPER,1611,2012-01-01,2026-07-31,2026-07-31T09:25:38.685997,3554,0fedf3ace21a53e2dd5f58293d345c1583d8c9876aab21eca861980b3d5fdf47,https://api.finmindtrade.com/api/v4/data,0,success,rp001_data\phase2a\raw\TaiwanStockPER_1611.json
2,TaiwanStockInstitutionalInvestorsBuySell,1612,2012-01-01,2026-07-31,2026-07-31T09:25:41.620003,15004,3e53a02c93f9abfd2e4656cdc2d9f3ba7fee5ff83217bbf20d3eafe7ea026e8a,https://api.finmindtrade.com/api/v4/data,0,success,rp001_data\phase2a\raw\TaiwanStockInstitutionalInvestorsBuySell_1612.json
2,TaiwanStockPrice,1612,2012-01-01,2026-07-31,2026-07-31T09:25:44.244760,3564,a8ade632b17121f3dd7629cae549c78d1a1bec8f1068a793138fcb61da87fb08,https://api.finmindtrade.com/api/v4/data,0,success,rp001_data\phase2a\raw\TaiwanStockPrice_1612.json
2,TaiwanStockPER,1612,2012-01-01,2026-07-31,2026-07-31T09:25:45.931502,3567,982a1cb1f498125cd090ead3d0289a7e6ba422032069ad0cc92662f0bab5cc83,https://api.finmindtrade.com/api/v4/data,0,success,rp001_data\phase2a\raw\TaiwanStockPER_1612.json
2,TaiwanStockInstitutionalInvestorsBuySell,1614,2012-01-01,2026-07-31,2026-07-31T09:25:49.282029,14317,8b1e45d29eeab15bd9cad7bf3d967616db5d5d2f8e9821bac366b489aa4ff6b3,https://api.finmindtrade.com/api/v4/data,0,success,rp001_data\phase2a\raw\TaiwanStockInstitutionalInvestorsBuySell_1614.json
2,TaiwanStockPrice,1614,2012-01-01,2026-07-31,2026-07-31T09:25:50.930821,3555,5678ef31833ec5b04e65f337067ff5d0ea3efa1602eb6abb0305d794b8a7e264,https://api.finmindtrade.com/api/v4/data,0,success,rp001_data\phase2a\raw\TaiwanStockPrice_1614.json
2,TaiwanStockPER,1614,2012-01-01,2026-07-31,2026-07-31T09:25:52.454712,3558,6d676bc5cd29460cb8bfaed1df3c7bbe7f1db41b25e9da61725e182edafd5abc,https://api.finmindtrade.com/api/v4/data,0,success,rp001_data\phase2a\raw\TaiwanStockPER_1614.json
2,TaiwanStockInstitutionalInvestorsBuySell,1615,2012-01-01,2026-07-31,2026-07-31T09:25:55.346920,12290,e068d5ca6619a657bf5edb57e7244e9f7ef633fb18c9dae31a9a501198fd9069,https://api.finmindtrade.com/api/v4/data,0,success,rp001_data\phase2a\raw\TaiwanStockInstitutionalInvestorsBuySell_1615.json
2,TaiwanStockPrice,1615,2012-01-01,2026-07-31,2026-07-31T09:25:57.120591,3564,f7e34a046d3bec07d82f4d20f567e62a8d4a73ab29a2d276851e5fe0c45846b8,https://api.finmindtrade.com/api/v4/data,0,success,rp001_data\phase2a\raw\TaiwanStockPrice_1615.json
2,TaiwanStockPER,1615,2012-01-01,2026-07-31,2026-07-31T09:25:58.925152,3567,1080784adfc942e8cd876b338a0bb0159d4b344796d3824aa446537302fa0c4a,https://api.finmindtrade.com/api/v4/data,0,success,rp001_data\phase2a\raw\TaiwanStockPER_1615.json
2,TaiwanStockInstitutionalInvestorsBuySell,1616,2012-01-01,2026-07-31,2026-07-31T09:26:00.752819,13001,a8aed5e84cb9310fdf26ca9259166a76117856f0fbe689826693e287c80a60d8,https://api.finmindtrade.com/api/v4/data,0,success,rp001_data\phase2a\raw\TaiwanStockInstitutionalInvestorsBuySell_1616.json
2,TaiwanStockPrice,1616,2012-01-01,2026-07-31,2026-07-31T09:26:02.622668,3564,6e3a84c539bb25b82a24e901fb9c195533c864d2af87da1fffeeaa01e7ad92ff,https://api.finmindtrade.com/api/v4/data,0,success,rp001_data\phase2a\raw\TaiwanStockPrice_1616.json
2,TaiwanStockPER,1616,2012-01-01,2026-07-31,2026-07-31T09:26:04.141724,3567,c97417084fea808a268f72354a893e688f8511ad92f2b479a0e2d0e146c540b4,https://api.finmindtrade.com/api/v4/data,0,success,rp001_data\phase2a\raw\TaiwanStockPER_1616.json
2,TaiwanStockInstitutionalInvestorsBuySell,1617,2012-01-01,2026-07-31,2026-07-31T09:26:08.029864,12025,5925c4160557952409a2d02122c4e1feb278a49a8136e447c4d2b37ecfa9f14e,https://api.finmindtrade.com/api/v4/data,0,success,rp001_data\phase2a\raw\TaiwanStockInstitutionalInvestorsBuySell_1617.json
2,TaiwanStockPrice,1617,2012-01-01,2026-07-31,2026-07-31T09:26:10.300949,3564,706a50265be377c3d412d9e0a348077efd8d41f94ac5e5e646942d15d44c0cb7,https://api.finmindtrade.com/api/v4/data,0,success,rp001_data\phase2a\raw\TaiwanStockPrice_1617.json
2,TaiwanStockPER,1617,2012-01-01,2026-07-31,2026-07-31T09:26:11.946586,3567,ce43e1ae2d6f94a1c6f3bb8551277644b9d215c3bdc834fc73b44d3229da42b4,https://api.finmindtrade.com/api/v4/data,0,success,rp001_data\phase2a\raw\TaiwanStockPER_1617.json
2,TaiwanStockInstitutionalInvestorsBuySell,1618,2012-01-01,2026-07-31,2026-07-31T09:26:17.031765,14605,7627b48e9a12920717774675d0b841ac0bb2c4b61e8efbdaf94eeeb9a705f98e,https://api.finmindtrade.com/api/v4/data,0,success,rp001_data\phase2a\raw\TaiwanStockInstitutionalInvestorsBuySell_1618.json
2,TaiwanStockPrice,1618,2012-01-01,2026-07-31,2026-07-31T09:26:18.835155,3558,2dab01dc58f48202af3b5459c85883a122cd4a22a186f3019f7977e7cde90b05,https://api.finmindtrade.com/api/v4/data,0,success,rp001_data\phase2a\raw\TaiwanStockPrice_1618.json
2,TaiwanStockPER,1618,2012-01-01,2026-07-31,2026-07-31T09:26:21.083889,3561,a91342ffaf6571256ef2052fa467ce67270182cd26b704eddc6375ba0a4085b4,https://api.finmindtrade.com/api/v4/data,0,success,rp001_data\phase2a\raw\TaiwanStockPER_1618.json
2,TaiwanStockInstitutionalInvestorsBuySell,1623,2012-01-01,2026-07-31,2026-07-31T09:26:22.916184,904,b6c9571f2d98c9ed4493b524f37d34c3cbdaf20227bee02863a0ec709262d5ed,https://api.finmindtrade.com/api/v4/data,0,success,rp001_data\phase2a\raw\TaiwanStockInstitutionalInvestorsBuySell_1623.json
2,TaiwanStockPrice,1623,2012-01-01,2026-07-31,2026-07-31T09:26:24.372470,529,cab653832742c5b8c37ff678cab9f8fca1a83f28242f9d76c101e91556257dd6,https://api.finmindtrade.com/api/v4/data,0,success,rp001_data\phase2a\raw\TaiwanStockPrice_1623.json
2,TaiwanStockPER,1623,2012-01-01,2026-07-31,2026-07-31T09:26:25.727932,125,9836b04ef5f0a34dbdea1c4eb4b915a498b58f246d1505e6e60851592e1016e4,https://api.finmindtrade.com/api/v4/data,0,success,rp001_data\phase2a\raw\TaiwanStockPER_1623.json
2,TaiwanStockInstitutionalInvestorsBuySell,1626,2012-01-01,2026-07-31,2026-07-31T09:26:28.048811,14317,a31b96d57c04b8761e5d3467e9f9f277eaa32b9e59e44684a0a23f2e8872ce70,https://api.finmindtrade.com/api/v4/data,0,success,rp001_data\phase2a\raw\TaiwanStockInstitutionalInvestorsBuySell_1626.json
2,TaiwanStockPrice,1626,2012-01-01,2026-07-31,2026-07-31T09:26:32.074575,3376,5db66bed939ddc243b57993ef02b17a806389734e6d5422537ff613386c0a5d7,https://api.finmindtrade.com/api/v4/data,0,success,rp001_data\phase2a\raw\TaiwanStockPrice_1626.json
2,TaiwanStockPER,1626,2012-01-01,2026-07-31,2026-07-31T09:26:34.350367,3268,59ce48f0dafa20c11fa744556a799300beeddb378282ff89c1d722142585ab5e,https://api.finmindtrade.com/api/v4/data,0,success,rp001_data\phase2a\raw\TaiwanStockPER_1626.json
2,TaiwanStockInstitutionalInvestorsBuySell,1702,2012-01-01,2026-07-31,2026-07-31T09:26:37.023376,15407,5c533327a40c49b8c4a517745703ef264326277509b146b4f00389fd4f835f74,https://api.finmindtrade.com/api/v4/data,0,success,rp001_data\phase2a\raw\TaiwanStockInstitutionalInvestorsBuySell_1702.json
2,TaiwanStockPrice,1702,2012-01-01,2026-07-31,2026-07-31T09:26:40.590435,3564,370c358c44783c1e7965de9c3fc0ca9705a73034099495063a3913d74923e181,https://api.finmindtrade.com/api/v4/data,0,success,rp001_data\phase2a\raw\TaiwanStockPrice_1702.json
2,TaiwanStockPER,1702,2012-01-01,2026-07-31,2026-07-31T09:26:44.815982,3567,81a5a15599fc735decc0726045ef8a891d85f6a6f6676346c91c72e702d043db,https://api.finmindtrade.com/api/v4/data,0,success,rp001_data\phase2a\raw\TaiwanStockPER_1702.json
2,TaiwanStockInstitutionalInvestorsBuySell,1707,2012-01-01,2026-07-31,2026-07-31T09:26:49.551537,15417,ae3f6cd2c94ebeaf13b134e39a0bd40835df02e27f46146344a1ca56c38bc54b,https://api.finmindtrade.com/api/v4/data,0,success,rp001_data\phase2a\raw\TaiwanStockInstitutionalInvestorsBuySell_1707.json
2,TaiwanStockPrice,1707,2012-01-01,2026-07-31,2026-07-31T09:26:51.735638,3564,8b953536893a3fa288b8f6fc9635ef246470e47e16edd62fa99e2bfb1cdb40a8,https://api.finmindtrade.com/api/v4/data,0,success,rp001_data\phase2a\raw\TaiwanStockPrice_1707.json
2,TaiwanStockPER,1707,2012-01-01,2026-07-31,2026-07-31T09:26:53.356633,3567,4474e9a8dc3d1ba9a4cce6157993dc5e0a2fdde355edd2cb37beb543fb0e8c92,https://api.finmindtrade.com/api/v4/data,0,success,rp001_data\phase2a\raw\TaiwanStockPER_1707.json
2,TaiwanStockInstitutionalInvestorsBuySell,1708,2012-01-01,2026-07-31,2026-07-31T09:27:01.348547,15366,ec81043b023f55c6a6c8803e77a63b47ad152d4e78374b7a704070b804a9f53a,https://api.finmindtrade.com/api/v4/data,0,success,rp001_data\phase2a\raw\TaiwanStockInstitutionalInvestorsBuySell_1708.json
2,TaiwanStockPrice,1708,2012-01-01,2026-07-31,2026-07-31T09:27:05.389023,3564,7e50786a7c019a9e05c447ecf85c125166b7ca582e66a330f73c5d4aaef6dfc6,https://api.finmindtrade.com/api/v4/data,0,success,rp001_data\phase2a\raw\TaiwanStockPrice_1708.json
2,TaiwanStockPER,1708,2012-01-01,2026-07-31,2026-07-31T09:27:08.399341,3567,287406300e41a6e03726e5d66ea25cf5fa740eab70e5a2a197fd214531becfe5,https://api.finmindtrade.com/api/v4/data,0,success,rp001_data\phase2a\raw\TaiwanStockPER_1708.json
2,TaiwanStockInstitutionalInvestorsBuySell,1709,2012-01-01,2026-07-31,2026-07-31T09:27:13.505928,15240,9c15f993501863d717bfbffa8424daa3aa7cb362c564b722f1d301f08d1c685f,https://api.finmindtrade.com/api/v4/data,0,success,rp001_data\phase2a\raw\TaiwanStockInstitutionalInvestorsBuySell_1709.json
2,TaiwanStockPrice,1709,2012-01-01,2026-07-31,2026-07-31T09:27:17.591565,3557,950b096fd22d870c83bef6c0fbbb0b523cd73f61c3a28ce4396705136b9ac69b,https://api.finmindtrade.com/api/v4/data,0,success,rp001_data\phase2a\raw\TaiwanStockPrice_1709.json
2,TaiwanStockPER,1709,2012-01-01,2026-07-31,2026-07-31T09:27:19.747631,3560,125f8b52418057fe8f5211340a5b998eb1f6048086df7827c305eef3b9e66fab,https://api.finmindtrade.com/api/v4/data,0,success,rp001_data\phase2a\raw\TaiwanStockPER_1709.json
2,TaiwanStockInstitutionalInvestorsBuySell,1710,2012-01-01,2026-07-31,2026-07-31T09:27:21.684722,15417,92bbdaba3ad86031f54ba379f7ab733f8afb27b89c0078927278c955e5e444f4,https://api.finmindtrade.com/api/v4/data,0,success,rp001_data\phase2a\raw\TaiwanStockInstitutionalInvestorsBuySell_1710.json
2,TaiwanStockPrice,1710,2012-01-01,2026-07-31,2026-07-31T09:27:24.564726,3564,8e59ea2967709368a5abc410283cbf7e983799c49c9ba01b14828bbbba53bf6b,https://api.finmindtrade.com/api/v4/data,0,success,rp001_data\phase2a\raw\TaiwanStockPrice_1710.json
2,TaiwanStockPER,1710,2012-01-01,2026-07-31,2026-07-31T09:27:27.372715,3567,2be8a5ae2b66fd8b563ee1a5f62e9580179e208b3695d5b0ac444f0a024c907c,https://api.finmindtrade.com/api/v4/data,0,success,rp001_data\phase2a\raw\TaiwanStockPER_1710.json
2,TaiwanStockInstitutionalInvestorsBuySell,1711,2012-01-01,2026-07-31,2026-07-31T09:27:31.292676,15400,0f62132d5110716605ba1f0d6cc46507b6f4a2489bd059b800c9f9e804bfaf3b,https://api.finmindtrade.com/api/v4/data,0,success,rp001_data\phase2a\raw\TaiwanStockInstitutionalInvestorsBuySell_1711.json
2,TaiwanStockPrice,1711,2012-01-01,2026-07-31,2026-07-31T09:27:35.460108,3564,340a8d1ff125b1ff1d9b212aff56cc6e60bbe57f3aaff61d418e9625f0d8196d,https://api.finmindtrade.com/api/v4/data,0,success,rp001_data\phase2a\raw\TaiwanStockPrice_1711.json
2,TaiwanStockPER,1711,2012-01-01,2026-07-31,2026-07-31T09:27:39.390964,3567,06d7241a187a28b3d10eabc36077ce4acb3b4c11ce9e099375d770755456f3e9,https://api.finmindtrade.com/api/v4/data,0,success,rp001_data\phase2a\raw\TaiwanStockPER_1711.json
2,TaiwanStockInstitutionalInvestorsBuySell,1712,2012-01-01,2026-07-31,2026-07-31T09:27:42.430488,15373,9e8275eadd3f98fdc87d5deb3d8c7bc7161e25558f13b3f6544f930a5aab2ce4,https://api.finmindtrade.com/api/v4/data,0,success,rp001_data\phase2a\raw\TaiwanStockInstitutionalInvestorsBuySell_1712.json
2,TaiwanStockPrice,1712,2012-01-01,2026-07-31,2026-07-31T09:27:44.242954,3564,c1aae371eacf1fccdc45b67bf535eed5778b2fd1d4007beca398449e35af31f8,https://api.finmindtrade.com/api/v4/data,0,success,rp001_data\phase2a\raw\TaiwanStockPrice_1712.json
2,TaiwanStockPER,1712,2012-01-01,2026-07-31,2026-07-31T09:27:47.040374,3567,f501d4fc63f29088ebca039a8ac698a81537b2c838fde0647ff21a967c5d92f5,https://api.finmindtrade.com/api/v4/data,0,success,rp001_data\phase2a\raw\TaiwanStockPER_1712.json
2,TaiwanStockInstitutionalInvestorsBuySell,1713,2012-01-01,2026-07-31,2026-07-31T09:27:50.698925,12158,b71d9f692368c5cc3bcd1a03bb51197a19050138b1331b7ac79a933b4d622433,https://api.finmindtrade.com/api/v4/data,0,success,rp001_data\phase2a\raw\TaiwanStockInstitutionalInvestorsBuySell_1713.json
2,TaiwanStockPrice,1713,2012-01-01,2026-07-31,2026-07-31T09:27:54.003370,3564,c0be5429ce9aea76fcd35be4f1beb07f61e44ee95606f90399aa616f76d108fc,https://api.finmindtrade.com/api/v4/data,0,success,rp001_data\phase2a\raw\TaiwanStockPrice_1713.json
2,TaiwanStockPER,1713,2012-01-01,2026-07-31,2026-07-31T09:27:57.611371,3567,d872041ddaa24021efa28e697522ee585669f1a93c10330183bc48faae74cfd8,https://api.finmindtrade.com/api/v4/data,0,success,rp001_data\phase2a\raw\TaiwanStockPER_1713.json
2,TaiwanStockInstitutionalInvestorsBuySell,1714,2012-01-01,2026-07-31,2026-07-31T09:28:00.223706,15404,c916c19b7ea4c0120921c846ade38f35cff6673d2369985ebc15b4d3e34af02d,https://api.finmindtrade.com/api/v4/data,0,success,rp001_data\phase2a\raw\TaiwanStockInstitutionalInvestorsBuySell_1714.json
2,TaiwanStockPrice,1714,2012-01-01,2026-07-31,2026-07-31T09:28:02.261075,3564,336447d8ffd65ab9a1925a0e50b2e7d6f2ef22d4a8c970a5ab84eba17f2f9f40,https://api.finmindtrade.com/api/v4/data,0,success,rp001_data\phase2a\raw\TaiwanStockPrice_1714.json
2,TaiwanStockPER,1714,2012-01-01,2026-07-31,2026-07-31T09:28:03.962834,3567,51453ef1aee152626a8e8194e234f8ce741a70b3d379f66e7d0a11379f9c3fca,https://api.finmindtrade.com/api/v4/data,0,success,rp001_data\phase2a\raw\TaiwanStockPER_1714.json
2,TaiwanStockInstitutionalInvestorsBuySell,1717,2012-01-01,2026-07-31,2026-07-31T09:28:06.120374,15362,c5e7dab88855bfc530805aac8923cc5d5dac57ff40cdd60b9fe4d59f8ce87b0c,https://api.finmindtrade.com/api/v4/data,0,success,rp001_data\phase2a\raw\TaiwanStockInstitutionalInvestorsBuySell_1717.json
2,TaiwanStockPrice,1717,2012-01-01,2026-07-31,2026-07-31T09:28:10.617630,3557,bce34c08d647e9f27222227f8f213c2ff861c077ac02b28c4cbaa088d0f3f071,https://api.finmindtrade.com/api/v4/data,0,success,rp001_data\phase2a\raw\TaiwanStockPrice_1717.json
2,TaiwanStockPER,1717,2012-01-01,2026-07-31,2026-07-31T09:28:14.538653,3560,cef9c90d828948465e140cf0cb637d1b8da1cc3dadb2b91e03748df67309e340,https://api.finmindtrade.com/api/v4/data,0,success,rp001_data\phase2a\raw\TaiwanStockPER_1717.json
2,TaiwanStockInstitutionalInvestorsBuySell,1718,2012-01-01,2026-07-31,2026-07-31T09:28:16.543851,15417,14b934ba9a9f33494b1ce3fbf6fd1329cc82f4bbf56ebc25ce76db1382528b8a,https://api.finmindtrade.com/api/v4/data,0,success,rp001_data\phase2a\raw\TaiwanStockInstitutionalInvestorsBuySell_1718.json
2,TaiwanStockPrice,1718,2012-01-01,2026-07-31,2026-07-31T09:28:18.409487,3564,47a09c1f05fbe326b13c5b812eeef99c61fa536b91fe6b7e58363faeade97352,https://api.finmindtrade.com/api/v4/data,0,success,rp001_data\phase2a\raw\TaiwanStockPrice_1718.json
2,TaiwanStockPER,1718,2012-01-01,2026-07-31,2026-07-31T09:28:22.690423,3567,876daa5e8f6000f4c4de916b13c3d9f255f6c10fcc1383fa1cc060b94b23de9c,https://api.finmindtrade.com/api/v4/data,0,success,rp001_data\phase2a\raw\TaiwanStockPER_1718.json
2,TaiwanStockInstitutionalInvestorsBuySell,1720,2012-01-01,2026-07-31,2026-07-31T09:28:29.609863,15341,03305b075ebcadf4eca7702ddea227dd8039e88f600e8d9bc7bf178f493792ec,https://api.finmindtrade.com/api/v4/data,0,success,rp001_data\phase2a\raw\TaiwanStockInstitutionalInvestorsBuySell_1720.json
2,TaiwanStockPrice,1720,2012-01-01,2026-07-31,2026-07-31T09:28:35.413101,3564,152637401b1982404e04c69d6e9b09d5eb0720ea2ee71342cfe2afdef463b73a,https://api.finmindtrade.com/api/v4/data,0,success,rp001_data\phase2a\raw\TaiwanStockPrice_1720.json
2,TaiwanStockPER,1720,2012-01-01,2026-07-31,2026-07-31T09:28:39.880909,3567,f80d80a0f06865d04d9305342f8fd9008ff94a47e941151abecb18bfd039b7be,https://api.finmindtrade.com/api/v4/data,0,success,rp001_data\phase2a\raw\TaiwanStockPER_1720.json
2,TaiwanStockInstitutionalInvestorsBuySell,1721,2012-01-01,2026-07-31,2026-07-31T09:28:48.060202,13961,21b05740160ef9164d147b3be33488d9a832af06ebe58cdb9a80ba462d45c4a4,https://api.finmindtrade.com/api/v4/data,0,success,rp001_data\phase2a\raw\TaiwanStockInstitutionalInvestorsBuySell_1721.json
2,TaiwanStockPrice,1721,2012-01-01,2026-07-31,2026-07-31T09:28:51.203466,3557,38cda72cf9c515253f950b492e164c9dceebd3795881768460777a3253b3949b,https://api.finmindtrade.com/api/v4/data,0,success,rp001_data\phase2a\raw\TaiwanStockPrice_1721.json
2,TaiwanStockPER,1721,2012-01-01,2026-07-31,2026-07-31T09:28:52.817779,3560,1c682393097d454399ef2061e2d0abd2aa52a7afd0f2f36eca2d40920fb06ca3,https://api.finmindtrade.com/api/v4/data,0,success,rp001_data\phase2a\raw\TaiwanStockPER_1721.json
2,TaiwanStockInstitutionalInvestorsBuySell,1722,2012-01-01,2026-07-31,2026-07-31T09:28:54.999375,15413,b3293acfe229e0279ebd224e60fffaf7ea6d42cf1ed482fbe8c9463efd3be646,https://api.finmindtrade.com/api/v4/data,0,success,rp001_data\phase2a\raw\TaiwanStockInstitutionalInvestorsBuySell_1722.json
2,TaiwanStockPrice,1722,2012-01-01,2026-07-31,2026-07-31T09:28:56.846605,3564,e1d69bde31296458a7d418b064cc59affd1bf67a616d3d005d4591a15381485c,https://api.finmindtrade.com/api/v4/data,0,success,rp001_data\phase2a\raw\TaiwanStockPrice_1722.json
2,TaiwanStockPER,1722,2012-01-01,2026-07-31,2026-07-31T09:28:58.538089,3567,94835a2a60cd9d7bbefdc275169279b749eac8be39e76b1c863d58fd739215fc,https://api.finmindtrade.com/api/v4/data,0,success,rp001_data\phase2a\raw\TaiwanStockPER_1722.json
2,TaiwanStockInstitutionalInvestorsBuySell,1723,2012-01-01,2026-07-31,2026-07-31T09:29:04.835610,15412,adf0a46a16ec709986292d841ea4cf98dab242a1c84812fc7d9482281c480153,https://api.finmindtrade.com/api/v4/data,0,success,rp001_data\phase2a\raw\TaiwanStockInstitutionalInvestorsBuySell_1723.json
2,TaiwanStockPrice,1723,2012-01-01,2026-07-31,2026-07-31T09:29:09.987013,3564,a62e4ec891aca0256cf32801ddcff4f06218a2362f25c2da0421dcb4a0f7df47,https://api.finmindtrade.com/api/v4/data,0,success,rp001_data\phase2a\raw\TaiwanStockPrice_1723.json
2,TaiwanStockPER,1723,2012-01-01,2026-07-31,2026-07-31T09:29:14.024333,3567,c57fe7f1e1313cbb22b283b5d415b22acf311065e896a6f3684b2615e09699bd,https://api.finmindtrade.com/api/v4/data,0,success,rp001_data\phase2a\raw\TaiwanStockPER_1723.json
2,TaiwanStockInstitutionalInvestorsBuySell,1725,2012-01-01,2026-07-31,2026-07-31T09:29:18.660629,11486,d4a651d291179f14547ff30401b444be617396a20e7f2e6175124fb61c8ea77a,https://api.finmindtrade.com/api/v4/data,0,success,rp001_data\phase2a\raw\TaiwanStockInstitutionalInvestorsBuySell_1725.json
2,TaiwanStockPrice,1725,2012-01-01,2026-07-31,2026-07-31T09:29:21.562155,3564,0eb5809d227cc1bfcef2db9c1dff7fc0055d085e098d1ad9f2c0a9537cab789e,https://api.finmindtrade.com/api/v4/data,0,success,rp001_data\phase2a\raw\TaiwanStockPrice_1725.json
2,TaiwanStockPER,1725,2012-01-01,2026-07-31,2026-07-31T09:29:24.254844,3567,950bfcd4b42b37c951edb8ed0f4bec50ef88c8f179bcea2c45bed0b4cfae34b7,https://api.finmindtrade.com/api/v4/data,0,success,rp001_data\phase2a\raw\TaiwanStockPER_1725.json
2,TaiwanStockInstitutionalInvestorsBuySell,1726,2012-01-01,2026-07-31,2026-07-31T09:29:27.975536,14616,1e0b38b0319664b0507f75a4b8eb3e024674f9eaff3c1dbe9356fc17836c3be2,https://api.finmindtrade.com/api/v4/data,0,success,rp001_data\phase2a\raw\TaiwanStockInstitutionalInvestorsBuySell_1726.json
2,TaiwanStockPrice,1726,2012-01-01,2026-07-31,2026-07-31T09:29:29.917491,3564,44032827bfb99c01351db7a4274aa53239ca37c87d293a03ec5723ddf00917fa,https://api.finmindtrade.com/api/v4/data,0,success,rp001_data\phase2a\raw\TaiwanStockPrice_1726.json
2,TaiwanStockPER,1726,2012-01-01,2026-07-31,2026-07-31T09:29:34.303285,3567,bfec092579907d33cc19b8072b76e4ec9d4cfded1c700685ab04d189c3471165,https://api.finmindtrade.com/api/v4/data,0,success,rp001_data\phase2a\raw\TaiwanStockPER_1726.json
2,TaiwanStockInstitutionalInvestorsBuySell,1727,2012-01-01,2026-07-31,2026-07-31T09:29:40.311235,12830,790d4e9e68a20047ce29ad98b28e2feea9af90212a14dead622645047d025c10,https://api.finmindtrade.com/api/v4/data,0,success,rp001_data\phase2a\raw\TaiwanStockInstitutionalInvestorsBuySell_1727.json
2,TaiwanStockPrice,1727,2012-01-01,2026-07-31,2026-07-31T09:29:44.096807,3564,f496af7c7ab269bd0f9ac5a177aa9fb7ec8e709e84d56da48bf195c345a4c7f5,https://api.finmindtrade.com/api/v4/data,0,success,rp001_data\phase2a\raw\TaiwanStockPrice_1727.json
2,TaiwanStockPER,1727,2012-01-01,2026-07-31,2026-07-31T09:29:46.931461,3567,8cb571f6817c5f1c60ee6a72011a26ac035ead83301f71978ac29f49d0fb9d36,https://api.finmindtrade.com/api/v4/data,0,success,rp001_data\phase2a\raw\TaiwanStockPER_1727.json
2,TaiwanStockInstitutionalInvestorsBuySell,1730,2012-01-01,2026-07-31,2026-07-31T09:29:50.522151,14256,bd4fc7ab60b26acc6bd8758ca44ed41d6355ef8823e60204342555efc85e04ff,https://api.finmindtrade.com/api/v4/data,0,success,rp001_data\phase2a\raw\TaiwanStockInstitutionalInvestorsBuySell_1730.json
2,TaiwanStockPrice,1730,2012-01-01,2026-07-31,2026-07-31T09:29:56.709833,3564,c8032dc102a50d7eebc7f9d2a83ded72a3e60c6fe99cd7f1956420e234d99ffc,https://api.finmindtrade.com/api/v4/data,0,success,rp001_data\phase2a\raw\TaiwanStockPrice_1730.json
2,TaiwanStockPER,1730,2012-01-01,2026-07-31,2026-07-31T09:29:59.090391,3567,2c139db55b64625a5610df57e5f6d32b1d08719dbb0568890cfdf62c5d9c8074,https://api.finmindtrade.com/api/v4/data,0,success,rp001_data\phase2a\raw\TaiwanStockPER_1730.json
2,TaiwanStockInstitutionalInvestorsBuySell,1731,2012-01-01,2026-07-31,2026-07-31T09:30:02.480557,13944,8bd423919c98bf1854d29276938632351b73633dc62545f7894a9b78ff3e766f,https://api.finmindtrade.com/api/v4/data,0,success,rp001_data\phase2a\raw\TaiwanStockInstitutionalInvestorsBuySell_1731.json
2,TaiwanStockPrice,1731,2012-01-01,2026-07-31,2026-07-31T09:30:05.473112,3564,f430b6c6b0d8ae29eb8973e3f4d2449834304c7aae924f5258db1b750b06252e,https://api.finmindtrade.com/api/v4/data,0,success,rp001_data\phase2a\raw\TaiwanStockPrice_1731.json
2,TaiwanStockPER,1731,2012-01-01,2026-07-31,2026-07-31T09:30:08.555922,3567,d71d249463ea82044017ef9b4211c63f5d9e221ba079cbc2ef3f037762a4f1f2,https://api.finmindtrade.com/api/v4/data,0,success,rp001_data\phase2a\raw\TaiwanStockPER_1731.json
2,TaiwanStockInstitutionalInvestorsBuySell,1732,2012-01-01,2026-07-31,2026-07-31T09:30:14.115302,12105,0163d93706f30a1379de1b6181b043da4d2a9ac21f2c6dbbe16dbfd4dd5bea49,https://api.finmindtrade.com/api/v4/data,0,success,rp001_data\phase2a\raw\TaiwanStockInstitutionalInvestorsBuySell_1732.json
2,TaiwanStockPrice,1732,2012-01-01,2026-07-31,2026-07-31T09:30:19.261419,3564,0d315815ce6fa7726fb3595e5bcba66aaf8bde1586f962cdc40dc086957479aa,https://api.finmindtrade.com/api/v4/data,0,success,rp001_data\phase2a\raw\TaiwanStockPrice_1732.json
2,TaiwanStockPER,1732,2012-01-01,2026-07-31,2026-07-31T09:30:27.369627,3567,8918c5deef0386cf2b44c2bbf9d891ea70e9dff71f16976db827dec7a70e2867,https://api.finmindtrade.com/api/v4/data,0,success,rp001_data\phase2a\raw\TaiwanStockPER_1732.json
2,TaiwanStockInstitutionalInvestorsBuySell,1733,2012-01-01,2026-07-31,2026-07-31T09:30:32.263167,15396,e063fcd9827fdbad10561c32202c3691b6444d18e4fa0febdeea555f475ff932,https://api.finmindtrade.com/api/v4/data,0,success,rp001_data\phase2a\raw\TaiwanStockInstitutionalInvestorsBuySell_1733.json
2,TaiwanStockPrice,1733,2012-01-01,2026-07-31,2026-07-31T09:30:35.715766,3564,055eabdb7697dd54083195cd2a32e8bd485554d9e0bfa23fc86c5582fbba765f,https://api.finmindtrade.com/api/v4/data,0,success,rp001_data\phase2a\raw\TaiwanStockPrice_1733.json
2,TaiwanStockPER,1733,2012-01-01,2026-07-31,2026-07-31T09:30:42.752490,3567,64ed95009da5c5d3ed9b436e8c0655a4e2084c67a0bf1fe046b08578a3228d86,https://api.finmindtrade.com/api/v4/data,0,success,rp001_data\phase2a\raw\TaiwanStockPER_1733.json
2,TaiwanStockInstitutionalInvestorsBuySell,1734,2012-01-01,2026-07-31,2026-07-31T09:30:48.172326,15221,567b587371b502eb4e46b9ec5be596bc99740b665996f48d6458e6199d4d833c,https://api.finmindtrade.com/api/v4/data,0,success,rp001_data\phase2a\raw\TaiwanStockInstitutionalInvestorsBuySell_1734.json
2,TaiwanStockPrice,1734,2012-01-01,2026-07-31,2026-07-31T09:30:52.602354,3564,f3edcabe827759b97a92f687a5c85a60722b871eb6b17001952441870db66345,https://api.finmindtrade.com/api/v4/data,0,success,rp001_data\phase2a\raw\TaiwanStockPrice_1734.json
2,TaiwanStockPER,1734,2012-01-01,2026-07-31,2026-07-31T09:31:00.222811,3567,a4862d80a45be4d0e876422fb26528de6f62a9a799c1adc60e4b3e2f4a6eb6e9,https://api.finmindtrade.com/api/v4/data,0,success,rp001_data\phase2a\raw\TaiwanStockPER_1734.json
2,TaiwanStockInstitutionalInvestorsBuySell,1735,2012-01-01,2026-07-31,2026-07-31T09:31:01.934458,9924,c3b97eb4cd07cd8e88b450806bf3ff8b8dd004c78c0f91b3fa8ae36e99630d7c,https://api.finmindtrade.com/api/v4/data,0,success,rp001_data\phase2a\raw\TaiwanStockInstitutionalInvestorsBuySell_1735.json
2,TaiwanStockPrice,1735,2012-01-01,2026-07-31,2026-07-31T09:31:03.897301,3563,9ef828b4821b2223622e9caba577d6ad20a6472f830d1b5be88a0c5304e5ccc2,https://api.finmindtrade.com/api/v4/data,0,success,rp001_data\phase2a\raw\TaiwanStockPrice_1735.json
2,TaiwanStockPER,1735,2012-01-01,2026-07-31,2026-07-31T09:31:10.016960,3567,ceccafa076b3d24121b07d1e67b49130c515c1970d0390f9d51954bd4c78c359,https://api.finmindtrade.com/api/v4/data,0,success,rp001_data\phase2a\raw\TaiwanStockPER_1735.json
2,TaiwanStockInstitutionalInvestorsBuySell,1736,2012-01-01,2026-07-31,2026-07-31T09:31:14.784465,15406,0c7dfac095dbab23fc2f93a69f184e3f57d8efdc910277b5181d08207ea7a778,https://api.finmindtrade.com/api/v4/data,0,success,rp001_data\phase2a\raw\TaiwanStockInstitutionalInvestorsBuySell_1736.json
2,TaiwanStockPrice,1736,2012-01-01,2026-07-31,2026-07-31T09:31:19.457375,3564,dee1b0608d6282187520b6dd414c3e0fe762af64c26f173e45cda36cf0ae607f,https://api.finmindtrade.com/api/v4/data,0,success,rp001_data\phase2a\raw\TaiwanStockPrice_1736.json
2,TaiwanStockPER,1736,2012-01-01,2026-07-31,2026-07-31T09:31:26.455646,3567,bafdcc8ae031cec0dda4d221e335859370064eac1f47aff54def80774a6eb8b1,https://api.finmindtrade.com/api/v4/data,0,success,rp001_data\phase2a\raw\TaiwanStockPER_1736.json
2,TaiwanStockInstitutionalInvestorsBuySell,1737,2012-01-01,2026-07-31,2026-07-31T09:31:30.942086,15339,7b8ee32031cb3e8fec73d3280aa6744a77432253954f117b61550de5f774e69e,https://api.finmindtrade.com/api/v4/data,0,success,rp001_data\phase2a\raw\TaiwanStockInstitutionalInvestorsBuySell_1737.json
2,TaiwanStockPrice,1737,2012-01-01,2026-07-31,2026-07-31T09:31:39.220528,3554,6171d8e3716557db821445e9d8d92154f6e03b5674552cea7ff418f6b6819d15,https://api.finmindtrade.com/api/v4/data,0,success,rp001_data\phase2a\raw\TaiwanStockPrice_1737.json
2,TaiwanStockPER,1737,2012-01-01,2026-07-31,2026-07-31T09:31:42.703915,3557,72f993791a290ecae27fe8e13d119784265d4c5e802635e55befb73e8150645d,https://api.finmindtrade.com/api/v4/data,0,success,rp001_data\phase2a\raw\TaiwanStockPER_1737.json
2,TaiwanStockInstitutionalInvestorsBuySell,1752,2012-01-01,2026-07-31,2026-07-31T09:31:47.735708,14718,4836abe688c1f975f27c961ddfe85a20754fdf75a38b67fe3650c2eec69e2c43,https://api.finmindtrade.com/api/v4/data,0,success,rp001_data\phase2a\raw\TaiwanStockInstitutionalInvestorsBuySell_1752.json
2,TaiwanStockPrice,1752,2012-01-01,2026-07-31,2026-07-31T09:31:52.801014,3564,9529fe3f76f49a2f216fa248b32edff3801982601c0f82398e435b94fefc7f1a,https://api.finmindtrade.com/api/v4/data,0,success,rp001_data\phase2a\raw\TaiwanStockPrice_1752.json
2,TaiwanStockPER,1752,2012-01-01,2026-07-31,2026-07-31T09:31:58.825942,3552,8ae1de00e1aa43241fc400517b92f49d94658f569fbdab309a183dac9b05e1b3,https://api.finmindtrade.com/api/v4/data,0,success,rp001_data\phase2a\raw\TaiwanStockPER_1752.json
2,TaiwanStockInstitutionalInvestorsBuySell,1760,2012-01-01,2026-07-31,2026-07-31T09:32:02.738723,11772,9efae0945d0a01af8bbd4438f3b06c8358ac04e6dc487c492e73e1422fe8b697,https://api.finmindtrade.com/api/v4/data,0,success,rp001_data\phase2a\raw\TaiwanStockInstitutionalInvestorsBuySell_1760.json
2,TaiwanStockPrice,1760,2012-01-01,2026-07-31,2026-07-31T09:32:05.529844,3552,13142d123b8f5c39ee83b46323e157a8916485060a29af04017ee8dce721ca2b,https://api.finmindtrade.com/api/v4/data,0,success,rp001_data\phase2a\raw\TaiwanStockPrice_1760.json
2,TaiwanStockPER,1760,2012-01-01,2026-07-31,2026-07-31T09:32:15.544979,2073,c59bd2aa513634b301b31692ac8ae64955a67abc13bd7293e3d2c6d836e9d39d,https://api.finmindtrade.com/api/v4/data,0,success,rp001_data\phase2a\raw\TaiwanStockPER_1760.json
2,TaiwanStockInstitutionalInvestorsBuySell,1762,2012-01-01,2026-07-31,2026-07-31T09:32:18.790929,0,4f53cda18c2baa0c0354bb5f9a3ecbe5ed12ab4d8e11ba873c2f11161202b945,https://api.finmindtrade.com/api/v4/data,0,failed,rp001_data\phase2a\raw\TaiwanStockInstitutionalInvestorsBuySell_1762.json
2,TaiwanStockInstitutionalInvestorsBuySell,1762,2012-01-01,2026-08-01,2026-07-31T21:40:48.534127,15183,dbcf9e40a679dd7b3239b28b4f0706bd7614e592ac6390902ca3831d30252b3c,https://api.finmindtrade.com/api/v4/data,0,success,rp001_data\phase2a\raw\TaiwanStockInstitutionalInvestorsBuySell_1762.json
2,TaiwanStockPrice,1762,2012-01-01,2026-08-01,2026-07-31T21:40:49.698434,3564,e5276190ad210ed6d16348c607803d08543f9e7994a62bb57e181e1a837ccda2,https://api.finmindtrade.com/api/v4/data,0,success,rp001_data\phase2a\raw\TaiwanStockPrice_1762.json
2,TaiwanStockPER,1762,2012-01-01,2026-08-01,2026-07-31T21:40:53.672705,3567,4a6cae4d8a40c42cd0710112418888984a90861c14f937933a1f6c1e36731cbc,https://api.finmindtrade.com/api/v4/data,0,success,rp001_data\phase2a\raw\TaiwanStockPER_1762.json
2,TaiwanStockInstitutionalInvestorsBuySell,1773,2012-01-01,2026-08-01,2026-07-31T21:40:55.367720,15314,1f0dc7777798bc42054497a6668b80ed2611db58beb3ea4319812d36adca2367,https://api.finmindtrade.com/api/v4/data,0,success,rp001_data\phase2a\raw\TaiwanStockInstitutionalInvestorsBuySell_1773.json
2,TaiwanStockPrice,1773,2012-01-01,2026-08-01,2026-07-31T21:40:57.136933,3564,ee3d03bd68e8bbc3fb1950da8fa862672158a54737336622d89c19ac11f168c1,https://api.finmindtrade.com/api/v4/data,0,success,rp001_data\phase2a\raw\TaiwanStockPrice_1773.json
2,TaiwanStockPER,1773,2012-01-01,2026-08-01,2026-07-31T21:41:00.790716,3567,546a20ad36ca5bebb315d68bfeabf0018ff4b7163b7653fc2399d71d44346b08,https://api.finmindtrade.com/api/v4/data,0,success,rp001_data\phase2a\raw\TaiwanStockPER_1773.json
2,TaiwanStockInstitutionalInvestorsBuySell,1776,2012-01-01,2026-08-01,2026-07-31T21:41:02.064315,8504,a7388bdb42567b0a0cd5334954c43fd25bec7272e7d97985d50b68e0e3f15835,https://api.finmindtrade.com/api/v4/data,0,success,rp001_data\phase2a\raw\TaiwanStockInstitutionalInvestorsBuySell_1776.json
2,TaiwanStockPrice,1776,2012-01-01,2026-08-01,2026-07-31T21:41:03.162946,3549,96dcee1f11cceb1cae29ac66d1cc35508d76bbac508af4cc8fca0f7d89221493,https://api.finmindtrade.com/api/v4/data,0,success,rp001_data\phase2a\raw\TaiwanStockPrice_1776.json
2,TaiwanStockPER,1776,2012-01-01,2026-08-01,2026-07-31T21:41:08.754549,2491,6dba0de99faf31d7d1ebe0c188e133e835a796ebc4edfe90f57e3934df12f940,https://api.finmindtrade.com/api/v4/data,0,success,rp001_data\phase2a\raw\TaiwanStockPER_1776.json
2,TaiwanStockInstitutionalInvestorsBuySell,1783,2012-01-01,2026-08-01,2026-07-31T21:41:09.826338,13593,4d7a5980f4fb5e4d755180ec3a24193753f4f02a46da922b6088767e56859020,https://api.finmindtrade.com/api/v4/data,0,success,rp001_data\phase2a\raw\TaiwanStockInstitutionalInvestorsBuySell_1783.json
2,TaiwanStockPrice,1783,2012-01-01,2026-08-01,2026-07-31T21:41:10.938349,3559,fae2cd7ae74677ad59e09bf4995000171c620b503a8a1f3447a84f4e954797e0,https://api.finmindtrade.com/api/v4/data,0,success,rp001_data\phase2a\raw\TaiwanStockPrice_1783.json
2,TaiwanStockPER,1783,2012-01-01,2026-08-01,2026-07-31T21:41:13.439605,3079,6949c00d0f482c3d3ef32d6cf0d28567a04dff5f126f528a552c9fd23f8bce75,https://api.finmindtrade.com/api/v4/data,0,success,rp001_data\phase2a\raw\TaiwanStockPER_1783.json
2,TaiwanStockInstitutionalInvestorsBuySell,1786,2012-01-01,2026-08-01,2026-07-31T21:41:14.429540,13962,2a24c119b9b991806a52cc2f6184ed5e45cbd73a44597fabf7e40db688ba80ac,https://api.finmindtrade.com/api/v4/data,0,success,rp001_data\phase2a\raw\TaiwanStockInstitutionalInvestorsBuySell_1786.json
2,TaiwanStockPrice,1786,2012-01-01,2026-08-01,2026-07-31T21:41:15.523687,3559,220377ffa06baebeec585c4d817039a868468fc7239e7843da730bae8dd5c134,https://api.finmindtrade.com/api/v4/data,0,success,rp001_data\phase2a\raw\TaiwanStockPrice_1786.json
2,TaiwanStockPER,1786,2012-01-01,2026-08-01,2026-07-31T21:41:17.365801,3107,24bd70f6c44665e6924ff79ce9c01e2e43c09af0cca4571beeca88df95c104d1,https://api.finmindtrade.com/api/v4/data,0,success,rp001_data\phase2a\raw\TaiwanStockPER_1786.json
2,TaiwanStockInstitutionalInvestorsBuySell,1789,2012-01-01,2026-08-01,2026-07-31T21:41:18.385426,15408,4f589415d6777c56a6ad56df30488d8279c0d822f1bc8aeb5706500835df0bd1,https://api.finmindtrade.com/api/v4/data,0,success,rp001_data\phase2a\raw\TaiwanStockInstitutionalInvestorsBuySell_1789.json
2,TaiwanStockPrice,1789,2012-01-01,2026-08-01,2026-07-31T21:41:19.482793,3564,a2c5d5410a7a33ce1c8d61c1c8116a8a9344dc3dc59fe2ba1f16dceef57d1dc4,https://api.finmindtrade.com/api/v4/data,0,success,rp001_data\phase2a\raw\TaiwanStockPrice_1789.json
2,TaiwanStockPER,1789,2012-01-01,2026-08-01,2026-07-31T21:41:20.399602,3567,7091090eb59e9e278ba3ddea480806cbb0d405085136485f3ef30d6a6f911082,https://api.finmindtrade.com/api/v4/data,0,success,rp001_data\phase2a\raw\TaiwanStockPER_1789.json
2,TaiwanStockInstitutionalInvestorsBuySell,1795,2012-01-01,2026-08-01,2026-07-31T21:41:21.489729,15205,92a0d6d76b6bb0823d29ba6a0fe30cf752347e8057c8dc917b875857911ac002,https://api.finmindtrade.com/api/v4/data,0,success,rp001_data\phase2a\raw\TaiwanStockInstitutionalInvestorsBuySell_1795.json
2,TaiwanStockPrice,1795,2012-01-01,2026-08-01,2026-07-31T21:41:22.623599,3564,dabb8764b827f2a8f3127fb66fc60656e7e032fbfa4fb04291964308a4bc73be,https://api.finmindtrade.com/api/v4/data,0,success,rp001_data\phase2a\raw\TaiwanStockPrice_1795.json
2,TaiwanStockPER,1795,2012-01-01,2026-08-01,2026-07-31T21:41:25.758464,3552,02db1d60a944cfad430722d9fdb680a8381fa5b1576083ab75576fb6caf87a8b,https://api.finmindtrade.com/api/v4/data,0,success,rp001_data\phase2a\raw\TaiwanStockPER_1795.json
2,TaiwanStockInstitutionalInvestorsBuySell,1802,2012-01-01,2026-08-01,2026-07-31T21:41:26.876158,15417,e7527f7a2287d20fa24193926c1132fab5b7c9f0dae18d774034c9c710e12600,https://api.finmindtrade.com/api/v4/data,0,success,rp001_data\phase2a\raw\TaiwanStockInstitutionalInvestorsBuySell_1802.json
2,TaiwanStockPrice,1802,2012-01-01,2026-08-01,2026-07-31T21:41:27.989317,3564,07a438d5d3a4250e8712555e115fccfe747a91edd6649a70832085a74b0ec954,https://api.finmindtrade.com/api/v4/data,0,success,rp001_data\phase2a\raw\TaiwanStockPrice_1802.json
2,TaiwanStockPER,1802,2012-01-01,2026-08-01,2026-07-31T21:41:30.675787,3567,150942953d8f0dd50b6d3ec8e73e4ea4976b95a3e07ba3f53bc1046966351b4f,https://api.finmindtrade.com/api/v4/data,0,success,rp001_data\phase2a\raw\TaiwanStockPER_1802.json
2,TaiwanStockInstitutionalInvestorsBuySell,1805,2012-01-01,2026-08-01,2026-07-31T21:41:31.832914,11099,7e9eccb67e308be67dea8cd0221744683c3ff52264e7ad11288d542c6376c4e1,https://api.finmindtrade.com/api/v4/data,0,success,rp001_data\phase2a\raw\TaiwanStockInstitutionalInvestorsBuySell_1805.json
2,TaiwanStockPrice,1805,2012-01-01,2026-08-01,2026-07-31T21:41:32.877740,3557,386ee4cb35bcd2cb1055d2e91a5f704aabe192ae2a2ed3d75e35d0d2c0f8d691,https://api.finmindtrade.com/api/v4/data,0,success,rp001_data\phase2a\raw\TaiwanStockPrice_1805.json
2,TaiwanStockPER,1805,2012-01-01,2026-08-01,2026-07-31T21:41:34.590001,3560,5c26b7c3d657d0aab6c5c5d1136a8260721aa123e9f47a41d1fa8920df61c108,https://api.finmindtrade.com/api/v4/data,0,success,rp001_data\phase2a\raw\TaiwanStockPER_1805.json
2,TaiwanStockInstitutionalInvestorsBuySell,1806,2012-01-01,2026-08-01,2026-07-31T21:41:35.638905,15176,5af8ce2abb4cebbb5cf4c3ef4d4556fdae22efb9cddee6d38df12b128461c959,https://api.finmindtrade.com/api/v4/data,0,success,rp001_data\phase2a\raw\TaiwanStockInstitutionalInvestorsBuySell_1806.json
2,TaiwanStockPrice,1806,2012-01-01,2026-08-01,2026-07-31T21:41:36.889748,3557,460a0470a7082fb15a7a92522c098ccd12b9c1e57c5cee3556f042a038105140,https://api.finmindtrade.com/api/v4/data,0,success,rp001_data\phase2a\raw\TaiwanStockPrice_1806.json
2,TaiwanStockPER,1806,2012-01-01,2026-08-01,2026-07-31T21:41:37.952072,3560,27286da304a9d01c4c309bf5467bd0c9b13648ee61f89afe55e8d1fbe4070185,https://api.finmindtrade.com/api/v4/data,0,success,rp001_data\phase2a\raw\TaiwanStockPER_1806.json
2,TaiwanStockInstitutionalInvestorsBuySell,1808,2012-01-01,2026-08-01,2026-07-31T21:41:39.702073,15313,474c094f54663f38b4097a7b264efbf132c44b57ef2955ea1f6346dce80ab8dc,https://api.finmindtrade.com/api/v4/data,0,success,rp001_data\phase2a\raw\TaiwanStockInstitutionalInvestorsBuySell_1808.json
2,TaiwanStockPrice,1808,2012-01-01,2026-08-01,2026-07-31T21:41:41.052831,3557,ebb5cc121961da4043f5e46abe2e1f9d7430b012dbbdfb97f14cc4f8d97110de,https://api.finmindtrade.com/api/v4/data,0,success,rp001_data\phase2a\raw\TaiwanStockPrice_1808.json
2,TaiwanStockPER,1808,2012-01-01,2026-08-01,2026-07-31T21:41:43.663692,3560,38db3ef533bea4d19f57f78c83c55d95144aeb216b5149322df548a579a8aa9b,https://api.finmindtrade.com/api/v4/data,0,success,rp001_data\phase2a\raw\TaiwanStockPER_1808.json
2,TaiwanStockInstitutionalInvestorsBuySell,1809,2012-01-01,2026-08-01,2026-07-31T21:41:44.712060,14811,159d0a2b1a8ead6610caaaea24ca9c0dda7f515d8821c2f3bb6f51e10410dbc9,https://api.finmindtrade.com/api/v4/data,0,success,rp001_data\phase2a\raw\TaiwanStockInstitutionalInvestorsBuySell_1809.json
2,TaiwanStockPrice,1809,2012-01-01,2026-08-01,2026-07-31T21:41:45.900067,3555,1156203d73623ebc96601e5a8a0a855ce37e9de588ab3db8af37a6f81be966a3,https://api.finmindtrade.com/api/v4/data,0,success,rp001_data\phase2a\raw\TaiwanStockPrice_1809.json
2,TaiwanStockPER,1809,2012-01-01,2026-08-01,2026-07-31T21:41:47.499608,3558,97543ea96921cb5a33d3dcc80e72a16be73db8a559923b2b232e313a88631305,https://api.finmindtrade.com/api/v4/data,0,success,rp001_data\phase2a\raw\TaiwanStockPER_1809.json
2,TaiwanStockInstitutionalInvestorsBuySell,1810,2012-01-01,2026-08-01,2026-07-31T21:41:48.581202,14948,c621ea1c1728fc1be8440b5e7806e648053d164ce120bcc926b79c1e001c7424,https://api.finmindtrade.com/api/v4/data,0,success,rp001_data\phase2a\raw\TaiwanStockInstitutionalInvestorsBuySell_1810.json
2,TaiwanStockPrice,1810,2012-01-01,2026-08-01,2026-07-31T21:41:49.913229,3558,808cad543ff834f6ba9671c15e3e429a8c90cffefa4d30ea65cd02e06cd47425,https://api.finmindtrade.com/api/v4/data,0,success,rp001_data\phase2a\raw\TaiwanStockPrice_1810.json
2,TaiwanStockPER,1810,2012-01-01,2026-08-01,2026-07-31T21:41:55.536742,3561,486060cba668e2bcae2b675606e01f93bcceb6dd659709e664e537c861924950,https://api.finmindtrade.com/api/v4/data,0,success,rp001_data\phase2a\raw\TaiwanStockPER_1810.json
2,TaiwanStockInstitutionalInvestorsBuySell,1817,2012-01-01,2026-08-01,2026-07-31T21:41:56.618506,13800,f177c9b4b79587e4ea4aa850b60e9e64bff72184b19de1f880317814ab87be6b,https://api.finmindtrade.com/api/v4/data,0,success,rp001_data\phase2a\raw\TaiwanStockInstitutionalInvestorsBuySell_1817.json
2,TaiwanStockPrice,1817,2012-01-01,2026-08-01,2026-07-31T21:41:57.701239,3558,32e0f55857caf3ae20c71a67a84140d18b13b64a86de385ed1f958f729db000a,https://api.finmindtrade.com/api/v4/data,0,success,rp001_data\phase2a\raw\TaiwanStockPrice_1817.json
2,TaiwanStockPER,1817,2012-01-01,2026-08-01,2026-07-31T21:42:00.997084,3120,1c983314ca858ce68ee840dde6c2e94cfa70147384124fb2c0ab5abab72d3e09,https://api.finmindtrade.com/api/v4/data,0,success,rp001_data\phase2a\raw\TaiwanStockPER_1817.json
2,TaiwanStockInstitutionalInvestorsBuySell,1903,2012-01-01,2026-08-01,2026-07-31T21:42:02.311936,14182,f6b6508ed4a1782fe9aa3bacf0ae2b62f2506f6040ce764e0cbc96a7ca4fb10e,https://api.finmindtrade.com/api/v4/data,0,success,rp001_data\phase2a\raw\TaiwanStockInstitutionalInvestorsBuySell_1903.json
2,TaiwanStockPrice,1903,2012-01-01,2026-08-01,2026-07-31T21:42:03.474819,3564,1a1fc750e8d52f93681b5b2768f22e27a04c48575ff64881bde10fe160606f80,https://api.finmindtrade.com/api/v4/data,0,success,rp001_data\phase2a\raw\TaiwanStockPrice_1903.json
2,TaiwanStockPER,1903,2012-01-01,2026-08-01,2026-07-31T21:42:07.652534,3567,1989752eb0c4610957bb24fca432286a6a99db97b99952f714d40cc751379838,https://api.finmindtrade.com/api/v4/data,0,success,rp001_data\phase2a\raw\TaiwanStockPER_1903.json
2,TaiwanStockInstitutionalInvestorsBuySell,1904,2012-01-01,2026-08-01,2026-07-31T21:42:08.600806,15406,11db1a46e0381e6a66f9fc213f1ff2541a552bf9dd71e0c3fd170ec64aa00ef1,https://api.finmindtrade.com/api/v4/data,0,success,rp001_data\phase2a\raw\TaiwanStockInstitutionalInvestorsBuySell_1904.json
2,TaiwanStockPrice,1904,2012-01-01,2026-08-01,2026-07-31T21:42:09.656399,3564,fdcbfb55d5fc12e5b5d91885182b79afce0fc2190567346b3f3a35b9109a3ccd,https://api.finmindtrade.com/api/v4/data,0,success,rp001_data\phase2a\raw\TaiwanStockPrice_1904.json
2,TaiwanStockPER,1904,2012-01-01,2026-08-01,2026-07-31T21:42:15.758435,3567,6fdefd17367776fb9ec7d116d0a0dd9d2ec930efdf73a703471ea8cda91050b3,https://api.finmindtrade.com/api/v4/data,0,success,rp001_data\phase2a\raw\TaiwanStockPER_1904.json
2,TaiwanStockInstitutionalInvestorsBuySell,1905,2012-01-01,2026-08-01,2026-07-31T21:42:16.815181,15347,a903065a0fa307288671c8174605d7c3d835f5b3394bfc16313b41c1cc225fee,https://api.finmindtrade.com/api/v4/data,0,success,rp001_data\phase2a\raw\TaiwanStockInstitutionalInvestorsBuySell_1905.json
2,TaiwanStockPrice,1905,2012-01-01,2026-08-01,2026-07-31T21:42:18.355409,3554,cbac9ede2cd03340764f1832ddc23dc27955376807b96bbbba3f9703c9333997,https://api.finmindtrade.com/api/v4/data,0,success,rp001_data\phase2a\raw\TaiwanStockPrice_1905.json
2,TaiwanStockPER,1905,2012-01-01,2026-08-01,2026-07-31T21:42:21.368531,3557,5e57bbbf6a5a217c2ebcaaf3434e81e769e832d64a86e9d4cbccc95c73f10e51,https://api.finmindtrade.com/api/v4/data,0,success,rp001_data\phase2a\raw\TaiwanStockPER_1905.json
2,TaiwanStockInstitutionalInvestorsBuySell,1906,2012-01-01,2026-08-01,2026-07-31T21:42:22.363973,14472,314b5028e276dd484584484a40179e34a39638fe01719f78903cb48d8238c2d5,https://api.finmindtrade.com/api/v4/data,0,success,rp001_data\phase2a\raw\TaiwanStockInstitutionalInvestorsBuySell_1906.json
2,TaiwanStockPrice,1906,2012-01-01,2026-08-01,2026-07-31T21:42:23.503834,3564,6215e7e14e3ee6a14bf474e1f5f78e9ade219efe9fbab2f996d80c97b6d483f3,https://api.finmindtrade.com/api/v4/data,0,success,rp001_data\phase2a\raw\TaiwanStockPrice_1906.json
2,TaiwanStockPER,1906,2012-01-01,2026-08-01,2026-07-31T21:42:28.010749,3567,6b4ea81ef3e57c4ebb10e73c8fe92db7a99723747b787e5a81f5c95301d13e73,https://api.finmindtrade.com/api/v4/data,0,success,rp001_data\phase2a\raw\TaiwanStockPER_1906.json
2,TaiwanStockInstitutionalInvestorsBuySell,1907,2012-01-01,2026-08-01,2026-07-31T21:42:33.797239,15405,9b790bcca1149e7822635b10f27c932dc59187a6e5bd63f15771a26cf79ac63b,https://api.finmindtrade.com/api/v4/data,0,success,rp001_data\phase2a\raw\TaiwanStockInstitutionalInvestorsBuySell_1907.json
2,TaiwanStockPrice,1907,2012-01-01,2026-08-01,2026-07-31T21:42:35.067059,3564,f70edd0c52d1824d9a9471ca3b91f52abb89d4b0acd4db67dc2cdcefd14e93bb,https://api.finmindtrade.com/api/v4/data,0,success,rp001_data\phase2a\raw\TaiwanStockPrice_1907.json
2,TaiwanStockPER,1907,2012-01-01,2026-08-01,2026-07-31T21:42:38.908358,3567,95ffa120bcdd86783f690d73f0a9c24a6d56be47fe226622ced12fd8a33420ee,https://api.finmindtrade.com/api/v4/data,0,success,rp001_data\phase2a\raw\TaiwanStockPER_1907.json
2,TaiwanStockInstitutionalInvestorsBuySell,1909,2012-01-01,2026-08-01,2026-07-31T21:42:40.111516,15407,27223863f81d38b39ba51d9b94d24672abebf3f5407023d8f9456c3a85e15d0f,https://api.finmindtrade.com/api/v4/data,0,success,rp001_data\phase2a\raw\TaiwanStockInstitutionalInvestorsBuySell_1909.json
2,TaiwanStockPrice,1909,2012-01-01,2026-08-01,2026-07-31T21:42:41.399500,3564,fde6d22e24ad688c37280786872dba07c7685da17a5b2e6848a8c7630f3c559f,https://api.finmindtrade.com/api/v4/data,0,success,rp001_data\phase2a\raw\TaiwanStockPrice_1909.json
2,TaiwanStockPER,1909,2012-01-01,2026-08-01,2026-07-31T21:42:44.516908,3567,e2fe576449d22bbdd388bc53d170c5e4fb8eadbd212cdefc0e38bd231baac7e2,https://api.finmindtrade.com/api/v4/data,0,success,rp001_data\phase2a\raw\TaiwanStockPER_1909.json
2,TaiwanStockInstitutionalInvestorsBuySell,2002,2012-01-01,2026-08-01,2026-07-31T21:42:45.656047,15417,f03da2bf90821b61581c9b6fd54bcf75f6cbf539a3993bd60d02419b23cbc9e6,https://api.finmindtrade.com/api/v4/data,0,success,rp001_data\phase2a\raw\TaiwanStockInstitutionalInvestorsBuySell_2002.json
2,TaiwanStockPrice,2002,2012-01-01,2026-08-01,2026-07-31T21:42:46.781898,3564,b7c232ed035faa920c897d3863f288335493a318c4bcb9e1a6cc04098f2fd1dd,https://api.finmindtrade.com/api/v4/data,0,success,rp001_data\phase2a\raw\TaiwanStockPrice_2002.json
2,TaiwanStockPER,2002,2012-01-01,2026-08-01,2026-07-31T21:42:47.721538,3567,a58e549a5320c1dcb6b8351d10c1e58a7fb0b03f737924f8380dd66afc3426ee,https://api.finmindtrade.com/api/v4/data,0,success,rp001_data\phase2a\raw\TaiwanStockPER_2002.json
2,TaiwanStockInstitutionalInvestorsBuySell,2006,2012-01-01,2026-08-01,2026-07-31T21:42:53.292460,15370,50c98b372c61f984f24ed1c6039e7e7730577c667d88b266f3f4621759a67928,https://api.finmindtrade.com/api/v4/data,0,success,rp001_data\phase2a\raw\TaiwanStockInstitutionalInvestorsBuySell_2006.json
2,TaiwanStockPrice,2006,2012-01-01,2026-08-01,2026-07-31T21:42:54.738256,3557,2628999ca9d0203f987958f36c9b77f217d397e0b5c7d94367cbd49f8f1d7428,https://api.finmindtrade.com/api/v4/data,0,success,rp001_data\phase2a\raw\TaiwanStockPrice_2006.json
2,TaiwanStockPER,2006,2012-01-01,2026-08-01,2026-07-31T21:42:55.900239,3560,b33c0550a901b36c5bded0f35ece3b2a192941ada15c120158a845d6759c2606,https://api.finmindtrade.com/api/v4/data,0,success,rp001_data\phase2a\raw\TaiwanStockPER_2006.json
2,TaiwanStockInstitutionalInvestorsBuySell,2007,2012-01-01,2026-08-01,2026-07-31T21:43:03.441494,13136,d4174c662cac359f7a33af558ddfbe97721d7a3825dcd730cee1492ed2431813,https://api.finmindtrade.com/api/v4/data,0,success,rp001_data\phase2a\raw\TaiwanStockInstitutionalInvestorsBuySell_2007.json
2,TaiwanStockPrice,2007,2012-01-01,2026-08-01,2026-07-31T21:43:04.596378,3557,4095be7f98d3aceda1320a4f6ed7ebce46fe000d19a8a6f959e0d3cf03252875,https://api.finmindtrade.com/api/v4/data,0,success,rp001_data\phase2a\raw\TaiwanStockPrice_2007.json
2,TaiwanStockPER,2007,2012-01-01,2026-08-01,2026-07-31T21:43:09.233323,3560,a4f281f73b2a38c1cd4b5b327e100278fd741b766ae0ae74d8257dfe94428e28,https://api.finmindtrade.com/api/v4/data,0,success,rp001_data\phase2a\raw\TaiwanStockPER_2007.json
2,TaiwanStockInstitutionalInvestorsBuySell,2008,2012-01-01,2026-08-01,2026-07-31T21:43:14.367007,11856,65334b270f8bb15bd7cd1f2f75ab410cf1fe377edb0dca82c693905362c730a7,https://api.finmindtrade.com/api/v4/data,0,success,rp001_data\phase2a\raw\TaiwanStockInstitutionalInvestorsBuySell_2008.json
2,TaiwanStockPrice,2008,2012-01-01,2026-08-01,2026-07-31T21:43:15.541199,3554,0491ff57dd0652d85162421cd21263f4ed9dd2333bc611cb6d97704bf85e667b,https://api.finmindtrade.com/api/v4/data,0,success,rp001_data\phase2a\raw\TaiwanStockPrice_2008.json
2,TaiwanStockPER,2008,2012-01-01,2026-08-01,2026-07-31T21:43:21.398776,3557,4b3a4881db98cf19c00943a31fe34d21e530cd2e96d2915c10c1ec7eb6400a69,https://api.finmindtrade.com/api/v4/data,0,success,rp001_data\phase2a\raw\TaiwanStockPER_2008.json
2,TaiwanStockInstitutionalInvestorsBuySell,2009,2012-01-01,2026-08-01,2026-07-31T21:43:27.501949,14798,f6a3c93dcda9a9efb237810845b645a0c12d8b11926e06640dbf78ddccc099f2,https://api.finmindtrade.com/api/v4/data,0,success,rp001_data\phase2a\raw\TaiwanStockInstitutionalInvestorsBuySell_2009.json
2,TaiwanStockPrice,2009,2012-01-01,2026-08-01,2026-07-31T21:43:28.621457,3564,71e54bb9782d1e1fecec46f78b2cfabdfc78b8a15cbedac5bef93c7c45dab64a,https://api.finmindtrade.com/api/v4/data,0,success,rp001_data\phase2a\raw\TaiwanStockPrice_2009.json
2,TaiwanStockPER,2009,2012-01-01,2026-08-01,2026-07-31T21:43:30.456802,3567,ecb1975410e0a78f76fa6266cc666ec51556e48bbc433d034b395d187a808147,https://api.finmindtrade.com/api/v4/data,0,success,rp001_data\phase2a\raw\TaiwanStockPER_2009.json
2,TaiwanStockInstitutionalInvestorsBuySell,2010,2012-01-01,2026-08-01,2026-07-31T21:43:31.553267,15232,023f62aabecd24f9947a88e51f093e1ae9de4d8cfda7c8857488b3a0e02198ab,https://api.finmindtrade.com/api/v4/data,0,success,rp001_data\phase2a\raw\TaiwanStockInstitutionalInvestorsBuySell_2010.json
2,TaiwanStockPrice,2010,2012-01-01,2026-08-01,2026-07-31T21:43:32.643033,3564,74ffe3291f610748fd4f883b925263d38b4a9fed3e40ea2ccb83db400d4852d7,https://api.finmindtrade.com/api/v4/data,0,success,rp001_data\phase2a\raw\TaiwanStockPrice_2010.json
2,TaiwanStockPER,2010,2012-01-01,2026-08-01,2026-07-31T21:43:39.531607,3567,7f32799302ff22b271e1bec508ed717c0df8c9e351f3955aa9d766929e99310b,https://api.finmindtrade.com/api/v4/data,0,success,rp001_data\phase2a\raw\TaiwanStockPER_2010.json
2,TaiwanStockInstitutionalInvestorsBuySell,2012,2012-01-01,2026-08-01,2026-07-31T21:43:43.896601,13956,fd75034652833f5a3c5a3d7bb69cac0802cc3b7bb34084e045f8a3031a325a2f,https://api.finmindtrade.com/api/v4/data,0,success,rp001_data\phase2a\raw\TaiwanStockInstitutionalInvestorsBuySell_2012.json
2,TaiwanStockPrice,2012,2012-01-01,2026-08-01,2026-07-31T21:43:45.106070,3564,cf3de873a8a890407cc3cfad4d8ce5e12db47d4ea1b8181f2143370793c167af,https://api.finmindtrade.com/api/v4/data,0,success,rp001_data\phase2a\raw\TaiwanStockPrice_2012.json
2,TaiwanStockPER,2012,2012-01-01,2026-08-01,2026-07-31T21:43:47.125276,3567,3a97876324f9eefd3b2d383699ceec32a8f80699e8bb5f566142c8703c0dcb59,https://api.finmindtrade.com/api/v4/data,0,success,rp001_data\phase2a\raw\TaiwanStockPER_2012.json
2,TaiwanStockInstitutionalInvestorsBuySell,2013,2012-01-01,2026-08-01,2026-07-31T21:43:50.252588,14954,6f4047e90174445198e49352ceddc3fbd0b9f8445e958c06115a1e4a5c4bedc4,https://api.finmindtrade.com/api/v4/data,0,success,rp001_data\phase2a\raw\TaiwanStockInstitutionalInvestorsBuySell_2013.json
2,TaiwanStockPrice,2013,2012-01-01,2026-08-01,2026-07-31T21:43:51.467072,3564,aa86975a1e5633976fa0af55221062c92bee4dcd18ba3d44b7b5eb127130f1b3,https://api.finmindtrade.com/api/v4/data,0,success,rp001_data\phase2a\raw\TaiwanStockPrice_2013.json
2,TaiwanStockPER,2013,2012-01-01,2026-08-01,2026-07-31T21:43:53.725561,3567,023fc56fd37f713d39d74dc8f6800c2941915fb477bed750d07d345c586f0abb,https://api.finmindtrade.com/api/v4/data,0,success,rp001_data\phase2a\raw\TaiwanStockPER_2013.json
2,TaiwanStockInstitutionalInvestorsBuySell,2014,2012-01-01,2026-08-01,2026-07-31T21:43:54.989387,15394,17b81849e0915dbbd01690e7836c69e649798219c917c457f90b9da2934e5b37,https://api.finmindtrade.com/api/v4/data,0,success,rp001_data\phase2a\raw\TaiwanStockInstitutionalInvestorsBuySell_2014.json
2,TaiwanStockPrice,2014,2012-01-01,2026-08-01,2026-07-31T21:43:56.448946,3564,1395491569572d67df2ab0785dd6055c78de69788115f69cf4f441806da18371,https://api.finmindtrade.com/api/v4/data,0,success,rp001_data\phase2a\raw\TaiwanStockPrice_2014.json
2,TaiwanStockPER,2014,2012-01-01,2026-08-01,2026-07-31T21:43:57.451631,3567,3ad4ca222a7f572a72ae7fc6b5fa5d0c5e1f015f386f1e67de1b0fdf84993453,https://api.finmindtrade.com/api/v4/data,0,success,rp001_data\phase2a\raw\TaiwanStockPER_2014.json
2,TaiwanStockInstitutionalInvestorsBuySell,2015,2012-01-01,2026-08-01,2026-07-31T21:43:58.585248,15413,32bdf765de19e7a1bf5e4c6643a48004f52f921946b88668954e196c2ffa0a9f,https://api.finmindtrade.com/api/v4/data,0,success,rp001_data\phase2a\raw\TaiwanStockInstitutionalInvestorsBuySell_2015.json
2,TaiwanStockPrice,2015,2012-01-01,2026-08-01,2026-07-31T21:44:00.247151,3564,b58035ecd89eb9d091bef2c980529322ed3fd4fabe1249a0c8f72cd09e9c42af,https://api.finmindtrade.com/api/v4/data,0,success,rp001_data\phase2a\raw\TaiwanStockPrice_2015.json
2,TaiwanStockPER,2015,2012-01-01,2026-08-01,2026-07-31T21:44:01.224310,3567,4bac72e0e007a70815c16a021c8a1242822d68b8935b3deef73716427ed7096b,https://api.finmindtrade.com/api/v4/data,0,success,rp001_data\phase2a\raw\TaiwanStockPER_2015.json
2,TaiwanStockInstitutionalInvestorsBuySell,2017,2012-01-01,2026-08-01,2026-07-31T21:44:02.502466,15057,ec2c0f10db533809ab4c6e68d827a6d05f819fb6c5634551c776dd24783cee9b,https://api.finmindtrade.com/api/v4/data,0,success,rp001_data\phase2a\raw\TaiwanStockInstitutionalInvestorsBuySell_2017.json
2,TaiwanStockPrice,2017,2012-01-01,2026-08-01,2026-07-31T21:44:03.645371,3555,799814f46d978090a7f98be766369366e5e173c2388064b8a7144ad0d98e61c8,https://api.finmindtrade.com/api/v4/data,0,success,rp001_data\phase2a\raw\TaiwanStockPrice_2017.json
2,TaiwanStockPER,2017,2012-01-01,2026-08-01,2026-07-31T21:44:04.516249,3557,67601b926a468febd11fa4bfd04693d2a9503dadfab100b786c25f0cc4ddf16f,https://api.finmindtrade.com/api/v4/data,0,success,rp001_data\phase2a\raw\TaiwanStockPER_2017.json
2,TaiwanStockInstitutionalInvestorsBuySell,2020,2012-01-01,2026-08-01,2026-07-31T21:44:05.563024,15055,626325fc2554ff1402e42bcf6d17a3bbe4df68dc872dfd001db4f2156d7c6295,https://api.finmindtrade.com/api/v4/data,0,success,rp001_data\phase2a\raw\TaiwanStockInstitutionalInvestorsBuySell_2020.json
2,TaiwanStockPrice,2020,2012-01-01,2026-08-01,2026-07-31T21:44:06.863934,3564,d50a81f556fe625bf6c92f3ef1103589f12978ca46f9599933c18653b28acb9d,https://api.finmindtrade.com/api/v4/data,0,success,rp001_data\phase2a\raw\TaiwanStockPrice_2020.json
2,TaiwanStockPER,2020,2012-01-01,2026-08-01,2026-07-31T21:44:07.904876,3567,6f24ba241ff8cf74e2fe89b7b364a6881cb649baa8b27fa623943288db00af18,https://api.finmindtrade.com/api/v4/data,0,success,rp001_data\phase2a\raw\TaiwanStockPER_2020.json
2,TaiwanStockInstitutionalInvestorsBuySell,2022,2012-01-01,2026-08-01,2026-07-31T21:44:08.988820,15112,9b69663175dbabbdd94d9b5f5c48ff8b7806cd665e6d3b50a2769c5f1f48cc3d,https://api.finmindtrade.com/api/v4/data,0,success,rp001_data\phase2a\raw\TaiwanStockInstitutionalInvestorsBuySell_2022.json
2,TaiwanStockPrice,2022,2012-01-01,2026-08-01,2026-07-31T21:44:11.528224,3550,835bfffa6ae9308446c5ee3da3522190db3de273037bbf00fa5ef41a35c6588c,https://api.finmindtrade.com/api/v4/data,0,success,rp001_data\phase2a\raw\TaiwanStockPrice_2022.json
2,TaiwanStockPER,2022,2012-01-01,2026-08-01,2026-07-31T21:44:12.709885,3553,f08c506c72e8c765f452b0986d4fc3b6d34340ff030176b9e4c3b94b21f9c7d6,https://api.finmindtrade.com/api/v4/data,0,success,rp001_data\phase2a\raw\TaiwanStockPER_2022.json
2,TaiwanStockInstitutionalInvestorsBuySell,2023,2012-01-01,2026-08-01,2026-07-31T21:44:13.913521,15409,6ca516d46e18545613ecf0b136bc3b6f55a160f87dafbc641809a50125fa316f,https://api.finmindtrade.com/api/v4/data,0,success,rp001_data\phase2a\raw\TaiwanStockInstitutionalInvestorsBuySell_2023.json
2,TaiwanStockPrice,2023,2012-01-01,2026-08-01,2026-07-31T21:44:15.240970,3564,f632ee1b0065fab773263845ffaed62f8816bd7172b7892549d5b7ac2e0ca2e7,https://api.finmindtrade.com/api/v4/data,0,success,rp001_data\phase2a\raw\TaiwanStockPrice_2023.json
2,TaiwanStockPER,2023,2012-01-01,2026-08-01,2026-07-31T21:44:16.279163,3567,9db716b440c583252ae39dd76f55efd15c0750773b3188452f318a0ef5a2e9b8,https://api.finmindtrade.com/api/v4/data,0,success,rp001_data\phase2a\raw\TaiwanStockPER_2023.json
2,TaiwanStockInstitutionalInvestorsBuySell,2024,2012-01-01,2026-08-01,2026-07-31T21:44:17.312632,13115,ad85c0a8e45a0a9720d1b7d8977b1c6ae92f4d8571450c3d599bc1b174b7523d,https://api.finmindtrade.com/api/v4/data,0,success,rp001_data\phase2a\raw\TaiwanStockInstitutionalInvestorsBuySell_2024.json
2,TaiwanStockPrice,2024,2012-01-01,2026-08-01,2026-07-31T21:44:18.484491,3564,8ae9760dfdca9a0c33347a5b8d64c70166482566cdbbb01cb3fd3c41c24790a3,https://api.finmindtrade.com/api/v4/data,0,success,rp001_data\phase2a\raw\TaiwanStockPrice_2024.json
2,TaiwanStockPER,2024,2012-01-01,2026-08-01,2026-07-31T21:44:19.428405,3567,cad05060ba22e692d967df73003efd62ada2d009024d42550e1f86047b5082dd,https://api.finmindtrade.com/api/v4/data,0,success,rp001_data\phase2a\raw\TaiwanStockPER_2024.json
2,TaiwanStockInstitutionalInvestorsBuySell,2025,2012-01-01,2026-08-01,2026-07-31T21:44:20.335083,8263,7f3e6615889c1b6c2ee03f2dd0b151f894d0eae2fcbfd3ec9436f91fd3ad2dc7,https://api.finmindtrade.com/api/v4/data,0,success,rp001_data\phase2a\raw\TaiwanStockInstitutionalInvestorsBuySell_2025.json
2,TaiwanStockPrice,2025,2012-01-01,2026-08-01,2026-07-31T21:44:21.319550,3332,6dc35f83110a6dd7662520e0a3610a31f92107b2471ed93933e142f5412628b4,https://api.finmindtrade.com/api/v4/data,0,success,rp001_data\phase2a\raw\TaiwanStockPrice_2025.json
2,TaiwanStockPER,2025,2012-01-01,2026-08-01,2026-07-31T21:44:22.419484,3335,376b18fe8a47573e3c07049e5caf2c3fcc309df5ec47b8b8b3b6728cb462bffd,https://api.finmindtrade.com/api/v4/data,0,success,rp001_data\phase2a\raw\TaiwanStockPER_2025.json
2,TaiwanStockInstitutionalInvestorsBuySell,2027,2012-01-01,2026-08-01,2026-07-31T21:44:23.647804,15395,bb10d0449523c03a047e5bc085216b6f9df0c95859cdee568e88dc92bb384ac5,https://api.finmindtrade.com/api/v4/data,0,success,rp001_data\phase2a\raw\TaiwanStockInstitutionalInvestorsBuySell_2027.json
2,TaiwanStockPrice,2027,2012-01-01,2026-08-01,2026-07-31T21:44:25.292704,3564,ac3c9bccbb21d2a4f2b5221632b19b219c0c7a860031676c6139d2959a9231e2,https://api.finmindtrade.com/api/v4/data,0,success,rp001_data\phase2a\raw\TaiwanStockPrice_2027.json
2,TaiwanStockPER,2027,2012-01-01,2026-08-01,2026-07-31T21:44:26.627131,3567,f53bfd2cba24c2dc8f5d79a8ab3a02a2546a84eaed88de4e6ec9ac05f8517717,https://api.finmindtrade.com/api/v4/data,0,success,rp001_data\phase2a\raw\TaiwanStockPER_2027.json
2,TaiwanStockInstitutionalInvestorsBuySell,2028,2012-01-01,2026-08-01,2026-07-31T21:44:27.864600,12197,11e8f1c99c2fcbdb4af7024499e28ad9434113a67f046430e6c935f642999994,https://api.finmindtrade.com/api/v4/data,0,success,rp001_data\phase2a\raw\TaiwanStockInstitutionalInvestorsBuySell_2028.json
2,TaiwanStockPrice,2028,2012-01-01,2026-08-01,2026-07-31T21:44:29.448436,3556,4a8b32afb407f7f0f07dd664591bd0d02c1212c2c972775c639d08da396165c6,https://api.finmindtrade.com/api/v4/data,0,success,rp001_data\phase2a\raw\TaiwanStockPrice_2028.json
2,TaiwanStockPER,2028,2012-01-01,2026-08-01,2026-07-31T21:44:31.429568,3559,f8be112176156c206af5b5befa487f46594f29c7d9ae3d824ca02a786a728728,https://api.finmindtrade.com/api/v4/data,0,success,rp001_data\phase2a\raw\TaiwanStockPER_2028.json
2,TaiwanStockInstitutionalInvestorsBuySell,2029,2012-01-01,2026-08-01,2026-07-31T21:44:32.524171,15171,8fc3e95a2df4fb749efb76f6a265825f1efdd90e2fcfe72dd1c0b7e055af59c7,https://api.finmindtrade.com/api/v4/data,0,success,rp001_data\phase2a\raw\TaiwanStockInstitutionalInvestorsBuySell_2029.json
2,TaiwanStockPrice,2029,2012-01-01,2026-08-01,2026-07-31T21:44:33.597260,3564,fb14ccaeca2e5357ac51059a82aaa7f6d5ba30a2240335dd56db3c5ae87ec609,https://api.finmindtrade.com/api/v4/data,0,success,rp001_data\phase2a\raw\TaiwanStockPrice_2029.json
2,TaiwanStockPER,2029,2012-01-01,2026-08-01,2026-07-31T21:44:34.542345,3567,35ce1e87899cb7e18489ec4945ca71661d8281ebd15838f9778f6eaaff773736,https://api.finmindtrade.com/api/v4/data,0,success,rp001_data\phase2a\raw\TaiwanStockPER_2029.json
2,TaiwanStockInstitutionalInvestorsBuySell,2030,2012-01-01,2026-08-01,2026-07-31T21:44:35.515183,15225,0f85f0a95eec70e685a93ce1b5e2201ddd722646f925cbf4b12818b3615a6205,https://api.finmindtrade.com/api/v4/data,0,success,rp001_data\phase2a\raw\TaiwanStockInstitutionalInvestorsBuySell_2030.json
2,TaiwanStockPrice,2030,2012-01-01,2026-08-01,2026-07-31T21:44:36.606614,3564,a2576d350fc5fd6d59e2c92382c48880450236e419eaa6ba33cbb8d5c80d2fda,https://api.finmindtrade.com/api/v4/data,0,success,rp001_data\phase2a\raw\TaiwanStockPrice_2030.json
2,TaiwanStockPER,2030,2012-01-01,2026-08-01,2026-07-31T21:44:37.718051,3567,7f6cbb7fbca3532faa6cd2b6599033787d4b009f6f84fca4ed1fc701859557d0,https://api.finmindtrade.com/api/v4/data,0,success,rp001_data\phase2a\raw\TaiwanStockPER_2030.json
2,TaiwanStockInstitutionalInvestorsBuySell,2031,2012-01-01,2026-08-01,2026-07-31T21:44:38.870174,15381,1c2733b52339fdf0a4a10aeac1cf1f97050c01216ef5cb1a62a8f22bd6022d9c,https://api.finmindtrade.com/api/v4/data,0,success,rp001_data\phase2a\raw\TaiwanStockInstitutionalInvestorsBuySell_2031.json
2,TaiwanStockPrice,2031,2012-01-01,2026-08-01,2026-07-31T21:44:40.122341,3564,83c612f3597bf4bfe4fba2ecab6f549b92da248b672b7aad30801693328c9991,https://api.finmindtrade.com/api/v4/data,0,success,rp001_data\phase2a\raw\TaiwanStockPrice_2031.json
2,TaiwanStockPER,2031,2012-01-01,2026-08-01,2026-07-31T21:44:41.645227,3567,53c0c2a0b6ecffd98795f6cf3a3e04d78099bc041686458e069776c112acbfb3,https://api.finmindtrade.com/api/v4/data,0,success,rp001_data\phase2a\raw\TaiwanStockPER_2031.json
2,TaiwanStockInstitutionalInvestorsBuySell,2032,2012-01-01,2026-08-01,2026-07-31T21:44:42.779351,13720,4bd1d70e7b8042c672a1c666b3ab1c8cfb1cba8003806311885f2e5f0ba609a2,https://api.finmindtrade.com/api/v4/data,0,success,rp001_data\phase2a\raw\TaiwanStockInstitutionalInvestorsBuySell_2032.json
2,TaiwanStockPrice,2032,2012-01-01,2026-08-01,2026-07-31T21:44:43.780866,3564,beaec5fb2405994872926390a00b8378ca23bc3d74f50906782fcf8f7cd2eefa,https://api.finmindtrade.com/api/v4/data,0,success,rp001_data\phase2a\raw\TaiwanStockPrice_2032.json
2,TaiwanStockPER,2032,2012-01-01,2026-08-01,2026-07-31T21:44:44.649173,3567,569bdf90466c53a59f2b403fbba258fe3ebb04ae25f5f5039e13fa9b9f674412,https://api.finmindtrade.com/api/v4/data,0,success,rp001_data\phase2a\raw\TaiwanStockPER_2032.json
2,TaiwanStockInstitutionalInvestorsBuySell,2033,2012-01-01,2026-08-01,2026-07-31T21:44:45.997366,12606,0d72f6230111b168bf6bb1288c18e04d886aa9b791198c338ea782edfa56362a,https://api.finmindtrade.com/api/v4/data,0,success,rp001_data\phase2a\raw\TaiwanStockInstitutionalInvestorsBuySell_2033.json
2,TaiwanStockPrice,2033,2012-01-01,2026-08-01,2026-07-31T21:44:47.057848,3564,d7bd46a96a12d90a3c1c386bb7583237080434ca5c4566f166be93ac2de78935,https://api.finmindtrade.com/api/v4/data,0,success,rp001_data\phase2a\raw\TaiwanStockPrice_2033.json
2,TaiwanStockPER,2033,2012-01-01,2026-08-01,2026-07-31T21:44:47.990472,3567,39fea541c89be2eb5b9c7cd23840829d3e00d577387bffe30f59a77f65bee714,https://api.finmindtrade.com/api/v4/data,0,success,rp001_data\phase2a\raw\TaiwanStockPER_2033.json
2,TaiwanStockInstitutionalInvestorsBuySell,2034,2012-01-01,2026-08-01,2026-07-31T21:44:49.466280,15399,c3a81daebc1f6ed950faed25df6e5a9160cfdeb1ec831510cf70eb51a22b248c,https://api.finmindtrade.com/api/v4/data,0,success,rp001_data\phase2a\raw\TaiwanStockInstitutionalInvestorsBuySell_2034.json
2,TaiwanStockPrice,2034,2012-01-01,2026-08-01,2026-07-31T21:44:50.651493,3564,98b179cbec54bc9556f9a6ca5585bed4fbc0a474a0dd1a820b23a7d79a211e24,https://api.finmindtrade.com/api/v4/data,0,success,rp001_data\phase2a\raw\TaiwanStockPrice_2034.json
2,TaiwanStockPER,2034,2012-01-01,2026-08-01,2026-07-31T21:44:51.491588,3567,a44207dfd0175348442d39754b52387593ab4cb07927f3b861522d016a9a3aa7,https://api.finmindtrade.com/api/v4/data,0,success,rp001_data\phase2a\raw\TaiwanStockPER_2034.json
2,TaiwanStockInstitutionalInvestorsBuySell,2038,2012-01-01,2026-08-01,2026-07-31T21:44:52.908729,13919,ea9a2d452e9f4b24a4ab2cd085ebfe4622fc8e5fc237765701b8763cbfd1bdc1,https://api.finmindtrade.com/api/v4/data,0,success,rp001_data\phase2a\raw\TaiwanStockInstitutionalInvestorsBuySell_2038.json
2,TaiwanStockPrice,2038,2012-01-01,2026-08-01,2026-07-31T21:44:53.978163,3564,f580d57db3ad7cb3c1de356d4542ab4e9ec2f7b19047be786908ce6795526a92,https://api.finmindtrade.com/api/v4/data,0,success,rp001_data\phase2a\raw\TaiwanStockPrice_2038.json
2,TaiwanStockPER,2038,2012-01-01,2026-08-01,2026-07-31T21:44:57.899217,3567,1caf18f0db1706acee645bb97e62411f898e1c66d9d4cb1f50511384fa58954e,https://api.finmindtrade.com/api/v4/data,0,success,rp001_data\phase2a\raw\TaiwanStockPER_2038.json
2,TaiwanStockInstitutionalInvestorsBuySell,2049,2012-01-01,2026-08-01,2026-07-31T21:44:59.059533,15407,dee13ee48d82370db1c6b1383b22ec9243ebd48166410f747213735ea712a6ac,https://api.finmindtrade.com/api/v4/data,0,success,rp001_data\phase2a\raw\TaiwanStockInstitutionalInvestorsBuySell_2049.json
2,TaiwanStockPrice,2049,2012-01-01,2026-08-01,2026-07-31T21:45:00.169123,3564,ec266cc3cabad1704c2f721af9e3158e067e936a165dffd74e0813bb25fb3745,https://api.finmindtrade.com/api/v4/data,0,success,rp001_data\phase2a\raw\TaiwanStockPrice_2049.json
2,TaiwanStockPER,2049,2012-01-01,2026-08-01,2026-07-31T21:45:01.031327,3567,5e295e72ed5e75917528b43d693f082eb9cbd901d0cd7a068f4134914287312b,https://api.finmindtrade.com/api/v4/data,0,success,rp001_data\phase2a\raw\TaiwanStockPER_2049.json
2,TaiwanStockInstitutionalInvestorsBuySell,2059,2012-01-01,2026-08-01,2026-07-31T21:45:02.083698,15413,163cd754d907532dfe6ff62d4d3f48ee0051273fb967f78b878f02329f846d6b,https://api.finmindtrade.com/api/v4/data,0,success,rp001_data\phase2a\raw\TaiwanStockInstitutionalInvestorsBuySell_2059.json
2,TaiwanStockPrice,2059,2012-01-01,2026-08-01,2026-07-31T21:45:03.337717,3564,310373b9a97b23383b618c422e0c5a4296b5ddf1e2d7ed0264b3ea42c9867547,https://api.finmindtrade.com/api/v4/data,0,success,rp001_data\phase2a\raw\TaiwanStockPrice_2059.json
2,TaiwanStockPER,2059,2012-01-01,2026-08-01,2026-07-31T21:45:06.132618,3567,40cebf74c0a252e0ed3991c9279eaa14041e42a2d9ea0e8a23cfd20528368701,https://api.finmindtrade.com/api/v4/data,0,success,rp001_data\phase2a\raw\TaiwanStockPER_2059.json
2,TaiwanStockInstitutionalInvestorsBuySell,2062,2012-01-01,2026-08-01,2026-07-31T21:45:07.496352,15325,bd0451b392c57721d18d307c169e69be46cd2d03ad2f9b9f4ac429896ea4c9fa,https://api.finmindtrade.com/api/v4/data,0,success,rp001_data\phase2a\raw\TaiwanStockInstitutionalInvestorsBuySell_2062.json
2,TaiwanStockPrice,2062,2012-01-01,2026-08-01,2026-07-31T21:45:08.581265,3564,ece9a05c736d2595e6d4105cc301d9d1a885336b0f0caae03a9ad30af4c3bf21,https://api.finmindtrade.com/api/v4/data,0,success,rp001_data\phase2a\raw\TaiwanStockPrice_2062.json
2,TaiwanStockPER,2062,2012-01-01,2026-08-01,2026-07-31T21:45:12.223064,3567,2563d0611d32a67e7c90e7457bf6072123edf7747a0d4994464531818750d4f1,https://api.finmindtrade.com/api/v4/data,0,success,rp001_data\phase2a\raw\TaiwanStockPER_2062.json
2,TaiwanStockInstitutionalInvestorsBuySell,2069,2012-01-01,2026-08-01,2026-07-31T21:45:13.233869,11681,542f55fcaa820ae1a0fed29d57a9fd7c8f23aaaf4c1b1232df40f06aabc71256,https://api.finmindtrade.com/api/v4/data,0,success,rp001_data\phase2a\raw\TaiwanStockInstitutionalInvestorsBuySell_2069.json
2,TaiwanStockPrice,2069,2012-01-01,2026-08-01,2026-07-31T21:45:14.257619,2796,b660a0454011a2004ff8eb1f3038c3a48f8de1d7e9fe7691a22b87cab6a160ae,https://api.finmindtrade.com/api/v4/data,0,success,rp001_data\phase2a\raw\TaiwanStockPrice_2069.json
2,TaiwanStockPER,2069,2012-01-01,2026-08-01,2026-07-31T21:45:16.141997,2529,63c8d992629cdfc1add4a889c1235ba8a0b4f49f0dc23017410f94e61aba1cbd,https://api.finmindtrade.com/api/v4/data,0,success,rp001_data\phase2a\raw\TaiwanStockPER_2069.json
2,TaiwanStockInstitutionalInvestorsBuySell,2072,2012-01-01,2026-08-01,2026-07-31T21:45:20.215626,2312,2a27d4f9297d122fbb1d00f9feab203c818ebc6dc4c6f1ef83044116d8adad8a,https://api.finmindtrade.com/api/v4/data,0,success,rp001_data\phase2a\raw\TaiwanStockInstitutionalInvestorsBuySell_2072.json
2,TaiwanStockPrice,2072,2012-01-01,2026-08-01,2026-07-31T21:45:21.480812,1376,f6058bde7ec2b6a35c2a0fce934dc492634d28f615afaaabf989812c454496bf,https://api.finmindtrade.com/api/v4/data,0,success,rp001_data\phase2a\raw\TaiwanStockPrice_2072.json
2,TaiwanStockPER,2072,2012-01-01,2026-08-01,2026-07-31T21:45:23.543883,88,fc94c66714d799720532c7f9783822726c57086ca4bdeb8ee92a357a8727cc10,https://api.finmindtrade.com/api/v4/data,0,success,rp001_data\phase2a\raw\TaiwanStockPER_2072.json
2,TaiwanStockInstitutionalInvestorsBuySell,2101,2012-01-01,2026-08-01,2026-07-31T21:45:24.506176,15373,f8c0d49a6eae159a4af0c651cce4ba052f02aabf385a0b551b1c396bfeffe637,https://api.finmindtrade.com/api/v4/data,0,success,rp001_data\phase2a\raw\TaiwanStockInstitutionalInvestorsBuySell_2101.json
2,TaiwanStockPrice,2101,2012-01-01,2026-08-01,2026-07-31T21:45:26.130356,3557,7e0152097751513ef45e8c190c4cf1280559a460eb2508f89d6631ce9bdc2fe9,https://api.finmindtrade.com/api/v4/data,0,success,rp001_data\phase2a\raw\TaiwanStockPrice_2101.json
2,TaiwanStockPER,2101,2012-01-01,2026-08-01,2026-07-31T21:45:28.705851,3560,59d472047a29248f8330684b3b56c5cfab678a6141f938d596661c09716e334c,https://api.finmindtrade.com/api/v4/data,0,success,rp001_data\phase2a\raw\TaiwanStockPER_2101.json
2,TaiwanStockInstitutionalInvestorsBuySell,2102,2012-01-01,2026-08-01,2026-07-31T21:45:29.802861,15378,8b88e836a393f3ef09a7d32dbd55beddae1df066861d0ddb9c1510d3433f050e,https://api.finmindtrade.com/api/v4/data,0,success,rp001_data\phase2a\raw\TaiwanStockInstitutionalInvestorsBuySell_2102.json
2,TaiwanStockPrice,2102,2012-01-01,2026-08-01,2026-07-31T21:45:31.048209,3563,6be40449b4aed6ae30b8e7bfc0f9753747f2ce2f9262d88bbe89960b02eff85c,https://api.finmindtrade.com/api/v4/data,0,success,rp001_data\phase2a\raw\TaiwanStockPrice_2102.json
2,TaiwanStockPER,2102,2012-01-01,2026-08-01,2026-07-31T21:45:33.262427,3567,a0358cc45c3a545776a212af67ea07307980000296c403a286eddabbb35503fc,https://api.finmindtrade.com/api/v4/data,0,success,rp001_data\phase2a\raw\TaiwanStockPER_2102.json
2,TaiwanStockInstitutionalInvestorsBuySell,2103,2012-01-01,2026-08-01,2026-07-31T21:45:34.670160,15413,5d12d7a1701b061b3e8041d4e075d14f4fba0e86ac30bfec25ca2f7291943e52,https://api.finmindtrade.com/api/v4/data,0,success,rp001_data\phase2a\raw\TaiwanStockInstitutionalInvestorsBuySell_2103.json
2,TaiwanStockPrice,2103,2012-01-01,2026-08-01,2026-07-31T21:45:36.480280,3564,ba59197aaa07f53e7dc4b9d0030d465bccecfa26374c90f46087c896d76e65fd,https://api.finmindtrade.com/api/v4/data,0,success,rp001_data\phase2a\raw\TaiwanStockPrice_2103.json
2,TaiwanStockPER,2103,2012-01-01,2026-08-01,2026-07-31T21:45:38.540552,3567,3fb02983886db361a028c61076162522722dcda1cb385a54291e5a12b60c20d5,https://api.finmindtrade.com/api/v4/data,0,success,rp001_data\phase2a\raw\TaiwanStockPER_2103.json
2,TaiwanStockInstitutionalInvestorsBuySell,2104,2012-01-01,2026-08-01,2026-07-31T21:45:40.630277,15399,7ac342287928e12ce6b0611d02d861f28cd6e4abb9d0d73299096e824913ba51,https://api.finmindtrade.com/api/v4/data,0,success,rp001_data\phase2a\raw\TaiwanStockInstitutionalInvestorsBuySell_2104.json
2,TaiwanStockPrice,2104,2012-01-01,2026-08-01,2026-07-31T21:45:41.716981,3564,dbec9e27b6d20114e31c19e0179c211b2c27255f19f849151a331ce2166e3eb2,https://api.finmindtrade.com/api/v4/data,0,success,rp001_data\phase2a\raw\TaiwanStockPrice_2104.json
2,TaiwanStockPER,2104,2012-01-01,2026-08-01,2026-07-31T21:45:44.527908,3567,160ef932718fa1b273c1fdd40d257201f64e8df3cb691eec85d0f0a0163dae11,https://api.finmindtrade.com/api/v4/data,0,success,rp001_data\phase2a\raw\TaiwanStockPER_2104.json
2,TaiwanStockInstitutionalInvestorsBuySell,2105,2012-01-01,2026-08-01,2026-07-31T21:45:45.605114,15417,1ad6af78dec968200ec60070d960e644a5de8c3b95a4a178971ad6e8b5bf38d6,https://api.finmindtrade.com/api/v4/data,0,success,rp001_data\phase2a\raw\TaiwanStockInstitutionalInvestorsBuySell_2105.json
2,TaiwanStockPrice,2105,2012-01-01,2026-08-01,2026-07-31T21:45:46.771334,3564,840627294ed0b98eacb0ef323f7b7d5b57ab143b0b8271c3a8284168c92786e6,https://api.finmindtrade.com/api/v4/data,0,success,rp001_data\phase2a\raw\TaiwanStockPrice_2105.json
2,TaiwanStockPER,2105,2012-01-01,2026-08-01,2026-07-31T21:45:49.939705,3567,de5014faf6666f19075feabca1b6826585d9a230fcfdd0799370522e68e87aa7,https://api.finmindtrade.com/api/v4/data,0,success,rp001_data\phase2a\raw\TaiwanStockPER_2105.json
2,TaiwanStockInstitutionalInvestorsBuySell,2106,2012-01-01,2026-08-01,2026-07-31T21:45:51.114961,15395,6d8853f026cbedb05c9841e90e421c3be09bd270e1a4e72c2c2cc7fd6ace49db,https://api.finmindtrade.com/api/v4/data,0,success,rp001_data\phase2a\raw\TaiwanStockInstitutionalInvestorsBuySell_2106.json
2,TaiwanStockPrice,2106,2012-01-01,2026-08-01,2026-07-31T21:45:52.273986,3564,9e65602fa3cea51ce7c98cb7fb7da291708a57f171f5a762f6669d740decbea6,https://api.finmindtrade.com/api/v4/data,0,success,rp001_data\phase2a\raw\TaiwanStockPrice_2106.json
2,TaiwanStockPER,2106,2012-01-01,2026-08-01,2026-07-31T21:45:54.871190,3567,103f1fbc9917e92ca57133a33bcd2bf5ff8784220b03d2a2c9c213ab5fc6b176,https://api.finmindtrade.com/api/v4/data,0,success,rp001_data\phase2a\raw\TaiwanStockPER_2106.json
2,TaiwanStockInstitutionalInvestorsBuySell,2107,2012-01-01,2026-08-01,2026-07-31T21:45:55.971107,15282,a3cbd7c87a451ad99e7a7a7cf8e08ed223edc5dc62ed92abe80638469fdf63aa,https://api.finmindtrade.com/api/v4/data,0,success,rp001_data\phase2a\raw\TaiwanStockInstitutionalInvestorsBuySell_2107.json
2,TaiwanStockPrice,2107,2012-01-01,2026-08-01,2026-07-31T21:45:56.984111,3539,12eac2829a0ed5c2f2edf826b3e516d64b544da839456ffe5dd2bf2b92da3b6b,https://api.finmindtrade.com/api/v4/data,0,success,rp001_data\phase2a\raw\TaiwanStockPrice_2107.json
2,TaiwanStockPER,2107,2012-01-01,2026-08-01,2026-07-31T21:45:57.911773,3542,8932ecdbd0181aa73a235891f040b55618f290f14f41a6b11b2e51745df411ba,https://api.finmindtrade.com/api/v4/data,0,success,rp001_data\phase2a\raw\TaiwanStockPER_2107.json
3,TaiwanStockInstitutionalInvestorsBuySell,2108,2012-01-01,2026-08-01,2026-07-31T21:50:41.392791,15378,b06ac204f531be7b9fe0680e81e233cd22f77d8b5b22835121c065cea97ae94f,https://api.finmindtrade.com/api/v4/data,0,success,rp001_data\phase2a\raw\TaiwanStockInstitutionalInvestorsBuySell_2108.json
3,TaiwanStockPrice,2108,2012-01-01,2026-08-01,2026-07-31T21:50:42.495240,3564,7c258fd785e66b364d9ceedeb4be2a0a5eae736b667b49cab411ad46a8c47cf0,https://api.finmindtrade.com/api/v4/data,0,success,rp001_data\phase2a\raw\TaiwanStockPrice_2108.json
3,TaiwanStockPER,2108,2012-01-01,2026-08-01,2026-07-31T21:50:45.986583,3567,7a37af59fae954b89f8c436a9702eb71b8b124a6da04f2af587e2d5965f7ae24,https://api.finmindtrade.com/api/v4/data,0,success,rp001_data\phase2a\raw\TaiwanStockPER_2108.json
3,TaiwanStockInstitutionalInvestorsBuySell,2109,2012-01-01,2026-08-01,2026-07-31T21:50:56.267632,14670,7cff1b0afd9ff509fe905aee015ef6318b9ba99b6e23c24e77bb81593671002b,https://api.finmindtrade.com/api/v4/data,0,success,rp001_data\phase2a\raw\TaiwanStockInstitutionalInvestorsBuySell_2109.json
3,TaiwanStockPrice,2109,2012-01-01,2026-08-01,2026-07-31T21:50:57.523442,3547,f2cd87185a80b5818b33e88f9a6416c8e7e0bab4af65145de71cd73c561c0434,https://api.finmindtrade.com/api/v4/data,0,success,rp001_data\phase2a\raw\TaiwanStockPrice_2109.json
3,TaiwanStockPER,2109,2012-01-01,2026-08-01,2026-07-31T21:51:03.030787,3550,3564d0443ec6867b45a092da1258ea6c774aa47bcee3ffe3276cd117219a7d37,https://api.finmindtrade.com/api/v4/data,0,success,rp001_data\phase2a\raw\TaiwanStockPER_2109.json
3,TaiwanStockInstitutionalInvestorsBuySell,2114,2012-01-01,2026-08-01,2026-07-31T21:51:14.309156,14190,a2ce439eac3db7028fc25215c2b87854e934b77d81828ae6cca240a9fb31c1f8,https://api.finmindtrade.com/api/v4/data,0,success,rp001_data\phase2a\raw\TaiwanStockInstitutionalInvestorsBuySell_2114.json
3,TaiwanStockPrice,2114,2012-01-01,2026-08-01,2026-07-31T21:51:15.401865,3564,dd1eee76f9128710c361120f741d139e3d4bdd10e783ac1057587fd59c6749c8,https://api.finmindtrade.com/api/v4/data,0,success,rp001_data\phase2a\raw\TaiwanStockPrice_2114.json
3,TaiwanStockPER,2114,2012-01-01,2026-08-01,2026-07-31T21:51:30.989158,3567,81b5b71e77e5c96dd04c23765c411c3bc57b175f14505b609488fce11725f340,https://api.finmindtrade.com/api/v4/data,0,success,rp001_data\phase2a\raw\TaiwanStockPER_2114.json
3,TaiwanStockInstitutionalInvestorsBuySell,2115,2012-01-01,2026-08-01,2026-07-31T21:51:35.639492,12636,1798099f9bbabd3ee3dd7d1e7b6c24ca761ce08a46d7bbb3bae4792b51cf9bcb,https://api.finmindtrade.com/api/v4/data,0,success,rp001_data\phase2a\raw\TaiwanStockInstitutionalInvestorsBuySell_2115.json
3,TaiwanStockPrice,2115,2012-01-01,2026-08-01,2026-07-31T21:51:36.856491,3073,f142204cb1c8fe01274e61064312edb4da0e0301990ef99afa3abe5e30ba0a41,https://api.finmindtrade.com/api/v4/data,0,success,rp001_data\phase2a\raw\TaiwanStockPrice_2115.json
3,TaiwanStockPER,2115,2012-01-01,2026-08-01,2026-07-31T21:51:48.992487,3076,3d573dcedd53931651939e26a4aed0eb6615089a00f0b06d3e5f996fb3ca08a2,https://api.finmindtrade.com/api/v4/data,0,success,rp001_data\phase2a\raw\TaiwanStockPER_2115.json
3,TaiwanStockInstitutionalInvestorsBuySell,2201,2012-01-01,2026-08-01,2026-07-31T21:51:54.079962,15373,5902e7c5c60242884ba1919507270fa165a0bbb5938f45b6ef05c57ece5a087a,https://api.finmindtrade.com/api/v4/data,0,success,rp001_data\phase2a\raw\TaiwanStockInstitutionalInvestorsBuySell_2201.json
3,TaiwanStockPrice,2201,2012-01-01,2026-08-01,2026-07-31T21:51:55.379525,3557,2920c6a0d05e75bf5897479110c3d12949b867e8cd6282023a0d197d00d83a55,https://api.finmindtrade.com/api/v4/data,0,success,rp001_data\phase2a\raw\TaiwanStockPrice_2201.json
3,TaiwanStockPER,2201,2012-01-01,2026-08-01,2026-07-31T21:51:56.731667,3560,741a3efe0be040551d7ff87f8b3d30f092787374721f439f7034feb24b256450,https://api.finmindtrade.com/api/v4/data,0,success,rp001_data\phase2a\raw\TaiwanStockPER_2201.json
3,TaiwanStockInstitutionalInvestorsBuySell,2204,2012-01-01,2026-08-01,2026-07-31T21:52:04.231062,15374,0b350bdac58a1b09c586ea9cef2d6e88bda51aeff1ba026c475c31fdde9866fe,https://api.finmindtrade.com/api/v4/data,0,success,rp001_data\phase2a\raw\TaiwanStockInstitutionalInvestorsBuySell_2204.json
3,TaiwanStockPrice,2204,2012-01-01,2026-08-01,2026-07-31T21:52:05.369110,3558,61c2600ae8b8b72345f3949b6e2c80a6aaec65ebd5cdf0895c34bfac246a471f,https://api.finmindtrade.com/api/v4/data,0,success,rp001_data\phase2a\raw\TaiwanStockPrice_2204.json
3,TaiwanStockPER,2204,2012-01-01,2026-08-01,2026-07-31T21:52:10.928162,3561,f90f3d683a4f61f10e04aac3fed1bff6da6241543150d811818c84ef6f8c59d5,https://api.finmindtrade.com/api/v4/data,0,success,rp001_data\phase2a\raw\TaiwanStockPER_2204.json
3,TaiwanStockInstitutionalInvestorsBuySell,2206,2012-01-01,2026-08-01,2026-07-31T21:52:12.353886,15399,68f6441beb68b4b07b22a4e676331cb9cb5cc7560732ece83aef623aac8442ea,https://api.finmindtrade.com/api/v4/data,0,success,rp001_data\phase2a\raw\TaiwanStockInstitutionalInvestorsBuySell_2206.json
3,TaiwanStockPrice,2206,2012-01-01,2026-08-01,2026-07-31T21:52:13.722937,3564,3170da83d48a7072e5b2003ed0a32a53cb6488c82b8b03e57d80ad3e440bf755,https://api.finmindtrade.com/api/v4/data,0,success,rp001_data\phase2a\raw\TaiwanStockPrice_2206.json
3,TaiwanStockPER,2206,2012-01-01,2026-08-01,2026-07-31T21:52:14.678271,3567,1cb03dccc5aceae8843c10e4f263abf884202422e013dc3c0451eaef858c2623,https://api.finmindtrade.com/api/v4/data,0,success,rp001_data\phase2a\raw\TaiwanStockPER_2206.json
3,TaiwanStockInstitutionalInvestorsBuySell,2207,2012-01-01,2026-08-01,2026-07-31T21:52:20.092713,15404,b8b4d7883f49a1ad66b577066d60783785d73af986fe8ba5f17fa8d3b7931b80,https://api.finmindtrade.com/api/v4/data,0,success,rp001_data\phase2a\raw\TaiwanStockInstitutionalInvestorsBuySell_2207.json
3,TaiwanStockPrice,2207,2012-01-01,2026-08-01,2026-07-31T21:52:21.310416,3564,e2b47fbee88d2248038a2b33c65606cb2db216138a38f4cbf9760ff10916931e,https://api.finmindtrade.com/api/v4/data,0,success,rp001_data\phase2a\raw\TaiwanStockPrice_2207.json
3,TaiwanStockPER,2207,2012-01-01,2026-08-01,2026-07-31T21:52:24.563719,3567,4a66155872b204f9381012f5c8df818489b154f5036f8c763f82260845eeda44,https://api.finmindtrade.com/api/v4/data,0,success,rp001_data\phase2a\raw\TaiwanStockPER_2207.json
3,TaiwanStockInstitutionalInvestorsBuySell,2208,2012-01-01,2026-08-01,2026-07-31T21:52:33.688945,15361,ade3a3282ac623f8de0d38add58af75fa4d33d509455310e3b9c901da73fb050,https://api.finmindtrade.com/api/v4/data,0,success,rp001_data\phase2a\raw\TaiwanStockInstitutionalInvestorsBuySell_2208.json
3,TaiwanStockPrice,2208,2012-01-01,2026-08-01,2026-07-31T21:52:34.819841,3557,8d28b2f3291cc5a1a1a9a6fd342a215bf24a032dbe032b1f8ec3ef593d94391b,https://api.finmindtrade.com/api/v4/data,0,success,rp001_data\phase2a\raw\TaiwanStockPrice_2208.json
3,TaiwanStockPER,2208,2012-01-01,2026-08-01,2026-07-31T21:52:41.282114,3560,dd15abfa88428a55c5312719546131a3142606400f781b020e5779196d432897,https://api.finmindtrade.com/api/v4/data,0,success,rp001_data\phase2a\raw\TaiwanStockPER_2208.json
3,TaiwanStockInstitutionalInvestorsBuySell,2211,2012-01-01,2026-08-01,2026-07-31T21:52:42.305085,6588,954139e97a93fb58497687ab52869f589783744479280e098510a3ec1ed1ce0a,https://api.finmindtrade.com/api/v4/data,0,success,rp001_data\phase2a\raw\TaiwanStockInstitutionalInvestorsBuySell_2211.json
3,TaiwanStockPrice,2211,2012-01-01,2026-08-01,2026-07-31T21:52:43.262428,1590,d9156cce260b11c710bc7dc917cf58e0a1dacb89a4c6f8f0ff0e35697632e619,https://api.finmindtrade.com/api/v4/data,0,success,rp001_data\phase2a\raw\TaiwanStockPrice_2211.json
3,TaiwanStockPER,2211,2012-01-01,2026-08-01,2026-07-31T21:52:45.684938,1294,99659b0e17b87a00ef21c6268d857e2ef2fa2d570ee250404234705823c4325a,https://api.finmindtrade.com/api/v4/data,0,success,rp001_data\phase2a\raw\TaiwanStockPER_2211.json
3,TaiwanStockInstitutionalInvestorsBuySell,2227,2012-01-01,2026-08-01,2026-07-31T21:52:48.711915,15375,add27a50f5d1d1177077cba6c01231c7ad8b9e69ace9144fb39f79d962e48afd,https://api.finmindtrade.com/api/v4/data,0,success,rp001_data\phase2a\raw\TaiwanStockInstitutionalInvestorsBuySell_2227.json
3,TaiwanStockPrice,2227,2012-01-01,2026-08-01,2026-07-31T21:52:50.467371,3564,2af2efe20b63cf09c23c745f2beb4d571a904da089ff59a644f5cd9b8695a03a,https://api.finmindtrade.com/api/v4/data,0,success,rp001_data\phase2a\raw\TaiwanStockPrice_2227.json
3,TaiwanStockPER,2227,2012-01-01,2026-08-01,2026-07-31T21:52:52.920032,3567,452dc8a422a2308c5e988aca6981de5b1071d355699a35f1f0a61f99e0459f3a,https://api.finmindtrade.com/api/v4/data,0,success,rp001_data\phase2a\raw\TaiwanStockPER_2227.json
3,TaiwanStockInstitutionalInvestorsBuySell,2228,2012-01-01,2026-08-01,2026-07-31T21:52:58.585191,14367,f2b36f254d0251f2d411962a4dd465e28739dfae64b9b1ab3135640b0cba2558,https://api.finmindtrade.com/api/v4/data,0,success,rp001_data\phase2a\raw\TaiwanStockInstitutionalInvestorsBuySell_2228.json
3,TaiwanStockPrice,2228,2012-01-01,2026-08-01,2026-07-31T21:52:59.967043,3367,632e3b0b3525537ae6c22d18edd4879e374b674965cb381dd639653faf363b71,https://api.finmindtrade.com/api/v4/data,0,success,rp001_data\phase2a\raw\TaiwanStockPrice_2228.json
3,TaiwanStockPER,2228,2012-01-01,2026-08-01,2026-07-31T21:53:03.062980,3098,9f05e5440f4cc01ae88be71d9074575866fc1b2853fa65ac9c7b85e561b0b4f2,https://api.finmindtrade.com/api/v4/data,0,success,rp001_data\phase2a\raw\TaiwanStockPER_2228.json
3,TaiwanStockInstitutionalInvestorsBuySell,2231,2012-01-01,2026-08-01,2026-07-31T21:53:08.090950,15268,4fc6e5c9070046e3eb97dbbb8e033ab4a78be93907d882926a1650988245c09c,https://api.finmindtrade.com/api/v4/data,0,success,rp001_data\phase2a\raw\TaiwanStockInstitutionalInvestorsBuySell_2231.json
3,TaiwanStockPrice,2231,2012-01-01,2026-08-01,2026-07-31T21:53:09.311741,3564,700751de6e7ed5a4df0d0a97dd85c045991b7d64396d105e75d50c2234a41624,https://api.finmindtrade.com/api/v4/data,0,success,rp001_data\phase2a\raw\TaiwanStockPrice_2231.json
3,TaiwanStockPER,2231,2012-01-01,2026-08-01,2026-07-31T21:53:12.371926,3567,befc78bc13dcc7b6e0cf602cad327a1adf6cc58dead70e87c58eb142dbb5e74d,https://api.finmindtrade.com/api/v4/data,0,success,rp001_data\phase2a\raw\TaiwanStockPER_2231.json
3,TaiwanStockInstitutionalInvestorsBuySell,2233,2012-01-01,2026-08-01,2026-07-31T21:53:17.453166,15515,c77b55f47c87492efdd06903920b935db161c539f143df3f770f046d8e4b1fdd,https://api.finmindtrade.com/api/v4/data,0,success,rp001_data\phase2a\raw\TaiwanStockInstitutionalInvestorsBuySell_2233.json
3,TaiwanStockPrice,2233,2012-01-01,2026-08-01,2026-07-31T21:53:18.532055,3564,7542aa83d588a5025b9e10687f59be1677cf3caba5934a7cb6a1ddbb8ddc77dc,https://api.finmindtrade.com/api/v4/data,0,success,rp001_data\phase2a\raw\TaiwanStockPrice_2233.json
3,TaiwanStockPER,2233,2012-01-01,2026-08-01,2026-07-31T21:53:21.063171,3552,21278ef86868c53ba61286168e8eb13f02e6bfed5b8e65971efa2d98efc9adba,https://api.finmindtrade.com/api/v4/data,0,success,rp001_data\phase2a\raw\TaiwanStockPER_2233.json
3,TaiwanStockInstitutionalInvestorsBuySell,2236,2012-01-01,2026-08-01,2026-07-31T21:53:30.274619,11462,0d3b021822a3ee3094328cdc5582363eff79678cb241a469d8f7e685f0d1621a,https://api.finmindtrade.com/api/v4/data,0,success,rp001_data\phase2a\raw\TaiwanStockInstitutionalInvestorsBuySell_2236.json
3,TaiwanStockPrice,2236,2012-01-01,2026-08-01,2026-07-31T21:53:31.332860,2723,61bb0b0e0a2b8c89e6b2ad6431d3daaeeb7c31b80a10a72d45456ca616f7b377,https://api.finmindtrade.com/api/v4/data,0,success,rp001_data\phase2a\raw\TaiwanStockPrice_2236.json
3,TaiwanStockPER,2236,2012-01-01,2026-08-01,2026-07-31T21:53:40.552447,2726,ecba8eac09427b2f27432115362a3e5d9b50b9746db9c3fa9a6fd646d1d98317,https://api.finmindtrade.com/api/v4/data,0,success,rp001_data\phase2a\raw\TaiwanStockPER_2236.json
3,TaiwanStockInstitutionalInvestorsBuySell,2239,2012-01-01,2026-08-01,2026-07-31T21:53:46.108243,12312,4283e0f16834751afa03d00b9ed0434f172ea78a1ef2c6522369a435a729f15a,https://api.finmindtrade.com/api/v4/data,0,success,rp001_data\phase2a\raw\TaiwanStockInstitutionalInvestorsBuySell_2239.json
3,TaiwanStockPrice,2239,2012-01-01,2026-08-01,2026-07-31T21:53:47.195573,2651,85dd9e3097538a1e32751e0bef9a336d51079930ed8e8a5fd96ae3b43dc280d6,https://api.finmindtrade.com/api/v4/data,0,success,rp001_data\phase2a\raw\TaiwanStockPrice_2239.json
3,TaiwanStockPER,2239,2012-01-01,2026-08-01,2026-07-31T21:54:06.434223,2561,cc1e0573f81e8da086661b8457c5a88f6503ff184f85016822c79539057f4d9c,https://api.finmindtrade.com/api/v4/data,0,success,rp001_data\phase2a\raw\TaiwanStockPER_2239.json
3,TaiwanStockInstitutionalInvestorsBuySell,2241,2012-01-01,2026-08-01,2026-07-31T21:54:11.937670,8522,21d25183968c87e92068a2064a03879223c9ba9cad2dec1fed20eb5432259e72,https://api.finmindtrade.com/api/v4/data,0,success,rp001_data\phase2a\raw\TaiwanStockInstitutionalInvestorsBuySell_2241.json
3,TaiwanStockPrice,2241,2012-01-01,2026-08-01,2026-07-31T21:54:13.012195,2529,4e8268c2fcda04ce76dd0745a3c59b8ade301f15bf4a2bf9a47bd393df6a710e,https://api.finmindtrade.com/api/v4/data,0,success,rp001_data\phase2a\raw\TaiwanStockPrice_2241.json
3,TaiwanStockPER,2241,2012-01-01,2026-08-01,2026-07-31T21:54:17.442650,1443,25b6ced690a7a47753590a6b07d5bf1dc1185437609c7a76814decd651f3724c,https://api.finmindtrade.com/api/v4/data,0,success,rp001_data\phase2a\raw\TaiwanStockPER_2241.json
3,TaiwanStockInstitutionalInvestorsBuySell,2243,2012-01-01,2026-08-01,2026-07-31T21:54:33.149045,9152,f85183aaf4791725e8c15ca50ad3b4156f15bc4cd1788b8f15ae50fe909364e4,https://api.finmindtrade.com/api/v4/data,0,success,rp001_data\phase2a\raw\TaiwanStockInstitutionalInvestorsBuySell_2243.json
3,TaiwanStockPrice,2243,2012-01-01,2026-08-01,2026-07-31T21:54:35.500901,2152,4aacbecd03f38871b9e517978cd5c4d051688bac954a5f451a6c5557cdb90b1c,https://api.finmindtrade.com/api/v4/data,0,success,rp001_data\phase2a\raw\TaiwanStockPrice_2243.json
3,TaiwanStockPER,2243,2012-01-01,2026-08-01,2026-07-31T21:54:39.557065,2154,82fa29e794d5a020316beb781280e6bd8a003d4a83bcc2a6fb0f152b6f97e49f,https://api.finmindtrade.com/api/v4/data,0,success,rp001_data\phase2a\raw\TaiwanStockPER_2243.json
3,TaiwanStockInstitutionalInvestorsBuySell,2247,2012-01-01,2026-08-01,2026-07-31T21:54:45.481407,7071,0732e89b45615cf97ac3cacddbe9d0b77122956fbb3b44715ec2881e50712e7b,https://api.finmindtrade.com/api/v4/data,0,success,rp001_data\phase2a\raw\TaiwanStockInstitutionalInvestorsBuySell_2247.json
3,TaiwanStockPrice,2247,2012-01-01,2026-08-01,2026-07-31T21:54:46.601389,2128,0eb95f5d65d9492145ea43533f50d5f06b5337a87a0b8e043e9d98a8adebc845,https://api.finmindtrade.com/api/v4/data,0,success,rp001_data\phase2a\raw\TaiwanStockPrice_2247.json
3,TaiwanStockPER,2247,2012-01-01,2026-08-01,2026-07-31T21:54:53.223909,1413,911d7857bdef1a66d0a2c99f8c167b8de5e69a70a5a89b739447b603ad726673,https://api.finmindtrade.com/api/v4/data,0,success,rp001_data\phase2a\raw\TaiwanStockPER_2247.json
3,TaiwanStockInstitutionalInvestorsBuySell,2248,2012-01-01,2026-08-01,2026-07-31T21:54:58.534900,1867,756d2872a5eb2d9f8b188c4df69c8f48e5aea6bb2f6364736b51ee9e61b5d2cc,https://api.finmindtrade.com/api/v4/data,0,success,rp001_data\phase2a\raw\TaiwanStockInstitutionalInvestorsBuySell_2248.json
3,TaiwanStockPrice,2248,2012-01-01,2026-08-01,2026-07-31T21:54:59.658286,1915,fe8f248e378b116b3fb75e8fbf8150e4f43e5b42b17817901edfe89bd884c805,https://api.finmindtrade.com/api/v4/data,0,success,rp001_data\phase2a\raw\TaiwanStockPrice_2248.json
3,TaiwanStockPER,2248,2012-01-01,2026-08-01,2026-07-31T21:55:06.541642,340,04a16bdc718b430f9506d12c87fe6aff5e19f295c410e36b49ec3f3c9bbc484c,https://api.finmindtrade.com/api/v4/data,0,success,rp001_data\phase2a\raw\TaiwanStockPER_2248.json
3,TaiwanStockInstitutionalInvestorsBuySell,2250,2012-01-01,2026-08-01,2026-07-31T21:55:07.492879,6140,1505215a5f73c6293c5489d49db9794cf4456321a57865c276db22b0408538c2,https://api.finmindtrade.com/api/v4/data,0,success,rp001_data\phase2a\raw\TaiwanStockInstitutionalInvestorsBuySell_2250.json
3,TaiwanStockPrice,2250,2012-01-01,2026-08-01,2026-07-31T21:55:08.414412,1258,1f6ce2212365746719d9576640e3eb31f8a4e1c4db4b8f91b02aeee08850038a,https://api.finmindtrade.com/api/v4/data,0,success,rp001_data\phase2a\raw\TaiwanStockPrice_2250.json
3,TaiwanStockPER,2250,2012-01-01,2026-08-01,2026-07-31T21:55:12.487505,1260,302dc856b1c9085b363feb628f9b9b0633fc39f49bfbd540b547f98a3358ebcc,https://api.finmindtrade.com/api/v4/data,0,success,rp001_data\phase2a\raw\TaiwanStockPER_2250.json
3,TaiwanStockInstitutionalInvestorsBuySell,2254,2012-01-01,2026-08-01,2026-07-31T21:55:18.746937,3173,71f31f4d1df39fce7eec9440d93fa64acf706234e313ce7b31009a68f73a94a8,https://api.finmindtrade.com/api/v4/data,0,success,rp001_data\phase2a\raw\TaiwanStockInstitutionalInvestorsBuySell_2254.json
3,TaiwanStockPrice,2254,2012-01-01,2026-08-01,2026-07-31T21:55:19.707370,1133,ab01a367bec370915537e14dc497bb94a5768a869adbd8d54866c23e55217a76,https://api.finmindtrade.com/api/v4/data,0,success,rp001_data\phase2a\raw\TaiwanStockPrice_2254.json
3,TaiwanStockPER,2254,2012-01-01,2026-08-01,2026-07-31T21:55:23.774497,676,d78eeac51e46e6b24c9d7b14c1c19fb2ff2b0be16fc0b6364cf4b4fe70949297,https://api.finmindtrade.com/api/v4/data,0,success,rp001_data\phase2a\raw\TaiwanStockPER_2254.json
3,TaiwanStockInstitutionalInvestorsBuySell,2258,2012-01-01,2026-08-01,2026-07-31T21:55:28.399979,3255,0792fb03f0237980b5229c411e0b6c61dbc3fa8a0ebf6448332f517db23eeebc,https://api.finmindtrade.com/api/v4/data,0,success,rp001_data\phase2a\raw\TaiwanStockInstitutionalInvestorsBuySell_2258.json
3,TaiwanStockPrice,2258,2012-01-01,2026-08-01,2026-07-31T21:55:29.254701,653,c4f48579af667b4a1f074c48ebfa24344dd57c288f76aa9f04cf2a85e9d9300b,https://api.finmindtrade.com/api/v4/data,0,success,rp001_data\phase2a\raw\TaiwanStockPrice_2258.json
3,TaiwanStockPER,2258,2012-01-01,2026-08-01,2026-07-31T21:55:31.780546,655,cf3040a1976d4d44228eb3c887c5665ce3c1bb9e764955d766758ecba979bdf0,https://api.finmindtrade.com/api/v4/data,0,success,rp001_data\phase2a\raw\TaiwanStockPER_2258.json
3,TaiwanStockInstitutionalInvestorsBuySell,2301,2012-01-01,2026-08-01,2026-07-31T21:55:32.914469,15417,d11b8a49c3de30726f6245565aaa12b2a54c9dd05e2f9c34bd2113f8f3183e51,https://api.finmindtrade.com/api/v4/data,0,success,rp001_data\phase2a\raw\TaiwanStockInstitutionalInvestorsBuySell_2301.json
3,TaiwanStockPrice,2301,2012-01-01,2026-08-01,2026-07-31T21:55:34.028307,3564,a231ae3a19041ac360ad0aed7fc9c9cd2b43029733a0d388541f0dc83f0dcd77,https://api.finmindtrade.com/api/v4/data,0,success,rp001_data\phase2a\raw\TaiwanStockPrice_2301.json
3,TaiwanStockPER,2301,2012-01-01,2026-08-01,2026-07-31T21:55:40.644688,3567,826eb71e8570d9cb604cc90af2cf5ee4cf939ca75b72ea19c12e2ff9a115049f,https://api.finmindtrade.com/api/v4/data,0,success,rp001_data\phase2a\raw\TaiwanStockPER_2301.json
3,TaiwanStockInstitutionalInvestorsBuySell,2302,2012-01-01,2026-08-01,2026-07-31T21:55:58.650870,13896,9dfca4c041871fc64394979f4b5b6da634cfc1ce7834d335154c7f2ed6866c8d,https://api.finmindtrade.com/api/v4/data,0,success,rp001_data\phase2a\raw\TaiwanStockInstitutionalInvestorsBuySell_2302.json
3,TaiwanStockPrice,2302,2012-01-01,2026-08-01,2026-07-31T21:55:59.818790,3564,a271b43f6e7d1f7b7645dc54e617fa26ab927485958a2ef30f85bea691384a25,https://api.finmindtrade.com/api/v4/data,0,success,rp001_data\phase2a\raw\TaiwanStockPrice_2302.json
3,TaiwanStockPER,2302,2012-01-01,2026-08-01,2026-07-31T21:56:07.232211,3567,33f75154786b39add3d0268be358a8979953a733af593189ac7272c66c8aa7bb,https://api.finmindtrade.com/api/v4/data,0,success,rp001_data\phase2a\raw\TaiwanStockPER_2302.json
3,TaiwanStockInstitutionalInvestorsBuySell,2303,2012-01-01,2026-08-01,2026-07-31T21:56:08.357772,15412,e0e75ba631a6ea4126c433c14914078e4c7e18cd7e8e644d4b39509e1d72d635,https://api.finmindtrade.com/api/v4/data,0,success,rp001_data\phase2a\raw\TaiwanStockInstitutionalInvestorsBuySell_2303.json
3,TaiwanStockPrice,2303,2012-01-01,2026-08-01,2026-07-31T21:56:09.471151,3564,c5b0a42fbc8fff162b9fd231055c0811eb32dbb15243d9188793bf1d35cc4ccf,https://api.finmindtrade.com/api/v4/data,0,success,rp001_data\phase2a\raw\TaiwanStockPrice_2303.json
3,TaiwanStockPER,2303,2012-01-01,2026-08-01,2026-07-31T21:56:10.352331,3567,92967302a20fddb9e675267bd5420bdc3d82262f7a99a3ebfd497b99a29fb50e,https://api.finmindtrade.com/api/v4/data,0,success,rp001_data\phase2a\raw\TaiwanStockPER_2303.json
3,TaiwanStockInstitutionalInvestorsBuySell,2305,2012-01-01,2026-08-01,2026-07-31T21:56:14.429892,14676,09faf14f622347b5ddc285766af8e797edc3dbd838eaf2ee51eab042df1fd0ff,https://api.finmindtrade.com/api/v4/data,0,success,rp001_data\phase2a\raw\TaiwanStockInstitutionalInvestorsBuySell_2305.json
3,TaiwanStockPrice,2305,2012-01-01,2026-08-01,2026-07-31T21:56:15.547613,3564,ad168b579fc872afde25fd2e223f57893a391aed6927af39c424d52a6c963a1e,https://api.finmindtrade.com/api/v4/data,0,success,rp001_data\phase2a\raw\TaiwanStockPrice_2305.json
3,TaiwanStockPER,2305,2012-01-01,2026-08-01,2026-07-31T21:56:23.379166,3567,ca5042c5162e10f0abba437fe7a29f0d4504b4b926798eda923ab5b1615ed2ee,https://api.finmindtrade.com/api/v4/data,0,success,rp001_data\phase2a\raw\TaiwanStockPER_2305.json
3,TaiwanStockInstitutionalInvestorsBuySell,2308,2012-01-01,2026-08-01,2026-07-31T21:56:24.517136,15413,1fef7fbef03c9a42b80f99ac9d3eaac5299a9a0ca4aa57d5cb5a4bc7e8224807,https://api.finmindtrade.com/api/v4/data,0,success,rp001_data\phase2a\raw\TaiwanStockInstitutionalInvestorsBuySell_2308.json
3,TaiwanStockPrice,2308,2012-01-01,2026-08-01,2026-07-31T21:56:25.653984,3564,9c2a24146081f7336b527b0359fd0fdb520f5a4f9e97815cb8e0b5e824b8bc41,https://api.finmindtrade.com/api/v4/data,0,success,rp001_data\phase2a\raw\TaiwanStockPrice_2308.json
3,TaiwanStockPER,2308,2012-01-01,2026-08-01,2026-07-31T21:56:26.532139,3567,81ddd4923bef8aa87b5a27c9fe119b6195d3ac69703188ae85d76331c60618bf,https://api.finmindtrade.com/api/v4/data,0,success,rp001_data\phase2a\raw\TaiwanStockPER_2308.json
3,TaiwanStockInstitutionalInvestorsBuySell,2312,2012-01-01,2026-08-01,2026-07-31T21:56:34.312769,15408,b0c426bed41efba0b1f4539a5551cfd25f6e3c4d64f1ce914d2291a72f6f0d9c,https://api.finmindtrade.com/api/v4/data,0,success,rp001_data\phase2a\raw\TaiwanStockInstitutionalInvestorsBuySell_2312.json
3,TaiwanStockPrice,2312,2012-01-01,2026-08-01,2026-07-31T21:56:35.450301,3564,9a9ae242f0c42d2d0f4ff3f3f4c79a4a17b090c193eaeb9a2486a05ee1f3c85f,https://api.finmindtrade.com/api/v4/data,0,success,rp001_data\phase2a\raw\TaiwanStockPrice_2312.json
3,TaiwanStockPER,2312,2012-01-01,2026-08-01,2026-07-31T21:56:41.895257,3567,87a117c83b865b3c9e8889bac97fe169cab68e782627077a986c1719376e540d,https://api.finmindtrade.com/api/v4/data,0,success,rp001_data\phase2a\raw\TaiwanStockPER_2312.json
3,TaiwanStockInstitutionalInvestorsBuySell,2313,2012-01-01,2026-08-01,2026-07-31T21:56:44.905958,15417,ea0bb8f0405da11d5ee2d71f610840a9d026e5fc8a6434f18be809f741bc01b1,https://api.finmindtrade.com/api/v4/data,0,success,rp001_data\phase2a\raw\TaiwanStockInstitutionalInvestorsBuySell_2313.json
3,TaiwanStockPrice,2313,2012-01-01,2026-08-01,2026-07-31T21:56:46.279902,3564,51e8515a0d4638f4a5bead52c59aaeac4521bbbbdb4d93f5ca7f70e4bd054e7a,https://api.finmindtrade.com/api/v4/data,0,success,rp001_data\phase2a\raw\TaiwanStockPrice_2313.json
3,TaiwanStockPER,2313,2012-01-01,2026-08-01,2026-07-31T21:56:49.108037,3567,3cccafd281b59b3054aad52bf814a12da0914fc966801a0f9ac1c86459128d03,https://api.finmindtrade.com/api/v4/data,0,success,rp001_data\phase2a\raw\TaiwanStockPER_2313.json
3,TaiwanStockInstitutionalInvestorsBuySell,2314,2012-01-01,2026-08-01,2026-07-31T21:56:53.504097,15086,103bc696834d6e0c41c58e9a42bce42ae97f3090a029eac8a31c24c0752e5747,https://api.finmindtrade.com/api/v4/data,0,success,rp001_data\phase2a\raw\TaiwanStockInstitutionalInvestorsBuySell_2314.json
3,TaiwanStockPrice,2314,2012-01-01,2026-08-01,2026-07-31T21:56:54.586833,3542,3043e0848cf870affbd2bc56afc46490c34916ade6b7b1b79989495771bf89f4,https://api.finmindtrade.com/api/v4/data,0,success,rp001_data\phase2a\raw\TaiwanStockPrice_2314.json
3,TaiwanStockPER,2314,2012-01-01,2026-08-01,2026-07-31T21:56:59.673681,3545,b15abd756e7605422cca81088fa998e7a9a0bdab5143ce4ef2c231a668ab73b9,https://api.finmindtrade.com/api/v4/data,0,success,rp001_data\phase2a\raw\TaiwanStockPER_2314.json
3,TaiwanStockInstitutionalInvestorsBuySell,2316,2012-01-01,2026-08-01,2026-07-31T21:57:00.724017,15299,5086944fd69c93a6537788eccac2904a1b50059c22fc5024551fe1f768e33eba,https://api.finmindtrade.com/api/v4/data,0,success,rp001_data\phase2a\raw\TaiwanStockInstitutionalInvestorsBuySell_2316.json
3,TaiwanStockPrice,2316,2012-01-01,2026-08-01,2026-07-31T21:57:01.831046,3546,ed01082578fc1bd0092f24041817d68fb09646e73c3a4eea943e112e7ebd4587,https://api.finmindtrade.com/api/v4/data,0,success,rp001_data\phase2a\raw\TaiwanStockPrice_2316.json
3,TaiwanStockPER,2316,2012-01-01,2026-08-01,2026-07-31T21:57:16.078832,3549,117f8168e4bd27ff4719663dec0bb5e18372bf4f4810cb2867516338950faa2d,https://api.finmindtrade.com/api/v4/data,0,success,rp001_data\phase2a\raw\TaiwanStockPER_2316.json
3,TaiwanStockInstitutionalInvestorsBuySell,2317,2012-01-01,2026-08-01,2026-07-31T21:57:17.257422,15378,5692a93589eb81bad3ba045ea2c93136119c6ccdd9ac25801f0b9f92a96c2d32,https://api.finmindtrade.com/api/v4/data,0,success,rp001_data\phase2a\raw\TaiwanStockInstitutionalInvestorsBuySell_2317.json
3,TaiwanStockPrice,2317,2012-01-01,2026-08-01,2026-07-31T21:57:18.321106,3558,9e12fa580de809c7c5c0073c7eeeb021ce1457aac4694e4ef9aa402b02561d51,https://api.finmindtrade.com/api/v4/data,0,success,rp001_data\phase2a\raw\TaiwanStockPrice_2317.json
3,TaiwanStockPER,2317,2012-01-01,2026-08-01,2026-07-31T21:57:19.206460,3561,cd80ec1c83ab1282db144309017355b68dd94073dd5534d82f62e92b1ae385d7,https://api.finmindtrade.com/api/v4/data,0,success,rp001_data\phase2a\raw\TaiwanStockPER_2317.json
3,TaiwanStockInstitutionalInvestorsBuySell,2321,2012-01-01,2026-08-01,2026-07-31T21:57:24.212621,1066,2633d5ab0a84932494b30feeb36f0f02955783819b3bae87e6f4837ec39761b0,https://api.finmindtrade.com/api/v4/data,0,success,rp001_data\phase2a\raw\TaiwanStockInstitutionalInvestorsBuySell_2321.json
3,TaiwanStockPrice,2321,2012-01-01,2026-08-01,2026-07-31T21:57:25.312390,3543,21398023dbdf576f13d4b9badfc69e7829406175b9b7ca3e31a1d3c57842d46f,https://api.finmindtrade.com/api/v4/data,0,success,rp001_data\phase2a\raw\TaiwanStockPrice_2321.json
3,TaiwanStockPER,2321,2012-01-01,2026-08-01,2026-07-31T21:57:32.314214,3547,e36f34545f68cc8e292619ba3c65d077ae59889f02cb1c2791bf34ab5d82fdda,https://api.finmindtrade.com/api/v4/data,0,success,rp001_data\phase2a\raw\TaiwanStockPER_2321.json
3,TaiwanStockInstitutionalInvestorsBuySell,2323,2012-01-01,2026-08-01,2026-07-31T21:57:48.604162,15308,2512a1bdbc810c80ae6e5b1203964e2e2120d6e1729db363b46fd3e395b35a1b,https://api.finmindtrade.com/api/v4/data,0,success,rp001_data\phase2a\raw\TaiwanStockInstitutionalInvestorsBuySell_2323.json
3,TaiwanStockPrice,2323,2012-01-01,2026-08-01,2026-07-31T21:57:49.769628,3541,001ef00ab1cb719f5262843e3e8bca7fde124764aae9e673090a754addec90ea,https://api.finmindtrade.com/api/v4/data,0,success,rp001_data\phase2a\raw\TaiwanStockPrice_2323.json
3,TaiwanStockPER,2323,2012-01-01,2026-08-01,2026-07-31T21:58:03.557355,3544,9e1d86c7e3d270c658c379b79125ec449f5d256fa57521f29cc955352ab23b5d,https://api.finmindtrade.com/api/v4/data,0,success,rp001_data\phase2a\raw\TaiwanStockPER_2323.json
3,TaiwanStockInstitutionalInvestorsBuySell,2324,2012-01-01,2026-08-01,2026-07-31T21:58:04.655397,15412,f5a92241c49799af958b7e9fdc3a8f8f7e65ae301b8746311e7e1727aa1831e0,https://api.finmindtrade.com/api/v4/data,0,success,rp001_data\phase2a\raw\TaiwanStockInstitutionalInvestorsBuySell_2324.json
3,TaiwanStockPrice,2324,2012-01-01,2026-08-01,2026-07-31T21:58:05.795238,3564,2e4750a2113442ef62eded5e7decf2caf2286c87e97e333067cf7986061556b5,https://api.finmindtrade.com/api/v4/data,0,success,rp001_data\phase2a\raw\TaiwanStockPrice_2324.json
3,TaiwanStockPER,2324,2012-01-01,2026-08-01,2026-07-31T21:58:11.705185,3567,9ff600831ca0d2d9c58e57e2bd2d4a06407f9120f514a89d73d146be59d7eeb6,https://api.finmindtrade.com/api/v4/data,0,success,rp001_data\phase2a\raw\TaiwanStockPER_2324.json
3,TaiwanStockInstitutionalInvestorsBuySell,2327,2012-01-01,2026-08-01,2026-07-31T21:58:13.188736,15205,56ad98589c1d291091fd23a493e49ccc219951c8785a6d8894266d397e28e24e,https://api.finmindtrade.com/api/v4/data,0,success,rp001_data\phase2a\raw\TaiwanStockInstitutionalInvestorsBuySell_2327.json
3,TaiwanStockPrice,2327,2012-01-01,2026-08-01,2026-07-31T21:58:14.802008,3515,987fdb18ddc76df8fe40a7ab26674baeee9ff66ff7ad6fea5b2d782877034253,https://api.finmindtrade.com/api/v4/data,0,success,rp001_data\phase2a\raw\TaiwanStockPrice_2327.json
3,TaiwanStockPER,2327,2012-01-01,2026-08-01,2026-07-31T21:58:15.858017,3518,3d166c2c4943bf5ff011ff40a9840f1e74fa751acc9b8a5720063703341ec50a,https://api.finmindtrade.com/api/v4/data,0,success,rp001_data\phase2a\raw\TaiwanStockPER_2327.json
3,TaiwanStockInstitutionalInvestorsBuySell,2328,2012-01-01,2026-08-01,2026-07-31T21:58:24.216582,15409,0d7f7e09a6aa582202f6d7f6ec00ee6d006c6c72b6f4f2a4e5408e225453e811,https://api.finmindtrade.com/api/v4/data,0,success,rp001_data\phase2a\raw\TaiwanStockInstitutionalInvestorsBuySell_2328.json
3,TaiwanStockPrice,2328,2012-01-01,2026-08-01,2026-07-31T21:58:25.415845,3564,a81d4cfae90c7a451b3f67b1a45d06f090e444f5fc240e844ec1873b567c53ae,https://api.finmindtrade.com/api/v4/data,0,success,rp001_data\phase2a\raw\TaiwanStockPrice_2328.json
3,TaiwanStockPER,2328,2012-01-01,2026-08-01,2026-07-31T21:58:29.103445,3567,a01b2ee12194f84afec8a0d17785cd2ee96f5a06731ee8c30b5854a6590a7987,https://api.finmindtrade.com/api/v4/data,0,success,rp001_data\phase2a\raw\TaiwanStockPER_2328.json
3,TaiwanStockInstitutionalInvestorsBuySell,2329,2012-01-01,2026-08-01,2026-07-31T21:58:34.442234,15297,2558476114bfcb3509155aec2ca6d774adc86572a04456ef9a6cfddf9f4476c8,https://api.finmindtrade.com/api/v4/data,0,success,rp001_data\phase2a\raw\TaiwanStockInstitutionalInvestorsBuySell_2329.json
3,TaiwanStockPrice,2329,2012-01-01,2026-08-01,2026-07-31T21:58:35.517742,3557,40bb5f049dc25ba8dec32e2028ba8028950ae3c3963527c00819f48774f76f81,https://api.finmindtrade.com/api/v4/data,0,success,rp001_data\phase2a\raw\TaiwanStockPrice_2329.json
3,TaiwanStockPER,2329,2012-01-01,2026-08-01,2026-07-31T21:58:36.418170,3560,46e748cf608a8bdc7380a83d0435537cb03d2db31702c59ec62be3a9485a4c00,https://api.finmindtrade.com/api/v4/data,0,success,rp001_data\phase2a\raw\TaiwanStockPER_2329.json
3,TaiwanStockInstitutionalInvestorsBuySell,2330,2012-01-01,2026-08-01,2026-07-31T21:58:37.574500,15417,4684a502304fc0ca5be03188951ee0764f2e8abacfa62b0205470fe0345492dc,https://api.finmindtrade.com/api/v4/data,0,success,rp001_data\phase2a\raw\TaiwanStockInstitutionalInvestorsBuySell_2330.json
3,TaiwanStockPrice,2330,2012-01-01,2026-08-01,2026-07-31T21:58:38.707108,3564,e6f40a2b13b2aec1a891ffa7967f8cfeafb0623a5221d8093b5f83d92b2d4929,https://api.finmindtrade.com/api/v4/data,0,success,rp001_data\phase2a\raw\TaiwanStockPrice_2330.json
3,TaiwanStockPER,2330,2012-01-01,2026-08-01,2026-07-31T21:58:39.606360,3567,ac39c2809554c227fe015747ccca7eb2d59334349cb0523428969fc05196b7b0,https://api.finmindtrade.com/api/v4/data,0,success,rp001_data\phase2a\raw\TaiwanStockPER_2330.json
3,TaiwanStockInstitutionalInvestorsBuySell,2331,2012-01-01,2026-08-01,2026-07-31T21:58:44.757725,15362,2767470fbe2df7d56309049e97f3caffaeb1db296e254bfce68218ec4d23b4c4,https://api.finmindtrade.com/api/v4/data,0,success,rp001_data\phase2a\raw\TaiwanStockInstitutionalInvestorsBuySell_2331.json
3,TaiwanStockPrice,2331,2012-01-01,2026-08-01,2026-07-31T21:58:45.768747,3547,fd7dfe69c8b955b2c732c246c8e1f8122a780d8167fec6ec3eb5bef9b86f0f56,https://api.finmindtrade.com/api/v4/data,0,success,rp001_data\phase2a\raw\TaiwanStockPrice_2331.json
3,TaiwanStockPER,2331,2012-01-01,2026-08-01,2026-07-31T21:58:49.940131,3550,243996c5f59a276be30d9b32a55fbebd508b152468bf3ce3be6697cfb6d974bc,https://api.finmindtrade.com/api/v4/data,0,success,rp001_data\phase2a\raw\TaiwanStockPER_2331.json
3,TaiwanStockInstitutionalInvestorsBuySell,2332,2012-01-01,2026-08-01,2026-07-31T21:58:51.402466,15370,7c57380332ed1467de101ae2dfa6f56ad0d4d5e02a91d617829381e226c0054b,https://api.finmindtrade.com/api/v4/data,0,success,rp001_data\phase2a\raw\TaiwanStockInstitutionalInvestorsBuySell_2332.json
3,TaiwanStockPrice,2332,2012-01-01,2026-08-01,2026-07-31T21:58:52.604227,3557,be694667037578350582d0044ed6b0ad384a1aeab4d2460479fffc1cc1f975a9,https://api.finmindtrade.com/api/v4/data,0,success,rp001_data\phase2a\raw\TaiwanStockPrice_2332.json
3,TaiwanStockPER,2332,2012-01-01,2026-08-01,2026-07-31T21:58:56.991634,3560,c904b69063c9912ba0beccba09da830c222eaf5e64c9b79e86c8e153af7759c7,https://api.finmindtrade.com/api/v4/data,0,success,rp001_data\phase2a\raw\TaiwanStockPER_2332.json
3,TaiwanStockInstitutionalInvestorsBuySell,2337,2012-01-01,2026-08-01,2026-07-31T21:58:58.138362,15373,18a1876e4bd3be6de6a0df13cce8a7e6a6e59060eb3e841bf2c7a786d5c08abe,https://api.finmindtrade.com/api/v4/data,0,success,rp001_data\phase2a\raw\TaiwanStockInstitutionalInvestorsBuySell_2337.json
3,TaiwanStockPrice,2337,2012-01-01,2026-08-01,2026-07-31T21:58:59.444575,3555,9daab1689c1bd902aef684fbf1be2921778d39831ab1b8cfc28a55e29877e001,https://api.finmindtrade.com/api/v4/data,0,success,rp001_data\phase2a\raw\TaiwanStockPrice_2337.json
3,TaiwanStockPER,2337,2012-01-01,2026-08-01,2026-07-31T21:59:08.048647,3558,2270a0b27a259f813f6f1ab613b1275e0e8e827a104349ff551a5af9f89b0dda,https://api.finmindtrade.com/api/v4/data,0,success,rp001_data\phase2a\raw\TaiwanStockPER_2337.json
3,TaiwanStockInstitutionalInvestorsBuySell,2338,2012-01-01,2026-08-01,2026-07-31T21:59:15.835588,15227,17cc63d2130da6317f5de613b0be3716ff4c34fd4fbdd452f73f3405bc06bca0,https://api.finmindtrade.com/api/v4/data,0,success,rp001_data\phase2a\raw\TaiwanStockInstitutionalInvestorsBuySell_2338.json
3,TaiwanStockPrice,2338,2012-01-01,2026-08-01,2026-07-31T21:59:16.613572,0,4f53cda18c2baa0c0354bb5f9a3ecbe5ed12ab4d8e11ba873c2f11161202b945,https://api.finmindtrade.com/api/v4/data,0,failed,rp001_data\phase2a\raw\TaiwanStockPrice_2338.json
3,TaiwanStockPrice,2338,2012-01-01,2026-08-01,2026-07-31T21:59:30.299366,0,4f53cda18c2baa0c0354bb5f9a3ecbe5ed12ab4d8e11ba873c2f11161202b945,https://api.finmindtrade.com/api/v4/data,0,failed,rp001_data\phase2a\raw\TaiwanStockPrice_2338.json
3,TaiwanStockPrice,2338,2012-01-01,2026-08-01,2026-08-01T08:11:15.285006,3564,f1e41d761bc8c09cb7ca3d8f473fa0dff7efda327a319d1ae32e49287525b9fb,https://api.finmindtrade.com/api/v4/data,0,success,rp001_data\phase2a\raw\TaiwanStockPrice_2338.json
3,TaiwanStockPER,2338,2012-01-01,2026-08-01,2026-08-01T08:11:16.733382,3567,dfca8367225e312ddbf0692e6e16c97c7c12f12833029d6c1bdead7135b7a35c,https://api.finmindtrade.com/api/v4/data,0,success,rp001_data\phase2a\raw\TaiwanStockPER_2338.json
3,TaiwanStockInstitutionalInvestorsBuySell,2340,2012-01-01,2026-08-01,2026-08-01T08:11:17.961969,15334,4088e48ce2adf918742514d28d4a4194efa5fca153d2f58ea3f26ad7fffb009e,https://api.finmindtrade.com/api/v4/data,0,success,rp001_data\phase2a\raw\TaiwanStockInstitutionalInvestorsBuySell_2340.json
3,TaiwanStockPrice,2340,2012-01-01,2026-08-01,2026-08-01T08:11:19.610867,3547,a46c2120b684501e889e01eb2197f3711d06ea219b543d8a04da203e09ce843a,https://api.finmindtrade.com/api/v4/data,0,success,rp001_data\phase2a\raw\TaiwanStockPrice_2340.json
3,TaiwanStockPER,2340,2012-01-01,2026-08-01,2026-08-01T08:11:20.967313,3550,0381b53e0648e4520378c8b9a5166f9964e5248b96ac552289d214a956b8cb2f,https://api.finmindtrade.com/api/v4/data,0,success,rp001_data\phase2a\raw\TaiwanStockPER_2340.json
3,TaiwanStockInstitutionalInvestorsBuySell,2342,2012-01-01,2026-08-01,2026-08-01T08:11:22.388950,14541,9c206003614a2eb66e674ad0f8109955e2e9d2d475f64728718d8bd053fe1099,https://api.finmindtrade.com/api/v4/data,0,success,rp001_data\phase2a\raw\TaiwanStockInstitutionalInvestorsBuySell_2342.json
3,TaiwanStockPrice,2342,2012-01-01,2026-08-01,2026-08-01T08:11:23.866740,3546,d0f4a6e0c9d26496f7a3753dd8fb77609f8668f9eedd618b4079546636f0c0b9,https://api.finmindtrade.com/api/v4/data,0,success,rp001_data\phase2a\raw\TaiwanStockPrice_2342.json
3,TaiwanStockPER,2342,2012-01-01,2026-08-01,2026-08-01T08:11:25.176245,3549,b27805cffb3edbbf5bd89cdfbfe0609c6e5ff0354486b7b2ed461d3c07dcc38d,https://api.finmindtrade.com/api/v4/data,0,success,rp001_data\phase2a\raw\TaiwanStockPER_2342.json
3,TaiwanStockInstitutionalInvestorsBuySell,2344,2012-01-01,2026-08-01,2026-08-01T08:11:26.447326,15417,d1f154bbb27b3a83ba3201dba9072d34a595ce24e4feba4d62479ea5aee84290,https://api.finmindtrade.com/api/v4/data,0,success,rp001_data\phase2a\raw\TaiwanStockInstitutionalInvestorsBuySell_2344.json
3,TaiwanStockPrice,2344,2012-01-01,2026-08-01,2026-08-01T08:11:27.867230,3564,df691a724bf7207c24a04f8bf1ff076703c4fd0f67ba7b1c7be566a832dca5e0,https://api.finmindtrade.com/api/v4/data,0,success,rp001_data\phase2a\raw\TaiwanStockPrice_2344.json
3,TaiwanStockPER,2344,2012-01-01,2026-08-01,2026-08-01T08:11:28.930198,3567,b7de35dbd2184f3eb6bd1632421a408a1770cdb8ea6bd29875a079d78f1186a0,https://api.finmindtrade.com/api/v4/data,0,success,rp001_data\phase2a\raw\TaiwanStockPER_2344.json
3,TaiwanStockInstitutionalInvestorsBuySell,2345,2012-01-01,2026-08-01,2026-08-01T08:11:30.209117,15417,3de5adf29084e0ba2b0b98fdc111c5dee40ffafc84792e5a62cb515fe3a19389,https://api.finmindtrade.com/api/v4/data,0,success,rp001_data\phase2a\raw\TaiwanStockInstitutionalInvestorsBuySell_2345.json
3,TaiwanStockPrice,2345,2012-01-01,2026-08-01,2026-08-01T08:11:31.659805,3564,a5d0e84c55442a63508088dc067f315596faa0e4f6316a5b6fbc6cbf9b31067b,https://api.finmindtrade.com/api/v4/data,0,success,rp001_data\phase2a\raw\TaiwanStockPrice_2345.json
3,TaiwanStockPER,2345,2012-01-01,2026-08-01,2026-08-01T08:11:33.123855,3567,0c4ad68f4c68e8530cb63e080d0174c0358dc783c97a0b7e162f3d9c8351086f,https://api.finmindtrade.com/api/v4/data,0,success,rp001_data\phase2a\raw\TaiwanStockPER_2345.json
3,TaiwanStockInstitutionalInvestorsBuySell,2347,2012-01-01,2026-08-01,2026-08-01T08:11:35.023792,15417,0e247fb3e5a67becb47d48f5715f756de8ccfcb1ce97a72d4f8cbb6352ff5722,https://api.finmindtrade.com/api/v4/data,0,success,rp001_data\phase2a\raw\TaiwanStockInstitutionalInvestorsBuySell_2347.json
3,TaiwanStockPrice,2347,2012-01-01,2026-08-01,2026-08-01T08:11:36.385657,3564,436cc3aa03b6d8348cd91347dd2b65838f23401fe2058006dfa03447adade4c2,https://api.finmindtrade.com/api/v4/data,0,success,rp001_data\phase2a\raw\TaiwanStockPrice_2347.json
3,TaiwanStockPER,2347,2012-01-01,2026-08-01,2026-08-01T08:11:37.531389,3567,b9bea5e063c0c3b60571aa11615e077e8dc0a70b3dbf5d3ce3969c64436b92c2,https://api.finmindtrade.com/api/v4/data,0,success,rp001_data\phase2a\raw\TaiwanStockPER_2347.json
3,TaiwanStockInstitutionalInvestorsBuySell,2348,2012-01-01,2026-08-01,2026-08-01T08:11:38.660934,10607,8d7a739fe6d1ad7c374be9187b67a56d8119c49c766ee412ea0546478f9287c7,https://api.finmindtrade.com/api/v4/data,0,success,rp001_data\phase2a\raw\TaiwanStockInstitutionalInvestorsBuySell_2348.json
3,TaiwanStockPrice,2348,2012-01-01,2026-08-01,2026-08-01T08:11:39.958170,3554,e13415927798fb8450fd80f8d79d0d34614461c0dea3f0b96804851afbf233c2,https://api.finmindtrade.com/api/v4/data,0,success,rp001_data\phase2a\raw\TaiwanStockPrice_2348.json
3,TaiwanStockPER,2348,2012-01-01,2026-08-01,2026-08-01T08:11:40.999765,3557,3fa0c2d94f51f9b6b845ecd0c048732e2863cd0b37fb55be8961d2da698736cd,https://api.finmindtrade.com/api/v4/data,0,success,rp001_data\phase2a\raw\TaiwanStockPER_2348.json
3,TaiwanStockInstitutionalInvestorsBuySell,2349,2012-01-01,2026-08-01,2026-08-01T08:11:42.362478,15308,e16e1dca290a5af3e939b3fa24a8369c4dadd9acc4ba7b8c94d4475933d1b1ec,https://api.finmindtrade.com/api/v4/data,0,success,rp001_data\phase2a\raw\TaiwanStockInstitutionalInvestorsBuySell_2349.json
3,TaiwanStockPrice,2349,2012-01-01,2026-08-01,2026-08-01T08:11:43.848195,3544,64d2169d34ab5e30755261a9d9394ba387808d085896243795e29e8f6537e8d9,https://api.finmindtrade.com/api/v4/data,0,success,rp001_data\phase2a\raw\TaiwanStockPrice_2349.json
3,TaiwanStockPER,2349,2012-01-01,2026-08-01,2026-08-01T08:11:44.921072,3547,06230e3f1300e0bfc1906a8cbc2f255621ab105e89489f72e06dbf2790a5932e,https://api.finmindtrade.com/api/v4/data,0,success,rp001_data\phase2a\raw\TaiwanStockPER_2349.json
3,TaiwanStockInstitutionalInvestorsBuySell,2351,2012-01-01,2026-08-01,2026-08-01T08:11:46.470719,15409,e98aa0bea8708e77b4d3e50d3d156aa47c31c29578010facaec87321cfdf73f9,https://api.finmindtrade.com/api/v4/data,0,success,rp001_data\phase2a\raw\TaiwanStockInstitutionalInvestorsBuySell_2351.json
3,TaiwanStockPrice,2351,2012-01-01,2026-08-01,2026-08-01T08:11:47.989176,3564,d07d3612fd6f3df249685142483988837ecfc37b9dae0e273ad99b422b7fa826,https://api.finmindtrade.com/api/v4/data,0,success,rp001_data\phase2a\raw\TaiwanStockPrice_2351.json
3,TaiwanStockPER,2351,2012-01-01,2026-08-01,2026-08-01T08:11:49.071181,3567,22278afdbb697a55b6e364896d3baf4ca91313a7ecec54f31a09f415472900e1,https://api.finmindtrade.com/api/v4/data,0,success,rp001_data\phase2a\raw\TaiwanStockPER_2351.json
3,TaiwanStockInstitutionalInvestorsBuySell,2352,2012-01-01,2026-08-01,2026-08-01T08:11:50.364182,15387,1080b2ff097023432c8e42896974ec1877bda8d7ca92281e5e0d31dd8b568c8d,https://api.finmindtrade.com/api/v4/data,0,success,rp001_data\phase2a\raw\TaiwanStockInstitutionalInvestorsBuySell_2352.json
3,TaiwanStockPrice,2352,2012-01-01,2026-08-01,2026-08-01T08:11:51.758474,3558,ffde6fdd38f63dd0adb7895fe80e9e6a2a475cec9ba8c26034f6802df5c7a92f,https://api.finmindtrade.com/api/v4/data,0,success,rp001_data\phase2a\raw\TaiwanStockPrice_2352.json
3,TaiwanStockPER,2352,2012-01-01,2026-08-01,2026-08-01T08:11:52.814693,3561,d44d2f70f2bd0cb7a154fddc8383641cc65692921eeeb1c3171a4416f0372a00,https://api.finmindtrade.com/api/v4/data,0,success,rp001_data\phase2a\raw\TaiwanStockPER_2352.json
3,TaiwanStockInstitutionalInvestorsBuySell,2353,2012-01-01,2026-08-01,2026-08-01T08:11:54.118450,15417,48f56d3f62a13a1243cf1d66913b63945067d40e12a979fd52fa2a22c314d9bf,https://api.finmindtrade.com/api/v4/data,0,success,rp001_data\phase2a\raw\TaiwanStockInstitutionalInvestorsBuySell_2353.json
3,TaiwanStockPrice,2353,2012-01-01,2026-08-01,2026-08-01T08:11:55.457913,3564,ad15ace4e84eba9e37880dfa1c7021c7f6e6682c3cb4e2145671f1406a83c982,https://api.finmindtrade.com/api/v4/data,0,success,rp001_data\phase2a\raw\TaiwanStockPrice_2353.json
3,TaiwanStockPER,2353,2012-01-01,2026-08-01,2026-08-01T08:11:56.484729,3567,a712e9d816694674a3b533c12ea69fd0e82949f3aff498605b5ad12ba0a64f44,https://api.finmindtrade.com/api/v4/data,0,success,rp001_data\phase2a\raw\TaiwanStockPER_2353.json
3,TaiwanStockInstitutionalInvestorsBuySell,2354,2012-01-01,2026-08-01,2026-08-01T08:11:57.829878,15413,fc7c72ff8fda19067677e31f13cbfb11e6c2df2efb537539a88e02528929059e,https://api.finmindtrade.com/api/v4/data,0,success,rp001_data\phase2a\raw\TaiwanStockInstitutionalInvestorsBuySell_2354.json
3,TaiwanStockPrice,2354,2012-01-01,2026-08-01,2026-08-01T08:11:59.638605,3564,3a09ac45c976a0c372958653827ccc3c2d01105ff93908dbcf97103a695a1a86,https://api.finmindtrade.com/api/v4/data,0,success,rp001_data\phase2a\raw\TaiwanStockPrice_2354.json
3,TaiwanStockPER,2354,2012-01-01,2026-08-01,2026-08-01T08:12:00.902206,3567,9f8c19acdde0df53126bac78658260c3a3310b08e5b7f08d69dec035562baa1b,https://api.finmindtrade.com/api/v4/data,0,success,rp001_data\phase2a\raw\TaiwanStockPER_2354.json
3,TaiwanStockInstitutionalInvestorsBuySell,2355,2012-01-01,2026-08-01,2026-08-01T08:12:02.246970,15417,b10b3b457477ae0ae9d95a030eb11a0d9587be27ef2dedc3ecb87bc03a16ebe9,https://api.finmindtrade.com/api/v4/data,0,success,rp001_data\phase2a\raw\TaiwanStockInstitutionalInvestorsBuySell_2355.json
3,TaiwanStockPrice,2355,2012-01-01,2026-08-01,2026-08-01T08:12:03.696247,3564,9c03a0430de00257bae9ab7738a81db0d7b4c0ae8851dc02e1c335ac52ba02fc,https://api.finmindtrade.com/api/v4/data,0,success,rp001_data\phase2a\raw\TaiwanStockPrice_2355.json
3,TaiwanStockPER,2355,2012-01-01,2026-08-01,2026-08-01T08:12:04.734947,3567,814a18dae495d34063addba3febabebaac554c8cce89efd7b650d9477b3c77cd,https://api.finmindtrade.com/api/v4/data,0,success,rp001_data\phase2a\raw\TaiwanStockPER_2355.json
3,TaiwanStockInstitutionalInvestorsBuySell,2356,2012-01-01,2026-08-01,2026-08-01T08:12:06.028285,15417,6368fa84fe48d10e5bdfaecb5fef37e90c4f0c5cc4ccdd48be60ddca18438fb6,https://api.finmindtrade.com/api/v4/data,0,success,rp001_data\phase2a\raw\TaiwanStockInstitutionalInvestorsBuySell_2356.json
3,TaiwanStockPrice,2356,2012-01-01,2026-08-01,2026-08-01T08:12:07.387534,3564,a5f6b687092ddc8730dc6f1b30d0386592d88b71ece1f613a739174c025af5cd,https://api.finmindtrade.com/api/v4/data,0,success,rp001_data\phase2a\raw\TaiwanStockPrice_2356.json
3,TaiwanStockPER,2356,2012-01-01,2026-08-01,2026-08-01T08:12:08.564456,3567,118e3b87f1948850bf160ce55cb4f235e24699f4084725c8c0b91ff8ef1a6abc,https://api.finmindtrade.com/api/v4/data,0,success,rp001_data\phase2a\raw\TaiwanStockPER_2356.json
3,TaiwanStockInstitutionalInvestorsBuySell,2357,2012-01-01,2026-08-01,2026-08-01T08:12:10.113790,15417,1289e4726bc78d39f0d8170b2928f4d9c0daac77a309f0f7a6cdfd192d7cec60,https://api.finmindtrade.com/api/v4/data,0,success,rp001_data\phase2a\raw\TaiwanStockInstitutionalInvestorsBuySell_2357.json
3,TaiwanStockPrice,2357,2012-01-01,2026-08-01,2026-08-01T08:12:11.531788,3564,4812f5c95d1a929979da4364a64b71bf41dc423c1d9fbe490f3df3b4d151c49e,https://api.finmindtrade.com/api/v4/data,0,success,rp001_data\phase2a\raw\TaiwanStockPrice_2357.json
3,TaiwanStockPER,2357,2012-01-01,2026-08-01,2026-08-01T08:12:12.776180,3567,13a517fe1ddc56f2f0aed7d0e155e74fabbe601345f068f7ac394dfd57208e85,https://api.finmindtrade.com/api/v4/data,0,success,rp001_data\phase2a\raw\TaiwanStockPER_2357.json
3,TaiwanStockInstitutionalInvestorsBuySell,2359,2012-01-01,2026-08-01,2026-08-01T08:12:14.114291,15063,4b6e787d1a0cc8103f0694fdb94cf1a20a144137e70308abcb0603a2f6a8ffba,https://api.finmindtrade.com/api/v4/data,0,success,rp001_data\phase2a\raw\TaiwanStockInstitutionalInvestorsBuySell_2359.json
3,TaiwanStockPrice,2359,2012-01-01,2026-08-01,2026-08-01T08:12:15.505925,3549,8ab1df8f8840f4895ea0a0d662b4cef41e544009b680e5a8678f724e26da65b7,https://api.finmindtrade.com/api/v4/data,0,success,rp001_data\phase2a\raw\TaiwanStockPrice_2359.json
3,TaiwanStockPER,2359,2012-01-01,2026-08-01,2026-08-01T08:12:16.527839,3552,5e2b7afdb1fdc1f9b3ccd213343f79d5266e2d6aa3bb46e9452d2411878dfae0,https://api.finmindtrade.com/api/v4/data,0,success,rp001_data\phase2a\raw\TaiwanStockPER_2359.json
3,TaiwanStockInstitutionalInvestorsBuySell,2360,2012-01-01,2026-08-01,2026-08-01T08:12:18.240623,15413,5f0239ce6c3941f0aa5c15264d4652b5486d43798322f84d881d1d2ef27f0fa2,https://api.finmindtrade.com/api/v4/data,0,success,rp001_data\phase2a\raw\TaiwanStockInstitutionalInvestorsBuySell_2360.json
3,TaiwanStockPrice,2360,2012-01-01,2026-08-01,2026-08-01T08:12:19.758114,3564,d9f5628cf6325857860de4016a0a83d705b31968f521377afe4f841cce260b47,https://api.finmindtrade.com/api/v4/data,0,success,rp001_data\phase2a\raw\TaiwanStockPrice_2360.json
3,TaiwanStockPER,2360,2012-01-01,2026-08-01,2026-08-01T08:12:20.793482,3567,3ed0b530d90a1e2e6fb1c84769e4e49478b7fae8385c99e08a4166b1dbc7d691,https://api.finmindtrade.com/api/v4/data,0,success,rp001_data\phase2a\raw\TaiwanStockPER_2360.json
3,TaiwanStockInstitutionalInvestorsBuySell,2362,2012-01-01,2026-08-01,2026-08-01T08:12:44.602746,15401,43950d3cdde6bd86fd6fa8731ec1f5bbe97305217fef3c57bb87cf6c4a1a12d7,https://api.finmindtrade.com/api/v4/data,1,success,rp001_data\phase2a\raw\TaiwanStockInstitutionalInvestorsBuySell_2362.json
3,TaiwanStockPrice,2362,2012-01-01,2026-08-01,2026-08-01T08:12:45.972786,3564,903ad758318bfa265800f1d035e0859e0d8d26f4d7194dcc8e074dce64d59f8b,https://api.finmindtrade.com/api/v4/data,0,success,rp001_data\phase2a\raw\TaiwanStockPrice_2362.json
3,TaiwanStockPER,2362,2012-01-01,2026-08-01,2026-08-01T08:12:47.276860,3567,23d9b9d203a4ee85de75e0ffa012f8b85e9e01a5dc2fb22f13d6b3e4fa463ab4,https://api.finmindtrade.com/api/v4/data,0,success,rp001_data\phase2a\raw\TaiwanStockPER_2362.json
3,TaiwanStockInstitutionalInvestorsBuySell,2363,2012-01-01,2026-08-01,2026-08-01T08:12:48.632300,15321,ab4aba3c658229e54aaa58cece0fdb4c3bf126bfea9c4f899053206edeca0ead,https://api.finmindtrade.com/api/v4/data,0,success,rp001_data\phase2a\raw\TaiwanStockInstitutionalInvestorsBuySell_2363.json
3,TaiwanStockPrice,2363,2012-01-01,2026-08-01,2026-08-01T08:12:50.522678,3550,b619465662ec3e5969484da0ec860378355e59c675f926ddf9063f5a9b1b0f6b,https://api.finmindtrade.com/api/v4/data,0,success,rp001_data\phase2a\raw\TaiwanStockPrice_2363.json
3,TaiwanStockPER,2363,2012-01-01,2026-08-01,2026-08-01T08:12:51.581265,3553,e73f93ff2cc50dbd0606461c6d1ff7f3ba4ecc5894da0d34e6a0d3417cecb94b,https://api.finmindtrade.com/api/v4/data,0,success,rp001_data\phase2a\raw\TaiwanStockPER_2363.json
3,TaiwanStockInstitutionalInvestorsBuySell,2364,2012-01-01,2026-08-01,2026-08-01T08:12:52.740000,6828,54440592448f29d3f886cd2ecc53f6e565e71fa3411c8d556cc8e66136a78c9e,https://api.finmindtrade.com/api/v4/data,0,success,rp001_data\phase2a\raw\TaiwanStockInstitutionalInvestorsBuySell_2364.json
3,TaiwanStockPrice,2364,2012-01-01,2026-08-01,2026-08-01T08:12:54.109474,3541,380a1dfc8128856ae05477f9fb8dc8d274e21ea28681b0f36ab8b909e4945a56,https://api.finmindtrade.com/api/v4/data,0,success,rp001_data\phase2a\raw\TaiwanStockPrice_2364.json
3,TaiwanStockPER,2364,2012-01-01,2026-08-01,2026-08-01T08:12:55.270957,3544,33bd5ee2e4d6dc76b3cbf96a05ca84958cbc366455241fd314e09c2800ff1560,https://api.finmindtrade.com/api/v4/data,0,success,rp001_data\phase2a\raw\TaiwanStockPER_2364.json
3,TaiwanStockInstitutionalInvestorsBuySell,2365,2012-01-01,2026-08-01,2026-08-01T08:12:56.864084,15276,86c6bc9cb189164c9eab994a9167d08a5be83d002d6df31d018cdd27e8e4212f,https://api.finmindtrade.com/api/v4/data,0,success,rp001_data\phase2a\raw\TaiwanStockInstitutionalInvestorsBuySell_2365.json
3,TaiwanStockPrice,2365,2012-01-01,2026-08-01,2026-08-01T08:12:58.401142,3564,c5a7433fe44d8922deb10e6ab6986b3a86a8eea20a083d783d527483cf2b411e,https://api.finmindtrade.com/api/v4/data,0,success,rp001_data\phase2a\raw\TaiwanStockPrice_2365.json
3,TaiwanStockPER,2365,2012-01-01,2026-08-01,2026-08-01T08:12:59.491957,3567,d78dde0083071156f59900302efb2344c87dc893808da1be835a5731b7c66b69,https://api.finmindtrade.com/api/v4/data,0,success,rp001_data\phase2a\raw\TaiwanStockPER_2365.json
3,TaiwanStockInstitutionalInvestorsBuySell,2367,2012-01-01,2026-08-01,2026-08-01T08:13:01.777037,15411,292396dd9ce1ceb2f4b01c9a0885368c123c16e6a1d336cba76bef6f0bc519bc,https://api.finmindtrade.com/api/v4/data,0,success,rp001_data\phase2a\raw\TaiwanStockInstitutionalInvestorsBuySell_2367.json
3,TaiwanStockPrice,2367,2012-01-01,2026-08-01,2026-08-01T08:13:03.287395,3564,5ad66d472d4b9105340ebdf322677108708c7f0ca81e0e1b9e4fc8e09a819edf,https://api.finmindtrade.com/api/v4/data,0,success,rp001_data\phase2a\raw\TaiwanStockPrice_2367.json
3,TaiwanStockPER,2367,2012-01-01,2026-08-01,2026-08-01T08:13:04.363493,3567,a70d759309fabf3c0fcde7e58d837eccb00ea9a861bcdc79ee4af024cd9cf698,https://api.finmindtrade.com/api/v4/data,0,success,rp001_data\phase2a\raw\TaiwanStockPER_2367.json
3,TaiwanStockInstitutionalInvestorsBuySell,2368,2012-01-01,2026-08-01,2026-08-01T08:13:05.600872,15358,359b793173cd93040518d11c275d62913524b45d9e5b00e520b57379f6ceefe6,https://api.finmindtrade.com/api/v4/data,0,success,rp001_data\phase2a\raw\TaiwanStockInstitutionalInvestorsBuySell_2368.json
3,TaiwanStockPrice,2368,2012-01-01,2026-08-01,2026-08-01T08:13:06.867511,3557,18732a486ecf222a0aba4985348e2e09a162518ddfc6e5d6223d1f049cda27a1,https://api.finmindtrade.com/api/v4/data,0,success,rp001_data\phase2a\raw\TaiwanStockPrice_2368.json
3,TaiwanStockPER,2368,2012-01-01,2026-08-01,2026-08-01T08:13:07.886152,3560,d622f4ef6c3d1be405d84dfeb36cd55a679ea77b48f04608393688ee385d11bf,https://api.finmindtrade.com/api/v4/data,0,success,rp001_data\phase2a\raw\TaiwanStockPER_2368.json
3,TaiwanStockInstitutionalInvestorsBuySell,2369,2012-01-01,2026-08-01,2026-08-01T08:13:09.035093,15406,c1eb9b325a4b823514e9d32ec5e8e8bf582db07920963d6449bf45bea85a44ba,https://api.finmindtrade.com/api/v4/data,0,success,rp001_data\phase2a\raw\TaiwanStockInstitutionalInvestorsBuySell_2369.json
3,TaiwanStockPrice,2369,2012-01-01,2026-08-01,2026-08-01T08:13:10.588169,3564,94a61f693b2c42b6c0ad07dfdaf3647f4cd4816cafb60aa17f9d21b328ab9a69,https://api.finmindtrade.com/api/v4/data,0,success,rp001_data\phase2a\raw\TaiwanStockPrice_2369.json
3,TaiwanStockPER,2369,2012-01-01,2026-08-01,2026-08-01T08:13:11.648883,3567,9f4a4cc5df1aaf8237b8ca7f5d7aec3846d9775fd054c89fb72659838f726e56,https://api.finmindtrade.com/api/v4/data,0,success,rp001_data\phase2a\raw\TaiwanStockPER_2369.json
3,TaiwanStockInstitutionalInvestorsBuySell,2371,2012-01-01,2026-08-01,2026-08-01T08:13:13.161092,15373,6ac6630f4dcedffbeac0c977db0bd07c0f9bde1a49d0c0e321aba925752f62e1,https://api.finmindtrade.com/api/v4/data,0,success,rp001_data\phase2a\raw\TaiwanStockInstitutionalInvestorsBuySell_2371.json
3,TaiwanStockPrice,2371,2012-01-01,2026-08-01,2026-08-01T08:13:14.629837,3557,a9689b5226f5bd33f715562d9c17a6ea11569e3f1e5992d2b2b52179212cc8b6,https://api.finmindtrade.com/api/v4/data,0,success,rp001_data\phase2a\raw\TaiwanStockPrice_2371.json
3,TaiwanStockPER,2371,2012-01-01,2026-08-01,2026-08-01T08:13:15.670165,3560,b15dd5ff9095f618079181666dfe9806e66f349ee9b2db4c33e7f42c8b0cf190,https://api.finmindtrade.com/api/v4/data,0,success,rp001_data\phase2a\raw\TaiwanStockPER_2371.json
3,TaiwanStockInstitutionalInvestorsBuySell,2373,2012-01-01,2026-08-01,2026-08-01T08:13:17.136414,15202,c89354be59d74e385018bb372aea456586a16071b34f330498d51e62a9d6a1e8,https://api.finmindtrade.com/api/v4/data,0,success,rp001_data\phase2a\raw\TaiwanStockInstitutionalInvestorsBuySell_2373.json
3,TaiwanStockPrice,2373,2012-01-01,2026-08-01,2026-08-01T08:13:18.471032,3554,e68e0955cf88301c06c3a42a91e74312834e03528c5d5e2cf2c45b2c536b734a,https://api.finmindtrade.com/api/v4/data,0,success,rp001_data\phase2a\raw\TaiwanStockPrice_2373.json
3,TaiwanStockPER,2373,2012-01-01,2026-08-01,2026-08-01T08:13:19.486224,3557,4cc6d8ae2bdf0e1d888cd6b59b865de043f2efbfa292441e0846818a6bd28924,https://api.finmindtrade.com/api/v4/data,0,success,rp001_data\phase2a\raw\TaiwanStockPER_2373.json
3,TaiwanStockInstitutionalInvestorsBuySell,2374,2012-01-01,2026-08-01,2026-08-01T08:13:20.694552,15356,e799c18b3b93ec9da7d7631e6e04ae4d8643fd469626e6caf4d855cc45483c5d,https://api.finmindtrade.com/api/v4/data,0,success,rp001_data\phase2a\raw\TaiwanStockInstitutionalInvestorsBuySell_2374.json
3,TaiwanStockPrice,2374,2012-01-01,2026-08-01,2026-08-01T08:13:22.109120,3556,fb736a5e44c8ad27f7001543af54e95f458ce82275b6c72d4e555fddf30e5bd8,https://api.finmindtrade.com/api/v4/data,0,success,rp001_data\phase2a\raw\TaiwanStockPrice_2374.json
3,TaiwanStockPER,2374,2012-01-01,2026-08-01,2026-08-01T08:13:23.329617,3559,df05323f3ae5a178eb30bed9b00d7622cb89d6f851b9a79cdfb98424bb795969,https://api.finmindtrade.com/api/v4/data,0,success,rp001_data\phase2a\raw\TaiwanStockPER_2374.json
3,TaiwanStockInstitutionalInvestorsBuySell,2375,2012-01-01,2026-08-01,2026-08-01T08:13:24.549876,14768,b920a18c5c9f256a16d2d6f41332770b48111f22231aa91374e630a2e91c491b,https://api.finmindtrade.com/api/v4/data,0,success,rp001_data\phase2a\raw\TaiwanStockInstitutionalInvestorsBuySell_2375.json
3,TaiwanStockPrice,2375,2012-01-01,2026-08-01,2026-08-01T08:13:27.660212,3522,6a1c797bb0bab5547db8bad5f6bb315aee89f459be1f7dc685ffa8bd34a9ebf4,https://api.finmindtrade.com/api/v4/data,0,success,rp001_data\phase2a\raw\TaiwanStockPrice_2375.json
3,TaiwanStockPER,2375,2012-01-01,2026-08-01,2026-08-01T08:13:28.693574,3525,0ab035add285cb5d0fc98d064efcc547f9f0d2b5859f41892bd3dacd5c2cecb5,https://api.finmindtrade.com/api/v4/data,0,success,rp001_data\phase2a\raw\TaiwanStockPER_2375.json
3,TaiwanStockInstitutionalInvestorsBuySell,2376,2012-01-01,2026-08-01,2026-08-01T08:13:29.986459,15417,dd88340b53a0fdd828811bf881ba72d5ecd2dbf1f542db11e1cd00cd5a7594eb,https://api.finmindtrade.com/api/v4/data,0,success,rp001_data\phase2a\raw\TaiwanStockInstitutionalInvestorsBuySell_2376.json
3,TaiwanStockPrice,2376,2012-01-01,2026-08-01,2026-08-01T08:13:32.155104,3564,6eab5aa2307fc60fa55e4a369caa60ea5e97eb2176904b5f6b48e5ad2a812f7b,https://api.finmindtrade.com/api/v4/data,0,success,rp001_data\phase2a\raw\TaiwanStockPrice_2376.json
3,TaiwanStockPER,2376,2012-01-01,2026-08-01,2026-08-01T08:13:33.234190,3567,8242ba81d28f27b7164dc3fe49d9a97500cf6444fc45902cd4a90a7f1395da17,https://api.finmindtrade.com/api/v4/data,0,success,rp001_data\phase2a\raw\TaiwanStockPER_2376.json
3,TaiwanStockInstitutionalInvestorsBuySell,2377,2012-01-01,2026-08-01,2026-08-01T08:13:34.582458,15417,b8b0e8f274a161bd1f9f7021a265aed3f9326082db2182ec7c2f151ca70e6a56,https://api.finmindtrade.com/api/v4/data,0,success,rp001_data\phase2a\raw\TaiwanStockInstitutionalInvestorsBuySell_2377.json
3,TaiwanStockPrice,2377,2012-01-01,2026-08-01,2026-08-01T08:13:36.373362,3564,d96ea5c468846cdba6f6394e9501b7fee325ae51b58ad35cdf30aa151d9ad19a,https://api.finmindtrade.com/api/v4/data,0,success,rp001_data\phase2a\raw\TaiwanStockPrice_2377.json
3,TaiwanStockPER,2377,2012-01-01,2026-08-01,2026-08-01T08:13:37.542789,3567,cc69ea4583a2fe19a868425dc22d1c9f19db84f66e11ab048f419844c9c2b8e3,https://api.finmindtrade.com/api/v4/data,0,success,rp001_data\phase2a\raw\TaiwanStockPER_2377.json
3,TaiwanStockInstitutionalInvestorsBuySell,2379,2012-01-01,2026-08-01,2026-08-01T08:13:38.946937,15417,97e483957614c8210035f042f45a6e8a6a78c2d0315678bd4751764cb6cdba4d,https://api.finmindtrade.com/api/v4/data,0,success,rp001_data\phase2a\raw\TaiwanStockInstitutionalInvestorsBuySell_2379.json
3,TaiwanStockPrice,2379,2012-01-01,2026-08-01,2026-08-01T08:13:40.682714,3564,f0554fe44ba288dd951eeacb6c1ceb9df0537c9d9f22a6d75ee8f6cc1fbe7ef4,https://api.finmindtrade.com/api/v4/data,0,success,rp001_data\phase2a\raw\TaiwanStockPrice_2379.json
3,TaiwanStockPER,2379,2012-01-01,2026-08-01,2026-08-01T08:13:41.709606,3567,90d817131b9e4e3da8d8baf697129f5f995fec718ba323159f51b1ba3d4f8539,https://api.finmindtrade.com/api/v4/data,0,success,rp001_data\phase2a\raw\TaiwanStockPER_2379.json
3,TaiwanStockInstitutionalInvestorsBuySell,2380,2012-01-01,2026-08-01,2026-08-01T08:13:42.967515,12789,4c4d5f2258c41cf4395b30320f1a3721815e8d4a2731576abdc7c4aa620a0962,https://api.finmindtrade.com/api/v4/data,0,success,rp001_data\phase2a\raw\TaiwanStockInstitutionalInvestorsBuySell_2380.json
3,TaiwanStockPrice,2380,2012-01-01,2026-08-01,2026-08-01T08:13:44.312347,3551,5a573a3ed9958c3a403f3199bed2a7b95645794160e5763f29e3e3cf39baffdd,https://api.finmindtrade.com/api/v4/data,0,success,rp001_data\phase2a\raw\TaiwanStockPrice_2380.json
3,TaiwanStockPER,2380,2012-01-01,2026-08-01,2026-08-01T08:13:45.304618,3558,8bc320f51c1186654886a3a684c353e5a03ee376ca8e507e0ec316eabca6506e,https://api.finmindtrade.com/api/v4/data,0,success,rp001_data\phase2a\raw\TaiwanStockPER_2380.json
3,TaiwanStockInstitutionalInvestorsBuySell,2382,2012-01-01,2026-08-01,2026-08-01T08:13:46.586504,15417,f6468853b27328fcda835b1f8734f04111139a01d6bfa59869620ac76012764a,https://api.finmindtrade.com/api/v4/data,0,success,rp001_data\phase2a\raw\TaiwanStockInstitutionalInvestorsBuySell_2382.json
3,TaiwanStockPrice,2382,2012-01-01,2026-08-01,2026-08-01T08:13:47.929381,3564,2b237508b895f6a705c9457a20de77dd905a74736b853d3bf8647e4a812e63fa,https://api.finmindtrade.com/api/v4/data,0,success,rp001_data\phase2a\raw\TaiwanStockPrice_2382.json
3,TaiwanStockPER,2382,2012-01-01,2026-08-01,2026-08-01T08:13:49.046760,3567,e9bf1d992224579ec43e7f9dca24e01a807315892de67f87d25dd99ff91a14b2,https://api.finmindtrade.com/api/v4/data,0,success,rp001_data\phase2a\raw\TaiwanStockPER_2382.json
3,TaiwanStockInstitutionalInvestorsBuySell,2383,2012-01-01,2026-08-01,2026-08-01T08:13:50.457687,15417,4612ad5c57f05d39e81729b5ae20aef541ea36a393201c7e44512e7217902637,https://api.finmindtrade.com/api/v4/data,0,success,rp001_data\phase2a\raw\TaiwanStockInstitutionalInvestorsBuySell_2383.json
3,TaiwanStockPrice,2383,2012-01-01,2026-08-01,2026-08-01T08:13:51.838909,3564,6ef3246c6e11d99c2ca934b0c9632d588eb4b040077ed051ada417565121d645,https://api.finmindtrade.com/api/v4/data,0,success,rp001_data\phase2a\raw\TaiwanStockPrice_2383.json
3,TaiwanStockPER,2383,2012-01-01,2026-08-01,2026-08-01T08:13:52.946289,3567,6f7bc94feb46f5b75a69ef609f08094f9d50a96550893d5c8097f64aaf5712c0,https://api.finmindtrade.com/api/v4/data,0,success,rp001_data\phase2a\raw\TaiwanStockPER_2383.json
3,TaiwanStockInstitutionalInvestorsBuySell,2385,2012-01-01,2026-08-01,2026-08-01T08:13:54.272907,15417,ce44f154f6ec8928a14edd49b1c20eb102620b87f91fbdb90b726aa2b1e77e6f,https://api.finmindtrade.com/api/v4/data,0,success,rp001_data\phase2a\raw\TaiwanStockInstitutionalInvestorsBuySell_2385.json
3,TaiwanStockPrice,2385,2012-01-01,2026-08-01,2026-08-01T08:13:55.651709,3564,bd49e1d1e7e04669630221662d3cf753f1a3c30eb556c66bd3659a839e17df0a,https://api.finmindtrade.com/api/v4/data,0,success,rp001_data\phase2a\raw\TaiwanStockPrice_2385.json
3,TaiwanStockPER,2385,2012-01-01,2026-08-01,2026-08-01T08:13:56.703907,3567,03fa8109339af60c3422cab34beb0060b245aeec8b4e4750189a4f9ba8e7f8c0,https://api.finmindtrade.com/api/v4/data,0,success,rp001_data\phase2a\raw\TaiwanStockPER_2385.json
3,TaiwanStockInstitutionalInvestorsBuySell,2387,2012-01-01,2026-08-01,2026-08-01T08:13:58.015714,15261,3bb043f7021801e28b353a949f44df671afa94a61b1a5124e7f6b77f3f409a1b,https://api.finmindtrade.com/api/v4/data,0,success,rp001_data\phase2a\raw\TaiwanStockInstitutionalInvestorsBuySell_2387.json
3,TaiwanStockPrice,2387,2012-01-01,2026-08-01,2026-08-01T08:13:59.343138,3534,1b57e9e5ff253ffd576b893368492d88c1d539b3ed9ad479cbca38d8c3e2c9be,https://api.finmindtrade.com/api/v4/data,0,success,rp001_data\phase2a\raw\TaiwanStockPrice_2387.json
3,TaiwanStockPER,2387,2012-01-01,2026-08-01,2026-08-01T08:14:00.667128,3537,cc917f10eb571451d17d8e55233f1afed0281a4f2a99f204277d20778436ef45,https://api.finmindtrade.com/api/v4/data,0,success,rp001_data\phase2a\raw\TaiwanStockPER_2387.json
3,TaiwanStockInstitutionalInvestorsBuySell,2388,2012-01-01,2026-08-01,2026-08-01T08:14:04.455069,15148,fde0195e19fc63dce21544088877af9225c324db023e749c11a28fa216e3eb11,https://api.finmindtrade.com/api/v4/data,0,success,rp001_data\phase2a\raw\TaiwanStockInstitutionalInvestorsBuySell_2388.json
3,TaiwanStockPrice,2388,2012-01-01,2026-08-01,2026-08-01T08:14:05.771735,3555,6d7ce8e66e71a08e910f8f25727bb92d0f4db71b6d410eedcf0fbcd2d66eea52,https://api.finmindtrade.com/api/v4/data,0,success,rp001_data\phase2a\raw\TaiwanStockPrice_2388.json
3,TaiwanStockPER,2388,2012-01-01,2026-08-01,2026-08-01T08:14:06.830555,3559,dcb69e92d167c0f2cf70353d569036ea67eb69ed4b3340f20853d4e7a0022831,https://api.finmindtrade.com/api/v4/data,0,success,rp001_data\phase2a\raw\TaiwanStockPER_2388.json
3,TaiwanStockInstitutionalInvestorsBuySell,2390,2012-01-01,2026-08-01,2026-08-01T08:14:08.083531,15307,a7776cd2602d193d89023df5a0a9055331ff0f568f65f736de812a4e5442144e,https://api.finmindtrade.com/api/v4/data,0,success,rp001_data\phase2a\raw\TaiwanStockInstitutionalInvestorsBuySell_2390.json
3,TaiwanStockPrice,2390,2012-01-01,2026-08-01,2026-08-01T08:14:09.466889,3557,a404d1e8b599dd54d116248574cbd8f0a4842dbc0d94c8b712e837dce9d43a2a,https://api.finmindtrade.com/api/v4/data,0,success,rp001_data\phase2a\raw\TaiwanStockPrice_2390.json
3,TaiwanStockPER,2390,2012-01-01,2026-08-01,2026-08-01T08:14:10.556511,3560,c78f050a1510699ae1c71daa1ee98f4d249331e8a662304dc0d1b736c5a8db3a,https://api.finmindtrade.com/api/v4/data,0,success,rp001_data\phase2a\raw\TaiwanStockPER_2390.json
3,TaiwanStockInstitutionalInvestorsBuySell,2392,2012-01-01,2026-08-01,2026-08-01T08:14:11.886529,15402,d7860fe4493a3f0ab0f5ed69abe5c4bd5c135998021e32b001f1d6f80cd2eb4b,https://api.finmindtrade.com/api/v4/data,0,success,rp001_data\phase2a\raw\TaiwanStockInstitutionalInvestorsBuySell_2392.json
3,TaiwanStockPrice,2392,2012-01-01,2026-08-01,2026-08-01T08:14:13.450669,3564,b09bbb26bb69e7c296068b2658437acbbaf3283e8e9127a99b2be472d5626ef5,https://api.finmindtrade.com/api/v4/data,0,success,rp001_data\phase2a\raw\TaiwanStockPrice_2392.json
3,TaiwanStockPER,2392,2012-01-01,2026-08-01,2026-08-01T08:14:14.537513,3567,472d395dc551f170dd8293c743801e4ecb579093c89305394270498bb307f632,https://api.finmindtrade.com/api/v4/data,0,success,rp001_data\phase2a\raw\TaiwanStockPER_2392.json
3,TaiwanStockInstitutionalInvestorsBuySell,2393,2012-01-01,2026-08-01,2026-08-01T08:14:16.819807,15417,150e6ff5d6c9cce4d93f96e9ada79968751795b0c8b43118e75efc5a87260493,https://api.finmindtrade.com/api/v4/data,0,success,rp001_data\phase2a\raw\TaiwanStockInstitutionalInvestorsBuySell_2393.json
3,TaiwanStockPrice,2393,2012-01-01,2026-08-01,2026-08-01T08:14:18.260718,3564,bb05dbabfb7bb20b41b7abc1313badced7a43582324f39e7ceb8730e1073232c,https://api.finmindtrade.com/api/v4/data,0,success,rp001_data\phase2a\raw\TaiwanStockPrice_2393.json
3,TaiwanStockPER,2393,2012-01-01,2026-08-01,2026-08-01T08:14:19.349944,3567,eedf81288f55b3e70ffc73382082c4a6edfd4619f763e34481868a44327319c5,https://api.finmindtrade.com/api/v4/data,0,success,rp001_data\phase2a\raw\TaiwanStockPER_2393.json
3,TaiwanStockInstitutionalInvestorsBuySell,2395,2012-01-01,2026-08-01,2026-08-01T08:14:20.604332,15408,672bcd39d79300f1789ed747d304f53181c605463c53a7f45012dc3b3b4e265a,https://api.finmindtrade.com/api/v4/data,0,success,rp001_data\phase2a\raw\TaiwanStockInstitutionalInvestorsBuySell_2395.json
3,TaiwanStockPrice,2395,2012-01-01,2026-08-01,2026-08-01T08:14:22.043111,3564,8e94de991520e496012a96227ca1375a590b03a967aef5556e4fceb0f2b9867c,https://api.finmindtrade.com/api/v4/data,0,success,rp001_data\phase2a\raw\TaiwanStockPrice_2395.json
3,TaiwanStockPER,2395,2012-01-01,2026-08-01,2026-08-01T08:14:23.174081,3567,4565b7ab814540d2933da632ca3c22794f2d271e494c364b672ead13e241711e,https://api.finmindtrade.com/api/v4/data,0,success,rp001_data\phase2a\raw\TaiwanStockPER_2395.json
3,TaiwanStockInstitutionalInvestorsBuySell,2397,2012-01-01,2026-08-01,2026-08-01T08:14:24.821193,15056,6212ac8ad12d8433aef94cf2dd28dd67f36e5d12694062046929721c3c45a79f,https://api.finmindtrade.com/api/v4/data,0,success,rp001_data\phase2a\raw\TaiwanStockInstitutionalInvestorsBuySell_2397.json
3,TaiwanStockPrice,2397,2012-01-01,2026-08-01,2026-08-01T08:14:26.176053,3564,93e09d511aff0e5dd2314b4a71cd6d63a7c1b8805676f25f867fa05819aae224,https://api.finmindtrade.com/api/v4/data,0,success,rp001_data\phase2a\raw\TaiwanStockPrice_2397.json
3,TaiwanStockPER,2397,2012-01-01,2026-08-01,2026-08-01T08:14:27.200361,3567,381f185c07030a53fa93eef40f7ead8ab00a39cda0ee8065e1fad708cba66493,https://api.finmindtrade.com/api/v4/data,0,success,rp001_data\phase2a\raw\TaiwanStockPER_2397.json
3,TaiwanStockInstitutionalInvestorsBuySell,2399,2012-01-01,2026-08-01,2026-08-01T08:14:28.469729,15209,07a347b89a739e3080215b0e61c07dde2be2f032fd51db5f511d92cfc2fb8be7,https://api.finmindtrade.com/api/v4/data,0,success,rp001_data\phase2a\raw\TaiwanStockInstitutionalInvestorsBuySell_2399.json
3,TaiwanStockPrice,2399,2012-01-01,2026-08-01,2026-08-01T08:14:29.796546,3564,43a73f839c686161be8b6c02ffaf06aebdc40b6ba084e4c3ca945fd95ba4fa93,https://api.finmindtrade.com/api/v4/data,0,success,rp001_data\phase2a\raw\TaiwanStockPrice_2399.json
3,TaiwanStockPER,2399,2012-01-01,2026-08-01,2026-08-01T08:14:30.826146,3567,4b2c665bb7905aba7e5cd7f4c31e0a212ce2acafbad5deb8ce3b64c2321ef6bf,https://api.finmindtrade.com/api/v4/data,0,success,rp001_data\phase2a\raw\TaiwanStockPER_2399.json
3,TaiwanStockInstitutionalInvestorsBuySell,2401,2012-01-01,2026-08-01,2026-08-01T08:14:32.275729,15404,9ac0d7e70b6282d6a37cbadebadf7491c6e5cec3b37143b12763bddfc83f22e8,https://api.finmindtrade.com/api/v4/data,0,success,rp001_data\phase2a\raw\TaiwanStockInstitutionalInvestorsBuySell_2401.json
3,TaiwanStockPrice,2401,2012-01-01,2026-08-01,2026-08-01T08:14:33.633120,3564,06fb542b1934692459c93b12a21a7385c60080bb495d2d4152c2f280a82f5621,https://api.finmindtrade.com/api/v4/data,0,success,rp001_data\phase2a\raw\TaiwanStockPrice_2401.json
3,TaiwanStockPER,2401,2012-01-01,2026-08-01,2026-08-01T08:14:57.240983,3567,ac18e1e9dfe24048459798823c3f05b35757edc253805ff310e11bb0765a1471,https://api.finmindtrade.com/api/v4/data,1,success,rp001_data\phase2a\raw\TaiwanStockPER_2401.json
3,TaiwanStockInstitutionalInvestorsBuySell,2402,2012-01-01,2026-08-01,2026-08-01T08:14:58.648577,15400,316a59d294f18c6492b9176aaa90ba96351b62ff890f1a041a0c6106288a997b,https://api.finmindtrade.com/api/v4/data,0,success,rp001_data\phase2a\raw\TaiwanStockInstitutionalInvestorsBuySell_2402.json
3,TaiwanStockPrice,2402,2012-01-01,2026-08-01,2026-08-01T08:15:00.230018,3564,5bf54b084360da98e24b9dee8a4e41ebcf59a94fdcc9cd7a1880d8530b347869,https://api.finmindtrade.com/api/v4/data,0,success,rp001_data\phase2a\raw\TaiwanStockPrice_2402.json
3,TaiwanStockPER,2402,2012-01-01,2026-08-01,2026-08-01T08:15:01.279662,3567,a262435f8f1a7233ceae468a3f0f7b2b53a4cacff925d98e47c76ae91c3c3876,https://api.finmindtrade.com/api/v4/data,0,success,rp001_data\phase2a\raw\TaiwanStockPER_2402.json
3,TaiwanStockInstitutionalInvestorsBuySell,2404,2012-01-01,2026-08-01,2026-08-01T08:15:02.644546,15368,6396b97138d3366c26aaedfdac3146c54a38b693d9bda0dca2cddc3c59c7cea6,https://api.finmindtrade.com/api/v4/data,0,success,rp001_data\phase2a\raw\TaiwanStockInstitutionalInvestorsBuySell_2404.json
3,TaiwanStockPrice,2404,2012-01-01,2026-08-01,2026-08-01T08:15:04.042105,3557,80cba7241becfe5ad004dea24e12081470dacb13aae97a45a7d41375ec7ea8ff,https://api.finmindtrade.com/api/v4/data,0,success,rp001_data\phase2a\raw\TaiwanStockPrice_2404.json
3,TaiwanStockPER,2404,2012-01-01,2026-08-01,2026-08-01T08:15:05.122651,3560,c8a0a3f80dd1a3a10cfc53e83efee84821932a5d793e1820ed49614030889bfe,https://api.finmindtrade.com/api/v4/data,0,success,rp001_data\phase2a\raw\TaiwanStockPER_2404.json
3,TaiwanStockInstitutionalInvestorsBuySell,2405,2012-01-01,2026-08-01,2026-08-01T08:15:06.475131,15390,d7dcaf0b7f17624faf57632ff907cc81f5fa4a9a6417eea28f742a23994a7123,https://api.finmindtrade.com/api/v4/data,0,success,rp001_data\phase2a\raw\TaiwanStockInstitutionalInvestorsBuySell_2405.json
3,TaiwanStockPrice,2405,2012-01-01,2026-08-01,2026-08-01T08:15:07.730611,3564,5c41660770ef9038916e84ea4bb72986333b1e4f395c2d3622e2e79ca79a6ae1,https://api.finmindtrade.com/api/v4/data,0,success,rp001_data\phase2a\raw\TaiwanStockPrice_2405.json
3,TaiwanStockPER,2405,2012-01-01,2026-08-01,2026-08-01T08:15:08.810260,3567,b8f36f2c11dfbd83d5d7fdec1a77258abba35b199a1529bb445deb3fc98a3938,https://api.finmindtrade.com/api/v4/data,0,success,rp001_data\phase2a\raw\TaiwanStockPER_2405.json
3,TaiwanStockInstitutionalInvestorsBuySell,2406,2012-01-01,2026-08-01,2026-08-01T08:15:10.156414,15389,0d999012eb65ae8c012f33096bc66793e3cc138a42164ce6a8e824dff35591cf,https://api.finmindtrade.com/api/v4/data,0,success,rp001_data\phase2a\raw\TaiwanStockInstitutionalInvestorsBuySell_2406.json
3,TaiwanStockPrice,2406,2012-01-01,2026-08-01,2026-08-01T08:15:12.020922,3559,4568861bd51e5f06db777b5603d4723d169eed3de27f9325b9b8009e4d8bcf9d,https://api.finmindtrade.com/api/v4/data,0,success,rp001_data\phase2a\raw\TaiwanStockPrice_2406.json
3,TaiwanStockPER,2406,2012-01-01,2026-08-01,2026-08-01T08:15:13.164027,3562,848f4051025edb2ec1eb0918bb81c0e085f2ce621aff103b1595143dfc31c5c3,https://api.finmindtrade.com/api/v4/data,0,success,rp001_data\phase2a\raw\TaiwanStockPER_2406.json
3,TaiwanStockInstitutionalInvestorsBuySell,2408,2012-01-01,2026-08-01,2026-08-01T08:15:14.470239,15219,744ec5664cae59c3e893f934462747659ef5855fc2a8ca312c3f0bf7f838010f,https://api.finmindtrade.com/api/v4/data,0,success,rp001_data\phase2a\raw\TaiwanStockInstitutionalInvestorsBuySell_2408.json
3,TaiwanStockPrice,2408,2012-01-01,2026-08-01,2026-08-01T08:15:15.821372,3555,d24836dcc37fff7215f04f07f2ad072edf22494cd1e24b3e9ea35c9846ae1947,https://api.finmindtrade.com/api/v4/data,0,success,rp001_data\phase2a\raw\TaiwanStockPrice_2408.json
3,TaiwanStockPER,2408,2012-01-01,2026-08-01,2026-08-01T08:15:16.895064,3558,d5358c0f764f9b26b05d19b524e7731f75a0053309ab15f6ca05e1738e98655c,https://api.finmindtrade.com/api/v4/data,0,success,rp001_data\phase2a\raw\TaiwanStockPER_2408.json
3,TaiwanStockInstitutionalInvestorsBuySell,2409,2012-01-01,2026-08-01,2026-08-01T08:15:18.281006,15382,136afeaced9f990e1a12bf16f5e34e057546757c30688b37981b28158b53d447,https://api.finmindtrade.com/api/v4/data,0,success,rp001_data\phase2a\raw\TaiwanStockInstitutionalInvestorsBuySell_2409.json
3,TaiwanStockPrice,2409,2012-01-01,2026-08-01,2026-08-01T08:15:19.563072,3557,750bcdd204f4895f6a8190b13ce46b3794242a12d86f71999e2fa69aadbc815e,https://api.finmindtrade.com/api/v4/data,0,success,rp001_data\phase2a\raw\TaiwanStockPrice_2409.json
3,TaiwanStockPER,2409,2012-01-01,2026-08-01,2026-08-01T08:15:20.609461,3560,edf9d0791dcdaee37faebc99789e5a54fb0915bedc4e05871f90ca584fa6f59b,https://api.finmindtrade.com/api/v4/data,0,success,rp001_data\phase2a\raw\TaiwanStockPER_2409.json
3,TaiwanStockInstitutionalInvestorsBuySell,2412,2012-01-01,2026-08-01,2026-08-01T08:15:21.947039,15417,6e794f700063990a0c20b0c9736d5f4a2b06f945ddbf9fe34a1cf8fcfc49ccba,https://api.finmindtrade.com/api/v4/data,0,success,rp001_data\phase2a\raw\TaiwanStockInstitutionalInvestorsBuySell_2412.json
3,TaiwanStockPrice,2412,2012-01-01,2026-08-01,2026-08-01T08:15:24.514218,3564,d70a676d551d1fa053c121b5292a25d013620b7f30ebdca95698ac4291f4222f,https://api.finmindtrade.com/api/v4/data,0,success,rp001_data\phase2a\raw\TaiwanStockPrice_2412.json
3,TaiwanStockPER,2412,2012-01-01,2026-08-01,2026-08-01T08:15:25.690541,3567,7650c2cc0fe69b5db743648dd6af0db7472ead57a5e2fbcabb334bae0a442e72,https://api.finmindtrade.com/api/v4/data,0,success,rp001_data\phase2a\raw\TaiwanStockPER_2412.json
3,TaiwanStockInstitutionalInvestorsBuySell,2413,2012-01-01,2026-08-01,2026-08-01T08:15:26.980588,15070,48beef1733c61dc5568a73c4c41a9be2664d8423a649bad35b4a192d4680d941,https://api.finmindtrade.com/api/v4/data,0,success,rp001_data\phase2a\raw\TaiwanStockInstitutionalInvestorsBuySell_2413.json
3,TaiwanStockPrice,2413,2012-01-01,2026-08-01,2026-08-01T08:15:28.501462,3564,ec8f4d923ac258cb5b61ca79e03934e1977af77946c5484b141d7a1bc7bb04a5,https://api.finmindtrade.com/api/v4/data,0,success,rp001_data\phase2a\raw\TaiwanStockPrice_2413.json
3,TaiwanStockPER,2413,2012-01-01,2026-08-01,2026-08-01T08:15:29.520103,3567,311c96c00270813636923737d970134191731f9accd2403f114a5809d5132b8d,https://api.finmindtrade.com/api/v4/data,0,success,rp001_data\phase2a\raw\TaiwanStockPER_2413.json
3,TaiwanStockInstitutionalInvestorsBuySell,2414,2012-01-01,2026-08-01,2026-08-01T08:15:30.706217,14241,afc11341ab7919066a67f57f7e5447258d710bf5ceaa95f5bbac943d8e2b631e,https://api.finmindtrade.com/api/v4/data,0,success,rp001_data\phase2a\raw\TaiwanStockInstitutionalInvestorsBuySell_2414.json
3,TaiwanStockPrice,2414,2012-01-01,2026-08-01,2026-08-01T08:15:31.978836,3564,f7a78cd005e27eb94563f90c88750e7ee0e49a2ecb53629a6dc5430824590da6,https://api.finmindtrade.com/api/v4/data,0,success,rp001_data\phase2a\raw\TaiwanStockPrice_2414.json
3,TaiwanStockPER,2414,2012-01-01,2026-08-01,2026-08-01T08:15:33.077710,3567,777a93656b54bed7bb724636801bad18f2b6ac9f9ad0baff10dfaa1e4768fc1f,https://api.finmindtrade.com/api/v4/data,0,success,rp001_data\phase2a\raw\TaiwanStockPER_2414.json
3,TaiwanStockInstitutionalInvestorsBuySell,2415,2012-01-01,2026-08-01,2026-08-01T08:15:34.379794,14897,3b5d8e4bebebb6af19d7b389588d4e41cf1797a1e55696ba543442422e1be948,https://api.finmindtrade.com/api/v4/data,0,success,rp001_data\phase2a\raw\TaiwanStockInstitutionalInvestorsBuySell_2415.json
3,TaiwanStockPrice,2415,2012-01-01,2026-08-01,2026-08-01T08:15:35.750085,3556,ed25ca9948ddf7fc80ad6f3d59dc460b152056e4df95284cdbe167835b6e774d,https://api.finmindtrade.com/api/v4/data,0,success,rp001_data\phase2a\raw\TaiwanStockPrice_2415.json
3,TaiwanStockPER,2415,2012-01-01,2026-08-01,2026-08-01T08:15:37.173389,3559,21a05b15d4edd98f3f5b6885dfcae4ed19c6d2cd218de325afe199c373a3ca76,https://api.finmindtrade.com/api/v4/data,0,success,rp001_data\phase2a\raw\TaiwanStockPER_2415.json
3,TaiwanStockInstitutionalInvestorsBuySell,2417,2012-01-01,2026-08-01,2026-08-01T08:15:38.640897,15287,4745530bbb4a8ecff7581f8fa15d2c8d0e1b935e89153a5e11a5f5e2daa00d4c,https://api.finmindtrade.com/api/v4/data,0,success,rp001_data\phase2a\raw\TaiwanStockInstitutionalInvestorsBuySell_2417.json
3,TaiwanStockPrice,2417,2012-01-01,2026-08-01,2026-08-01T08:15:40.093130,3557,99fef4ac52f5a6402e5ed84e4a7b53fcb950dc9faa8cf3301888c0a13852a060,https://api.finmindtrade.com/api/v4/data,0,success,rp001_data\phase2a\raw\TaiwanStockPrice_2417.json
3,TaiwanStockPER,2417,2012-01-01,2026-08-01,2026-08-01T08:15:44.172708,3560,3d549dc26ed7cb2c990fabb3540da3379ef1e891ed2d5e8ecf3ab57bb42e696f,https://api.finmindtrade.com/api/v4/data,0,success,rp001_data\phase2a\raw\TaiwanStockPER_2417.json
3,TaiwanStockInstitutionalInvestorsBuySell,2419,2012-01-01,2026-08-01,2026-08-01T08:15:45.499917,15367,0fdb3f055522afc264cde09c908c3fd3980307412924a618f77e875d3bee19ff,https://api.finmindtrade.com/api/v4/data,0,success,rp001_data\phase2a\raw\TaiwanStockInstitutionalInvestorsBuySell_2419.json
3,TaiwanStockPrice,2419,2012-01-01,2026-08-01,2026-08-01T08:15:47.000093,3557,cba1465600933fe7e68b3202e956eae26aa5c79ee26207230137b16d79925f33,https://api.finmindtrade.com/api/v4/data,0,success,rp001_data\phase2a\raw\TaiwanStockPrice_2419.json
3,TaiwanStockPER,2419,2012-01-01,2026-08-01,2026-08-01T08:15:48.425802,3560,576bdf6ca72c08828edea9ad10babf4b7a058763d862123e2fd6a6f2e1d1f18e,https://api.finmindtrade.com/api/v4/data,0,success,rp001_data\phase2a\raw\TaiwanStockPER_2419.json
3,TaiwanStockInstitutionalInvestorsBuySell,2420,2012-01-01,2026-08-01,2026-08-01T08:15:49.612190,15373,53ecb7a7bd068ee655cab5b81a3a2862dace132015e1443a782a62a55f5f3271,https://api.finmindtrade.com/api/v4/data,0,success,rp001_data\phase2a\raw\TaiwanStockInstitutionalInvestorsBuySell_2420.json
3,TaiwanStockPrice,2420,2012-01-01,2026-08-01,2026-08-01T08:15:51.106809,3564,13d22e5026035ce27c2a1518a75654a8a6497afc4bcde4f6419673fef9d04e42,https://api.finmindtrade.com/api/v4/data,0,success,rp001_data\phase2a\raw\TaiwanStockPrice_2420.json
3,TaiwanStockPER,2420,2012-01-01,2026-08-01,2026-08-01T08:15:52.221469,3567,622350f370f171f1629e8662389ae4fdb3aa7661e94f9508130bd26ee138a664,https://api.finmindtrade.com/api/v4/data,0,success,rp001_data\phase2a\raw\TaiwanStockPER_2420.json
3,TaiwanStockInstitutionalInvestorsBuySell,2421,2012-01-01,2026-08-01,2026-08-01T08:15:53.803545,15348,48570a02e282b864808937a72f0830bd0dc371ebae1e7fd56a705df35f21c78f,https://api.finmindtrade.com/api/v4/data,0,success,rp001_data\phase2a\raw\TaiwanStockInstitutionalInvestorsBuySell_2421.json
3,TaiwanStockPrice,2421,2012-01-01,2026-08-01,2026-08-01T08:15:55.159874,3564,bac38dd730f7b4a23d7dee3487f31064cecdb6c1d04521ec0cfc344411226330,https://api.finmindtrade.com/api/v4/data,0,success,rp001_data\phase2a\raw\TaiwanStockPrice_2421.json
3,TaiwanStockPER,2421,2012-01-01,2026-08-01,2026-08-01T08:15:56.400208,3567,87d616550a4d39abfb2442ae3df67cb2b81af1a3af686d30143f7ef0ca9ed178,https://api.finmindtrade.com/api/v4/data,0,success,rp001_data\phase2a\raw\TaiwanStockPER_2421.json
3,TaiwanStockInstitutionalInvestorsBuySell,2423,2012-01-01,2026-08-01,2026-08-01T08:15:57.642059,13878,f8dc6d87dead1ceeac0778ce2bae46b7bb81c7918b3ef9974f27b940bcda49cb,https://api.finmindtrade.com/api/v4/data,0,success,rp001_data\phase2a\raw\TaiwanStockInstitutionalInvestorsBuySell_2423.json
3,TaiwanStockPrice,2423,2012-01-01,2026-08-01,2026-08-01T08:15:58.962673,3564,0d93fca494b2a028a2492ae1d5a5731219d787f4da30234561db34ac3999e88d,https://api.finmindtrade.com/api/v4/data,0,success,rp001_data\phase2a\raw\TaiwanStockPrice_2423.json
3,TaiwanStockPER,2423,2012-01-01,2026-08-01,2026-08-01T08:16:01.065864,3567,2175f085ae7a27f55b59fc14c1bf3b173f8f09bbac011d9509d18caf7a11c4a6,https://api.finmindtrade.com/api/v4/data,0,success,rp001_data\phase2a\raw\TaiwanStockPER_2423.json
3,TaiwanStockInstitutionalInvestorsBuySell,2424,2012-01-01,2026-08-01,2026-08-01T08:16:02.208393,6836,379202bf17d365044e6c97a8056b1c54026a91d83e7435d215f90f94977f2ec2,https://api.finmindtrade.com/api/v4/data,0,success,rp001_data\phase2a\raw\TaiwanStockInstitutionalInvestorsBuySell_2424.json
3,TaiwanStockPrice,2424,2012-01-01,2026-08-01,2026-08-01T08:16:03.730232,3553,818784c77d4f28dbf0ba45170b778e3b035376c4bb4a9cac3f18dc66b9476bc8,https://api.finmindtrade.com/api/v4/data,0,success,rp001_data\phase2a\raw\TaiwanStockPrice_2424.json
3,TaiwanStockPER,2424,2012-01-01,2026-08-01,2026-08-01T08:16:04.774087,3560,462fbd62493d77b04ce269a4a9ef3f5a5404ca4190a229b6b29a0e1a6567ee9b,https://api.finmindtrade.com/api/v4/data,0,success,rp001_data\phase2a\raw\TaiwanStockPER_2424.json
3,TaiwanStockInstitutionalInvestorsBuySell,2425,2012-01-01,2026-08-01,2026-08-01T08:16:06.036338,15285,b2c3cf6f959ee8541173c390b3f3aa3d86c22e626fc828e2ceba7396145c6dce,https://api.finmindtrade.com/api/v4/data,0,success,rp001_data\phase2a\raw\TaiwanStockInstitutionalInvestorsBuySell_2425.json
3,TaiwanStockPrice,2425,2012-01-01,2026-08-01,2026-08-01T08:16:07.326395,3556,9263014d1a72e37bc315d49178232e1fa3f8ac9fbe4e2307c2ce34c6623db515,https://api.finmindtrade.com/api/v4/data,0,success,rp001_data\phase2a\raw\TaiwanStockPrice_2425.json
3,TaiwanStockPER,2425,2012-01-01,2026-08-01,2026-08-01T08:16:08.331961,3560,b4626713584374857315b89a8c3849a1d473982595491d0048d3e08e947c5b41,https://api.finmindtrade.com/api/v4/data,0,success,rp001_data\phase2a\raw\TaiwanStockPER_2425.json
3,TaiwanStockInstitutionalInvestorsBuySell,2426,2012-01-01,2026-08-01,2026-08-01T08:16:09.559107,15358,e0c4c7cb48f75f1199f292720f9a7c9b400292613101396972fc55ccee520308,https://api.finmindtrade.com/api/v4/data,0,success,rp001_data\phase2a\raw\TaiwanStockInstitutionalInvestorsBuySell_2426.json
3,TaiwanStockPrice,2426,2012-01-01,2026-08-01,2026-08-01T08:16:10.867413,3554,ae7fa1cd1213711ea3c3cbc63e45a798ca8c2ac4de02ba396a624f9465ee90df,https://api.finmindtrade.com/api/v4/data,0,success,rp001_data\phase2a\raw\TaiwanStockPrice_2426.json
3,TaiwanStockPER,2426,2012-01-01,2026-08-01,2026-08-01T08:16:15.984379,3557,e102634f39e6673d4635396d7199a9fa61b87d2477a0fc3ed77869c7ba028e23,https://api.finmindtrade.com/api/v4/data,0,success,rp001_data\phase2a\raw\TaiwanStockPER_2426.json
3,TaiwanStockInstitutionalInvestorsBuySell,2427,2012-01-01,2026-08-01,2026-08-01T08:16:23.745237,14893,ec7d1b7de0c62ddc41957ac38a5ed4f60505a21ba34ad0ae6fdf65b48cef6e36,https://api.finmindtrade.com/api/v4/data,0,success,rp001_data\phase2a\raw\TaiwanStockInstitutionalInvestorsBuySell_2427.json
3,TaiwanStockPrice,2427,2012-01-01,2026-08-01,2026-08-01T08:16:25.146790,3564,6e5bb23ab8d51f980b5a61c1a93b5bc93af23a4f463c18a49c16ec83589efb2c,https://api.finmindtrade.com/api/v4/data,0,success,rp001_data\phase2a\raw\TaiwanStockPrice_2427.json
3,TaiwanStockPER,2427,2012-01-01,2026-08-01,2026-08-01T08:16:26.507667,3567,4e4bdb21f3d35cb4a07379267fb50e90199d363b46da5ae1a8ca0fa055a1afb3,https://api.finmindtrade.com/api/v4/data,0,success,rp001_data\phase2a\raw\TaiwanStockPER_2427.json
3,TaiwanStockInstitutionalInvestorsBuySell,2428,2012-01-01,2026-08-01,2026-08-01T08:16:31.823232,15404,7c9c54e3d8f611693869286110b060d9985d5a5278b79d270a4d599b34b5c7b9,https://api.finmindtrade.com/api/v4/data,0,success,rp001_data\phase2a\raw\TaiwanStockInstitutionalInvestorsBuySell_2428.json
3,TaiwanStockPrice,2428,2012-01-01,2026-08-01,2026-08-01T08:16:33.168371,3564,996e3251e1ab742d40b07c98783cf208537c752dd386f99c5549fa54dde5ce36,https://api.finmindtrade.com/api/v4/data,0,success,rp001_data\phase2a\raw\TaiwanStockPrice_2428.json
3,TaiwanStockPER,2428,2012-01-01,2026-08-01,2026-08-01T08:16:34.806601,3567,59ab74934e24772de50e92702879fa7e0ba1a9027c55b6b428516b179355ac8d,https://api.finmindtrade.com/api/v4/data,0,success,rp001_data\phase2a\raw\TaiwanStockPER_2428.json
3,TaiwanStockInstitutionalInvestorsBuySell,2429,2012-01-01,2026-08-01,2026-08-01T08:16:35.875427,7868,b818d9aa738ffd14c729a66f0087e380959391484b259673319ce6b50ffd9992,https://api.finmindtrade.com/api/v4/data,0,success,rp001_data\phase2a\raw\TaiwanStockInstitutionalInvestorsBuySell_2429.json
3,TaiwanStockPrice,2429,2012-01-01,2026-08-01,2026-08-01T08:16:37.740388,3523,c79fe8887672e716d3c1a6bf74f46a7749d6864d433c3a5a69827ddb71ec6b3b,https://api.finmindtrade.com/api/v4/data,0,success,rp001_data\phase2a\raw\TaiwanStockPrice_2429.json
3,TaiwanStockPER,2429,2012-01-01,2026-08-01,2026-08-01T08:16:39.038941,3531,3c261c0a4f408c3d23238e7c70abac0242da296fcc4bb4e76b262795a18450ca,https://api.finmindtrade.com/api/v4/data,0,success,rp001_data\phase2a\raw\TaiwanStockPER_2429.json
3,TaiwanStockInstitutionalInvestorsBuySell,2430,2012-01-01,2026-08-01,2026-08-01T08:16:40.475729,15010,ca498de9791490d2bad6dc5a20e1dff15a698efa102306b7d7e5d28df36d9e21,https://api.finmindtrade.com/api/v4/data,0,success,rp001_data\phase2a\raw\TaiwanStockInstitutionalInvestorsBuySell_2430.json
3,TaiwanStockPrice,2430,2012-01-01,2026-08-01,2026-08-01T08:16:46.430884,3557,e665e83ac66cdda1e99cc4900290b85c97e1557251eab2f074d68eda03a41f59,https://api.finmindtrade.com/api/v4/data,0,success,rp001_data\phase2a\raw\TaiwanStockPrice_2430.json
3,TaiwanStockPER,2430,2012-01-01,2026-08-01,2026-08-01T08:16:47.706481,3560,f5f60d91438b9648d1c1316a582777c11fb442f6e61b14779d911af629db6fd1,https://api.finmindtrade.com/api/v4/data,0,success,rp001_data\phase2a\raw\TaiwanStockPER_2430.json
3,TaiwanStockInstitutionalInvestorsBuySell,2431,2012-01-01,2026-08-01,2026-08-01T08:16:49.159928,15145,db876e7569aa29a59e35ea52eb2f0a9b1072d4ff6bd0a222eb3cd2d4776dcb45,https://api.finmindtrade.com/api/v4/data,0,success,rp001_data\phase2a\raw\TaiwanStockInstitutionalInvestorsBuySell_2431.json
3,TaiwanStockPrice,2431,2012-01-01,2026-08-01,2026-08-01T08:16:50.409683,3564,a40a6fa5eaac421f282dd8f2c0bbc6e887b216d70412e575ba1cf1233faad731,https://api.finmindtrade.com/api/v4/data,0,success,rp001_data\phase2a\raw\TaiwanStockPrice_2431.json
3,TaiwanStockPER,2431,2012-01-01,2026-08-01,2026-08-01T08:16:51.638608,3567,d290b82e22df5256f99e4a65233116510707824c059410b34d1babec8354081f,https://api.finmindtrade.com/api/v4/data,0,success,rp001_data\phase2a\raw\TaiwanStockPER_2431.json
3,TaiwanStockInstitutionalInvestorsBuySell,2432,2012-01-01,2026-08-01,2026-08-01T08:16:52.801045,3455,f5f6d8fc6232527ad2f97eb82d96d2d722cdf2e310473309b7443c3a81507e3e,https://api.finmindtrade.com/api/v4/data,0,success,rp001_data\phase2a\raw\TaiwanStockInstitutionalInvestorsBuySell_2432.json
3,TaiwanStockPrice,2432,2012-01-01,2026-08-01,2026-08-01T08:16:53.920143,770,f621c4110a32cc5fa5a101a48efb43914dfaea54a6c4f166acdc5c4079acd57b,https://api.finmindtrade.com/api/v4/data,0,success,rp001_data\phase2a\raw\TaiwanStockPrice_2432.json
3,TaiwanStockPER,2432,2012-01-01,2026-08-01,2026-08-01T08:16:54.841789,772,88a8cfb37b57d7a03a2d4ca3ea69a76808532c0548f6b1f95ca67fa7fb430c77,https://api.finmindtrade.com/api/v4/data,0,success,rp001_data\phase2a\raw\TaiwanStockPER_2432.json
3,TaiwanStockInstitutionalInvestorsBuySell,2433,2012-01-01,2026-08-01,2026-08-01T08:16:56.045277,14426,762296eeaf6b8d3db7775ca77a622ccdfdbae2789e258ae484377836a6ba9076,https://api.finmindtrade.com/api/v4/data,0,success,rp001_data\phase2a\raw\TaiwanStockInstitutionalInvestorsBuySell_2433.json
3,TaiwanStockPrice,2433,2012-01-01,2026-08-01,2026-08-01T08:16:57.273377,3564,b1f45dfc5ff1741e0bbce346f94009f8a7c104eb82eb6b1849fee22861de9dcf,https://api.finmindtrade.com/api/v4/data,0,success,rp001_data\phase2a\raw\TaiwanStockPrice_2433.json
3,TaiwanStockPER,2433,2012-01-01,2026-08-01,2026-08-01T08:16:58.308162,3567,fba8fbca4be076dfcffd68af95a5b62732ba4bbfbc76ebe509e2fa66efb72c39,https://api.finmindtrade.com/api/v4/data,0,success,rp001_data\phase2a\raw\TaiwanStockPER_2433.json
3,TaiwanStockInstitutionalInvestorsBuySell,2434,2012-01-01,2026-08-01,2026-08-01T08:16:59.546979,10631,42da6896555b6b3ee9d6b010a09cf1ed52a08604fe1b5e6e2bb8f2a8efb1693b,https://api.finmindtrade.com/api/v4/data,0,success,rp001_data\phase2a\raw\TaiwanStockInstitutionalInvestorsBuySell_2434.json
3,TaiwanStockPrice,2434,2012-01-01,2026-08-01,2026-08-01T08:17:00.825911,3541,944a8bb3ca72da35d03f4627cda518026088d5208e543ba5693300ac52f27f2c,https://api.finmindtrade.com/api/v4/data,0,success,rp001_data\phase2a\raw\TaiwanStockPrice_2434.json
3,TaiwanStockPER,2434,2012-01-01,2026-08-01,2026-08-01T08:17:01.862804,3545,83bd2b8c2e24b2c8cb046e64ddad4c0778d677450495cecbf62a547626b42a47,https://api.finmindtrade.com/api/v4/data,0,success,rp001_data\phase2a\raw\TaiwanStockPER_2434.json
3,TaiwanStockInstitutionalInvestorsBuySell,2436,2012-01-01,2026-08-01,2026-08-01T08:17:03.472698,15323,e89fd0448de5eb835a4e4d86063761f002e11cff5ad873ad3d58b7cbcc3f8a78,https://api.finmindtrade.com/api/v4/data,0,success,rp001_data\phase2a\raw\TaiwanStockInstitutionalInvestorsBuySell_2436.json
3,TaiwanStockPrice,2436,2012-01-01,2026-08-01,2026-08-01T08:17:04.812412,3549,84c835f712599ca9da281038a6e8367eb205b06697402c66c605c6d0e82071b6,https://api.finmindtrade.com/api/v4/data,0,success,rp001_data\phase2a\raw\TaiwanStockPrice_2436.json
3,TaiwanStockPER,2436,2012-01-01,2026-08-01,2026-08-01T08:17:05.824725,3552,0258fc5adbf66f7982cc638cf0cd8768e45817a2a872116362ecf774c7ccccce,https://api.finmindtrade.com/api/v4/data,0,success,rp001_data\phase2a\raw\TaiwanStockPER_2436.json
3,TaiwanStockInstitutionalInvestorsBuySell,2438,2012-01-01,2026-08-01,2026-08-01T08:17:07.014176,9944,95aa38cb82d4b49d942ddaafabc3b531addb6d652f05df9c7cdb45341bebf7cb,https://api.finmindtrade.com/api/v4/data,0,success,rp001_data\phase2a\raw\TaiwanStockInstitutionalInvestorsBuySell_2438.json
3,TaiwanStockPrice,2438,2012-01-01,2026-08-01,2026-08-01T08:17:08.317930,3539,97ecb2f649a03a6ae458ded534e44206463864c9496645dfd821780faebab28f,https://api.finmindtrade.com/api/v4/data,0,success,rp001_data\phase2a\raw\TaiwanStockPrice_2438.json
3,TaiwanStockPER,2438,2012-01-01,2026-08-01,2026-08-01T08:17:09.363497,3543,e1fd1d4bf500f0ba832041860499a7ee909f8986991e9ef056dbeafd2d4f1919,https://api.finmindtrade.com/api/v4/data,0,success,rp001_data\phase2a\raw\TaiwanStockPER_2438.json
3,TaiwanStockInstitutionalInvestorsBuySell,2439,2012-01-01,2026-08-01,2026-08-01T08:17:11.405441,15412,74a64dcaeb410d19738ac1baaf51cd1d158ea7f1d52d8c3dc45a9a8a445ee1b8,https://api.finmindtrade.com/api/v4/data,0,success,rp001_data\phase2a\raw\TaiwanStockInstitutionalInvestorsBuySell_2439.json
3,TaiwanStockPrice,2439,2012-01-01,2026-08-01,2026-08-01T08:17:13.212897,3564,4602d498a56b05a68f6c1474bbf724972ec63296d64da33a7de1d821b8351566,https://api.finmindtrade.com/api/v4/data,0,success,rp001_data\phase2a\raw\TaiwanStockPrice_2439.json
3,TaiwanStockPER,2439,2012-01-01,2026-08-01,2026-08-01T08:17:14.393987,3567,c29d5f673d97c0c2b267df6162fcbc7c6dfbb8790f044995f6e2d08f1c1566fa,https://api.finmindtrade.com/api/v4/data,0,success,rp001_data\phase2a\raw\TaiwanStockPER_2439.json
3,TaiwanStockInstitutionalInvestorsBuySell,2440,2012-01-01,2026-08-01,2026-08-01T08:17:15.805647,12708,1019883ed0eec69ab7688729c98e6c9462807fd9c3582e595cc2deb2ce479ff5,https://api.finmindtrade.com/api/v4/data,0,success,rp001_data\phase2a\raw\TaiwanStockInstitutionalInvestorsBuySell_2440.json
3,TaiwanStockPrice,2440,2012-01-01,2026-08-01,2026-08-01T08:17:17.010783,3564,a958de0dee8ddcf7a458c1a0cfc8aac2a1850758d71d22d299ddc3c7d8e67480,https://api.finmindtrade.com/api/v4/data,0,success,rp001_data\phase2a\raw\TaiwanStockPrice_2440.json
3,TaiwanStockPER,2440,2012-01-01,2026-08-01,2026-08-01T08:17:18.176450,3567,20c29d3c66176598ce0e915cb6de369ff1d52ef4f06c81c79ee5f95ccf82bb4f,https://api.finmindtrade.com/api/v4/data,0,success,rp001_data\phase2a\raw\TaiwanStockPER_2440.json
3,TaiwanStockInstitutionalInvestorsBuySell,2441,2012-01-01,2026-08-01,2026-08-01T08:17:19.921410,15406,5303bc95c4ad096e88d372939f8fe9f1c37d9b69f2e2776f86eb71bc0bcf94f5,https://api.finmindtrade.com/api/v4/data,0,success,rp001_data\phase2a\raw\TaiwanStockInstitutionalInvestorsBuySell_2441.json
3,TaiwanStockPrice,2441,2012-01-01,2026-08-01,2026-08-01T08:17:21.538663,3564,1085ca81e8ff8493ddf012dd14fb68aa155958e5fc7180624cf1d5b9d983c734,https://api.finmindtrade.com/api/v4/data,0,success,rp001_data\phase2a\raw\TaiwanStockPrice_2441.json
3,TaiwanStockPER,2441,2012-01-01,2026-08-01,2026-08-01T08:17:22.643791,3567,3ede20b6d09b21fb9cbd16ca95dd3cd9858e5b968b839ac05eb58ffa614a3dec,https://api.finmindtrade.com/api/v4/data,0,success,rp001_data\phase2a\raw\TaiwanStockPER_2441.json
3,TaiwanStockInstitutionalInvestorsBuySell,2442,2012-01-01,2026-08-01,2026-08-01T08:17:24.014248,14986,1c01222b99f9f44b1c4c3439a3cbd89fc1993f69466ab41fdd363a827e5d698e,https://api.finmindtrade.com/api/v4/data,0,success,rp001_data\phase2a\raw\TaiwanStockInstitutionalInvestorsBuySell_2442.json
3,TaiwanStockPrice,2442,2012-01-01,2026-08-01,2026-08-01T08:17:25.326150,3557,142961be8c6fd3ec3fce823eb8d189192c94832400d796b28bc2ae6c3155ec17,https://api.finmindtrade.com/api/v4/data,0,success,rp001_data\phase2a\raw\TaiwanStockPrice_2442.json
3,TaiwanStockPER,2442,2012-01-01,2026-08-01,2026-08-01T08:17:26.343578,3560,a4607cff9090f38d6d918afe6dc9a4ad12d472e53d282d84d9b7df36e2b74a1e,https://api.finmindtrade.com/api/v4/data,0,success,rp001_data\phase2a\raw\TaiwanStockPER_2442.json
3,TaiwanStockInstitutionalInvestorsBuySell,2444,2012-01-01,2026-08-01,2026-08-01T08:17:27.803450,15069,da16b0ca3994d977135a995af5baf17c2aa2070b06631df4189b8e1c8fd83c58,https://api.finmindtrade.com/api/v4/data,0,success,rp001_data\phase2a\raw\TaiwanStockInstitutionalInvestorsBuySell_2444.json
3,TaiwanStockPrice,2444,2012-01-01,2026-08-01,2026-08-01T08:17:29.572941,3556,6f64ea017ce5ced22915e086e56f0b372612babb4c73bcc39cab92cd3adbdf4b,https://api.finmindtrade.com/api/v4/data,0,success,rp001_data\phase2a\raw\TaiwanStockPrice_2444.json
3,TaiwanStockPER,2444,2012-01-01,2026-08-01,2026-08-01T08:17:30.593364,3559,c6e8ae94c94fadde4ba4689e9754436327664e5e85f8bc95e5f5a22012138558,https://api.finmindtrade.com/api/v4/data,0,success,rp001_data\phase2a\raw\TaiwanStockPER_2444.json
