stock_id,block_start,block_end,n_dates
1101,2017-04-19,2017-04-20,2
1101,2025-08-13,2025-08-13,1
1101,2026-06-16,2026-06-16,1
1102,2024-06-05,2024-06-05,1
1103,2012-06-11,2012-06-11,1
1103,2012-08-03,2012-08-03,1
1103,2013-01-28,2013-01-28,1
1103,2013-03-29,2013-03-29,1
1103,2013-04-12,2013-04-12,1
1103,2013-09-14,2013-09-14,1
1103,2013-09-17,2013-09-17,1
1103,2014-12-27,2014-12-27,1
1103,2016-06-04,2016-06-04,1
1103,2016-12-30,2016-12-30,1
1103,2017-01-11,2017-01-11,1
1103,2017-01-20,2017-01-20,1
1103,2017-02-18,2017-02-18,1
1103,2017-06-03,2017-06-03,1
1103,2017-09-30,2017-09-30,1
1103,2017-11-28,2017-11-28,1
1103,2017-12-21,2017-12-21,1
1104,2012-07-26,2012-07-26,1
1104,2012-08-03,2012-08-03,1
1104,2012-08-22,2012-08-22,1
1104,2012-08-24,2012-08-24,1
1104,2012-09-13,2012-09-13,1
1104,2014-12-27,2014-12-27,1
1104,2016-09-10,2016-09-10,1
1104,2017-06-03,2017-06-03,1
1104,2017-09-30,2017-09-30,1
1104,2018-03-31,2018-03-31,1
1104,2018-12-22,2018-12-22,1
1108,2012-05-10,2012-05-10,1
1108,2012-05-14,2012-05-14,1
1108,2012-05-25,2012-05-29,3
1108,2012-06-01,2012-06-01,1
1108,2012-06-06,2012-06-07,2
1108,2012-06-11,2012-06-11,1
1108,2012-06-15,2012-06-20,4
1108,2012-06-25,2012-06-25,1
1108,2012-06-29,2012-06-29,1
1108,2012-07-11,2012-07-12,2
1108,2012-07-18,2012-07-18,1
1108,2012-07-24,2012-07-26,3
1108,2012-08-01,2012-08-01,1
1108,2012-08-07,2012-08-07,1
1108,2012-08-09,2012-08-09,1
1108,2012-09-07,2012-09-07,1
1108,2012-10-18,2012-10-18,1
1108,2013-02-22,2013-02-23,2
1108,2013-04-12,2013-04-12,1
1108,2013-06-04,2013-06-04,1
1108,2013-07-01,2013-07-01,1
1108,2013-09-14,2013-09-14,1
1108,2013-10-29,2013-10-29,1
1108,2013-10-31,2013-11-01,2
1108,2013-11-06,2013-11-06,1
1108,2013-11-08,2013-11-08,1
1108,2013-11-19,2013-11-19,1
1108,2013-12-03,2013-12-03,1
1108,2013-12-05,2013-12-05,1
1108,2013-12-26,2013-12-26,1
1108,2014-01-16,2014-01-16,1
1108,2014-01-21,2014-01-21,1
1108,2016-01-30,2016-01-30,1
1108,2016-03-02,2016-03-04,3
1108,2016-03-14,2016-03-14,1
1108,2016-04-01,2016-04-01,1
1108,2016-04-11,2016-04-11,1
1108,2016-05-09,2016-05-09,1
1108,2016-05-26,2016-05-26,1
1108,2016-06-08,2016-06-08,1
1108,2016-06-27,2016-06-27,1
1108,2016-06-29,2016-06-29,1
1108,2016-08-15,2016-08-15,1
1108,2016-09-09,2016-09-10,2
1108,2016-10-24,2016-10-25,2
1108,2016-11-04,2016-11-04,1
1108,2016-11-11,2016-11-14,2
1108,2016-11-23,2016-11-23,1
1108,2016-12-07,2016-12-07,1
1108,2016-12-19,2016-12-19,1
1108,2016-12-27,2016-12-27,1
1108,2017-01-03,2017-01-04,2
1108,2017-01-09,2017-01-10,2
1108,2017-01-12,2017-01-13,2
1108,2017-01-17,2017-01-17,1
1108,2017-01-19,2017-01-23,3
1108,2017-02-18,2017-02-18,1
1108,2017-06-03,2017-06-03,1
1108,2017-07-06,2017-07-06,1
1108,2017-09-30,2017-09-30,1
1108,2017-10-16,2017-10-17,2
1108,2017-10-20,2017-10-23,2
1108,2017-10-25,2017-10-26,2
1108,2017-11-08,2017-11-08,1
1108,2017-11-10,2017-11-10,1
1108,2017-11-14,2017-11-14,1
1108,2017-11-16,2017-11-16,1
1108,2017-11-20,2017-11-21,2
1108,2017-11-27,2017-11-29,3
1108,2017-12-05,2017-12-05,1
1108,2017-12-11,2017-12-11,1
1108,2017-12-19,2017-12-26,6
1108,2017-12-28,2017-12-28,1
1108,2018-01-02,2018-01-05,4
1108,2018-01-30,2018-01-31,2
1108,2018-02-02,2018-02-05,2
1108,2018-03-06,2018-03-06,1
1108,2018-03-08,2018-03-08,1
1108,2018-03-14,2018-03-14,1
1108,2018-03-16,2018-03-16,1
1108,2018-03-21,2018-03-21,1
1108,2018-03-23,2018-03-23,1
1108,2018-03-29,2018-03-29,1
1108,2018-03-31,2018-03-31,1
1108,2018-04-19,2018-04-19,1
1108,2018-04-23,2018-04-23,1
1108,2018-05-02,2018-05-07,4
1108,2018-05-10,2018-05-10,1
1108,2018-05-14,2018-05-14,1
1108,2018-05-16,2018-05-16,1
1108,2018-05-18,2018-05-18,1
1108,2018-05-23,2018-05-24,2
1108,2018-05-28,2018-05-28,1
1108,2018-05-30,2018-05-31,2
1108,2018-06-05,2018-06-05,1
1108,2018-06-21,2018-06-21,1
1108,2018-07-13,2018-07-13,1
1108,2018-07-19,2018-07-20,2
1108,2018-08-24,2018-08-24,1
1108,2018-09-17,2018-09-18,2
1108,2018-09-25,2018-09-26,2
1108,2018-10-01,2018-10-01,1
1108,2018-10-16,2018-10-16,1
1108,2018-10-18,2018-10-19,2
1108,2018-10-23,2018-10-23,1
1108,2018-10-29,2018-10-29,1
1108,2018-11-01,2018-11-02,2
1108,2018-11-06,2018-11-06,1
1108,2018-11-09,2018-11-09,1
1108,2018-11-22,2018-11-22,1
1108,2018-12-17,2018-12-17,1
1108,2018-12-20,2018-12-20,1
1108,2018-12-22,2018-12-22,1
1108,2018-12-26,2018-12-26,1
1108,2018-12-28,2019-01-02,2
1108,2019-01-23,2019-01-24,2
1108,2019-01-28,2019-01-28,1
1108,2019-04-12,2019-04-12,1
1108,2019-04-22,2019-04-23,2
1108,2019-04-25,2019-04-25,1
1108,2019-04-29,2019-04-30,2
1108,2019-05-09,2019-05-09,1
1108,2019-05-16,2019-05-16,1
1108,2019-05-22,2019-05-24,3
1108,2019-06-26,2019-06-26,1
1108,2019-07-11,2019-07-12,2
1108,2019-07-18,2019-07-22,3
1108,2019-07-26,2019-07-26,1
1108,2019-07-30,2019-07-30,1
1108,2019-08-07,2019-08-13,4
1108,2019-08-16,2019-08-16,1
1108,2019-08-26,2019-08-26,1
1108,2019-08-28,2019-08-29,2
1108,2019-09-10,2019-09-10,1
1108,2019-09-16,2019-09-17,2
1108,2019-09-19,2019-09-19,1
1108,2019-10-03,2019-10-03,1
1108,2019-10-09,2019-10-15,3
1108,2019-10-21,2019-10-21,1
1108,2019-10-23,2019-10-23,1
1108,2019-11-01,2019-11-04,2
1108,2019-11-06,2019-11-06,1
1108,2019-11-12,2019-11-13,2
1108,2019-11-19,2019-11-19,1
1108,2019-11-26,2019-11-26,1
1108,2019-11-28,2019-11-28,1
1108,2019-12-02,2019-12-03,2
1108,2019-12-12,2019-12-12,1
1108,2020-02-19,2020-02-19,1
1108,2020-05-13,2020-05-13,1
1109,2012-05-03,2012-05-03,1
1109,2012-05-10,2012-05-10,1
1109,2012-05-28,2012-05-28,1
1109,2012-06-06,2012-06-06,1
1109,2012-06-11,2012-06-11,1
1109,2012-06-15,2012-06-15,1
1109,2012-06-19,2012-06-20,2
1109,2012-06-25,2012-06-25,1
1109,2012-06-29,2012-06-29,1
1109,2012-07-11,2012-07-11,1
1109,2012-07-13,2012-07-16,2
1109,2012-07-19,2012-07-19,1
1109,2012-07-23,2012-07-23,1
1109,2012-07-27,2012-07-27,1
1109,2012-07-31,2012-07-31,1
1109,2012-08-03,2012-08-03,1
1109,2012-08-07,2012-08-07,1
1109,2012-08-16,2012-08-16,1
1109,2012-08-20,2012-08-20,1
1109,2012-08-24,2012-08-27,2
1109,2012-08-29,2012-08-29,1
1109,2012-09-11,2012-09-13,3
1109,2012-10-08,2012-10-08,1
1109,2012-10-11,2012-10-15,3
1109,2012-10-22,2012-10-22,1
1109,2012-10-25,2012-10-25,1
1109,2012-11-05,2012-11-05,1
1109,2012-11-12,2012-11-12,1
1109,2012-11-22,2012-11-22,1
1109,2012-12-07,2012-12-10,2
1109,2012-12-17,2012-12-17,1
1109,2012-12-22,2012-12-22,1
1109,2012-12-28,2012-12-28,1
1109,2013-02-23,2013-02-23,1
1109,2013-03-08,2013-03-08,1
1109,2013-03-12,2013-03-12,1
1109,2013-03-29,2013-03-29,1
1109,2013-04-02,2013-04-02,1
1109,2013-04-15,2013-04-16,2
1109,2013-04-19,2013-04-22,2
1109,2013-04-26,2013-04-26,1
1109,2013-05-02,2013-05-02,1
1109,2013-05-31,2013-05-31,1
1109,2013-06-04,2013-06-04,1
1109,2013-06-17,2013-06-17,1
1109,2013-06-19,2013-06-19,1
1109,2013-06-25,2013-06-25,1
1109,2013-06-27,2013-06-27,1
1109,2013-07-02,2013-07-02,1
1109,2013-07-04,2013-07-04,1
1109,2013-07-08,2013-07-09,2
1109,2013-07-12,2013-07-12,1
1109,2013-07-18,2013-07-18,1
1109,2013-07-24,2013-07-29,4
1109,2013-08-06,2013-08-07,2
1109,2013-08-13,2013-08-13,1
1109,2013-08-20,2013-08-20,1
1109,2013-08-23,2013-08-28,4
1109,2013-08-30,2013-09-04,4
1109,2013-09-10,2013-09-10,1
1109,2013-09-14,2013-09-14,1
1109,2013-09-17,2013-09-23,3
1109,2013-09-25,2013-10-01,5
1109,2013-10-04,2013-10-04,1
1109,2013-10-21,2013-10-21,1
1109,2013-10-30,2013-11-01,3
1109,2013-11-20,2013-11-20,1
1109,2013-11-22,2013-11-25,2
1109,2013-12-05,2013-12-06,2
1109,2013-12-23,2013-12-23,1
1109,2013-12-26,2013-12-26,1
1109,2013-12-31,2013-12-31,1
1109,2014-01-16,2014-01-16,1
1109,2014-01-20,2014-01-22,3
1109,2014-01-27,2014-01-27,1
1109,2014-02-11,2014-02-11,1
1109,2014-02-25,2014-02-25,1
1109,2014-02-27,2014-02-27,1
1109,2014-03-05,2014-03-06,2
1109,2014-03-11,2014-03-20,8
1109,2014-03-24,2014-03-27,4
1109,2014-04-08,2014-04-09,2
1109,2014-04-11,2014-04-11,1
1109,2014-04-15,2014-04-15,1
1109,2014-04-17,2014-04-17,1
1109,2014-04-22,2014-04-22,1
1109,2014-05-09,2014-05-12,2
1109,2014-05-30,2014-05-30,1
1109,2014-09-10,2014-09-10,1
1109,2014-11-07,2014-11-07,1
1109,2014-11-12,2014-11-12,1
1109,2014-11-21,2014-11-21,1
1109,2014-11-28,2014-11-28,1
1109,2014-12-11,2014-12-11,1
1109,2014-12-15,2014-12-15,1
1109,2014-12-25,2014-12-29,4
1109,2015-01-23,2015-01-23,1
1109,2015-01-27,2015-01-28,2
1109,2015-02-04,2015-02-09,4
1109,2015-02-12,2015-02-13,2
1109,2015-02-25,2015-02-26,2
1109,2015-03-03,2015-03-10,6
1109,2015-03-13,2015-03-13,1
1109,2015-03-20,2015-03-23,2
1109,2015-04-07,2015-04-07,1
1109,2015-04-09,2015-04-09,1
1109,2015-05-13,2015-05-13,1
1109,2015-05-18,2015-05-18,1
1109,2015-07-21,2015-07-21,1
1109,2015-07-29,2015-07-29,1
1109,2015-08-07,2015-08-07,1
1109,2015-09-07,2015-09-07,1
1109,2015-09-09,2015-09-10,2
1109,2015-09-16,2015-09-16,1
1109,2015-09-24,2015-09-25,2
1109,2015-10-02,2015-10-06,3
1109,2015-10-08,2015-10-13,3
1109,2015-11-02,2015-11-02,1
1109,2015-11-05,2015-11-05,1
1109,2015-11-09,2015-11-09,1
1109,2015-11-12,2015-11-12,1
1109,2015-11-16,2015-11-16,1
1109,2015-11-18,2015-11-19,2
1109,2015-11-24,2015-11-27,4
1109,2015-12-07,2015-12-07,1
1109,2015-12-10,2015-12-15,4
1109,2015-12-18,2015-12-18,1
1109,2015-12-22,2015-12-28,5
1109,2016-01-04,2016-01-08,5
1109,2016-01-12,2016-01-13,2
1109,2016-01-19,2016-01-19,1
1109,2016-01-21,2016-01-21,1
1109,2016-01-27,2016-02-03,7
1109,2016-02-16,2016-02-16,1
1109,2016-02-18,2016-02-25,6
1109,2016-03-01,2016-03-02,2
1109,2016-03-04,2016-03-04,1
1109,2016-03-14,2016-03-15,2
1109,2016-03-17,2016-03-18,2
1109,2016-03-24,2016-03-24,1
1109,2016-03-29,2016-03-29,1
1109,2016-04-15,2016-04-15,1
1109,2016-04-21,2016-04-21,1
1109,2016-04-25,2016-04-27,3
1109,2016-05-03,2016-05-03,1
1109,2016-05-05,2016-05-05,1
1109,2016-05-09,2016-05-16,6
1109,2016-05-23,2016-05-23,1
1109,2016-05-25,2016-05-26,2
1109,2016-06-04,2016-06-06,2
1109,2016-06-29,2016-06-29,1
1109,2016-07-01,2016-07-01,1
1109,2016-07-06,2016-07-11,3
1109,2016-07-26,2016-07-26,1
1109,2016-08-23,2016-08-24,2
1109,2016-09-10,2016-09-10,1
1109,2016-09-20,2016-09-20,1
1109,2016-09-23,2016-09-23,1
1109,2016-10-04,2016-10-04,1
1109,2016-10-18,2016-10-18,1
1109,2016-10-24,2016-10-25,2
1109,2016-10-27,2016-10-27,1
1109,2016-11-01,2016-11-03,3
1109,2016-11-09,2016-11-14,4
1109,2016-11-16,2016-11-17,2
1109,2016-11-21,2016-11-28,6
1109,2016-11-30,2016-12-02,3
1109,2016-12-09,2016-12-09,1
1109,2016-12-13,2016-12-20,6
1109,2016-12-23,2016-12-27,3
1109,2016-12-29,2017-01-17,13
1109,2017-01-19,2017-01-23,3
1109,2017-02-02,2017-02-02,1
1109,2017-02-07,2017-02-07,1
1109,2017-02-14,2017-02-14,1
1109,2017-02-16,2017-02-18,3
1109,2017-02-22,2017-02-22,1
1109,2017-02-24,2017-02-24,1
1109,2017-03-09,2017-03-09,1
1109,2017-03-20,2017-03-20,1
1109,2017-03-30,2017-03-30,1
1109,2017-04-06,2017-04-06,1
1109,2017-04-12,2017-04-12,1
1109,2017-04-14,2017-04-18,3
1109,2017-04-21,2017-04-26,4
1109,2017-04-28,2017-04-28,1
1109,2017-05-03,2017-05-05,3
1109,2017-05-09,2017-05-10,2
1109,2017-05-12,2017-05-15,2
1109,2017-05-17,2017-05-17,1
1109,2017-05-22,2017-06-14,17
1109,2017-06-16,2017-06-19,2
1109,2017-06-23,2017-06-23,1
1109,2017-06-27,2017-06-28,2
1109,2017-07-06,2017-07-10,3
1109,2017-07-21,2017-07-24,2
1109,2017-07-27,2017-07-27,1
1109,2017-07-31,2017-08-03,4
1109,2017-08-07,2017-08-07,1
1109,2017-08-11,2017-08-11,1
1109,2017-08-24,2017-08-24,1
1109,2017-09-01,2017-09-04,2
1109,2017-09-15,2017-09-22,6
1109,2017-09-27,2017-09-27,1
1109,2017-09-29,2017-09-30,2
1109,2017-10-05,2017-10-06,2
1109,2017-10-17,2017-10-17,1
1109,2017-11-02,2017-11-03,2
1109,2017-11-08,2017-11-08,1
1109,2017-11-14,2017-11-15,2
1109,2017-11-21,2017-11-21,1
1109,2017-11-27,2017-11-27,1
1109,2017-11-30,2017-12-01,2
1109,2017-12-07,2017-12-13,5
1109,2017-12-26,2017-12-27,2
1109,2018-01-02,2018-01-02,1
1109,2018-01-08,2018-01-08,1
1109,2018-01-29,2018-02-01,4
1109,2018-02-21,2018-02-21,1
1109,2018-02-26,2018-02-26,1
1109,2018-03-06,2018-03-06,1
1109,2018-03-14,2018-03-16,3
1109,2018-03-21,2018-03-23,3
1109,2018-03-28,2018-03-28,1
1109,2018-03-31,2018-04-03,3
1109,2018-04-11,2018-04-11,1
1109,2018-04-18,2018-04-23,4
1109,2018-04-27,2018-04-27,1
1109,2018-05-02,2018-05-02,1
1109,2018-05-04,2018-05-09,4
1109,2018-05-14,2018-05-14,1
1109,2018-06-01,2018-06-01,1
1109,2018-06-07,2018-06-07,1
1109,2018-06-27,2018-06-27,1
1109,2018-08-09,2018-08-09,1
1109,2018-11-09,2018-11-09,1
1109,2018-12-22,2018-12-22,1
1109,2018-12-26,2018-12-26,1
1109,2019-01-18,2019-01-23,4
1109,2019-01-28,2019-01-28,1
1109,2019-02-11,2019-02-11,1
1109,2019-03-12,2019-03-13,2
1109,2019-03-15,2019-03-19,3
1109,2019-03-22,2019-03-25,2
1109,2019-03-27,2019-03-27,1
1109,2019-03-29,2019-03-29,1
1110,2012-06-22,2012-06-22,1
1110,2012-07-10,2012-07-11,2
1110,2012-07-13,2012-07-13,1
1110,2012-07-25,2012-07-26,2
1110,2012-07-30,2012-07-31,2
1110,2012-08-03,2012-08-06,2
1110,2012-08-20,2012-08-20,1
1110,2013-01-18,2013-01-18,1
1110,2013-01-28,2013-01-28,1
1110,2013-04-11,2013-04-12,2
1110,2013-04-19,2013-04-19,1
1110,2013-07-10,2013-07-10,1
1110,2013-09-14,2013-09-14,1
1110,2013-11-20,2013-11-20,1
1110,2014-01-20,2014-01-20,1
1110,2014-02-18,2014-02-18,1
1110,2014-02-25,2014-02-25,1
1110,2014-03-26,2014-03-26,1
1110,2014-04-22,2014-04-22,1
1110,2014-05-05,2014-05-05,1
1110,2014-05-08,2014-05-09,2
1110,2014-05-16,2014-05-16,1
1110,2014-05-22,2014-05-22,1
1110,2014-06-03,2014-06-03,1
1110,2014-07-07,2014-07-08,2
1110,2014-07-21,2014-07-21,1
1110,2014-09-10,2014-09-10,1
1110,2014-09-16,2014-09-16,1
1110,2015-01-09,2015-01-09,1
1110,2015-01-30,2015-01-30,1
1110,2015-02-04,2015-02-04,1
1110,2015-02-06,2015-02-09,2
1110,2015-02-11,2015-02-12,2
1110,2015-02-25,2015-02-25,1
1110,2015-03-03,2015-03-03,1
1110,2015-03-06,2015-03-06,1
1110,2015-03-13,2015-03-16,2
1110,2015-03-20,2015-03-20,1
1110,2015-03-24,2015-03-24,1
1110,2015-04-01,2015-04-07,3
1110,2015-08-07,2015-08-07,1
1110,2015-09-24,2015-09-25,2
1110,2015-10-14,2015-10-14,1
1110,2015-10-16,2015-10-16,1
1110,2015-10-21,2015-10-21,1
1110,2015-10-26,2015-10-27,2
1110,2015-12-18,2015-12-18,1
1110,2016-06-20,2016-06-20,1
1110,2016-07-11,2016-07-12,2
1110,2016-07-18,2016-07-18,1
1110,2016-08-15,2016-08-15,1
1110,2016-09-13,2016-09-14,2
1110,2016-09-20,2016-09-20,1
1110,2016-09-22,2016-09-22,1
1110,2016-09-26,2016-09-29,2
1110,2016-10-03,2016-10-03,1
1110,2016-10-07,2016-10-07,1
1110,2016-10-12,2016-10-12,1
1110,2016-10-14,2016-10-14,1
1110,2016-10-19,2016-10-19,1
1110,2016-10-24,2016-10-24,1
1110,2016-10-28,2016-10-28,1
1110,2016-11-01,2016-11-03,3
1110,2016-11-07,2016-11-09,3
1110,2016-11-29,2016-11-29,1
1110,2016-12-01,2016-12-02,2
1110,2016-12-14,2016-12-14,1
1110,2016-12-16,2016-12-20,3
1110,2016-12-22,2016-12-26,3
1110,2016-12-28,2016-12-28,1
1110,2016-12-30,2016-12-30,1
1110,2017-01-04,2017-01-04,1
1110,2017-01-12,2017-01-17,4
1110,2017-01-19,2017-01-23,3
1110,2017-02-02,2017-02-02,1
1110,2017-02-07,2017-02-07,1
1110,2017-02-09,2017-02-09,1
1110,2017-02-14,2017-02-14,1
1110,2017-02-17,2017-02-20,3
1110,2017-02-22,2017-02-24,3
1110,2017-03-03,2017-03-03,1
1110,2017-03-07,2017-03-07,1
1110,2017-03-10,2017-03-13,2
1110,2017-03-17,2017-03-17,1
1110,2017-03-27,2017-03-27,1
1110,2017-03-29,2017-03-31,3
1110,2017-04-06,2017-04-07,2
1110,2017-04-11,2017-04-11,1
1110,2017-04-13,2017-04-13,1
1110,2017-04-20,2017-04-25,4
1110,2017-04-27,2017-05-04,5
1110,2017-05-11,2017-05-15,3
1110,2017-05-19,2017-05-19,1
1110,2017-05-24,2017-05-24,1
1110,2017-06-03,2017-06-05,2
1110,2017-06-07,2017-06-07,1
1110,2017-06-12,2017-06-13,2
1110,2017-06-15,2017-06-20,4
1110,2017-06-22,2017-06-22,1
1110,2017-07-06,2017-07-10,3
1110,2017-07-13,2017-07-14,2
1110,2017-07-21,2017-07-25,3
1110,2017-07-28,2017-07-31,2
1110,2017-08-03,2017-08-03,1
1110,2017-08-11,2017-08-11,1
1110,2017-08-15,2017-08-15,1
1110,2017-08-22,2017-08-22,1
1110,2017-08-28,2017-08-28,1
1110,2017-08-30,2017-08-31,2
1110,2017-09-08,2017-09-08,1
1110,2017-09-21,2017-09-22,2
1110,2017-09-26,2017-09-26,1
1110,2017-09-29,2017-09-30,2
1110,2017-10-13,2017-10-13,1
1110,2017-10-20,2017-10-20,1
1110,2017-10-24,2017-10-24,1
1110,2017-10-26,2017-10-30,3
1110,2017-11-06,2017-11-06,1
1110,2017-11-08,2017-11-08,1
1110,2017-11-13,2017-11-14,2
1110,2017-11-16,2017-11-20,3
1110,2017-11-23,2017-11-23,1
1110,2017-11-27,2017-12-01,5
1110,2017-12-05,2017-12-12,6
1110,2017-12-14,2017-12-15,2
1110,2017-12-20,2017-12-22,3
1110,2017-12-26,2017-12-26,1
1110,2018-01-05,2018-01-05,1
1110,2018-01-11,2018-01-11,1
1110,2018-01-15,2018-01-15,1
1110,2018-01-26,2018-01-29,2
1110,2018-02-01,2018-02-02,2
1110,2018-02-08,2018-02-08,1
1110,2018-02-21,2018-02-22,2
1110,2018-02-27,2018-03-01,2
1110,2018-03-06,2018-03-06,1
1110,2018-03-08,2018-03-12,3
1110,2018-03-14,2018-03-20,5
1110,2018-03-22,2018-03-22,1
1110,2018-03-27,2018-03-31,5
1110,2018-04-09,2018-04-13,5
1110,2018-04-18,2018-04-23,4
1110,2018-04-26,2018-04-26,1
1110,2018-04-30,2018-05-08,6
1110,2018-05-10,2018-05-24,11
1110,2018-05-28,2018-05-28,1
1110,2018-05-31,2018-05-31,1
1110,2018-06-06,2018-06-06,1
1110,2018-06-11,2018-06-11,1
1110,2018-06-13,2018-06-19,4
1110,2018-06-25,2018-06-25,1
1110,2018-06-27,2018-06-27,1
1110,2018-06-29,2018-06-29,1
1110,2018-07-11,2018-07-13,3
1110,2018-07-17,2018-07-17,1
1110,2018-07-19,2018-07-24,4
1110,2018-07-30,2018-07-30,1
1110,2018-08-06,2018-08-06,1
1110,2018-08-08,2018-08-13,4
1110,2018-08-23,2018-08-23,1
1110,2018-08-27,2018-08-27,1
1110,2018-08-31,2018-08-31,1
1110,2018-09-04,2018-09-04,1
1110,2018-09-07,2018-09-07,1
1110,2018-09-12,2018-09-12,1
1110,2018-09-20,2018-09-27,5
1110,2018-10-01,2018-10-01,1
1110,2018-10-05,2018-10-05,1
1110,2018-10-19,2018-10-19,1
1110,2018-10-23,2018-10-23,1
1110,2018-10-25,2018-10-25,1
1110,2018-11-06,2018-11-08,3
1110,2018-11-14,2018-11-14,1
1110,2018-11-16,2018-11-19,2
1110,2018-11-21,2018-11-21,1
1110,2018-11-23,2018-11-23,1
1110,2018-11-27,2018-11-28,2
1110,2018-12-03,2018-12-03,1
1110,2018-12-05,2018-12-05,1
1110,2018-12-07,2018-12-14,6
1110,2018-12-19,2018-12-21,3
1110,2018-12-24,2018-12-24,1
1110,2019-01-21,2019-01-21,1
1110,2019-02-11,2019-02-11,1
1110,2019-02-22,2019-02-25,2
1110,2019-02-27,2019-02-27,1
1110,2019-03-08,2019-03-08,1
1110,2019-03-14,2019-03-14,1
1110,2019-03-19,2019-03-19,1
1110,2019-03-22,2019-03-22,1
1110,2019-03-27,2019-03-27,1
1110,2019-03-29,2019-03-29,1
1110,2019-04-02,2019-04-08,3
1110,2019-04-10,2019-04-15,4
1110,2019-04-22,2019-04-22,1
1110,2019-04-24,2019-04-24,1
1110,2019-04-29,2019-04-29,1
1110,2019-05-02,2019-05-03,2
1110,2019-05-07,2019-05-07,1
1110,2019-05-13,2019-05-14,2
1110,2019-05-16,2019-05-20,3
1110,2019-05-22,2019-05-27,4
1110,2019-06-03,2019-06-03,1
1110,2019-06-05,2019-06-12,5
1110,2019-06-18,2019-06-18,1
1110,2019-06-28,2019-06-28,1
1110,2019-07-04,2019-07-04,1
1110,2019-07-09,2019-07-09,1
1110,2019-07-12,2019-07-12,1
1110,2019-07-18,2019-07-18,1
1110,2019-07-26,2019-07-26,1
1110,2019-07-31,2019-07-31,1
1110,2019-08-13,2019-08-13,1
1110,2019-08-16,2019-08-16,1
1110,2019-08-22,2019-08-22,1
1110,2019-08-27,2019-08-27,1
1110,2019-08-30,2019-08-30,1
1110,2019-09-09,2019-09-10,2
1110,2019-09-20,2019-09-20,1
1110,2019-10-02,2019-10-02,1
1110,2019-10-07,2019-10-09,3
1110,2019-10-23,2019-10-25,3
1110,2019-10-31,2019-11-01,2
1110,2019-11-05,2019-11-06,2
1110,2019-11-11,2019-11-12,2
1110,2019-11-14,2019-11-19,4
1110,2019-11-22,2019-11-22,1
1110,2019-11-26,2019-12-03,6
1110,2019-12-05,2019-12-05,1
1110,2020-01-17,2020-01-17,1
1110,2020-02-04,2020-02-04,1
1110,2020-02-10,2020-02-10,1
1110,2020-03-03,2020-03-03,1
1110,2020-05-13,2020-05-13,1
1110,2020-05-29,2020-05-29,1
1110,2020-07-23,2020-07-23,1
1110,2020-09-07,2020-09-07,1
1110,2020-09-11,2020-09-11,1
1110,2020-10-23,2020-10-23,1
1110,2020-11-13,2020-11-13,1
1110,2021-03-31,2021-03-31,1
1110,2023-12-05,2023-12-05,1
1201,2016-06-04,2016-06-04,1
1201,2018-03-31,2018-03-31,1
1201,2018-12-22,2018-12-22,1
1203,2012-07-02,2012-07-02,1
1203,2012-07-09,2012-07-09,1
1203,2012-07-26,2012-07-26,1
1203,2012-08-06,2012-08-06,1
1203,2012-08-17,2012-08-20,2
1203,2012-08-22,2012-08-22,1
1203,2012-12-22,2012-12-22,1
1203,2013-02-23,2013-02-23,1
1203,2013-03-06,2013-03-06,1
1203,2013-04-19,2013-04-19,1
1203,2013-04-24,2013-04-24,1
1203,2013-06-10,2013-06-10,1
1203,2013-06-17,2013-06-17,1
1203,2013-07-03,2013-07-03,1
1203,2013-09-10,2013-09-10,1
1203,2013-09-14,2013-09-14,1
1203,2013-09-17,2013-09-18,2
1203,2013-12-05,2013-12-06,2
1203,2014-01-21,2014-01-21,1
1203,2014-03-07,2014-03-07,1
1203,2014-03-13,2014-03-13,1
1203,2014-04-02,2014-04-02,1
1203,2014-11-06,2014-11-06,1
1203,2014-11-12,2014-11-12,1
1203,2014-12-25,2014-12-25,1
1203,2014-12-27,2014-12-27,1
1203,2015-01-09,2015-01-09,1
1203,2015-03-20,2015-03-20,1
1203,2015-03-24,2015-03-25,2
1203,2015-08-06,2015-08-07,2
1203,2015-08-12,2015-08-12,1
1203,2015-09-09,2015-09-09,1
1203,2015-10-14,2015-10-14,1
1203,2015-11-09,2015-11-09,1
1203,2015-11-30,2015-11-30,1
1203,2015-12-04,2015-12-04,1
1203,2015-12-14,2015-12-14,1
1203,2015-12-23,2015-12-23,1
1203,2016-01-04,2016-01-04,1
1203,2016-01-08,2016-01-08,1
1203,2016-01-30,2016-01-30,1
1203,2016-02-19,2016-02-19,1
1203,2016-02-23,2016-02-23,1
1203,2016-05-25,2016-05-25,1
1203,2016-06-03,2016-06-04,2
1203,2016-09-09,2016-09-10,2
1203,2016-09-13,2016-09-13,1
1203,2016-11-30,2016-12-02,3
1203,2016-12-09,2016-12-09,1
1203,2016-12-13,2016-12-16,4
1203,2016-12-20,2016-12-20,1
1203,2016-12-22,2016-12-27,4
1203,2016-12-30,2016-12-30,1
1203,2017-01-04,2017-01-04,1
1203,2017-01-09,2017-01-09,1
1203,2017-01-12,2017-01-13,2
1203,2017-01-17,2017-01-17,1
1203,2017-01-20,2017-01-24,3
1203,2017-02-06,2017-02-06,1
1203,2017-02-09,2017-02-13,3
1203,2017-02-17,2017-02-18,2
1203,2017-02-23,2017-02-23,1
1203,2017-03-07,2017-03-08,2
1203,2017-03-10,2017-03-10,1
1203,2017-03-14,2017-03-14,1
1203,2017-03-21,2017-03-21,1
1203,2017-03-31,2017-03-31,1
1203,2017-04-17,2017-04-18,2
1203,2017-04-24,2017-04-24,1
1203,2017-04-26,2017-04-27,2
1203,2017-05-04,2017-05-05,2
1203,2017-05-10,2017-05-10,1
1203,2017-05-12,2017-05-15,2
1203,2017-05-19,2017-05-22,2
1203,2017-06-03,2017-06-03,1
1203,2017-06-13,2017-06-13,1
1203,2017-06-19,2017-06-19,1
1203,2017-06-23,2017-06-23,1
1203,2017-06-30,2017-06-30,1
1203,2017-07-21,2017-07-25,3
1203,2017-07-28,2017-08-01,3
1203,2017-08-07,2017-08-07,1
1203,2017-08-22,2017-08-22,1
1203,2017-08-24,2017-08-25,2
1203,2017-08-30,2017-08-30,1
1203,2017-09-05,2017-09-05,1
1203,2017-09-11,2017-09-12,2
1203,2017-09-18,2017-09-19,2
1203,2017-09-21,2017-09-21,1
1203,2017-09-26,2017-09-27,2
1203,2017-09-30,2017-09-30,1
1203,2017-12-25,2017-12-27,3
1203,2018-02-01,2018-02-01,1
1203,2018-03-22,2018-03-22,1
1203,2018-03-31,2018-04-02,2
1203,2018-04-12,2018-04-12,1
1203,2018-04-18,2018-04-18,1
1203,2018-04-20,2018-04-23,2
1203,2018-04-30,2018-04-30,1
1203,2018-05-03,2018-05-03,1
1203,2018-05-07,2018-05-09,3
1203,2018-05-15,2018-05-15,1
1203,2018-05-21,2018-05-21,1
1203,2018-05-23,2018-05-29,5
1203,2018-05-31,2018-05-31,1
1203,2018-06-05,2018-06-13,7
1203,2018-06-25,2018-06-25,1
1203,2018-07-10,2018-07-10,1
1203,2018-07-19,2018-07-25,5
1203,2018-07-27,2018-07-30,2
1203,2018-08-01,2018-08-01,1
1203,2018-08-08,2018-08-08,1
1203,2018-08-10,2018-08-10,1
1203,2018-08-14,2018-08-14,1
1203,2018-09-17,2018-09-17,1
1203,2018-09-25,2018-09-25,1
1203,2018-10-01,2018-10-02,2
1203,2018-10-16,2018-10-16,1
1203,2018-10-19,2018-10-24,4
1203,2018-10-26,2018-10-26,1
1203,2018-11-09,2018-11-09,1
1203,2018-11-15,2018-11-16,2
1203,2018-11-22,2018-11-22,1
1203,2018-11-29,2018-11-29,1
1203,2018-12-03,2018-12-03,1
1203,2018-12-05,2018-12-05,1
1203,2018-12-22,2018-12-26,4
1203,2019-01-02,2019-01-02,1
1203,2019-01-07,2019-01-07,1
1203,2019-01-24,2019-01-24,1
1203,2019-01-28,2019-01-28,1
1203,2019-01-30,2019-01-30,1
1203,2019-02-25,2019-02-25,1
1203,2019-03-13,2019-03-14,2
1203,2019-03-22,2019-03-25,2
1203,2019-04-10,2019-04-11,2
1203,2019-04-23,2019-04-23,1
1203,2019-04-29,2019-04-29,1
1203,2019-05-30,2019-05-30,1
1203,2019-06-05,2019-06-05,1
1203,2019-06-11,2019-06-11,1
1203,2019-06-13,2019-06-13,1
1203,2019-06-18,2019-06-18,1
1203,2019-07-08,2019-07-09,2
1203,2019-07-16,2019-07-16,1
1203,2019-08-02,2019-08-02,1
1203,2019-08-20,2019-08-20,1
1203,2019-08-22,2019-08-23,2
1203,2019-09-09,2019-09-10,2
1203,2019-09-24,2019-09-24,1
1203,2019-10-03,2019-10-03,1
1203,2019-10-07,2019-10-07,1
1203,2019-10-15,2019-10-15,1
1203,2019-10-23,2019-10-25,3
1203,2019-10-29,2019-10-29,1
1203,2019-11-19,2019-11-19,1
1203,2019-11-28,2019-11-28,1
1203,2019-12-02,2019-12-03,2
1203,2019-12-20,2019-12-20,1
1203,2019-12-25,2019-12-25,1
1203,2019-12-30,2019-12-31,2
1203,2020-01-09,2020-01-09,1
1203,2020-02-10,2020-02-11,2
1203,2020-02-18,2020-02-18,1
1203,2020-03-03,2020-03-03,1
1203,2020-04-10,2020-04-10,1
1203,2021-06-30,2021-06-30,1
1203,2021-07-20,2021-07-20,1
1203,2021-07-26,2021-07-26,1
1203,2021-09-07,2021-09-07,1
1203,2021-09-10,2021-09-10,1
1203,2021-09-14,2021-09-14,1
1203,2021-09-16,2021-09-16,1
1203,2021-09-28,2021-09-28,1
1203,2021-10-22,2021-10-22,1
1203,2021-10-28,2021-10-28,1
1203,2021-11-23,2021-11-23,1
1203,2021-11-25,2021-11-25,1
1203,2021-12-22,2021-12-23,2
1203,2022-01-04,2022-01-04,1
1203,2022-01-10,2022-01-10,1
1203,2022-03-18,2022-03-21,2
1203,2022-05-04,2022-05-04,1
1203,2022-06-02,2022-06-02,1
1203,2022-07-26,2022-07-26,1
1203,2022-07-29,2022-07-29,1
1203,2022-08-24,2022-08-24,1
1203,2022-09-23,2022-09-23,1
1203,2022-09-27,2022-09-27,1
1203,2022-10-06,2022-10-07,2
1203,2022-10-12,2022-10-12,1
1203,2022-11-03,2022-11-03,1
1203,2022-11-17,2022-11-17,1
1203,2022-11-25,2022-11-25,1
1203,2022-12-28,2022-12-28,1
1203,2023-02-14,2023-02-14,1
1203,2023-03-07,2023-03-07,1
1203,2023-03-22,2023-03-22,1
1203,2023-04-18,2023-04-18,1
1203,2023-04-21,2023-04-21,1
1203,2023-04-27,2023-05-04,5
1203,2023-05-08,2023-05-08,1
1203,2023-05-11,2023-05-11,1
1203,2023-06-05,2023-06-05,1
1203,2023-08-17,2023-08-17,1
1203,2023-08-29,2023-08-30,2
1203,2023-09-04,2023-09-05,2
1203,2023-09-18,2023-09-18,1
1203,2023-09-22,2023-09-22,1
1203,2023-09-27,2023-09-27,1
1203,2023-10-05,2023-10-05,1
1203,2023-10-17,2023-10-17,1
1203,2023-12-13,2023-12-13,1
1203,2024-03-18,2024-03-18,1
1203,2024-03-27,2024-03-27,1
1203,2024-04-03,2024-04-03,1
1203,2024-04-15,2024-04-15,1
1203,2024-05-09,2024-05-09,1
1203,2024-05-13,2024-05-13,1
1203,2024-05-24,2024-05-24,1
1203,2024-06-17,2024-06-17,1
1203,2024-07-05,2024-07-05,1
1203,2024-07-09,2024-07-09,1
1203,2024-07-15,2024-07-15,1
1203,2024-07-30,2024-07-30,1
1203,2024-09-03,2024-09-03,1
1203,2024-11-04,2024-11-04,1
1203,2024-12-17,2024-12-18,2
1203,2025-01-21,2025-01-21,1
1203,2025-10-02,2025-10-02,1
1203,2025-10-28,2025-10-28,1
1203,2026-01-30,2026-01-30,1
1203,2026-04-09,2026-04-09,1
1210,2013-09-14,2013-09-14,1
1213,2012-06-26,2012-06-29,4
1213,2012-07-04,2012-07-04,1
1213,2012-07-11,2012-07-11,1
1213,2012-07-19,2012-07-19,1
1213,2012-07-23,2012-07-25,3
1213,2012-08-24,2012-08-24,1
1213,2012-09-07,2012-09-07,1
1213,2012-09-11,2012-09-11,1
1213,2012-10-16,2012-10-16,1
1213,2012-10-31,2012-10-31,1
1213,2012-12-07,2012-12-10,2
1213,2012-12-17,2012-12-19,3
1213,2012-12-22,2012-12-22,1
1213,2013-01-02,2013-01-03,2
1213,2013-01-07,2013-01-07,1
1213,2013-01-09,2013-01-09,1
1213,2013-01-11,2013-01-11,1
1213,2013-01-18,2013-01-18,1
1213,2013-01-22,2013-01-22,1
1213,2013-01-31,2013-02-01,2
1213,2013-02-23,2013-02-23,1
1213,2013-02-26,2013-02-27,2
1213,2013-03-11,2013-03-11,1
1213,2013-03-21,2013-03-22,2
1213,2013-04-02,2013-04-03,2
1213,2013-04-11,2013-04-16,4
1213,2013-04-22,2013-04-26,5
1213,2013-04-30,2013-05-03,3
1213,2013-05-13,2013-05-13,1
1213,2013-05-20,2013-05-21,2
1213,2013-05-24,2013-06-03,7
1213,2013-06-06,2013-06-06,1
1213,2013-06-10,2013-06-17,5
1213,2013-06-19,2013-06-20,2
1213,2013-06-26,2013-06-26,1
1213,2013-06-28,2013-07-01,2
1213,2013-07-04,2013-07-04,1
1213,2013-07-09,2013-07-10,2
1213,2013-07-12,2013-07-16,3
1213,2013-07-18,2013-07-22,3
1213,2013-07-25,2013-07-26,2
1213,2013-08-01,2013-08-01,1
1213,2013-08-06,2013-08-06,1
1213,2013-08-08,2013-08-08,1
1213,2013-08-15,2013-08-15,1
1213,2013-08-19,2013-08-19,1
1213,2013-08-26,2013-08-26,1
1213,2013-09-05,2013-09-10,4
1213,2013-09-12,2013-09-17,5
1213,2013-09-23,2013-09-23,1
1213,2013-09-30,2013-09-30,1
1213,2013-10-02,2013-10-02,1
1213,2013-10-09,2013-10-14,3
1213,2013-10-18,2013-10-22,3
1213,2013-10-25,2013-10-29,3
1213,2013-10-31,2013-11-04,3
1213,2013-11-06,2013-11-07,2
1213,2013-11-12,2013-11-15,4
1213,2013-11-20,2013-11-20,1
1213,2013-11-25,2013-11-27,3
1213,2013-12-03,2013-12-03,1
1213,2013-12-05,2013-12-05,1
1213,2013-12-11,2013-12-13,3
1213,2013-12-17,2013-12-19,3
1213,2013-12-23,2013-12-24,2
1213,2013-12-27,2013-12-27,1
1213,2013-12-31,2014-01-03,3
1213,2014-01-08,2014-01-08,1
1213,2014-01-17,2014-01-21,3
1213,2014-02-11,2014-02-11,1
1213,2014-02-13,2014-02-18,4
1213,2014-02-24,2014-02-25,2
1213,2014-03-06,2014-03-06,1
1213,2014-03-14,2014-03-14,1
1213,2014-03-20,2014-03-20,1
1213,2014-03-25,2014-03-25,1
1213,2014-03-31,2014-03-31,1
1213,2014-04-02,2014-04-15,9
1213,2014-04-17,2014-04-24,6
1213,2014-04-30,2014-05-19,13
1213,2014-05-22,2014-05-22,1
1213,2014-06-05,2014-06-06,2
1213,2014-06-16,2014-06-16,1
1213,2014-06-19,2014-06-19,1
1213,2014-06-25,2014-06-25,1
1213,2014-08-26,2014-08-26,1
1213,2014-09-09,2014-09-09,1
1213,2014-09-11,2014-09-11,1
1213,2014-09-15,2014-09-16,2
1213,2014-09-18,2014-09-18,1
1213,2014-09-23,2014-09-23,1
1213,2014-09-29,2014-09-29,1
1213,2014-10-02,2014-10-03,2
1213,2014-11-13,2014-11-13,1
1213,2014-11-21,2014-11-21,1
1213,2014-11-25,2014-11-26,2
1213,2014-12-03,2014-12-03,1
1213,2014-12-05,2014-12-08,2
1213,2014-12-12,2014-12-12,1
1213,2014-12-18,2014-12-18,1
1213,2014-12-24,2014-12-27,4
1213,2014-12-30,2014-12-30,1
1213,2015-01-07,2015-01-08,2
1213,2015-01-12,2015-01-12,1
1213,2015-01-14,2015-01-14,1
1213,2015-01-19,2015-01-19,1
1213,2015-01-23,2015-01-23,1
1213,2015-01-27,2015-01-28,2
1213,2015-01-30,2015-01-30,1
1213,2015-02-03,2015-02-09,5
1213,2015-02-11,2015-02-11,1
1213,2015-02-13,2015-02-13,1
1213,2015-02-26,2015-02-26,1
1213,2015-03-10,2015-03-10,1
1213,2015-03-12,2015-03-13,2
1213,2015-03-17,2015-03-18,2
1213,2015-03-31,2015-03-31,1
1213,2015-04-02,2015-04-08,3
1213,2015-04-10,2015-04-10,1
1213,2015-05-04,2015-05-04,1
1213,2015-05-08,2015-05-08,1
1213,2015-05-18,2015-05-18,1
1213,2015-05-26,2015-05-26,1
1213,2015-05-29,2015-05-29,1
1213,2015-06-02,2015-06-02,1
1213,2015-06-09,2015-06-10,2
1213,2015-06-25,2015-06-25,1
1213,2015-07-01,2015-07-01,1
1213,2015-07-06,2015-07-06,1
1213,2015-07-20,2015-07-21,2
1213,2015-07-30,2015-07-30,1
1213,2015-08-06,2015-08-06,1
1213,2015-08-26,2015-08-26,1
1213,2015-09-08,2015-09-10,3
1213,2015-09-15,2015-09-16,2
1213,2015-09-23,2015-10-02,6
1213,2015-10-06,2015-10-06,1
1213,2015-10-12,2015-10-12,1
1213,2015-10-14,2015-10-15,2
1213,2015-10-19,2015-10-20,2
1213,2015-10-26,2015-10-28,3
1213,2015-10-30,2015-11-02,2
1213,2015-11-11,2015-11-18,6
1213,2015-11-20,2015-11-20,1
1213,2015-11-24,2015-11-24,1
1213,2015-11-26,2015-11-30,3
1213,2015-12-02,2015-12-04,3
1213,2015-12-08,2015-12-14,5
1213,2015-12-17,2015-12-21,3
1213,2015-12-23,2015-12-25,3
1213,2015-12-29,2016-01-04,4
1213,2016-01-07,2016-01-11,3
1213,2016-01-13,2016-01-18,4
1213,2016-01-20,2016-01-26,5
1213,2016-01-28,2016-02-02,5
1213,2016-02-15,2016-03-08,16
1213,2016-03-14,2016-03-14,1
1213,2016-03-16,2016-03-17,2
1213,2016-03-21,2016-03-28,6
1213,2016-04-01,2016-04-01,1
1213,2016-04-18,2016-04-18,1
1213,2016-04-29,2016-05-03,2
1213,2016-05-09,2016-05-10,2
1213,2016-05-19,2016-05-20,2
1213,2016-05-24,2016-05-25,2
1213,2016-06-02,2016-06-06,4
1213,2016-06-08,2016-06-08,1
1213,2016-06-14,2016-06-16,3
1213,2016-06-21,2016-06-27,5
1213,2016-06-30,2016-07-01,2
1213,2016-07-05,2016-07-13,6
1213,2016-07-15,2016-07-15,1
1213,2016-07-22,2016-07-28,5
1213,2016-08-01,2016-08-03,3
1213,2016-08-05,2016-08-10,4
1213,2016-08-23,2016-09-05,10
1213,2016-09-07,2016-09-20,9
1213,2016-09-23,2016-09-23,1
1213,2016-09-29,2016-10-03,3
1213,2016-10-05,2016-10-05,1
1213,2016-10-11,2016-10-13,3
1213,2016-10-17,2016-10-19,3
1213,2016-10-24,2016-10-25,2
1213,2016-10-31,2016-10-31,1
1213,2016-11-11,2016-11-11,1
1213,2016-11-18,2016-11-21,2
1213,2016-11-23,2016-11-23,1
1213,2016-11-25,2016-11-25,1
1213,2016-11-29,2016-11-29,1
1213,2016-12-01,2016-12-01,1
1213,2016-12-06,2016-12-12,5
1213,2016-12-14,2016-12-16,3
1213,2016-12-22,2016-12-23,2
1213,2016-12-27,2017-01-03,5
1213,2017-01-05,2017-01-17,9
1213,2017-01-20,2017-01-24,3
1213,2017-02-06,2017-02-07,2
1213,2017-02-09,2017-02-09,1
1213,2017-02-16,2017-03-03,11
1213,2017-03-07,2017-03-09,3
1213,2017-03-13,2017-03-23,9
1213,2017-03-29,2017-03-31,3
1213,2017-04-06,2017-04-06,1
1213,2017-04-10,2017-04-10,1
1213,2017-04-12,2017-04-17,4
1213,2017-04-21,2017-06-08,33
1213,2017-06-13,2017-06-20,6
1213,2017-06-22,2017-06-23,2
1213,2017-06-27,2017-06-27,1
1213,2017-07-03,2017-07-04,2
1213,2017-07-06,2017-07-10,3
1213,2017-07-13,2017-07-14,2
1213,2017-07-18,2017-07-25,6
1213,2017-07-27,2017-07-31,3
1213,2017-08-02,2017-08-07,4
1213,2017-08-11,2017-08-17,5
1213,2017-08-21,2017-08-24,4
1213,2017-08-31,2017-09-22,17
1213,2017-09-26,2017-10-02,6
1213,2017-10-05,2017-11-01,18
1213,2017-11-03,2017-11-10,6
1213,2017-11-14,2017-11-14,1
1213,2017-11-16,2017-11-16,1
1213,2017-11-20,2017-11-21,2
1213,2017-11-24,2017-11-24,1
1213,2017-11-28,2017-12-22,19
1213,2017-12-26,2017-12-27,2
1213,2017-12-29,2018-01-05,5
1213,2018-01-09,2018-01-15,5
1213,2018-01-22,2018-01-22,1
1213,2018-01-26,2018-01-31,4
1213,2018-02-02,2018-02-02,1
1213,2018-02-08,2018-02-09,2
1213,2018-02-21,2018-03-01,6
1213,2018-03-06,2018-03-09,4
1213,2018-03-14,2018-04-23,27
1213,2018-04-25,2018-04-26,2
1213,2018-04-30,2018-05-17,13
1213,2018-05-29,2018-06-01,4
1213,2018-06-05,2018-06-19,10
1213,2018-06-21,2018-06-22,2
1213,2018-06-27,2018-06-27,1
1213,2018-06-29,2018-07-02,2
1213,2018-07-04,2018-07-05,2
1213,2018-07-11,2018-07-11,1
1213,2018-07-13,2018-07-17,3
1213,2018-07-19,2018-07-25,5
1213,2018-07-27,2018-07-31,3
1213,2018-08-02,2018-08-02,1
1213,2018-08-06,2018-08-06,1
1213,2018-08-08,2018-08-08,1
1213,2018-08-10,2018-08-16,5
1213,2018-08-22,2018-08-29,6
1213,2018-08-31,2018-09-04,3
1213,2018-09-11,2018-09-12,2
1213,2018-09-14,2018-09-17,2
1213,2018-09-20,2018-09-25,3
1213,2018-09-27,2018-10-03,5
1213,2018-10-05,2018-10-05,1
1213,2018-10-31,2018-10-31,1
1213,2018-11-02,2018-11-02,1
1213,2018-11-06,2018-11-07,2
1213,2018-11-13,2018-11-13,1
1213,2018-11-15,2018-11-16,2
1213,2018-11-21,2018-11-23,3
1213,2018-12-07,2018-12-07,1
1213,2018-12-18,2018-12-18,1
1213,2018-12-22,2018-12-22,1
1213,2019-01-22,2019-01-22,1
1213,2019-01-24,2019-01-24,1
1213,2019-01-28,2019-01-30,3
1213,2019-02-13,2019-02-13,1
1213,2019-02-15,2019-02-19,3
1213,2019-03-15,2019-03-18,2
1213,2019-04-01,2019-04-01,1
1213,2019-09-24,2019-12-10,53
1213,2019-12-12,2019-12-18,5
1213,2019-12-20,2020-02-24,39
1213,2020-02-26,2020-07-16,96
1213,2020-07-21,2020-08-19,22
1213,2020-08-21,2020-11-18,61
1213,2020-11-20,2020-11-26,5
1213,2020-11-30,2020-11-30,1
1213,2020-12-02,2020-12-04,3
1213,2020-12-08,2020-12-08,1
1213,2020-12-10,2020-12-10,1
1213,2020-12-17,2021-01-13,19
1213,2021-01-15,2021-01-15,1
1213,2021-01-19,2021-02-25,21
1213,2021-03-02,2021-05-12,49
1213,2021-05-14,2021-05-20,5
1213,2021-05-24,2021-05-25,2
1213,2021-05-27,2022-01-18,164
1213,2022-01-20,2022-01-21,2
1213,2022-01-26,2022-01-26,1
1213,2022-02-08,2022-02-09,2
1213,2022-02-11,2022-10-12,167
1213,2022-10-14,2022-10-18,3
1213,2022-10-20,2022-12-05,33
1213,2022-12-07,2023-05-16,99
1213,2023-05-19,2023-05-23,3
1213,2023-05-25,2023-06-20,19
1213,2023-06-26,2023-08-30,47
1213,2023-09-04,2023-12-18,73
1213,2023-12-20,2023-12-25,4
1213,2023-12-27,2023-12-29,3
1213,2024-01-15,2024-01-15,1
1213,2024-01-17,2024-02-01,12
1213,2024-02-15,2024-02-19,3
1213,2024-02-22,2024-02-26,3
1213,2024-03-04,2024-03-05,2
1213,2024-03-20,2024-03-20,1
1213,2024-04-02,2024-04-02,1
1213,2024-04-09,2024-04-12,4
1213,2024-04-16,2024-04-17,2
1213,2024-04-19,2024-04-19,1
1213,2024-04-29,2024-05-03,4
1213,2024-05-10,2024-05-10,1
1213,2024-05-22,2024-05-23,2
1213,2024-05-27,2024-05-27,1
1213,2024-05-30,2024-05-31,2
1213,2024-06-04,2024-06-04,1
1213,2024-06-07,2024-06-07,1
1213,2024-06-12,2024-06-12,1
1213,2024-06-14,2024-06-14,1
1213,2024-06-18,2024-06-19,2
1213,2024-06-21,2024-06-27,5
1213,2024-07-01,2024-07-02,2
1213,2024-07-04,2024-07-08,3
1213,2024-07-12,2024-07-15,2
1213,2024-08-07,2024-08-08,2
1213,2024-08-20,2024-08-20,1
1213,2024-08-22,2024-08-22,1
1213,2024-08-26,2024-08-28,3
1213,2024-08-30,2024-08-30,1
1213,2024-09-04,2024-09-05,2
1213,2024-09-12,2024-09-16,3
1213,2024-09-19,2024-09-20,2
1213,2024-10-01,2024-10-07,3
1213,2024-10-09,2024-10-09,1
1213,2024-10-16,2024-10-16,1
1213,2024-10-18,2024-10-22,3
1213,2024-10-24,2024-10-25,2
1213,2024-10-29,2024-11-15,13
1213,2024-11-19,2024-11-20,2
1213,2024-11-25,2024-11-27,3
1213,2024-11-29,2024-12-13,11
1213,2024-12-27,2024-12-27,1
1213,2025-01-03,2025-01-03,1
1213,2025-01-09,2025-01-09,1
1213,2025-01-14,2025-01-14,1
1213,2025-01-17,2025-01-17,1
1213,2025-01-21,2025-02-03,3
1213,2025-02-05,2025-02-07,3
1213,2025-02-12,2025-02-12,1
1213,2025-02-17,2025-02-17,1
1213,2025-02-19,2025-02-19,1
1213,2025-02-21,2025-02-25,3
1213,2025-02-27,2025-02-27,1
1213,2025-03-05,2025-03-07,3
1213,2025-03-20,2025-03-21,2
1213,2025-03-25,2025-03-25,1
1213,2025-03-28,2025-03-28,1
1213,2025-04-01,2025-04-02,2
1213,2025-04-08,2025-04-08,1
1213,2025-04-10,2025-04-14,3
1213,2025-04-16,2025-04-17,2
1213,2025-04-21,2025-04-22,2
1213,2025-04-24,2025-04-24,1
1213,2025-04-30,2025-05-12,8
1213,2025-05-14,2025-05-14,1
1213,2025-05-23,2025-05-23,1
1213,2025-05-27,2025-05-28,2
1213,2025-06-03,2025-06-03,1
1213,2025-06-05,2025-06-05,1
1213,2025-06-11,2025-06-19,7
1213,2025-06-23,2025-06-24,2
1213,2025-06-26,2025-06-27,2
1213,2025-07-02,2025-07-02,1
1213,2025-07-04,2025-07-11,6
1213,2025-07-15,2025-07-17,3
1213,2025-07-21,2025-08-11,16
1213,2025-08-13,2025-08-22,8
1213,2025-08-26,2025-09-10,12
1213,2025-09-12,2025-09-19,6
1213,2025-09-23,2025-09-24,2
1213,2025-09-26,2026-02-05,89
1213,2026-02-09,2026-05-25,65
1213,2026-05-27,2026-06-02,5
1213,2026-06-04,2026-06-11,6
1213,2026-06-15,2026-07-03,14
1213,2026-07-07,2026-07-09,3
1215,2013-09-17,2013-09-17,1
1215,2016-06-04,2016-06-04,1
1216,2017-07-27,2017-07-27,1
1217,2013-01-29,2013-01-29,1
1217,2013-09-14,2013-09-14,1
1217,2014-01-22,2014-01-22,1
1217,2014-12-27,2014-12-27,1
1217,2016-01-30,2016-01-30,1
1217,2016-09-10,2016-09-10,1
1217,2017-02-18,2017-02-18,1
1217,2017-06-03,2017-06-03,1
1217,2017-09-30,2017-09-30,1
1217,2018-12-22,2018-12-22,1
1217,2019-04-22,2019-04-22,1
1218,2012-07-19,2012-07-19,1
1218,2013-02-23,2013-02-23,1
1218,2013-03-29,2013-03-29,1
1218,2013-08-27,2013-08-28,2
1218,2013-09-14,2013-09-14,1
1218,2013-12-06,2013-12-06,1
1218,2014-01-17,2014-01-20,2
1218,2015-02-09,2015-02-09,1
1218,2016-03-09,2016-03-09,1
1218,2016-06-04,2016-06-04,1
1218,2017-02-18,2017-02-18,1
1219,2012-05-10,2012-05-10,1
1219,2012-06-21,2012-06-21,1
1219,2012-06-25,2012-06-25,1
1219,2012-07-12,2012-07-12,1
1219,2012-07-30,2012-07-30,1
1219,2012-08-07,2012-08-07,1
1219,2012-08-10,2012-08-10,1
1219,2012-08-16,2012-08-20,3
1219,2012-08-24,2012-08-24,1
1219,2012-08-31,2012-08-31,1
1219,2012-09-04,2012-09-04,1
1219,2012-09-11,2012-09-11,1
1219,2012-09-13,2012-09-13,1
1219,2012-09-17,2012-09-17,1
1219,2012-10-15,2012-10-15,1
1219,2012-10-31,2012-10-31,1
1219,2012-11-19,2012-11-19,1
1219,2012-12-17,2012-12-17,1
1219,2012-12-22,2012-12-22,1
1219,2013-01-18,2013-01-18,1
1219,2013-01-23,2013-01-23,1
1219,2013-02-05,2013-02-05,1
1219,2013-02-23,2013-02-23,1
1219,2013-03-29,2013-04-03,4
1219,2013-04-11,2013-04-11,1
1219,2013-04-24,2013-04-24,1
1219,2013-05-02,2013-05-02,1
1219,2013-05-07,2013-05-07,1
1219,2013-05-13,2013-05-13,1
1219,2013-05-21,2013-05-21,1
1219,2013-05-27,2013-05-27,1
1219,2013-05-29,2013-05-29,1
1219,2013-06-04,2013-06-04,1
1219,2013-06-14,2013-06-20,5
1219,2013-06-25,2013-06-25,1
1219,2013-06-27,2013-06-27,1
1219,2013-07-04,2013-07-04,1
1219,2013-07-08,2013-07-08,1
1219,2013-07-12,2013-07-12,1
1219,2013-07-19,2013-07-24,4
1219,2013-07-26,2013-07-29,2
1219,2013-08-01,2013-08-01,1
1219,2013-08-06,2013-08-08,3
1219,2013-08-13,2013-08-14,2
1219,2013-08-16,2013-08-20,3
1219,2013-08-26,2013-09-03,7
1219,2013-09-06,2013-09-06,1
1219,2013-09-10,2013-09-14,5
1219,2013-09-17,2013-09-18,2
1219,2013-11-11,2013-11-11,1
1219,2013-11-19,2013-11-19,1
1219,2013-12-23,2013-12-23,1
1219,2013-12-26,2013-12-26,1
1219,2014-01-21,2014-01-22,2
1219,2014-02-27,2014-02-27,1
1219,2014-03-10,2014-03-11,2
1219,2014-04-01,2014-04-01,1
1219,2014-04-18,2014-04-18,1
1219,2014-04-22,2014-04-22,1
1219,2014-05-19,2014-05-19,1
1219,2014-05-27,2014-05-28,2
1219,2014-05-30,2014-06-03,2
1219,2014-06-05,2014-06-06,2
1219,2014-09-03,2014-09-03,1
1219,2014-12-27,2014-12-27,1
1219,2015-02-05,2015-02-05,1
1219,2015-03-10,2015-03-10,1
1219,2015-03-13,2015-03-17,3
1219,2015-03-20,2015-03-24,3
1219,2015-04-01,2015-04-01,1
1219,2015-04-07,2015-04-09,3
1219,2015-04-14,2015-04-14,1
1219,2015-04-22,2015-04-22,1
1219,2015-05-15,2015-05-15,1
1219,2015-06-30,2015-06-30,1
1219,2015-07-13,2015-07-13,1
1219,2015-08-06,2015-08-06,1
1219,2015-08-10,2015-08-10,1
1219,2015-08-12,2015-08-12,1
1219,2015-08-14,2015-08-14,1
1219,2015-08-31,2015-08-31,1
1219,2015-09-10,2015-09-10,1
1219,2015-09-16,2015-09-16,1
1219,2015-09-24,2015-09-30,3
1219,2015-10-02,2015-10-05,2
1219,2015-10-07,2015-10-07,1
1219,2015-10-12,2015-10-13,2
1219,2015-10-16,2015-10-16,1
1219,2015-10-21,2015-10-22,2
1219,2015-10-26,2015-10-28,3
1219,2015-11-02,2015-11-03,2
1219,2015-11-06,2015-11-06,1
1219,2015-11-25,2015-11-26,2
1219,2015-12-01,2015-12-03,3
1219,2015-12-07,2015-12-08,2
1219,2015-12-10,2015-12-10,1
1219,2015-12-18,2015-12-21,2
1219,2015-12-23,2015-12-23,1
1219,2015-12-25,2015-12-25,1
1219,2015-12-29,2016-01-04,4
1219,2016-01-08,2016-01-08,1
1219,2016-01-12,2016-01-12,1
1219,2016-01-18,2016-01-21,4
1219,2016-01-25,2016-01-25,1
1219,2016-01-27,2016-01-28,2
1219,2016-01-30,2016-01-30,1
1219,2016-02-02,2016-02-15,3
1219,2016-02-17,2016-02-17,1
1219,2016-02-19,2016-02-19,1
1219,2016-02-23,2016-02-25,3
1219,2016-03-01,2016-03-01,1
1219,2016-03-11,2016-03-11,1
1219,2016-03-25,2016-03-25,1
1219,2016-03-29,2016-03-30,2
1219,2016-04-19,2016-04-19,1
1219,2016-04-22,2016-04-22,1
1219,2016-05-05,2016-05-05,1
1219,2016-05-09,2016-05-09,1
1219,2016-05-24,2016-05-24,1
1219,2016-06-04,2016-06-04,1
1219,2016-06-28,2016-06-28,1
1219,2016-09-02,2016-09-05,2
1219,2016-09-13,2016-09-13,1
1219,2016-09-23,2016-09-26,2
1219,2016-11-11,2016-11-11,1
1219,2016-11-25,2016-11-25,1
1219,2016-12-07,2016-12-09,3
1219,2016-12-14,2016-12-14,1
1219,2016-12-20,2016-12-20,1
1219,2016-12-23,2016-12-23,1
1219,2016-12-27,2016-12-29,3
1219,2017-01-03,2017-01-05,3
1219,2017-01-10,2017-01-12,3
1219,2017-01-23,2017-02-02,3
1219,2017-02-06,2017-02-07,2
1219,2017-02-09,2017-02-09,1
1219,2017-02-13,2017-02-14,2
1219,2017-02-18,2017-02-20,2
1219,2017-02-22,2017-03-03,6
1219,2017-03-07,2017-03-10,4
1219,2017-03-14,2017-03-17,4
1219,2017-03-21,2017-03-21,1
1219,2017-03-30,2017-03-31,2
1219,2017-04-14,2017-04-14,1
1219,2017-04-18,2017-04-18,1
1219,2017-04-25,2017-04-25,1
1219,2017-04-27,2017-05-04,5
1219,2017-05-09,2017-05-09,1
1219,2017-05-11,2017-05-16,4
1219,2017-05-19,2017-05-24,4
1219,2017-06-03,2017-06-03,1
1219,2017-06-12,2017-06-12,1
1219,2017-06-16,2017-06-16,1
1219,2017-06-20,2017-06-20,1
1219,2017-06-23,2017-06-23,1
1219,2017-07-05,2017-07-05,1
1219,2017-07-07,2017-07-07,1
1219,2017-07-25,2017-07-28,4
1219,2017-08-01,2017-08-03,3
1219,2017-08-07,2017-08-07,1
1219,2017-08-17,2017-08-17,1
1219,2017-08-22,2017-08-22,1
1219,2017-08-24,2017-08-28,3
1219,2017-09-01,2017-09-07,5
1219,2017-09-12,2017-09-12,1
1219,2017-09-18,2017-09-22,5
1219,2017-09-26,2017-09-26,1
1219,2017-09-29,2017-09-30,2
1219,2017-10-05,2017-10-11,3
1219,2017-10-13,2017-10-17,3
1219,2017-10-19,2017-10-20,2
1219,2017-10-26,2017-10-26,1
1219,2017-11-01,2017-11-01,1
1219,2017-11-07,2017-11-07,1
1219,2017-11-20,2017-11-20,1
1219,2017-11-27,2017-11-27,1
1219,2017-12-05,2017-12-05,1
1219,2017-12-20,2017-12-21,2
1219,2017-12-25,2017-12-27,3
1219,2018-01-15,2018-01-15,1
1219,2018-01-31,2018-02-01,2
1219,2018-02-27,2018-02-27,1
1219,2018-03-05,2018-03-09,5
1219,2018-03-14,2018-03-14,1
1219,2018-03-22,2018-03-22,1
1219,2018-03-27,2018-03-29,3
1219,2018-03-31,2018-04-02,2
1219,2018-04-12,2018-04-12,1
1219,2018-04-18,2018-04-24,5
1219,2018-04-26,2018-04-26,1
1219,2018-04-30,2018-04-30,1
1219,2018-05-04,2018-05-04,1
1219,2018-05-08,2018-05-08,1
1219,2018-05-11,2018-05-11,1
1219,2018-05-16,2018-05-17,2
1219,2018-05-21,2018-05-28,6
1219,2018-05-30,2018-05-30,1
1219,2018-06-01,2018-06-07,5
1219,2018-06-13,2018-06-14,2
1219,2018-06-21,2018-06-21,1
1219,2018-07-11,2018-07-12,2
1219,2018-07-19,2018-07-19,1
1219,2018-07-23,2018-07-23,1
1219,2018-07-25,2018-07-25,1
1219,2018-07-30,2018-07-30,1
1219,2018-08-01,2018-08-01,1
1219,2018-08-06,2018-08-09,4
1219,2018-08-13,2018-08-13,1
1219,2018-08-15,2018-08-15,1
1219,2018-08-23,2018-08-27,3
1219,2018-08-31,2018-09-04,3
1219,2018-09-12,2018-09-12,1
1219,2018-09-17,2018-09-17,1
1219,2018-09-25,2018-09-27,3
1219,2018-10-01,2018-10-01,1
1219,2018-10-04,2018-10-05,2
1219,2018-10-22,2018-10-23,2
1219,2018-10-29,2018-10-29,1
1219,2018-11-06,2018-11-06,1
1219,2018-11-08,2018-11-08,1
1219,2018-11-14,2018-11-14,1
1219,2018-11-27,2018-11-27,1
1219,2018-11-29,2018-11-29,1
1219,2018-12-03,2018-12-03,1
1219,2018-12-05,2018-12-05,1
1219,2018-12-22,2018-12-26,4
1219,2019-01-02,2019-01-02,1
1219,2019-01-21,2019-01-21,1
1219,2019-01-28,2019-01-28,1
1219,2019-02-26,2019-02-26,1
1219,2019-03-08,2019-03-12,3
1219,2019-03-14,2019-03-18,3
1219,2019-03-25,2019-03-25,1
1219,2019-04-02,2019-04-03,2
1219,2019-04-09,2019-04-11,3
1219,2019-04-15,2019-04-15,1
1219,2019-04-22,2019-04-22,1
1219,2019-04-25,2019-04-25,1
1219,2019-04-29,2019-04-29,1
1219,2019-05-08,2019-05-08,1
1219,2019-05-16,2019-05-20,3
1219,2019-05-30,2019-06-03,3
1219,2019-06-06,2019-06-06,1
1219,2019-06-12,2019-06-13,2
1219,2019-07-11,2019-07-11,1
1219,2019-07-15,2019-07-15,1
1219,2019-07-31,2019-07-31,1
1219,2019-08-08,2019-08-08,1
1219,2019-08-22,2019-08-22,1
1219,2019-08-28,2019-08-29,2
1219,2019-09-04,2019-09-06,3
1219,2019-09-23,2019-09-25,3
1219,2019-10-03,2019-10-03,1
1219,2019-10-07,2019-10-07,1
1219,2019-10-17,2019-10-17,1
1219,2019-10-22,2019-10-22,1
1219,2019-10-25,2019-10-25,1
1219,2019-10-31,2019-10-31,1
1219,2019-11-05,2019-11-06,2
1219,2019-11-08,2019-11-11,2
1219,2019-11-15,2019-11-18,2
1219,2019-11-27,2019-11-28,2
1219,2019-12-26,2019-12-26,1
1219,2020-01-09,2020-01-09,1
1219,2020-02-03,2020-02-03,1
1219,2020-02-06,2020-02-06,1
1219,2020-02-18,2020-02-18,1
1219,2020-05-13,2020-05-13,1
1220,2012-05-28,2012-05-28,1
1220,2012-06-07,2012-06-07,1
1220,2012-06-19,2012-06-19,1
1220,2012-06-21,2012-06-26,4
1220,2012-06-28,2012-07-02,3
1220,2012-07-04,2012-07-04,1
1220,2012-07-10,2012-07-16,5
1220,2012-07-18,2012-07-18,1
1220,2012-07-20,2012-07-23,2
1220,2012-08-01,2012-08-06,3
1220,2012-08-09,2012-08-09,1
1220,2012-08-16,2012-08-17,2
1220,2012-08-21,2012-08-21,1
1220,2012-08-23,2012-08-24,2
1220,2012-09-03,2012-09-04,2
1220,2012-09-07,2012-09-07,1
1220,2012-10-11,2012-10-11,1
1220,2012-10-16,2012-10-16,1
1220,2012-10-18,2012-10-22,3
1220,2012-10-24,2012-10-24,1
1220,2012-11-02,2012-11-05,2
1220,2012-11-19,2012-11-20,2
1220,2012-11-22,2012-11-22,1
1220,2012-12-17,2012-12-17,1
1220,2012-12-24,2012-12-24,1
1220,2013-01-17,2013-01-17,1
1220,2013-01-21,2013-01-22,2
1220,2013-01-28,2013-01-29,2
1220,2013-02-01,2013-02-01,1
1220,2013-02-18,2013-02-18,1
1220,2013-02-23,2013-02-23,1
1220,2013-03-08,2013-03-08,1
1220,2013-03-12,2013-03-12,1
1220,2013-03-19,2013-03-19,1
1220,2013-03-21,2013-03-21,1
1220,2013-03-25,2013-03-25,1
1220,2013-03-27,2013-03-28,2
1220,2013-04-08,2013-04-08,1
1220,2013-04-11,2013-04-11,1
1220,2013-04-15,2013-04-17,3
1220,2013-04-19,2013-04-26,6
1220,2013-05-02,2013-05-07,4
1220,2013-05-13,2013-05-13,1
1220,2013-05-27,2013-05-27,1
1220,2013-06-03,2013-06-05,3
1220,2013-06-07,2013-06-10,2
1220,2013-06-14,2013-06-17,2
1220,2013-06-19,2013-06-20,2
1220,2013-06-24,2013-06-24,1
1220,2013-06-27,2013-06-28,2
1220,2013-07-02,2013-07-02,1
1220,2013-07-05,2013-07-08,2
1220,2013-07-22,2013-07-22,1
1220,2013-07-25,2013-07-29,3
1220,2013-07-31,2013-08-01,2
1220,2013-08-07,2013-08-08,2
1220,2013-08-12,2013-08-14,3
1220,2013-08-27,2013-08-29,3
1220,2013-09-03,2013-09-04,2
1220,2013-09-06,2013-09-16,8
1220,2013-09-18,2013-09-18,1
1220,2013-09-24,2013-09-27,4
1220,2013-10-01,2013-10-03,3
1220,2013-10-18,2013-10-18,1
1220,2013-10-24,2013-10-24,1
1220,2013-10-30,2013-10-30,1
1220,2013-11-06,2013-11-06,1
1220,2013-11-08,2013-11-08,1
1220,2013-11-21,2013-11-25,3
1220,2013-11-27,2013-11-27,1
1220,2013-12-03,2013-12-04,2
1220,2013-12-17,2013-12-17,1
1220,2013-12-26,2013-12-26,1
1220,2014-01-02,2014-01-03,2
1220,2014-01-21,2014-01-22,2
1220,2014-01-24,2014-01-24,1
1220,2014-02-14,2014-02-18,3
1220,2014-02-24,2014-02-24,1
1220,2014-03-03,2014-03-04,2
1220,2014-03-06,2014-03-06,1
1220,2014-03-11,2014-03-11,1
1220,2014-03-13,2014-03-13,1
1220,2014-03-18,2014-03-19,2
1220,2014-03-25,2014-03-31,5
1220,2014-04-02,2014-04-03,2
1220,2014-04-08,2014-04-10,3
1220,2014-04-14,2014-04-14,1
1220,2014-04-21,2014-04-21,1
1220,2014-04-23,2014-04-24,2
1220,2014-04-28,2014-05-05,5
1220,2014-05-09,2014-05-09,1
1220,2014-05-16,2014-05-16,1
1220,2014-05-22,2014-05-22,1
1220,2014-05-26,2014-05-27,2
1220,2014-05-29,2014-05-29,1
1220,2014-06-04,2014-06-04,1
1220,2014-06-11,2014-06-12,2
1220,2014-06-19,2014-06-20,2
1220,2014-07-04,2014-07-04,1
1220,2014-07-08,2014-07-08,1
1220,2014-08-07,2014-08-11,3
1220,2014-08-13,2014-08-13,1
1220,2014-08-18,2014-08-18,1
1220,2014-08-21,2014-08-21,1
1220,2014-09-10,2014-09-10,1
1220,2014-09-16,2014-09-16,1
1220,2014-09-18,2014-09-22,3
1220,2014-09-29,2014-09-29,1
1220,2014-10-02,2014-10-02,1
1220,2014-10-08,2014-10-08,1
1220,2014-10-29,2014-10-30,2
1220,2014-11-06,2014-11-07,2
1220,2014-11-12,2014-11-12,1
1220,2014-11-24,2014-11-24,1
1220,2014-12-04,2014-12-08,3
1220,2014-12-10,2014-12-15,4
1220,2014-12-17,2014-12-19,3
1220,2014-12-24,2014-12-27,4
1220,2015-01-09,2015-01-09,1
1220,2015-01-19,2015-01-19,1
1220,2015-01-23,2015-01-23,1
1220,2015-01-28,2015-01-28,1
1220,2015-01-30,2015-01-30,1
1220,2015-02-05,2015-02-05,1
1220,2015-02-09,2015-02-09,1
1220,2015-02-12,2015-02-13,2
1220,2015-02-25,2015-02-25,1
1220,2015-03-04,2015-03-09,4
1220,2015-03-13,2015-03-17,3
1220,2015-03-20,2015-03-23,2
1220,2015-03-25,2015-03-25,1
1220,2015-03-31,2015-04-01,2
1220,2015-04-07,2015-04-09,3
1220,2015-04-13,2015-04-13,1
1220,2015-04-21,2015-04-21,1
1220,2015-05-13,2015-05-18,4
1220,2015-06-02,2015-06-02,1
1220,2015-06-09,2015-06-09,1
1220,2015-06-25,2015-06-25,1
1220,2015-06-30,2015-07-01,2
1220,2015-07-21,2015-07-22,2
1220,2015-07-29,2015-08-03,4
1220,2015-08-10,2015-08-10,1
1220,2015-08-12,2015-08-12,1
1220,2015-08-14,2015-08-17,2
1220,2015-08-26,2015-08-26,1
1220,2015-08-31,2015-09-01,2
1220,2015-09-08,2015-09-08,1
1220,2015-09-16,2015-09-16,1
1220,2015-09-18,2015-09-18,1
1220,2015-09-22,2015-09-22,1
1220,2015-09-24,2015-09-30,3
1220,2015-10-07,2015-10-07,1
1220,2015-10-13,2015-10-14,2
1220,2015-10-16,2015-10-16,1
1220,2015-10-22,2015-10-28,5
1220,2015-11-09,2015-11-10,2
1220,2015-11-13,2015-11-13,1
1220,2015-11-20,2015-11-20,1
1220,2015-11-24,2015-12-01,6
1220,2015-12-04,2015-12-09,4
1220,2015-12-11,2015-12-11,1
1220,2015-12-15,2015-12-16,2
1220,2015-12-18,2015-12-18,1
1220,2015-12-22,2015-12-23,2
1220,2015-12-25,2016-01-04,6
1220,2016-01-07,2016-01-07,1
1220,2016-01-11,2016-01-15,5
1220,2016-01-19,2016-01-22,4
1220,2016-01-27,2016-02-01,5
1220,2016-02-15,2016-03-04,14
1220,2016-03-09,2016-03-14,4
1220,2016-03-16,2016-03-16,1
1220,2016-03-18,2016-03-22,3
1220,2016-03-24,2016-03-24,1
1220,2016-03-28,2016-03-28,1
1220,2016-03-31,2016-03-31,1
1220,2016-04-11,2016-04-11,1
1220,2016-04-13,2016-04-15,3
1220,2016-04-25,2016-04-26,2
1220,2016-04-28,2016-04-28,1
1220,2016-05-03,2016-05-03,1
1220,2016-05-06,2016-05-09,2
1220,2016-05-11,2016-05-12,2
1220,2016-05-16,2016-05-18,3
1220,2016-05-20,2016-06-06,13
1220,2016-06-28,2016-06-29,2
1220,2016-07-01,2016-07-04,2
1220,2016-07-11,2016-07-12,2
1220,2016-07-19,2016-07-19,1
1220,2016-08-01,2016-08-01,1
1220,2016-08-09,2016-08-09,1
1220,2016-08-25,2016-08-25,1
1220,2016-09-10,2016-09-10,1
1220,2016-09-30,2016-09-30,1
1220,2016-10-14,2016-10-14,1
1220,2016-11-25,2016-11-25,1
1220,2016-11-29,2016-11-29,1
1220,2016-12-19,2016-12-19,1
1220,2016-12-23,2016-12-23,1
1220,2016-12-28,2016-12-28,1
1220,2016-12-30,2017-01-03,2
1220,2017-01-16,2017-01-16,1
1220,2017-02-08,2017-02-09,2
1220,2017-02-13,2017-02-14,2
1220,2017-02-17,2017-02-21,4
1220,2017-02-24,2017-03-01,2
1220,2017-03-03,2017-03-03,1
1220,2017-03-07,2017-03-08,2
1220,2017-03-14,2017-03-15,2
1220,2017-03-20,2017-03-20,1
1220,2017-03-30,2017-03-31,2
1220,2017-04-11,2017-04-11,1
1220,2017-04-13,2017-04-17,3
1220,2017-04-24,2017-04-24,1
1220,2017-04-27,2017-04-27,1
1220,2017-05-02,2017-05-02,1
1220,2017-05-09,2017-05-10,2
1220,2017-05-12,2017-05-22,7
1220,2017-05-25,2017-06-01,4
1220,2017-06-03,2017-06-05,2
1220,2017-06-08,2017-06-09,2
1220,2017-06-14,2017-06-20,5
1220,2017-06-23,2017-06-23,1
1220,2017-07-04,2017-07-04,1
1220,2017-07-13,2017-07-13,1
1220,2017-07-19,2017-07-20,2
1220,2017-07-25,2017-07-25,1
1220,2017-07-27,2017-08-01,4
1220,2017-08-11,2017-08-14,2
1220,2017-08-21,2017-08-21,1
1220,2017-08-23,2017-08-28,4
1220,2017-08-30,2017-09-01,3
1220,2017-09-05,2017-09-13,7
1220,2017-09-15,2017-09-15,1
1220,2017-09-19,2017-09-19,1
1220,2017-09-21,2017-09-22,2
1220,2017-09-27,2017-09-27,1
1220,2017-09-30,2017-10-02,2
1220,2017-10-11,2017-10-17,5
1220,2017-10-19,2017-10-24,4
1220,2017-10-26,2017-10-26,1
1220,2017-10-31,2017-11-01,2
1220,2017-11-08,2017-11-08,1
1220,2017-11-13,2017-11-14,2
1220,2017-11-24,2017-11-29,4
1220,2017-12-08,2017-12-11,2
1220,2017-12-18,2017-12-18,1
1220,2017-12-21,2017-12-21,1
1220,2017-12-25,2017-12-26,2
1220,2018-01-09,2018-01-11,3
1220,2018-01-19,2018-01-22,2
1220,2018-01-29,2018-01-30,2
1220,2018-02-01,2018-02-01,1
1220,2018-02-08,2018-02-08,1
1220,2018-02-26,2018-02-26,1
1220,2018-03-01,2018-03-01,1
1220,2018-03-06,2018-03-09,4
1220,2018-03-14,2018-03-14,1
1220,2018-03-16,2018-03-20,3
1220,2018-03-22,2018-03-23,2
1220,2018-03-30,2018-03-30,1
1220,2018-04-02,2018-04-02,1
1220,2018-04-10,2018-04-12,3
1220,2018-04-17,2018-04-20,4
1220,2018-04-24,2018-04-24,1
1220,2018-04-30,2018-04-30,1
1220,2018-05-07,2018-05-08,2
1220,2018-05-10,2018-05-14,3
1220,2018-05-21,2018-05-21,1
1220,2018-05-23,2018-05-23,1
1220,2018-05-29,2018-05-29,1
1220,2018-06-01,2018-06-01,1
1220,2018-06-19,2018-06-19,1
1220,2018-06-29,2018-06-29,1
1220,2018-07-11,2018-07-11,1
1220,2018-07-25,2018-07-25,1
1220,2018-07-27,2018-07-27,1
1220,2018-08-10,2018-08-10,1
1220,2018-08-24,2018-08-24,1
1220,2018-08-31,2018-08-31,1
1220,2018-09-05,2018-09-05,1
1220,2018-09-17,2018-09-17,1
1220,2018-09-26,2018-09-26,1
1220,2018-10-18,2018-10-18,1
1220,2018-11-07,2018-11-07,1
1220,2018-11-19,2018-11-19,1
1220,2018-11-22,2018-11-22,1
1220,2018-12-13,2018-12-13,1
1220,2018-12-18,2018-12-18,1
1220,2018-12-22,2018-12-22,1
1220,2019-02-15,2019-02-15,1
1220,2019-03-08,2019-03-08,1
1220,2019-03-14,2019-03-15,2
1220,2019-03-19,2019-03-19,1
1220,2019-03-26,2019-03-26,1
1220,2019-04-08,2019-04-10,3
1220,2019-04-16,2019-04-16,1
1220,2019-04-19,2019-04-19,1
1220,2019-04-24,2019-04-25,2
1220,2019-04-30,2019-04-30,1
1220,2019-05-03,2019-05-06,2
1220,2019-05-28,2019-05-28,1
1220,2019-05-31,2019-05-31,1
1220,2019-06-05,2019-06-06,2
1220,2019-06-11,2019-06-11,1
1220,2019-06-13,2019-06-14,2
1220,2019-06-18,2019-06-18,1
1220,2019-06-25,2019-06-26,2
1220,2019-06-28,2019-07-01,2
1220,2019-07-05,2019-07-05,1
1220,2019-07-09,2019-07-09,1
1220,2019-07-12,2019-07-12,1
1220,2019-07-19,2019-07-19,1
1220,2019-08-12,2019-08-12,1
1220,2019-08-20,2019-08-20,1
1220,2019-08-22,2019-09-06,12
1220,2019-09-20,2019-09-24,3
1220,2019-10-01,2019-10-01,1
1220,2019-10-15,2019-10-15,1
1220,2019-10-21,2019-10-21,1
1220,2019-10-23,2019-10-23,1
1220,2019-10-25,2019-10-29,3
1220,2019-10-31,2019-10-31,1
1220,2019-11-05,2019-11-05,1
1220,2019-11-11,2019-11-13,3
1220,2019-11-19,2019-11-19,1
1220,2019-11-25,2019-11-25,1
1220,2019-12-02,2019-12-09,6
1220,2019-12-11,2019-12-12,2
1220,2019-12-25,2019-12-26,2
1220,2020-01-13,2020-01-15,3
1220,2020-01-20,2020-01-20,1
1220,2020-02-06,2020-02-06,1
1220,2020-02-10,2020-02-10,1
1220,2020-02-17,2020-02-19,3
1220,2020-02-24,2020-02-26,3
1220,2020-04-09,2020-04-09,1
1220,2020-04-24,2020-04-24,1
1220,2020-05-13,2020-05-13,1
1220,2020-06-19,2020-06-19,1
1220,2020-07-02,2020-07-02,1
1220,2020-09-28,2020-09-28,1
1225,2012-06-06,2012-06-06,1
1225,2012-06-08,2012-06-08,1
1225,2012-06-15,2012-06-22,6
1225,2012-06-27,2012-06-28,2
1225,2012-07-02,2012-07-03,2
1225,2012-07-05,2012-07-06,2
1225,2012-07-10,2012-07-10,1
1225,2012-07-17,2012-07-17,1
1225,2012-07-24,2012-07-25,2
1225,2012-07-31,2012-07-31,1
1225,2012-08-09,2012-08-10,2
1225,2012-08-24,2012-08-24,1
1225,2012-10-08,2012-10-08,1
1225,2012-10-18,2012-10-18,1
1225,2012-10-22,2012-10-22,1
1225,2012-11-02,2012-11-02,1
1225,2012-11-22,2012-11-22,1
1225,2012-12-10,2012-12-10,1
1225,2012-12-20,2012-12-20,1
1225,2012-12-28,2012-12-28,1
1225,2013-01-18,2013-01-18,1
1225,2013-01-23,2013-01-23,1
1225,2013-01-28,2013-01-28,1
1225,2013-02-01,2013-02-01,1
1225,2013-02-23,2013-02-23,1
1225,2013-03-14,2013-03-14,1
1225,2013-05-03,2013-05-03,1
1225,2013-05-13,2013-05-13,1
1225,2013-05-22,2013-05-22,1
1225,2013-06-10,2013-06-10,1
1225,2013-06-28,2013-06-28,1
1225,2013-07-03,2013-07-03,1
1225,2013-07-09,2013-07-09,1
1225,2013-07-18,2013-07-18,1
1225,2013-07-22,2013-07-22,1
1225,2013-08-08,2013-08-08,1
1225,2013-08-15,2013-08-16,2
1225,2013-08-23,2013-08-23,1
1225,2013-09-06,2013-09-11,4
1225,2013-09-13,2013-09-13,1
1225,2013-09-18,2013-09-18,1
1225,2013-09-24,2013-09-24,1
1225,2013-10-09,2013-10-09,1
1225,2013-11-01,2013-11-05,3
1225,2013-11-13,2013-11-13,1
1225,2013-11-19,2013-11-19,1
1225,2013-11-26,2013-11-26,1
1225,2013-12-17,2013-12-18,2
1225,2013-12-23,2013-12-23,1
1225,2013-12-31,2013-12-31,1
1225,2014-01-21,2014-01-22,2
1225,2014-01-24,2014-01-24,1
1225,2014-02-14,2014-02-14,1
1225,2014-02-25,2014-02-25,1
1225,2014-03-11,2014-03-11,1
1225,2014-03-31,2014-03-31,1
1225,2015-06-02,2015-06-02,1
1225,2015-09-24,2015-09-24,1
1225,2015-10-08,2015-10-08,1
1225,2015-10-21,2015-10-22,2
1225,2015-11-03,2015-11-03,1
1225,2015-11-16,2015-11-16,1
1225,2015-12-18,2015-12-18,1
1225,2016-02-24,2016-02-24,1
1225,2016-12-27,2016-12-27,1
1225,2017-01-13,2017-01-13,1
1225,2017-01-17,2017-01-17,1
1225,2017-01-23,2017-01-24,2
1225,2017-02-06,2017-02-07,2
1225,2017-02-10,2017-02-14,3
1225,2017-02-17,2017-02-20,3
1225,2017-03-03,2017-03-03,1
1225,2017-03-07,2017-03-08,2
1225,2017-03-10,2017-03-10,1
1225,2017-03-16,2017-03-16,1
1225,2017-03-22,2017-03-22,1
1225,2017-03-30,2017-04-05,3
1225,2017-04-10,2017-04-10,1
1225,2017-04-13,2017-04-13,1
1225,2017-04-17,2017-04-18,2
1225,2017-04-20,2017-04-20,1
1225,2017-04-25,2017-04-25,1
1225,2017-04-27,2017-04-28,2
1225,2017-05-04,2017-05-04,1
1225,2017-05-08,2017-05-08,1
1225,2017-05-11,2017-05-12,2
1225,2017-05-16,2017-05-18,3
1225,2017-06-01,2017-06-01,1
1225,2017-06-03,2017-06-06,3
1225,2017-06-12,2017-06-12,1
1225,2017-06-14,2017-06-16,3
1225,2017-06-28,2017-06-28,1
1225,2017-06-30,2017-07-05,4
1225,2017-07-10,2017-07-10,1
1225,2017-07-13,2017-07-17,3
1225,2017-07-24,2017-07-24,1
1225,2017-07-31,2017-08-01,2
1225,2017-08-07,2017-08-07,1
1225,2017-08-11,2017-08-11,1
1225,2017-08-15,2017-08-15,1
1225,2017-08-25,2017-08-25,1
1225,2017-08-30,2017-08-30,1
1225,2017-09-01,2017-09-05,3
1225,2017-09-07,2017-09-12,4
1225,2017-09-14,2017-09-19,4
1225,2017-09-22,2017-09-26,3
1225,2017-09-30,2017-10-03,3
1225,2017-10-06,2017-10-06,1
1225,2017-10-12,2017-10-16,3
1225,2017-10-20,2017-10-20,1
1225,2017-10-24,2017-10-24,1
1225,2017-10-31,2017-11-01,2
1225,2017-11-03,2017-11-07,3
1225,2017-11-13,2017-11-14,2
1225,2017-11-16,2017-11-20,3
1225,2017-11-23,2017-11-23,1
1225,2017-11-29,2017-11-29,1
1225,2017-12-04,2017-12-04,1
1225,2017-12-06,2017-12-08,3
1225,2017-12-12,2017-12-12,1
1225,2017-12-14,2017-12-15,2
1225,2017-12-19,2017-12-22,4
1225,2017-12-26,2017-12-26,1
1225,2017-12-28,2017-12-28,1
1225,2018-01-03,2018-01-08,4
1225,2018-01-11,2018-01-15,3
1225,2018-01-19,2018-01-19,1
1225,2018-02-05,2018-02-05,1
1225,2018-03-06,2018-03-06,1
1225,2018-03-12,2018-03-12,1
1225,2018-03-20,2018-03-20,1
1225,2018-03-28,2018-03-28,1
1225,2018-03-31,2018-03-31,1
1225,2018-04-12,2018-04-12,1
1225,2018-04-18,2018-04-23,4
1225,2018-04-26,2018-04-26,1
1225,2018-04-30,2018-04-30,1
1225,2018-05-04,2018-05-04,1
1225,2018-05-10,2018-05-11,2
1225,2018-05-17,2018-05-21,3
1225,2018-05-24,2018-05-24,1
1225,2018-06-13,2018-06-13,1
1225,2018-07-24,2018-07-24,1
1225,2018-08-06,2018-08-06,1
1225,2018-08-08,2018-08-08,1
1225,2018-08-15,2018-08-15,1
1225,2018-08-23,2018-08-27,3
1225,2018-08-29,2018-08-31,3
1225,2018-09-04,2018-09-04,1
1225,2018-09-17,2018-09-18,2
1225,2018-09-21,2018-09-21,1
1225,2018-09-26,2018-09-27,2
1225,2018-10-01,2018-10-01,1
1225,2018-10-23,2018-10-23,1
1225,2018-10-31,2018-10-31,1
1225,2018-11-05,2018-11-05,1
1225,2018-11-07,2018-11-07,1
1225,2018-11-14,2018-11-14,1
1225,2018-11-23,2018-11-23,1
1225,2018-11-27,2018-11-28,2
1225,2018-11-30,2018-11-30,1
1225,2018-12-04,2018-12-05,2
1225,2018-12-07,2018-12-07,1
1225,2018-12-11,2018-12-11,1
1225,2018-12-18,2018-12-19,2
1225,2018-12-21,2018-12-24,3
1225,2019-01-02,2019-01-07,4
1225,2019-01-09,2019-01-09,1
1225,2019-01-23,2019-01-23,1
1225,2019-01-25,2019-01-25,1
1225,2019-01-29,2019-01-29,1
1225,2019-02-12,2019-02-12,1
1225,2019-02-18,2019-02-18,1
1225,2019-02-26,2019-02-26,1
1225,2019-03-15,2019-03-15,1
1225,2019-03-22,2019-03-27,4
1225,2019-03-29,2019-03-29,1
1225,2019-04-12,2019-04-12,1
1225,2019-04-25,2019-04-26,2
1225,2019-04-30,2019-04-30,1
1225,2019-05-10,2019-05-10,1
1225,2019-05-20,2019-05-20,1
1225,2019-05-30,2019-05-30,1
1225,2019-06-12,2019-06-12,1
1225,2019-06-28,2019-06-28,1
1225,2019-07-09,2019-07-09,1
1225,2019-07-15,2019-07-15,1
1225,2019-07-19,2019-07-22,2
1225,2019-08-02,2019-08-02,1
1225,2019-08-08,2019-08-08,1
1225,2019-08-29,2019-08-29,1
1225,2019-09-03,2019-09-03,1
1225,2019-09-19,2019-09-20,2
1225,2019-10-03,2019-10-03,1
1225,2019-11-01,2019-11-01,1
1225,2020-10-28,2020-10-28,1
1225,2022-07-26,2022-07-26,1
1225,2022-08-08,2022-08-08,1
1225,2022-08-11,2022-08-11,1
1225,2022-08-31,2022-08-31,1
1225,2022-09-20,2022-09-20,1
1225,2022-10-07,2022-10-07,1
1225,2022-10-12,2022-10-12,1
1225,2022-10-28,2022-10-28,1
1225,2022-11-17,2022-11-17,1
1225,2022-12-22,2022-12-22,1
1225,2022-12-26,2022-12-26,1
1225,2022-12-30,2022-12-30,1
1225,2023-01-13,2023-01-17,3
1225,2023-02-03,2023-02-07,3
1225,2023-02-14,2023-02-14,1
1225,2023-02-17,2023-02-17,1
1225,2023-03-03,2023-03-03,1
1225,2023-03-22,2023-03-22,1
1225,2023-03-29,2023-03-31,3
1225,2023-04-07,2023-04-07,1
1225,2023-04-26,2023-04-26,1
1225,2023-05-11,2023-05-11,1
1225,2023-06-29,2023-06-29,1
1225,2023-07-05,2023-07-05,1
1225,2023-08-09,2023-08-10,2
1225,2023-08-17,2023-08-17,1
1225,2023-08-29,2023-08-30,2
1225,2023-09-05,2023-09-05,1
1225,2023-09-11,2023-09-11,1
1225,2023-09-14,2023-09-14,1
1225,2023-09-22,2023-09-22,1
1225,2023-09-28,2023-09-28,1
1225,2023-10-06,2023-10-06,1
1225,2023-10-18,2023-10-18,1
1225,2023-11-03,2023-11-03,1
1225,2023-11-16,2023-11-16,1
1225,2023-11-22,2023-11-22,1
1225,2023-11-24,2023-11-24,1
1225,2023-12-04,2023-12-04,1
1225,2024-01-04,2024-01-05,2
1225,2024-01-10,2024-01-10,1
1225,2024-01-12,2024-01-12,1
1225,2024-01-18,2024-01-18,1
1225,2024-01-25,2024-01-29,3
1225,2024-02-20,2024-02-20,1
1225,2024-04-02,2024-04-03,2
1225,2024-04-16,2024-04-16,1
1225,2024-12-04,2024-12-04,1
1227,2017-06-03,2017-06-03,1
1227,2017-09-30,2017-09-30,1
1227,2018-03-31,2018-03-31,1
1229,2012-07-06,2012-07-06,1
1229,2013-09-14,2013-09-14,1
1229,2016-06-04,2016-06-04,1
1229,2016-09-10,2016-09-10,1
1229,2017-06-03,2017-06-03,1
1229,2019-03-28,2019-03-28,1
1231,2014-04-10,2014-04-10,1
1231,2015-04-02,2015-04-02,1
1231,2016-03-08,2016-03-08,1
1231,2016-03-18,2016-03-18,1
1231,2016-06-04,2016-06-04,1
1231,2016-09-10,2016-09-10,1
1231,2016-11-14,2016-11-14,1
1231,2016-12-05,2016-12-05,1
1231,2016-12-28,2016-12-28,1
1231,2017-01-09,2017-01-09,1
1231,2017-02-18,2017-02-18,1
1231,2017-03-03,2017-03-03,1
1231,2017-03-08,2017-03-09,2
1231,2017-03-17,2017-03-17,1
1231,2017-06-03,2017-06-03,1
1231,2017-09-30,2017-09-30,1
1231,2017-12-12,2017-12-12,1
1231,2017-12-15,2017-12-15,1
1231,2017-12-22,2017-12-25,2
1231,2018-02-27,2018-02-27,1
1231,2018-07-31,2018-07-31,1
1231,2018-08-09,2018-08-09,1
1231,2018-12-22,2018-12-22,1
1231,2019-12-12,2019-12-12,1
1231,2019-12-26,2019-12-26,1
1232,2012-06-19,2012-06-19,1
1232,2012-06-22,2012-06-25,2
1232,2012-07-18,2012-07-19,2
1232,2012-07-26,2012-07-26,1
1232,2012-08-03,2012-08-03,1
1232,2012-08-29,2012-08-29,1
1232,2012-09-17,2012-09-17,1
1232,2012-11-02,2012-11-02,1
1232,2012-12-22,2012-12-22,1
1232,2013-01-18,2013-01-18,1
1232,2013-01-29,2013-01-29,1
1232,2013-03-08,2013-03-08,1
1232,2013-03-12,2013-03-12,1
1232,2013-04-22,2013-04-22,1
1232,2013-09-09,2013-09-09,1
1232,2013-09-14,2013-09-14,1
1232,2013-10-09,2013-10-09,1
1232,2014-01-21,2014-01-21,1
1232,2015-02-13,2015-02-13,1
1232,2016-01-30,2016-01-30,1
1232,2016-03-02,2016-03-02,1
1232,2016-06-04,2016-06-04,1
1232,2016-09-10,2016-09-10,1
1232,2017-01-04,2017-01-04,1
1232,2017-02-18,2017-02-18,1
1232,2017-03-03,2017-03-03,1
1232,2017-06-03,2017-06-03,1
1232,2017-07-10,2017-07-10,1
1232,2017-07-21,2017-07-21,1
1232,2017-08-28,2017-08-28,1
1232,2017-08-30,2017-08-30,1
1232,2017-09-05,2017-09-06,2
1232,2017-09-12,2017-09-12,1
1232,2017-09-18,2017-09-18,1
1232,2017-09-30,2017-09-30,1
1232,2017-10-06,2017-10-11,2
1232,2017-10-24,2017-10-24,1
1232,2017-10-30,2017-10-30,1
1232,2017-11-29,2017-11-29,1
1232,2017-12-18,2017-12-18,1
1232,2017-12-22,2017-12-22,1
1232,2018-01-04,2018-01-04,1
1232,2018-01-22,2018-01-22,1
1232,2018-02-01,2018-02-02,2
1232,2018-03-09,2018-03-09,1
1232,2018-03-16,2018-03-20,3
1232,2018-03-22,2018-03-22,1
1232,2018-03-29,2018-03-29,1
1232,2018-03-31,2018-03-31,1
1232,2018-04-11,2018-04-12,2
1232,2018-04-20,2018-04-20,1
1232,2018-04-24,2018-04-24,1
1232,2018-05-07,2018-05-07,1
1232,2018-05-14,2018-05-21,6
1232,2018-05-23,2018-05-29,5
1232,2018-06-13,2018-06-13,1
1232,2018-06-15,2018-06-15,1
1232,2018-06-25,2018-06-25,1
1232,2018-06-27,2018-06-27,1
1232,2018-06-29,2018-06-29,1
1232,2018-08-10,2018-08-10,1
1232,2018-08-16,2018-08-16,1
1232,2018-08-27,2018-08-27,1
1232,2018-10-23,2018-10-23,1
1232,2018-10-29,2018-10-29,1
1232,2018-10-31,2018-10-31,1
1232,2018-11-05,2018-11-07,3
1232,2018-11-15,2018-11-16,2
1232,2018-11-21,2018-11-22,2
1232,2018-12-12,2018-12-12,1
1232,2018-12-14,2018-12-14,1
1232,2018-12-22,2018-12-26,4
1232,2019-01-07,2019-01-07,1
1232,2019-01-28,2019-01-28,1
1232,2019-03-11,2019-03-11,1
1232,2019-03-15,2019-03-15,1
1232,2019-04-12,2019-04-15,2
1232,2019-04-22,2019-04-22,1
1232,2020-08-26,2020-08-26,1
1232,2020-09-30,2020-09-30,1
1232,2020-11-05,2020-11-05,1
1233,2012-05-03,2012-05-03,1
1233,2012-05-24,2012-05-28,3
1233,2012-06-11,2012-06-11,1
1233,2012-06-15,2012-06-18,2
1233,2012-06-20,2012-06-20,1
1233,2012-06-22,2012-06-25,2
1233,2012-07-12,2012-07-12,1
1233,2012-07-16,2012-07-16,1
1233,2012-07-19,2012-07-26,6
1233,2012-07-31,2012-08-01,2
1233,2012-08-22,2012-08-22,1
1233,2012-08-24,2012-08-24,1
1233,2012-08-29,2012-08-29,1
1233,2012-08-31,2012-08-31,1
1233,2012-09-04,2012-09-04,1
1233,2012-09-10,2012-09-10,1
1233,2012-09-17,2012-09-17,1
1233,2012-09-26,2012-09-26,1
1233,2012-10-08,2012-10-08,1
1233,2012-10-15,2012-10-15,1
1233,2012-10-22,2012-10-22,1
1233,2012-10-24,2012-10-25,2
1233,2012-10-31,2012-11-05,4
1233,2012-11-19,2012-11-20,2
1233,2012-11-27,2012-11-27,1
1233,2012-12-10,2012-12-10,1
1233,2012-12-12,2012-12-12,1
1233,2012-12-17,2012-12-17,1
1233,2012-12-20,2012-12-20,1
1233,2012-12-22,2012-12-22,1
1233,2012-12-27,2012-12-28,2
1233,2013-01-03,2013-01-03,1
1233,2013-01-09,2013-01-09,1
1233,2013-01-15,2013-01-15,1
1233,2013-01-18,2013-01-18,1
1233,2013-01-23,2013-01-23,1
1233,2013-02-23,2013-02-23,1
1233,2013-03-06,2013-03-06,1
1233,2013-03-12,2013-03-12,1
1233,2013-04-02,2013-04-02,1
1233,2013-04-08,2013-04-08,1
1233,2013-04-12,2013-04-12,1
1233,2013-04-23,2013-04-23,1
1233,2013-04-30,2013-04-30,1
1233,2013-05-07,2013-05-07,1
1233,2013-05-21,2013-05-22,2
1233,2013-06-04,2013-06-05,2
1233,2013-06-07,2013-06-10,2
1233,2013-06-17,2013-06-19,3
1233,2013-06-25,2013-06-25,1
1233,2013-07-19,2013-07-23,3
1233,2013-07-25,2013-07-25,1
1233,2013-07-29,2013-07-29,1
1233,2013-07-31,2013-08-01,2
1233,2013-08-06,2013-08-06,1
1233,2013-08-12,2013-08-13,2
1233,2013-08-16,2013-08-20,3
1233,2013-08-26,2013-08-27,2
1233,2013-08-29,2013-09-02,3
1233,2013-09-11,2013-09-11,1
1233,2013-09-14,2013-09-14,1
1233,2013-09-18,2013-09-18,1
1233,2013-09-24,2013-09-24,1
1233,2013-09-30,2013-09-30,1
1233,2013-10-14,2013-10-14,1
1233,2013-10-18,2013-10-21,2
1233,2013-10-24,2013-10-28,3
1233,2013-11-01,2013-11-01,1
1233,2013-12-06,2013-12-06,1
1233,2013-12-18,2013-12-18,1
1233,2013-12-26,2013-12-26,1
1233,2013-12-31,2013-12-31,1
1233,2014-01-22,2014-01-22,1
1233,2014-02-11,2014-02-11,1
1233,2014-02-13,2014-02-18,4
1233,2014-02-26,2014-02-26,1
1233,2014-03-14,2014-03-17,2
1233,2014-03-24,2014-03-27,4
1233,2014-04-01,2014-04-01,1
1233,2014-04-08,2014-04-15,6
1233,2014-04-22,2014-04-24,3
1233,2014-05-02,2014-05-02,1
1233,2014-05-07,2014-05-07,1
1233,2014-05-09,2014-05-12,2
1233,2014-05-15,2014-05-16,2
1233,2014-05-22,2014-05-23,2
1233,2014-06-04,2014-06-04,1
1233,2014-06-09,2014-06-09,1
1233,2014-06-17,2014-06-17,1
1233,2014-07-07,2014-07-07,1
1233,2014-09-02,2014-09-02,1
1233,2014-09-18,2014-09-18,1
1233,2014-10-30,2014-10-30,1
1233,2014-11-26,2014-11-26,1
1233,2014-11-28,2014-12-01,2
1233,2014-12-04,2014-12-04,1
1233,2014-12-11,2014-12-15,3
1233,2014-12-18,2014-12-18,1
1233,2014-12-26,2014-12-27,2
1233,2015-01-07,2015-01-07,1
1233,2015-01-09,2015-01-09,1
1233,2015-01-27,2015-01-28,2
1233,2015-01-30,2015-01-30,1
1233,2015-02-04,2015-02-04,1
1233,2015-02-11,2015-02-11,1
1233,2015-02-13,2015-02-13,1
1233,2015-02-25,2015-02-25,1
1233,2015-03-02,2015-03-03,2
1233,2015-03-05,2015-03-10,4
1233,2015-03-16,2015-03-17,2
1233,2015-03-20,2015-03-24,3
1233,2015-04-10,2015-04-10,1
1233,2015-06-02,2015-06-02,1
1233,2015-06-25,2015-06-25,1
1233,2015-07-22,2015-07-22,1
1233,2015-07-29,2015-07-30,2
1233,2015-08-06,2015-08-06,1
1233,2015-08-10,2015-08-10,1
1233,2015-08-12,2015-08-12,1
1233,2015-09-08,2015-09-08,1
1233,2015-09-16,2015-09-16,1
1233,2015-09-18,2015-09-18,1
1233,2015-09-22,2015-09-22,1
1233,2015-09-24,2015-09-24,1
1233,2015-10-02,2015-10-05,2
1233,2015-10-07,2015-10-08,2
1233,2015-10-13,2015-10-13,1
1233,2015-10-16,2015-10-16,1
1233,2015-10-21,2015-10-21,1
1233,2015-10-23,2015-10-27,3
1233,2015-11-03,2015-11-03,1
1233,2015-11-05,2015-11-06,2
1233,2015-11-12,2015-11-17,4
1233,2015-11-20,2015-11-20,1
1233,2015-11-24,2015-11-30,5
1233,2015-12-03,2015-12-04,2
1233,2015-12-14,2015-12-14,1
1233,2015-12-17,2015-12-25,7
1233,2016-01-04,2016-01-04,1
1233,2016-01-07,2016-01-08,2
1233,2016-01-12,2016-01-12,1
1233,2016-01-14,2016-01-15,2
1233,2016-01-21,2016-01-21,1
1233,2016-01-25,2016-01-28,4
1233,2016-01-30,2016-01-30,1
1233,2016-02-03,2016-02-15,2
1233,2016-02-17,2016-02-18,2
1233,2016-02-25,2016-03-04,6
1233,2016-03-08,2016-03-08,1
1233,2016-03-15,2016-03-15,1
1233,2016-03-18,2016-03-18,1
1233,2016-03-24,2016-03-24,1
1233,2016-06-04,2016-06-04,1
1233,2016-06-22,2016-06-22,1
1233,2016-07-26,2016-07-26,1
1233,2016-08-01,2016-08-01,1
1233,2016-08-23,2016-08-24,2
1233,2016-09-02,2016-09-05,2
1233,2016-09-07,2016-09-07,1
1233,2016-09-10,2016-09-10,1
1233,2016-09-19,2016-09-20,2
1233,2016-09-22,2016-09-29,4
1233,2016-10-04,2016-10-04,1
1233,2016-10-06,2016-10-07,2
1233,2016-10-12,2016-10-19,6
1233,2016-10-28,2016-11-01,3
1233,2016-11-03,2016-11-04,2
1233,2016-11-08,2016-11-08,1
1233,2016-11-10,2016-11-10,1
1233,2016-11-14,2016-11-14,1
1233,2016-11-18,2016-12-09,16
1233,2016-12-13,2016-12-15,3
1233,2016-12-19,2016-12-19,1
1233,2016-12-22,2017-01-03,8
1233,2017-01-05,2017-01-06,2
1233,2017-01-11,2017-01-12,2
1233,2017-01-16,2017-01-16,1
1233,2017-01-19,2017-02-02,5
1233,2017-02-07,2017-02-14,6
1233,2017-02-18,2017-02-18,1
1233,2017-03-14,2017-03-15,2
1233,2017-03-20,2017-03-21,2
1233,2017-03-30,2017-03-30,1
1233,2017-04-06,2017-04-07,2
1233,2017-04-11,2017-04-12,2
1233,2017-04-17,2017-04-17,1
1233,2017-04-21,2017-04-21,1
1233,2017-04-25,2017-04-28,4
1233,2017-05-03,2017-05-04,2
1233,2017-05-10,2017-05-10,1
1233,2017-05-15,2017-05-16,2
1233,2017-05-22,2017-05-22,1
1233,2017-06-03,2017-06-03,1
1233,2017-06-16,2017-06-16,1
1233,2017-06-30,2017-06-30,1
1233,2017-07-07,2017-07-07,1
1233,2017-07-13,2017-07-13,1
1233,2017-07-17,2017-07-17,1
1233,2017-07-20,2017-07-21,2
1233,2017-07-28,2017-07-28,1
1233,2017-08-01,2017-08-01,1
1233,2017-08-03,2017-08-03,1
1233,2017-08-22,2017-08-22,1
1233,2017-09-11,2017-09-11,1
1233,2017-09-13,2017-09-15,3
1233,2017-09-19,2017-09-19,1
1233,2017-09-21,2017-09-21,1
1233,2017-09-28,2017-09-28,1
1233,2017-10-05,2017-10-05,1
1233,2017-10-16,2017-10-17,2
1233,2017-10-19,2017-10-24,4
1233,2017-10-26,2017-10-26,1
1233,2017-10-31,2017-11-02,3
1233,2017-11-16,2017-11-16,1
1233,2017-11-20,2017-11-21,2
1233,2017-11-23,2017-12-13,15
1233,2017-12-15,2017-12-15,1
1233,2017-12-19,2017-12-28,8
1233,2018-01-02,2018-01-05,4
1233,2018-01-10,2018-01-15,4
1233,2018-01-26,2018-02-05,7
1233,2018-02-08,2018-02-09,2
1233,2018-03-16,2018-03-19,2
1233,2018-03-28,2018-03-28,1
1233,2018-03-30,2018-04-09,5
1233,2018-04-13,2018-04-13,1
1233,2018-04-18,2018-04-18,1
1233,2018-04-20,2018-04-20,1
1233,2018-04-24,2018-04-24,1
1233,2018-04-26,2018-05-22,18
1233,2018-05-24,2018-05-28,3
1233,2018-05-30,2018-06-06,6
1233,2018-06-11,2018-06-19,6
1233,2018-06-21,2018-06-21,1
1233,2018-06-26,2018-06-27,2
1233,2018-07-11,2018-07-11,1
1233,2018-07-17,2018-07-17,1
1233,2018-07-19,2018-07-19,1
1233,2018-07-24,2018-07-25,2
1233,2018-08-14,2018-08-14,1
1233,2018-08-23,2018-09-04,9
1233,2018-09-11,2018-09-12,2
1233,2018-09-17,2018-09-18,2
1233,2018-09-20,2018-09-26,4
1233,2018-10-01,2018-10-01,1
1233,2018-10-08,2018-10-08,1
1233,2018-10-15,2018-10-16,2
1233,2018-10-18,2018-10-29,8
1233,2018-11-01,2018-11-01,1
1233,2018-11-06,2018-11-09,4
1233,2018-11-13,2018-11-22,8
1233,2018-11-27,2018-11-27,1
1233,2018-12-05,2018-12-05,1
1233,2018-12-07,2018-12-11,3
1233,2018-12-13,2018-12-14,2
1233,2018-12-19,2018-12-20,2
1233,2018-12-22,2018-12-27,5
1233,2019-01-02,2019-01-03,2
1233,2019-01-07,2019-01-07,1
1233,2019-01-09,2019-01-09,1
1233,2019-01-18,2019-01-18,1
1233,2019-01-23,2019-01-23,1
1233,2019-01-25,2019-01-25,1
1233,2019-02-22,2019-02-25,2
1233,2019-02-27,2019-02-27,1
1233,2019-03-05,2019-03-06,2
1233,2019-03-14,2019-03-19,4
1233,2019-03-28,2019-03-29,2
1233,2019-04-02,2019-04-02,1
1233,2019-04-09,2019-04-09,1
1233,2019-04-12,2019-04-12,1
1233,2019-04-22,2019-04-23,2
1233,2019-05-03,2019-05-03,1
1233,2019-05-09,2019-05-13,3
1233,2019-05-15,2019-05-16,2
1233,2019-05-20,2019-05-20,1
1233,2019-05-22,2019-05-27,4
1233,2019-05-30,2019-05-30,1
1233,2019-06-03,2019-06-04,2
1233,2019-06-10,2019-06-11,2
1233,2019-06-13,2019-06-13,1
1233,2019-06-17,2019-06-18,2
1233,2019-06-26,2019-06-27,2
1233,2019-07-01,2019-07-01,1
1233,2019-07-05,2019-07-05,1
1233,2019-07-11,2019-07-12,2
1233,2019-07-16,2019-07-16,1
1233,2019-07-18,2019-07-18,1
1233,2019-07-26,2019-07-26,1
1233,2019-07-30,2019-07-31,2
1233,2019-08-02,2019-08-02,1
1233,2019-08-07,2019-08-16,7
1233,2019-08-20,2019-08-20,1
1233,2019-08-22,2019-08-28,5
1233,2019-09-02,2019-09-16,10
1233,2019-09-19,2019-09-25,5
1233,2019-10-01,2019-10-03,3
1233,2019-10-07,2019-10-07,1
1233,2019-10-09,2019-10-14,2
1233,2019-10-17,2019-10-29,9
1233,2019-10-31,2019-11-06,5
1233,2019-11-08,2019-11-15,6
1233,2019-11-19,2019-11-19,1
1233,2019-11-25,2019-11-27,3
1233,2019-12-02,2019-12-10,7
1233,2019-12-13,2019-12-13,1
1233,2019-12-20,2019-12-20,1
1233,2020-01-20,2020-01-20,1
1233,2020-02-11,2020-02-11,1
1233,2020-02-17,2020-02-17,1
1233,2020-02-19,2020-02-19,1
1233,2020-02-27,2020-02-27,1
1233,2020-03-05,2020-03-05,1
1233,2020-03-24,2020-03-24,1
1233,2020-04-09,2020-04-09,1
1233,2020-04-22,2020-04-22,1
1233,2020-04-24,2020-04-24,1
1233,2020-05-08,2020-05-08,1
1233,2020-05-12,2020-05-12,1
1233,2020-05-15,2020-05-18,2
1233,2020-06-05,2020-06-09,3
1233,2020-06-11,2020-06-11,1
1233,2020-06-19,2020-06-19,1
1233,2020-06-29,2020-06-30,2
1233,2020-07-17,2020-07-17,1
1233,2020-07-31,2020-07-31,1
1233,2020-08-10,2020-08-10,1
1233,2020-08-14,2020-08-14,1
1233,2020-08-20,2020-08-21,2
1233,2020-08-25,2020-08-25,1
1233,2020-08-27,2020-08-27,1
1233,2020-09-01,2020-09-01,1
1233,2020-09-03,2020-09-03,1
1233,2020-09-07,2020-09-08,2
1233,2020-09-10,2020-09-11,2
1233,2020-09-22,2020-09-22,1
1233,2020-09-28,2020-09-28,1
1233,2020-09-30,2020-09-30,1
1233,2020-10-12,2020-10-12,1
1233,2020-10-26,2020-10-26,1
1233,2020-10-28,2020-10-28,1
1233,2020-11-05,2020-11-05,1
1233,2020-11-12,2020-11-13,2
1233,2020-11-20,2020-11-20,1
1233,2020-11-24,2020-11-24,1
1233,2020-11-27,2020-11-30,2
1233,2020-12-03,2020-12-03,1
1233,2020-12-08,2020-12-08,1
1233,2020-12-14,2020-12-14,1
1233,2020-12-18,2020-12-18,1
1233,2020-12-22,2020-12-22,1
1233,2021-01-11,2021-01-11,1
1233,2021-01-19,2021-01-19,1
1233,2021-01-27,2021-01-27,1
1233,2021-02-03,2021-02-03,1
1233,2021-03-05,2021-03-05,1
1233,2021-03-12,2021-03-12,1
1233,2021-03-25,2021-03-25,1
1233,2021-03-31,2021-03-31,1
1233,2021-04-07,2021-04-07,1
1233,2021-06-03,2021-06-03,1
1233,2021-06-08,2021-06-08,1
1233,2021-06-10,2021-06-10,1
1233,2021-06-18,2021-06-18,1
1233,2021-06-25,2021-06-25,1
1233,2021-06-30,2021-06-30,1
1233,2021-07-13,2021-07-20,6
1233,2021-07-28,2021-07-30,3
1233,2021-08-03,2021-08-04,2
1233,2021-08-11,2021-08-13,3
1233,2021-08-27,2021-08-27,1
1233,2021-09-08,2021-09-09,2
1233,2021-09-23,2021-09-23,1
1233,2021-10-12,2021-10-12,1
1233,2021-10-15,2021-10-15,1
1233,2021-10-22,2021-10-22,1
1233,2021-10-28,2021-10-28,1
1233,2021-11-02,2021-11-04,3
1233,2021-11-08,2021-11-08,1
1233,2021-11-23,2021-11-23,1
1233,2021-11-25,2021-11-26,2
1233,2021-12-10,2021-12-13,2
1233,2021-12-15,2021-12-15,1
1233,2021-12-17,2021-12-20,2
1233,2021-12-22,2021-12-23,2
1233,2021-12-28,2021-12-28,1
1233,2022-01-04,2022-01-04,1
1233,2022-01-06,2022-01-07,2
1233,2022-01-13,2022-01-13,1
1233,2022-01-19,2022-01-19,1
1233,2022-02-08,2022-02-08,1
1233,2022-02-10,2022-02-10,1
1233,2022-02-15,2022-02-15,1
1233,2022-02-21,2022-02-22,2
1233,2022-02-25,2022-02-25,1
1233,2022-03-15,2022-03-15,1
1233,2022-03-18,2022-03-18,1
1233,2022-03-22,2022-03-23,2
1233,2022-03-31,2022-03-31,1
1233,2022-04-06,2022-04-06,1
1233,2022-04-26,2022-04-26,1
1233,2022-05-04,2022-05-05,2
1233,2022-05-10,2022-05-10,1
1233,2022-05-12,2022-05-12,1
1233,2022-05-24,2022-05-24,1
1233,2022-05-27,2022-05-30,2
1233,2022-06-01,2022-06-02,2
1233,2022-06-07,2022-06-08,2
1233,2022-06-10,2022-06-10,1
1233,2022-07-08,2022-07-08,1
1233,2022-07-13,2022-07-13,1
1233,2022-07-21,2022-07-21,1
1233,2022-07-25,2022-07-25,1
1233,2022-07-29,2022-07-29,1
1233,2022-08-04,2022-08-05,2
1233,2022-08-09,2022-08-09,1
1233,2022-08-16,2022-08-16,1
1233,2022-08-18,2022-08-18,1
1233,2022-09-05,2022-09-06,2
1233,2022-09-12,2022-09-12,1
1233,2022-09-14,2022-09-14,1
1233,2022-09-27,2022-09-27,1
1233,2022-10-12,2022-10-12,1
1233,2022-10-18,2022-10-18,1
1233,2022-10-21,2022-10-24,2
1233,2022-10-27,2022-10-27,1
1233,2022-10-31,2022-10-31,1
1233,2022-11-02,2022-11-07,4
1233,2022-11-10,2022-11-11,2
1233,2022-11-16,2022-11-16,1
1233,2022-11-21,2022-11-23,3
1233,2022-11-25,2022-11-28,2
1233,2022-12-12,2022-12-12,1
1233,2022-12-14,2022-12-14,1
1233,2022-12-27,2022-12-27,1
1233,2022-12-29,2023-01-04,4
1233,2023-01-06,2023-01-06,1
1233,2023-01-10,2023-01-10,1
1233,2023-01-12,2023-01-12,1
1233,2023-01-16,2023-01-31,4
1233,2023-02-03,2023-02-06,2
1233,2023-02-16,2023-02-17,2
1233,2023-03-03,2023-03-03,1
1233,2023-03-07,2023-03-07,1
1233,2023-03-09,2023-03-09,1
1233,2023-03-15,2023-03-16,2
1233,2023-03-21,2023-03-21,1
1233,2023-03-24,2023-03-24,1
1233,2023-03-30,2023-03-30,1
1233,2023-04-06,2023-04-06,1
1233,2023-04-11,2023-04-11,1
1233,2023-04-14,2023-04-14,1
1233,2023-04-25,2023-04-25,1
1233,2023-04-27,2023-04-27,1
1233,2023-05-03,2023-05-03,1
1233,2023-05-11,2023-05-12,2
1233,2023-06-14,2023-06-14,1
1233,2023-07-27,2023-07-27,1
1233,2023-08-09,2023-08-09,1
1233,2023-08-21,2023-08-23,3
1233,2023-09-06,2023-09-06,1
1233,2023-09-08,2023-09-08,1
1233,2023-09-14,2023-09-15,2
1233,2023-09-27,2023-09-27,1
1233,2023-10-05,2023-10-05,1
1233,2023-10-13,2023-10-13,1
1233,2023-10-24,2023-10-24,1
1233,2023-10-26,2023-10-26,1
1233,2023-11-01,2023-11-01,1
1233,2023-11-06,2023-11-08,3
1233,2023-11-10,2023-11-13,2
1233,2023-12-01,2023-12-01,1
1233,2023-12-06,2023-12-06,1
1233,2023-12-18,2023-12-18,1
1233,2023-12-22,2023-12-25,2
1233,2024-01-05,2024-01-05,1
1233,2024-01-09,2024-01-09,1
1233,2024-01-22,2024-01-22,1
1233,2024-01-24,2024-01-25,2
1233,2024-02-15,2024-02-15,1
1233,2024-02-21,2024-02-21,1
1233,2024-03-07,2024-03-07,1
1233,2024-03-15,2024-03-15,1
1233,2024-03-22,2024-03-22,1
1233,2024-04-02,2024-04-02,1
1233,2024-04-08,2024-04-09,2
1233,2024-04-11,2024-04-11,1
1233,2024-04-15,2024-04-15,1
1233,2024-06-11,2024-06-12,2
1233,2024-06-14,2024-06-17,2
1233,2024-07-18,2024-07-18,1
1233,2024-07-31,2024-07-31,1
1233,2024-08-20,2024-08-20,1
1233,2024-09-03,2024-09-03,1
1233,2024-10-04,2024-10-04,1
1233,2024-10-09,2024-10-09,1
1233,2024-10-15,2024-10-15,1
1233,2024-10-22,2024-10-22,1
1233,2024-11-05,2024-11-05,1
1233,2024-11-21,2024-11-21,1
1233,2024-12-23,2024-12-24,2
1233,2024-12-26,2024-12-26,1
1233,2025-01-08,2025-01-08,1
1233,2025-01-20,2025-01-21,2
1233,2025-02-04,2025-02-04,1
1233,2025-02-07,2025-02-07,1
1233,2025-02-11,2025-02-12,2
1233,2025-02-14,2025-02-14,1
1233,2025-02-19,2025-02-24,4
1233,2025-03-07,2025-03-10,2
1233,2025-04-28,2025-04-28,1
1233,2025-07-02,2025-07-02,1
1233,2025-07-18,2025-07-18,1
1233,2025-07-30,2025-07-30,1
1233,2025-08-13,2025-08-15,3
1233,2025-08-26,2025-08-26,1
1233,2025-09-01,2025-09-03,3
1233,2025-09-08,2025-09-08,1
1233,2025-09-12,2025-09-15,2
1233,2025-09-22,2025-09-22,1
1233,2025-10-01,2025-10-01,1
1233,2025-10-09,2025-10-09,1
1233,2025-10-21,2025-10-22,2
1233,2025-11-05,2025-11-10,4
1233,2025-11-12,2025-11-14,3
1233,2025-11-20,2025-11-20,1
1233,2026-03-17,2026-03-17,1
1233,2026-05-22,2026-05-22,1
1234,2013-09-14,2013-09-14,1
1234,2014-05-19,2014-05-19,1
1234,2014-12-27,2014-12-27,1
1234,2016-01-30,2016-01-30,1
1234,2017-02-18,2017-02-18,1
1234,2017-06-03,2017-06-03,1
1234,2017-09-30,2017-10-02,2
1234,2017-10-27,2017-10-30,2
1234,2017-11-01,2017-11-02,2
1234,2017-11-06,2017-11-10,5
1234,2018-02-08,2018-02-08,1
1234,2018-03-08,2018-03-08,1
1234,2018-03-16,2018-03-16,1
1234,2018-03-31,2018-03-31,1
1234,2018-04-18,2018-04-18,1
1234,2018-05-03,2018-05-03,1
1234,2018-07-13,2018-07-13,1
1234,2018-07-17,2018-07-17,1
1234,2018-07-19,2018-07-19,1
1234,2018-07-25,2018-07-25,1
1234,2018-07-27,2018-07-27,1
1234,2018-08-09,2018-08-13,3
1234,2018-08-27,2018-08-27,1
1234,2018-08-31,2018-08-31,1
1234,2018-10-23,2018-10-23,1
1234,2018-10-29,2018-10-29,1
1234,2018-11-05,2018-11-07,3
1234,2018-11-20,2018-11-20,1
1234,2018-11-22,2018-11-22,1
1234,2018-12-07,2018-12-07,1
1234,2018-12-11,2018-12-12,2
1234,2018-12-14,2018-12-14,1
1234,2018-12-24,2018-12-24,1
1234,2018-12-27,2019-01-03,4
1234,2019-01-07,2019-01-07,1
1234,2019-01-21,2019-01-21,1
1234,2019-01-23,2019-01-23,1
1234,2019-01-25,2019-01-30,4
1234,2019-02-15,2019-02-18,2
1234,2019-02-26,2019-02-26,1
1234,2019-03-06,2019-03-06,1
1234,2019-03-19,2019-03-19,1
1234,2019-03-26,2019-03-26,1
1234,2019-03-29,2019-03-29,1
1234,2019-04-08,2019-04-08,1
1234,2019-04-12,2019-04-12,1
1234,2019-04-16,2019-04-16,1
1234,2019-04-22,2019-04-25,4
1234,2019-05-08,2019-05-08,1
1234,2019-05-17,2019-05-17,1
1234,2019-05-23,2019-05-24,2
1234,2019-06-05,2019-06-05,1
1234,2019-06-10,2019-06-11,2
1234,2019-06-13,2019-06-13,1
1234,2019-06-18,2019-06-18,1
1234,2019-07-09,2019-07-09,1
1234,2019-07-19,2019-07-22,2
1234,2019-08-23,2019-08-23,1
1234,2019-08-27,2019-08-27,1
1234,2019-09-03,2019-09-03,1
1234,2019-09-06,2019-09-09,2
1234,2019-09-19,2019-09-19,1
1234,2019-09-25,2019-09-25,1
1234,2019-10-03,2019-10-03,1
1234,2019-10-07,2019-10-07,1
1234,2019-10-31,2019-10-31,1
1234,2019-11-05,2019-11-05,1
1234,2019-11-27,2019-11-27,1
1234,2019-12-02,2019-12-03,2
1234,2019-12-31,2019-12-31,1
1234,2020-01-17,2020-01-17,1
1235,2012-05-02,2012-05-04,3
1235,2012-05-09,2012-05-14,4
1235,2012-05-16,2012-05-16,1
1235,2012-05-18,2012-05-21,2
1235,2012-05-24,2012-05-30,5
1235,2012-06-05,2012-06-19,11
1235,2012-06-21,2012-07-02,8
1235,2012-07-05,2012-07-06,2
1235,2012-07-10,2012-07-12,3
1235,2012-07-16,2012-07-17,2
1235,2012-07-19,2012-07-23,3
1235,2012-07-25,2012-07-27,3
1235,2012-07-31,2012-08-08,6
1235,2012-08-13,2012-08-13,1
1235,2012-08-17,2012-08-20,2
1235,2012-08-24,2012-08-24,1
1235,2012-08-30,2012-09-04,4
1235,2012-09-07,2012-09-10,2
1235,2012-09-17,2012-09-19,3
1235,2012-10-08,2012-10-08,1
1235,2012-10-11,2012-10-11,1
1235,2012-10-15,2012-10-16,2
1235,2012-10-18,2012-10-18,1
1235,2012-10-24,2012-10-25,2
1235,2012-10-29,2012-11-01,4
1235,2012-11-05,2012-11-05,1
1235,2012-11-08,2012-11-12,3
1235,2012-11-14,2012-11-15,2
1235,2012-11-19,2012-11-19,1
1235,2012-11-28,2012-11-28,1
1235,2012-12-04,2012-12-04,1
1235,2012-12-07,2012-12-10,2
1235,2012-12-12,2012-12-12,1
1235,2012-12-19,2012-12-19,1
1235,2012-12-27,2013-01-02,3
1235,2013-01-07,2013-01-07,1
1235,2013-01-11,2013-01-11,1
1235,2013-01-17,2013-01-18,2
1235,2013-01-22,2013-01-22,1
1235,2013-01-31,2013-01-31,1
1235,2013-02-04,2013-02-04,1
1235,2013-02-06,2013-02-06,1
1235,2013-02-23,2013-02-23,1
1235,2013-02-26,2013-02-27,2
1235,2013-03-06,2013-03-06,1
1235,2013-03-11,2013-03-12,2
1235,2013-03-15,2013-03-15,1
1235,2013-03-19,2013-03-19,1
1235,2013-03-21,2013-03-25,3
1235,2013-04-01,2013-04-01,1
1235,2013-04-08,2013-04-09,2
1235,2013-04-12,2013-04-12,1
1235,2013-04-17,2013-05-03,12
1235,2013-05-07,2013-05-07,1
1235,2013-05-14,2013-05-14,1
1235,2013-05-20,2013-05-20,1
1235,2013-05-27,2013-05-28,2
1235,2013-05-30,2013-05-30,1
1235,2013-06-03,2013-06-04,2
1235,2013-06-06,2013-06-10,3
1235,2013-06-17,2013-06-20,4
1235,2013-06-27,2013-07-01,3
1235,2013-07-03,2013-07-05,3
1235,2013-07-09,2013-07-15,5
1235,2013-07-17,2013-07-17,1
1235,2013-07-22,2013-07-22,1
1235,2013-07-26,2013-07-31,4
1235,2013-08-02,2013-08-09,6
1235,2013-08-14,2013-08-14,1
1235,2013-08-16,2013-08-20,3
1235,2013-08-26,2013-08-26,1
1235,2013-08-28,2013-09-03,5
1235,2013-09-05,2013-09-09,3
1235,2013-09-11,2013-10-02,15
1235,2013-10-07,2013-10-07,1
1235,2013-10-21,2013-10-21,1
1235,2013-10-23,2013-10-23,1
1235,2013-10-25,2013-10-29,3
1235,2013-11-01,2013-11-01,1
1235,2013-11-06,2013-11-11,4
1235,2013-11-13,2013-11-21,7
1235,2013-11-25,2013-11-27,3
1235,2013-11-29,2013-11-29,1
1235,2013-12-03,2013-12-06,4
1235,2013-12-11,2013-12-20,8
1235,2013-12-26,2013-12-27,2
1235,2013-12-31,2014-01-02,2
1235,2014-01-06,2014-01-06,1
1235,2014-01-08,2014-01-08,1
1235,2014-01-16,2014-01-22,5
1235,2014-01-27,2014-01-27,1
1235,2014-02-11,2014-02-11,1
1235,2014-02-13,2014-02-18,4
1235,2014-02-20,2014-02-20,1
1235,2014-02-24,2014-02-25,2
1235,2014-03-03,2014-03-03,1
1235,2014-03-05,2014-03-05,1
1235,2014-03-10,2014-03-10,1
1235,2014-04-15,2014-04-15,1
1235,2014-04-18,2014-04-18,1
1235,2014-08-18,2014-08-21,4
1235,2014-10-07,2014-10-07,1
1235,2014-10-13,2014-10-14,2
1235,2014-12-25,2014-12-26,2
1235,2015-01-29,2015-01-30,2
1235,2015-02-04,2015-02-05,2
1235,2015-02-11,2015-02-12,2
1235,2015-03-04,2015-03-04,1
1235,2015-04-14,2015-04-14,1
1235,2015-05-26,2015-05-26,1
1235,2015-06-30,2015-06-30,1
1235,2015-07-20,2015-07-21,2
1235,2015-08-06,2015-08-06,1
1235,2015-08-10,2015-08-10,1
1235,2015-08-17,2015-08-17,1
1235,2015-08-26,2015-08-26,1
1235,2015-09-07,2015-09-07,1
1235,2015-09-09,2015-09-10,2
1235,2015-09-15,2015-09-15,1
1235,2015-09-22,2015-09-22,1
1235,2015-09-25,2015-09-25,1
1235,2015-10-02,2015-10-02,1
1235,2015-10-14,2015-10-21,6
1235,2015-10-23,2015-10-28,4
1235,2015-10-30,2015-11-03,3
1235,2015-11-05,2015-11-09,3
1235,2015-11-11,2015-11-16,4
1235,2015-11-18,2015-11-18,1
1235,2015-11-25,2015-11-27,3
1235,2015-12-01,2015-12-08,6
1235,2015-12-14,2015-12-15,2
1235,2015-12-22,2015-12-23,2
1235,2015-12-25,2015-12-28,2
1235,2015-12-31,2016-02-03,25
1235,2016-02-18,2016-02-18,1
1235,2016-02-23,2016-02-25,3
1235,2016-04-06,2016-04-06,1
1235,2016-04-08,2016-04-13,4
1235,2016-04-18,2016-04-18,1
1235,2016-04-20,2016-04-21,2
1235,2016-04-25,2016-04-25,1
1235,2016-04-27,2016-04-29,3
1235,2016-05-05,2016-05-09,3
1235,2016-05-12,2016-05-17,4
1235,2016-05-19,2016-05-20,2
1235,2016-05-25,2016-05-25,1
1235,2016-05-27,2016-06-02,5
1235,2016-06-04,2016-06-07,3
1235,2016-06-13,2016-06-13,1
1235,2016-06-16,2016-06-17,2
1235,2016-06-21,2016-06-23,3
1235,2016-06-30,2016-07-01,2
1235,2016-07-05,2016-07-06,2
1235,2016-07-11,2016-07-11,1
1235,2016-07-15,2016-07-20,4
1235,2016-07-27,2016-07-27,1
1235,2016-08-05,2016-08-05,1
1235,2016-08-10,2016-08-10,1
1235,2016-08-16,2016-08-16,1
1235,2016-08-18,2016-08-18,1
1235,2016-08-23,2016-08-23,1
1235,2016-08-25,2016-08-25,1
1235,2016-08-29,2016-08-31,3
1235,2016-09-06,2016-09-06,1
1235,2016-09-10,2016-09-10,1
1235,2016-11-01,2016-11-01,1
1235,2016-11-24,2016-11-24,1
1235,2016-11-28,2016-11-29,2
1235,2016-12-07,2016-12-07,1
1235,2016-12-09,2016-12-09,1
1235,2016-12-14,2016-12-14,1
1235,2016-12-16,2016-12-19,2
1235,2016-12-22,2016-12-23,2
1235,2016-12-27,2016-12-27,1
1235,2016-12-29,2017-01-03,3
1235,2017-01-10,2017-01-10,1
1235,2017-01-12,2017-01-13,2
1235,2017-01-17,2017-01-17,1
1235,2017-02-18,2017-02-18,1
1235,2017-02-24,2017-03-01,2
1235,2017-03-03,2017-03-09,5
1235,2017-03-13,2017-03-15,3
1235,2017-03-17,2017-03-17,1
1235,2017-03-21,2017-03-21,1
1235,2017-04-05,2017-04-06,2
1235,2017-04-12,2017-04-19,6
1235,2017-04-21,2017-04-26,4
1235,2017-04-28,2017-05-02,2
1235,2017-05-04,2017-05-04,1
1235,2017-05-08,2017-05-24,13
1235,2017-05-26,2017-06-13,12
1235,2017-06-15,2017-06-20,4
1235,2017-06-22,2017-06-23,2
1235,2017-06-27,2017-06-27,1
1235,2017-06-30,2017-07-05,4
1235,2017-07-10,2017-07-10,1
1235,2017-07-14,2017-08-01,13
1235,2017-08-03,2017-08-03,1
1235,2017-08-11,2017-08-15,3
1235,2017-08-25,2017-08-25,1
1235,2017-08-29,2017-09-11,10
1235,2017-09-13,2017-09-13,1
1235,2017-09-18,2017-09-18,1
1235,2017-09-20,2017-09-22,3
1235,2017-09-26,2017-09-27,2
1235,2017-10-05,2017-10-05,1
1235,2017-10-11,2017-10-13,3
1235,2017-10-18,2017-10-25,6
1235,2017-11-01,2017-11-02,2
1235,2017-11-07,2017-11-07,1
1235,2017-11-21,2017-11-21,1
1235,2017-11-24,2017-11-24,1
1235,2017-12-01,2017-12-04,2
1235,2017-12-12,2017-12-12,1
1235,2017-12-28,2017-12-28,1
1235,2018-01-18,2018-01-19,2
1235,2018-01-26,2018-01-26,1
1235,2018-02-01,2018-02-02,2
1235,2018-02-08,2018-02-09,2
1235,2018-02-22,2018-03-01,5
1235,2018-03-06,2018-03-12,5
1235,2018-03-14,2018-03-22,7
1235,2018-03-27,2018-03-31,5
1235,2018-04-03,2018-04-10,3
1235,2018-04-13,2018-04-13,1
1235,2018-04-18,2018-04-24,5
1235,2018-04-26,2018-06-05,28
1235,2018-06-08,2018-06-19,7
1235,2018-06-21,2018-06-21,1
1235,2018-06-25,2018-06-25,1
1235,2018-06-27,2018-06-27,1
1235,2018-06-29,2018-07-05,5
1235,2018-07-10,2018-07-17,6
1235,2018-07-19,2018-07-20,2
1235,2018-07-24,2018-07-25,2
1235,2018-07-27,2018-07-31,3
1235,2018-08-02,2018-08-06,3
1235,2018-08-08,2018-08-09,2
1235,2018-08-13,2018-08-16,4
1235,2018-08-22,2018-09-04,10
1235,2018-09-11,2018-09-12,2
1235,2018-09-17,2018-09-17,1
1235,2018-09-21,2018-09-27,4
1235,2018-10-01,2018-10-01,1
1235,2018-10-15,2018-10-22,6
1235,2018-10-31,2018-10-31,1
1235,2018-12-22,2018-12-22,1
1235,2019-01-25,2019-01-29,3
1235,2019-02-13,2019-02-13,1
1235,2019-02-18,2019-02-18,1
1235,2019-02-21,2019-02-25,3
1235,2019-03-04,2019-03-04,1
1235,2019-03-13,2019-03-14,2
1235,2019-03-22,2019-03-22,1
1235,2019-04-16,2019-04-16,1
1235,2019-05-08,2019-05-08,1
1235,2019-05-15,2019-05-17,3
1235,2019-05-23,2019-05-23,1
1235,2019-05-27,2019-05-27,1
1235,2019-05-29,2019-05-31,3
1235,2019-06-25,2019-06-25,1
1235,2019-07-05,2019-07-05,1
1235,2019-07-09,2019-07-09,1
1235,2019-07-11,2019-07-11,1
1235,2019-07-18,2019-07-18,1
1235,2019-07-30,2019-07-31,2
1235,2019-08-02,2019-08-02,1
1235,2019-08-07,2019-08-08,2
1235,2019-08-14,2019-08-15,2
1235,2019-08-23,2019-08-26,2
1235,2019-08-28,2019-08-28,1
1235,2019-09-02,2019-09-03,2
1235,2019-09-05,2019-09-09,3
1235,2019-09-11,2019-09-16,3
1235,2019-09-19,2019-09-19,1
1235,2019-09-23,2019-09-26,4
1235,2019-10-01,2019-10-03,3
1235,2019-10-07,2019-10-07,1
1235,2019-10-09,2019-10-15,3
1235,2019-10-17,2019-10-29,9
1235,2019-10-31,2019-11-01,2
1235,2019-11-05,2019-11-05,1
1235,2019-11-08,2019-11-08,1
1235,2019-11-12,2019-11-13,2
1235,2019-11-15,2019-11-15,1
1235,2019-11-19,2019-11-19,1
1235,2019-12-05,2019-12-05,1
1235,2019-12-12,2019-12-12,1
1235,2019-12-17,2019-12-17,1
1235,2019-12-19,2019-12-19,1
1235,2019-12-25,2019-12-26,2
1235,2019-12-30,2019-12-30,1
1235,2020-01-09,2020-01-09,1
1235,2020-02-14,2020-02-14,1
1235,2020-02-18,2020-02-18,1
1235,2020-02-26,2020-02-26,1
1235,2020-03-02,2020-03-04,3
1235,2020-03-11,2020-03-11,1
1235,2020-03-31,2020-03-31,1
1235,2020-04-06,2020-04-06,1
1235,2020-04-08,2020-04-08,1
1235,2020-05-07,2020-05-07,1
1235,2020-05-11,2020-05-14,4
1235,2020-05-18,2020-05-18,1
1235,2020-05-21,2020-05-21,1
1235,2020-05-27,2020-05-28,2
1235,2020-06-04,2020-06-09,4
1235,2020-06-11,2020-06-12,2
1235,2020-06-17,2020-06-18,2
1235,2020-06-24,2020-06-24,1
1235,2020-07-03,2020-07-03,1
1235,2020-07-20,2020-07-20,1
1235,2020-08-13,2020-08-13,1
1235,2020-08-25,2020-08-27,3
1235,2020-09-07,2020-09-07,1
1235,2020-09-11,2020-09-11,1
1235,2020-09-25,2020-09-25,1
1235,2020-09-30,2020-09-30,1
1235,2020-10-07,2020-10-07,1
1235,2020-10-12,2020-10-13,2
1235,2020-10-20,2020-10-20,1
1235,2020-11-10,2020-11-10,1
1235,2020-11-13,2020-11-13,1
1235,2020-11-20,2020-11-20,1
1235,2020-11-24,2020-11-24,1
1235,2021-03-05,2021-03-05,1
1235,2021-03-10,2021-03-10,1
1235,2021-03-16,2021-03-16,1
1235,2021-03-22,2021-03-22,1
1235,2021-03-25,2021-03-25,1
1235,2021-04-20,2021-04-20,1
1235,2021-05-07,2021-05-07,1
1235,2021-05-21,2021-05-21,1
1235,2021-06-02,2021-06-02,1
1235,2021-06-07,2021-06-07,1
1235,2021-06-10,2021-06-11,2
1235,2021-06-17,2021-06-17,1
1235,2021-06-22,2021-06-22,1
1235,2021-06-28,2021-06-28,1
1235,2021-07-09,2021-07-12,2
1235,2021-07-15,2021-07-15,1
1235,2021-07-26,2021-07-26,1
1235,2021-07-30,2021-07-30,1
1235,2021-08-04,2021-08-06,3
1235,2021-08-11,2021-08-17,5
1235,2021-08-20,2021-08-20,1
1235,2021-08-24,2021-08-25,2
1235,2021-08-30,2021-08-30,1
1235,2021-09-01,2021-09-01,1
1235,2021-09-06,2021-09-08,3
1235,2021-09-28,2021-09-29,2
1235,2021-10-14,2021-10-14,1
1235,2021-11-08,2021-11-09,2
1235,2021-12-03,2021-12-03,1
1235,2021-12-20,2021-12-20,1
1235,2021-12-23,2021-12-23,1
1235,2021-12-30,2022-01-04,3
1235,2022-01-13,2022-01-13,1
1235,2022-01-24,2022-01-24,1
1235,2022-02-15,2022-02-15,1
1235,2022-02-17,2022-02-17,1
1235,2022-02-22,2022-02-22,1
1235,2022-02-24,2022-02-24,1
1235,2022-03-03,2022-03-03,1
1235,2022-03-10,2022-03-10,1
1235,2022-03-15,2022-03-15,1
1235,2022-03-21,2022-03-22,2
1235,2022-03-31,2022-03-31,1
1235,2022-06-09,2022-06-09,1
1235,2022-07-19,2022-07-19,1
1235,2022-07-27,2022-07-27,1
1235,2022-08-03,2022-08-04,2
1235,2022-08-11,2022-08-11,1
1235,2022-08-18,2022-08-19,2
1235,2022-09-06,2022-09-06,1
1235,2022-09-12,2022-09-13,2
1235,2022-10-31,2022-10-31,1
1235,2022-11-17,2022-11-17,1
1235,2022-11-21,2022-11-21,1
1235,2022-11-23,2022-11-23,1
1235,2022-12-02,2022-12-02,1
1235,2023-01-09,2023-01-13,4
1235,2023-01-31,2023-01-31,1
1235,2023-02-02,2023-02-06,3
1235,2023-02-08,2023-02-14,5
1235,2023-02-21,2023-02-21,1
1235,2023-02-23,2023-02-23,1
1235,2023-03-02,2023-03-03,2
1235,2023-03-07,2023-03-07,1
1235,2023-03-22,2023-03-22,1
1235,2023-03-24,2023-03-24,1
1235,2023-04-06,2023-04-07,2
1235,2023-04-21,2023-04-21,1
1235,2023-04-25,2023-04-25,1
1235,2023-04-28,2023-05-03,3
1235,2023-05-05,2023-05-09,3
1235,2023-05-12,2023-05-12,1
1235,2023-06-01,2023-06-01,1
1235,2023-06-13,2023-06-13,1
1235,2023-06-19,2023-06-20,2
1235,2023-06-28,2023-06-29,2
1235,2023-07-03,2023-07-04,2
1235,2023-07-12,2023-07-12,1
1235,2023-08-04,2023-08-04,1
1235,2023-08-09,2023-08-14,4
1235,2023-08-21,2023-08-21,1
1235,2023-09-04,2023-09-04,1
1235,2023-09-08,2023-09-08,1
1235,2023-09-13,2023-09-18,4
1235,2023-09-21,2023-10-04,9
1235,2023-10-16,2023-10-16,1
1235,2023-10-19,2023-10-24,4
1235,2023-10-26,2023-10-26,1
1235,2023-11-03,2023-11-03,1
1235,2023-11-08,2023-11-10,3
1235,2023-11-24,2023-11-24,1
1235,2023-11-29,2023-11-29,1
1235,2023-12-01,2023-12-01,1
1235,2023-12-05,2023-12-05,1
1235,2023-12-22,2023-12-22,1
1235,2024-01-12,2024-01-12,1
1235,2024-01-25,2024-01-25,1
1235,2024-03-08,2024-03-08,1
1235,2024-03-14,2024-03-15,2
1235,2024-03-25,2024-03-25,1
1235,2024-04-02,2024-04-03,2
1235,2024-04-09,2024-04-09,1
1235,2024-04-24,2024-04-24,1
1235,2024-04-26,2024-04-26,1
1235,2024-04-30,2024-05-02,2
1235,2024-05-07,2024-05-07,1
1235,2024-05-09,2024-05-09,1
1235,2024-05-24,2024-05-24,1
1235,2024-05-29,2024-05-29,1
1235,2024-06-07,2024-06-07,1
1235,2024-06-13,2024-06-14,2
1235,2024-12-04,2024-12-04,1
1235,2024-12-17,2024-12-17,1
1235,2025-02-17,2025-02-17,1
1235,2025-03-24,2025-03-24,1
1235,2025-04-07,2025-04-07,1
1235,2025-04-17,2025-04-17,1
1235,2025-04-22,2025-04-22,1
1235,2025-04-24,2025-04-24,1
1235,2025-04-29,2025-04-29,1
1235,2025-05-02,2025-05-02,1
1235,2025-05-08,2025-05-08,1
1235,2025-05-13,2025-05-13,1
1235,2025-06-09,2025-06-09,1
1235,2025-06-12,2025-06-12,1
1235,2025-06-25,2025-06-25,1
1235,2025-07-11,2025-07-11,1
1235,2025-07-30,2025-07-30,1
1235,2025-08-12,2025-08-13,2
1235,2025-09-02,2025-09-02,1
1235,2025-09-05,2025-09-08,2
1235,2025-10-02,2025-10-02,1
1235,2025-11-14,2025-11-14,1
1235,2025-12-09,2025-12-09,1
1235,2025-12-22,2025-12-22,1
1235,2026-01-07,2026-01-07,1
1236,2012-05-03,2012-05-03,1
1236,2012-05-14,2012-05-16,3
1236,2012-05-21,2012-05-21,1
1236,2012-05-24,2012-05-28,3
1236,2012-06-05,2012-06-11,5
1236,2012-06-15,2012-06-15,1
1236,2012-06-19,2012-06-21,3
1236,2012-06-25,2012-07-13,15
1236,2012-07-18,2012-07-23,4
1236,2012-07-25,2012-07-27,3
1236,2012-08-01,2012-08-03,2
1236,2012-08-08,2012-08-08,1
1236,2012-08-10,2012-08-10,1
1236,2012-08-16,2012-08-21,4
1236,2012-08-23,2012-08-23,1
1236,2012-08-28,2012-08-28,1
1236,2012-08-31,2012-08-31,1
1236,2012-09-04,2012-09-04,1
1236,2012-09-07,2012-09-10,2
1236,2012-09-12,2012-09-12,1
1236,2012-09-19,2012-09-19,1
1236,2012-09-26,2012-09-26,1
1236,2012-10-08,2012-10-08,1
1236,2012-10-15,2012-10-18,4
1236,2012-10-22,2012-10-22,1
1236,2012-10-24,2012-10-24,1
1236,2012-10-29,2012-10-29,1
1236,2012-10-31,2012-11-05,4
1236,2012-11-07,2012-11-07,1
1236,2012-11-20,2012-11-20,1
1236,2012-11-28,2012-11-28,1
1236,2012-12-06,2012-12-07,2
1236,2012-12-17,2012-12-18,2
1236,2012-12-20,2012-12-24,4
1236,2013-01-02,2013-01-02,1
1236,2013-01-09,2013-01-10,2
1236,2013-01-15,2013-01-15,1
1236,2013-01-18,2013-01-23,4
1236,2013-01-28,2013-01-29,2
1236,2013-02-05,2013-02-06,2
1236,2013-02-22,2013-02-23,2
1236,2013-03-08,2013-03-08,1
1236,2013-03-12,2013-03-13,2
1236,2013-03-22,2013-03-27,4
1236,2013-04-08,2013-04-08,1
1236,2013-04-11,2013-04-23,9
1236,2013-05-07,2013-05-07,1
1236,2013-05-22,2013-05-22,1
1236,2013-05-28,2013-05-29,2
1236,2013-06-03,2013-06-03,1
1236,2013-06-10,2013-06-10,1
1236,2013-06-14,2013-06-14,1
1236,2013-06-19,2013-06-19,1
1236,2013-06-24,2013-06-24,1
1236,2013-06-27,2013-06-28,2
1236,2013-07-04,2013-07-09,4
1236,2013-07-22,2013-07-22,1
1236,2013-07-26,2013-07-26,1
1236,2013-08-08,2013-08-08,1
1236,2013-08-13,2013-08-13,1
1236,2013-08-27,2013-09-04,7
1236,2013-09-14,2013-09-14,1
1236,2013-10-28,2013-10-29,2
1236,2013-11-19,2013-11-19,1
1236,2013-11-22,2013-11-27,4
1236,2013-12-02,2013-12-06,5
1236,2013-12-12,2013-12-12,1
1236,2013-12-23,2013-12-24,2
1236,2013-12-26,2013-12-26,1
1236,2013-12-31,2013-12-31,1
1236,2014-01-16,2014-01-22,5
1236,2014-02-14,2014-02-18,3
1236,2014-02-20,2014-02-25,4
1236,2014-02-27,2014-03-04,3
1236,2014-03-12,2014-03-12,1
1236,2014-03-17,2014-03-19,3
1236,2014-03-21,2014-03-24,2
1236,2014-03-26,2014-03-28,3
1236,2014-04-01,2014-04-08,5
1236,2014-04-11,2014-04-15,3
1236,2014-04-18,2014-04-21,2
1236,2014-04-23,2014-04-24,2
1236,2014-04-28,2014-05-06,6
1236,2014-05-12,2014-05-12,1
1236,2014-05-14,2014-05-14,1
1236,2014-05-16,2014-05-19,2
1236,2014-05-22,2014-05-27,4
1236,2014-05-30,2014-06-06,5
1236,2014-06-11,2014-06-13,3
1236,2014-06-19,2014-06-20,2
1236,2014-07-07,2014-07-08,2
1236,2014-08-05,2014-08-07,3
1236,2014-08-11,2014-08-11,1
1236,2014-08-13,2014-08-13,1
1236,2014-08-18,2014-08-18,1
1236,2014-08-21,2014-08-21,1
1236,2014-08-26,2014-08-26,1
1236,2014-09-02,2014-09-03,2
1236,2014-09-05,2014-09-05,1
1236,2014-09-12,2014-09-12,1
1236,2014-09-18,2014-09-18,1
1236,2014-09-29,2014-09-29,1
1236,2014-10-01,2014-10-01,1
1236,2014-10-08,2014-10-08,1
1236,2014-10-29,2014-10-30,2
1236,2014-11-12,2014-11-12,1
1236,2014-11-14,2014-11-14,1
1236,2014-11-21,2014-11-21,1
1236,2014-11-25,2014-11-26,2
1236,2014-12-03,2014-12-04,2
1236,2014-12-08,2014-12-11,4
1236,2014-12-18,2014-12-18,1
1236,2014-12-24,2014-12-27,4
1236,2015-01-07,2015-01-09,3
1236,2015-01-19,2015-01-19,1
1236,2015-01-30,2015-02-05,5
1236,2015-02-12,2015-03-02,6
1236,2015-03-05,2015-03-06,2
1236,2015-03-12,2015-03-12,1
1236,2015-03-16,2015-03-17,2
1236,2015-03-20,2015-03-25,4
1236,2015-04-01,2015-04-14,8
1236,2015-04-20,2015-04-20,1
1236,2015-05-04,2015-05-04,1
1236,2015-05-13,2015-05-15,3
1236,2015-05-29,2015-06-01,2
1236,2015-06-09,2015-06-09,1
1236,2015-06-16,2015-06-16,1
1236,2015-06-25,2015-06-25,1
1236,2015-07-01,2015-07-01,1
1236,2015-07-13,2015-07-13,1
1236,2015-07-20,2015-07-22,3
1236,2015-07-29,2015-07-29,1
1236,2015-07-31,2015-08-03,2
1236,2015-08-07,2015-08-10,2
1236,2015-08-12,2015-08-17,4
1236,2015-09-07,2015-09-10,4
1236,2015-09-16,2015-09-16,1
1236,2015-09-18,2015-09-18,1
1236,2015-09-24,2015-10-01,4
1236,2015-10-05,2015-10-06,2
1236,2015-10-08,2015-10-08,1
1236,2015-10-14,2015-10-26,9
1236,2015-10-28,2015-10-28,1
1236,2015-11-02,2015-11-03,2
1236,2015-11-06,2015-11-09,2
1236,2015-11-12,2015-11-13,2
1236,2015-11-17,2015-11-18,2
1236,2015-11-23,2015-11-25,3
1236,2015-11-27,2015-12-08,8
1236,2015-12-11,2015-12-14,2
1236,2015-12-16,2015-12-16,1
1236,2015-12-18,2015-12-21,2
1236,2015-12-23,2015-12-28,4
1236,2015-12-30,2016-01-04,3
1236,2016-01-08,2016-01-08,1
1236,2016-01-13,2016-01-15,3
1236,2016-01-21,2016-02-03,11
1236,2016-02-17,2016-02-23,5
1236,2016-02-25,2016-03-04,6
1236,2016-03-08,2016-03-10,3
1236,2016-03-14,2016-03-14,1
1236,2016-03-16,2016-03-22,5
1236,2016-03-24,2016-03-29,4
1236,2016-03-31,2016-04-01,2
1236,2016-04-08,2016-04-11,2
1236,2016-04-13,2016-04-18,4
1236,2016-04-20,2016-04-20,1
1236,2016-04-25,2016-04-28,4
1236,2016-05-03,2016-05-12,8
1236,2016-05-16,2016-05-19,4
1236,2016-05-24,2016-05-30,5
1236,2016-06-01,2016-06-01,1
1236,2016-06-04,2016-06-04,1
1236,2016-06-07,2016-06-14,4
1236,2016-06-16,2016-06-16,1
1236,2016-06-20,2016-06-21,2
1236,2016-06-23,2016-06-28,4
1236,2016-06-30,2016-07-18,12
1236,2016-07-22,2016-07-27,4
1236,2016-08-01,2016-08-02,2
1236,2016-08-05,2016-08-10,4
1236,2016-08-16,2016-08-16,1
1236,2016-08-18,2016-08-18,1
1236,2016-08-24,2016-08-30,5
1236,2016-09-02,2016-09-02,1
1236,2016-09-07,2016-09-10,4
1236,2016-09-13,2016-09-20,4
1236,2016-09-23,2016-09-26,2
1236,2016-09-30,2016-09-30,1
1236,2016-10-04,2016-10-04,1
1236,2016-10-06,2016-10-13,5
1236,2016-10-17,2016-10-19,3
1236,2016-10-24,2016-10-25,2
1236,2016-10-27,2016-11-14,13
1236,2016-11-16,2016-11-16,1
1236,2016-11-21,2016-12-20,22
1236,2016-12-22,2017-01-17,18
1236,2017-01-20,2017-02-02,4
1236,2017-02-06,2017-02-07,2
1236,2017-02-09,2017-02-14,4
1236,2017-02-16,2017-03-03,11
1236,2017-03-07,2017-03-07,1
1236,2017-03-09,2017-03-13,3
1236,2017-03-17,2017-03-21,3
1236,2017-03-30,2017-03-30,1
1236,2017-04-05,2017-04-10,4
1236,2017-04-12,2017-04-28,13
1236,2017-05-03,2017-05-04,2
1236,2017-05-09,2017-05-10,2
1236,2017-05-12,2017-05-22,7
1236,2017-05-24,2017-06-08,11
1236,2017-06-12,2017-06-15,4
1236,2017-06-19,2017-06-19,1
1236,2017-06-23,2017-06-23,1
1236,2017-06-27,2017-06-27,1
1236,2017-06-30,2017-06-30,1
1236,2017-07-05,2017-07-06,2
1236,2017-07-10,2017-07-10,1
1236,2017-07-13,2017-07-13,1
1236,2017-07-19,2017-07-26,6
1236,2017-07-28,2017-08-03,5
1236,2017-08-07,2017-08-08,2
1236,2017-08-10,2017-08-15,4
1236,2017-08-17,2017-08-17,1
1236,2017-08-22,2017-08-22,1
1236,2017-08-25,2017-08-28,2
1236,2017-09-01,2017-09-01,1
1236,2017-09-06,2017-09-19,10
1236,2017-09-21,2017-09-22,2
1236,2017-09-26,2017-09-30,5
1236,2017-10-05,2017-10-18,8
1236,2017-10-20,2017-11-01,9
1236,2017-11-03,2017-11-14,8
1236,2017-11-16,2017-11-21,4
1236,2017-11-24,2017-12-05,8
1236,2017-12-07,2017-12-28,16
1236,2018-01-02,2018-01-02,1
1236,2018-01-05,2018-01-10,4
1236,2018-01-12,2018-01-15,2
1236,2018-01-19,2018-01-19,1
1236,2018-01-26,2018-02-05,7
1236,2018-02-08,2018-02-09,2
1236,2018-02-21,2018-02-22,2
1236,2018-02-26,2018-03-01,3
1236,2018-03-05,2018-03-05,1
1236,2018-03-07,2018-03-08,2
1236,2018-03-12,2018-03-12,1
1236,2018-03-14,2018-03-14,1
1236,2018-03-16,2018-03-20,3
1236,2018-03-22,2018-03-22,1
1236,2018-03-26,2018-04-10,10
1236,2018-04-12,2018-04-13,2
1236,2018-04-18,2018-04-24,5
1236,2018-04-26,2018-04-30,3
1236,2018-05-03,2018-05-03,1
1236,2018-05-08,2018-05-10,3
1236,2018-05-14,2018-06-07,19
1236,2018-06-11,2018-06-13,3
1236,2018-06-15,2018-06-15,1
1236,2018-06-21,2018-06-21,1
1236,2018-06-26,2018-06-27,2
1236,2018-06-29,2018-07-03,3
1236,2018-07-11,2018-07-17,5
1236,2018-07-19,2018-07-25,5
1236,2018-07-27,2018-07-27,1
1236,2018-08-02,2018-08-02,1
1236,2018-08-06,2018-08-06,1
1236,2018-08-08,2018-08-16,7
1236,2018-08-23,2018-08-28,4
1236,2018-08-30,2018-08-31,2
1236,2018-09-04,2018-09-05,2
1236,2018-09-11,2018-09-12,2
1236,2018-09-17,2018-09-18,2
1236,2018-09-20,2018-09-26,4
1236,2018-10-02,2018-10-03,2
1236,2018-10-05,2018-10-08,2
1236,2018-10-11,2018-10-11,1
1236,2018-10-17,2018-10-29,9
1236,2018-10-31,2018-11-01,2
1236,2018-11-05,2018-11-05,1
1236,2018-11-07,2018-11-09,3
1236,2018-11-13,2018-11-23,9
1236,2018-11-27,2018-11-29,3
1236,2018-12-03,2018-12-03,1
1236,2018-12-07,2019-01-03,19
1236,2019-01-07,2019-01-07,1
1236,2019-01-09,2019-01-09,1
1236,2019-01-18,2019-01-21,2
1236,2019-01-23,2019-01-23,1
1236,2019-01-25,2019-01-28,2
1236,2019-01-30,2019-02-19,8
1236,2019-02-22,2019-02-22,1
1236,2019-02-26,2019-02-27,2
1236,2019-03-06,2019-03-19,10
1236,2019-03-22,2019-03-22,1
1236,2019-03-26,2019-04-02,6
1236,2019-04-08,2019-04-10,3
1236,2019-04-12,2019-04-16,3
1236,2019-04-22,2019-04-25,4
1236,2019-04-29,2019-05-06,5
1236,2019-05-09,2019-05-13,3
1236,2019-05-15,2019-05-20,4
1236,2019-05-22,2019-05-27,4
1236,2019-05-30,2019-05-31,2
1236,2019-06-05,2019-06-18,9
1236,2019-06-25,2019-06-26,2
1236,2019-06-28,2019-07-01,2
1236,2019-07-03,2019-07-03,1
1236,2019-07-05,2019-07-05,1
1236,2019-07-11,2019-07-12,2
1236,2019-07-18,2019-07-18,1
1236,2019-07-22,2019-07-22,1
1236,2019-07-26,2019-07-26,1
1236,2019-07-30,2019-07-31,2
1236,2019-08-02,2019-08-02,1
1236,2019-08-07,2019-08-07,1
1236,2019-08-14,2019-08-15,2
1236,2019-08-20,2019-08-20,1
1236,2019-08-22,2019-08-28,5
1236,2019-09-02,2019-09-12,9
1236,2019-09-17,2019-09-17,1
1236,2019-09-19,2019-09-26,6
1236,2019-10-01,2019-10-03,3
1236,2019-10-07,2019-10-07,1
1236,2019-10-09,2019-10-15,3
1236,2019-10-17,2019-10-21,3
1236,2019-10-23,2019-11-18,19
1236,2019-11-22,2019-11-28,5
1236,2019-12-02,2019-12-11,8
1236,2019-12-13,2019-12-17,3
1236,2019-12-20,2019-12-20,1
1236,2019-12-25,2019-12-26,2
1236,2019-12-30,2019-12-30,1
1236,2020-01-09,2020-01-09,1
1236,2020-01-13,2020-01-13,1
1236,2020-01-15,2020-01-15,1
1236,2020-01-20,2020-01-20,1
1236,2020-01-31,2020-02-04,3
1236,2020-02-10,2020-02-12,3
1236,2020-02-17,2020-02-18,2
1236,2020-02-24,2020-02-24,1
1236,2020-03-02,2020-03-02,1
1236,2020-03-27,2020-04-01,4
1236,2020-04-10,2020-04-10,1
1236,2020-04-16,2020-04-16,1
1236,2020-04-28,2020-04-28,1
1236,2020-05-18,2020-05-19,2
1236,2020-05-21,2020-05-21,1
1236,2020-05-25,2020-05-25,1
1236,2020-06-02,2020-06-02,1
1236,2020-06-04,2020-06-04,1
1236,2020-06-09,2020-06-09,1
1236,2020-06-30,2020-06-30,1
1236,2020-07-08,2020-07-08,1
1236,2020-07-23,2020-07-23,1
1236,2020-07-29,2020-07-29,1
1236,2020-08-11,2020-08-11,1
1236,2020-08-14,2020-08-14,1
1236,2020-09-01,2020-09-01,1
1236,2020-09-03,2020-09-03,1
1236,2020-09-11,2020-09-11,1
1236,2020-10-23,2020-10-23,1
1236,2020-10-28,2020-10-28,1
1236,2020-11-02,2020-11-02,1
1236,2020-11-04,2020-11-06,3
1236,2020-11-12,2020-11-13,2
1236,2020-11-19,2020-11-19,1
1236,2020-11-24,2020-11-25,2
1236,2020-12-11,2020-12-11,1
1236,2021-01-05,2021-01-05,1
1236,2021-01-11,2021-01-12,2
1236,2021-01-14,2021-01-14,1
1236,2021-01-21,2021-01-21,1
1236,2021-01-27,2021-01-27,1
1236,2021-02-18,2021-02-18,1
1236,2021-02-24,2021-02-25,2
1236,2021-03-12,2021-03-12,1
1236,2021-03-16,2021-03-16,1
1236,2021-03-18,2021-03-18,1
1236,2021-03-24,2021-03-25,2
1236,2021-03-30,2021-04-07,5
1236,2021-04-09,2021-04-09,1
1236,2021-04-16,2021-04-16,1
1236,2021-08-05,2021-08-05,1
1236,2021-08-11,2021-08-11,1
1236,2021-09-08,2021-09-09,2
1236,2021-09-13,2021-09-13,1
1236,2021-09-16,2021-09-16,1
1236,2021-09-23,2021-09-24,2
1236,2021-09-28,2021-09-28,1
1236,2021-09-30,2021-09-30,1
1236,2021-10-05,2021-10-05,1
1236,2021-10-21,2021-10-22,2
1236,2021-11-09,2021-11-09,1
1236,2021-11-25,2021-11-25,1
1236,2021-12-02,2021-12-03,2
1236,2023-09-08,2023-09-08,1
1236,2023-09-15,2023-09-15,1
1236,2023-12-01,2023-12-01,1
1236,2023-12-11,2023-12-11,1
1236,2024-01-04,2024-01-04,1
1236,2024-01-18,2024-01-18,1
1236,2024-01-24,2024-01-24,1
1236,2024-01-26,2024-01-26,1
1236,2024-01-30,2024-01-30,1
1236,2024-02-23,2024-02-23,1
1236,2024-03-06,2024-03-06,1
1236,2024-04-03,2024-04-03,1
1236,2024-04-09,2024-04-09,1
1236,2024-04-19,2024-04-19,1
1236,2024-04-24,2024-04-24,1
1236,2024-05-24,2024-05-24,1
1236,2024-08-19,2024-08-19,1
1236,2024-08-28,2024-08-28,1
1236,2024-12-06,2024-12-06,1
1236,2024-12-11,2024-12-11,1
1236,2024-12-18,2024-12-18,1
1236,2024-12-24,2024-12-24,1
1236,2024-12-27,2024-12-27,1
1236,2025-01-08,2025-01-08,1
1236,2025-01-17,2025-01-17,1
1236,2025-01-21,2025-01-21,1
1236,2025-02-11,2025-02-11,1
1236,2025-02-20,2025-02-21,2
1236,2025-03-03,2025-03-04,2
1236,2025-03-06,2025-03-07,2
1236,2025-03-12,2025-03-12,1
1236,2025-03-17,2025-03-19,3
1236,2025-03-24,2025-03-24,1
1236,2025-03-26,2025-03-27,2
1236,2025-04-01,2025-04-01,1
1236,2025-04-17,2025-04-17,1
1236,2025-04-28,2025-04-28,1
1236,2025-06-05,2025-06-05,1
1236,2025-06-09,2025-06-09,1
1236,2025-06-25,2025-06-25,1
1236,2025-07-02,2025-07-02,1
1236,2025-07-07,2025-07-11,5
1236,2025-07-15,2025-07-17,3
1236,2025-07-21,2025-07-21,1
1236,2025-07-25,2025-07-31,5
1236,2025-08-11,2025-08-18,6
1236,2025-09-12,2025-09-12,1
1236,2025-11-26,2025-11-26,1
1256,2012-09-10,2012-09-28,15
1256,2012-10-02,2012-10-05,4
1256,2012-10-12,2012-10-16,3
1256,2012-10-18,2012-10-19,2
1256,2012-10-23,2012-10-25,3
1256,2012-10-29,2012-11-01,4
1256,2012-11-05,2012-11-13,7
1256,2012-11-15,2012-11-16,2
1256,2012-11-22,2012-11-30,7
1256,2012-12-04,2012-12-04,1
1256,2012-12-07,2012-12-27,16
1256,2013-01-02,2013-01-08,5
1256,2013-01-11,2013-01-17,5
1256,2013-01-21,2013-01-23,3
1256,2013-01-30,2013-01-31,2
1256,2013-02-21,2013-02-22,2
1256,2013-02-25,2013-03-01,4
1256,2013-03-08,2013-03-12,3
1256,2013-03-29,2013-04-01,2
1256,2013-04-11,2013-05-17,26
1256,2013-05-24,2013-05-29,4
1256,2013-06-10,2013-06-10,1
1256,2013-06-13,2013-06-19,5
1256,2013-06-21,2013-06-24,2
1256,2013-06-27,2013-06-28,2
1256,2013-07-03,2013-07-04,2
1256,2013-07-15,2013-07-15,1
1256,2013-07-22,2013-07-31,8
1256,2013-08-14,2013-08-14,1
1256,2013-09-14,2013-09-17,3
1256,2013-09-25,2013-10-02,6
1256,2013-10-04,2013-10-11,5
1256,2013-10-23,2013-10-24,2
1256,2013-11-07,2013-11-07,1
1256,2013-11-12,2013-11-12,1
1256,2013-11-15,2013-11-15,1
1256,2014-02-20,2014-02-20,1
1256,2014-03-18,2014-03-18,1
1256,2014-04-23,2014-04-23,1
1256,2014-05-05,2014-05-05,1
1256,2014-05-27,2014-05-27,1
1256,2014-06-09,2014-06-09,1
1256,2014-06-18,2014-06-18,1
1256,2014-07-28,2014-07-28,1
1256,2014-07-31,2014-07-31,1
1256,2014-10-20,2014-10-20,1
1256,2014-10-28,2014-10-28,1
1256,2014-11-28,2014-11-28,1
1256,2014-12-04,2014-12-04,1
1256,2014-12-10,2014-12-10,1
1256,2014-12-27,2014-12-27,1
1256,2015-01-08,2015-01-12,3
1256,2015-01-14,2015-01-16,3
1256,2015-01-26,2015-01-26,1
1256,2015-03-10,2015-03-10,1
1256,2015-03-16,2015-03-16,1
1256,2015-03-19,2015-03-26,6
1256,2015-04-08,2015-04-09,2
1256,2015-04-16,2015-04-16,1
1256,2015-04-20,2015-04-20,1
1256,2015-04-28,2015-04-28,1
1256,2015-05-06,2015-05-07,2
1256,2015-05-25,2015-05-28,4
1256,2015-06-01,2015-06-03,3
1256,2015-06-08,2015-06-17,8
1256,2015-06-24,2015-07-20,18
1256,2015-07-22,2015-07-22,1
1256,2015-08-04,2015-08-04,1
1256,2015-08-19,2015-08-19,1
1256,2015-08-21,2015-08-31,7
1256,2015-09-07,2015-09-08,2
1256,2015-09-10,2015-09-16,5
1256,2015-09-21,2015-09-22,2
1256,2015-10-12,2015-10-19,6
1256,2015-10-21,2015-10-21,1
1256,2015-10-23,2015-10-27,3
1256,2015-10-29,2015-11-05,6
1256,2015-11-09,2015-11-11,3
1256,2015-11-13,2015-11-17,3
1256,2015-11-30,2015-11-30,1
1256,2015-12-07,2015-12-08,2
1256,2015-12-10,2015-12-10,1
1256,2015-12-14,2015-12-25,10
1256,2015-12-29,2015-12-29,1
1256,2015-12-31,2015-12-31,1
1256,2016-01-05,2016-01-05,1
1256,2016-01-12,2016-01-12,1
1256,2016-01-21,2016-01-22,2
1256,2016-01-26,2016-01-26,1
1256,2016-01-29,2016-02-24,13
1256,2016-03-03,2016-03-03,1
1256,2016-03-09,2016-03-09,1
1256,2016-06-04,2016-06-04,1
1256,2016-07-18,2016-07-18,1
1256,2016-07-22,2016-07-25,2
1256,2016-07-27,2016-07-27,1
1256,2016-07-29,2016-08-02,3
1256,2016-08-04,2016-08-04,1
1256,2016-09-26,2016-09-26,1
1256,2016-10-07,2016-10-07,1
1256,2016-10-18,2016-10-18,1
1256,2016-10-24,2016-10-24,1
1256,2016-10-28,2016-10-31,2
1256,2016-11-07,2016-11-07,1
1256,2016-11-18,2016-11-18,1
1256,2016-11-23,2016-11-24,2
1256,2016-11-29,2016-11-29,1
1256,2016-12-01,2016-12-01,1
1256,2016-12-14,2016-12-14,1
1256,2016-12-16,2016-12-19,2
1256,2016-12-27,2016-12-28,2
1256,2017-01-09,2017-01-16,6
1256,2017-01-19,2017-01-24,4
1256,2017-02-14,2017-02-14,1
1256,2017-02-17,2017-02-18,2
1256,2017-03-02,2017-03-03,2
1256,2017-03-13,2017-03-13,1
1256,2017-04-10,2017-04-10,1
1256,2017-04-14,2017-04-14,1
1256,2017-04-19,2017-04-19,1
1256,2017-04-21,2017-04-21,1
1256,2017-04-25,2017-04-27,3
1256,2017-05-02,2017-05-04,3
1256,2017-05-08,2017-05-10,3
1256,2017-05-15,2017-05-15,1
1256,2017-05-22,2017-05-22,1
1256,2017-06-30,2017-06-30,1
1256,2017-07-25,2017-07-25,1
1256,2017-07-28,2017-07-28,1
1256,2017-08-02,2017-08-02,1
1256,2017-08-08,2017-08-09,2
1256,2017-08-23,2017-08-24,2
1256,2017-09-30,2017-09-30,1
1256,2017-10-20,2017-10-20,1
1256,2017-10-26,2017-10-26,1
1256,2017-12-15,2017-12-18,2
1256,2017-12-22,2017-12-22,1
1256,2018-01-10,2018-01-11,2
1256,2018-02-01,2018-02-01,1
1256,2018-08-28,2018-08-28,1
1256,2018-10-01,2018-10-01,1
1256,2018-10-03,2018-10-03,1
1256,2018-12-04,2018-12-04,1
1256,2018-12-11,2018-12-11,1
1256,2018-12-13,2018-12-13,1
1256,2018-12-17,2018-12-17,1
1256,2018-12-22,2018-12-24,2
1256,2018-12-28,2018-12-28,1
1256,2019-01-23,2019-01-23,1
1256,2019-03-14,2019-03-14,1
1256,2019-05-08,2019-05-08,1
1256,2019-05-14,2019-05-14,1
1256,2019-05-23,2019-05-24,2
1256,2020-05-13,2020-05-13,1
1256,2020-11-27,2020-11-27,1
1256,2020-12-30,2020-12-30,1
1256,2021-01-19,2021-01-19,1
1256,2022-01-04,2022-01-04,1
1256,2022-02-23,2022-02-23,1
1256,2022-04-29,2022-04-29,1
1256,2022-07-14,2022-07-14,1
1256,2022-08-02,2022-08-02,1
1256,2022-08-08,2022-08-08,1
1256,2022-08-11,2022-08-11,1
1256,2022-10-03,2022-10-03,1
1256,2022-10-12,2022-10-12,1
1256,2022-11-08,2022-11-08,1
1256,2022-11-17,2022-11-17,1
1256,2022-11-22,2022-11-23,2
1256,2022-11-28,2022-11-29,2
1256,2022-12-12,2022-12-13,2
1256,2022-12-26,2022-12-26,1
1256,2023-01-03,2023-01-03,1
1256,2023-04-10,2023-04-10,1
1256,2023-05-03,2023-05-03,1
1256,2023-05-26,2023-05-26,1
1256,2023-05-30,2023-05-31,2
1256,2023-06-05,2023-06-05,1
1256,2023-06-27,2023-06-28,2
1256,2023-06-30,2023-06-30,1
1256,2023-07-28,2023-08-01,3
1256,2023-08-29,2023-08-29,1
1256,2023-09-04,2023-09-04,1
1256,2023-09-13,2023-09-13,1
1256,2023-09-20,2023-09-20,1
1256,2023-09-22,2023-09-22,1
1256,2023-09-27,2023-10-04,5
1256,2023-10-13,2023-10-16,2
1256,2023-10-18,2023-10-19,2
1256,2023-10-25,2023-10-26,2
1256,2023-11-03,2023-11-03,1
1256,2023-11-14,2023-11-14,1
1256,2023-11-22,2023-11-22,1
1256,2023-11-24,2023-11-27,2
1256,2023-11-29,2023-12-04,4
1256,2023-12-14,2023-12-14,1
1256,2023-12-18,2023-12-20,3
1256,2024-01-10,2024-01-10,1
1256,2024-01-12,2024-01-12,1
1256,2024-01-22,2024-01-22,1
1256,2024-01-24,2024-01-24,1
1256,2024-01-26,2024-01-26,1
1256,2024-01-30,2024-01-30,1
1256,2024-02-01,2024-02-02,2
1256,2024-02-20,2024-02-20,1
1256,2024-04-30,2024-04-30,1
1256,2024-05-09,2024-05-09,1
1256,2024-08-08,2024-08-08,1
1256,2024-08-28,2024-08-28,1
1256,2024-09-02,2024-09-02,1
1256,2025-04-07,2025-04-07,1
1256,2025-05-22,2025-05-22,1
1256,2025-07-03,2025-07-03,1
1256,2025-07-10,2025-07-10,1
1256,2025-09-01,2025-09-01,1
1304,2016-06-04,2016-06-04,1
1304,2017-06-03,2017-06-03,1
1304,2018-03-31,2018-03-31,1
1304,2018-12-22,2018-12-22,1
1307,2012-06-21,2012-06-21,1
1307,2012-06-27,2012-06-27,1
1307,2012-07-05,2012-07-10,4
1307,2012-07-16,2012-07-16,1
1307,2012-07-18,2012-07-18,1
1307,2012-07-26,2012-07-27,2
1307,2012-08-03,2012-08-08,4
1307,2012-08-27,2012-08-27,1
1307,2012-09-04,2012-09-04,1
1307,2012-10-16,2012-10-16,1
1307,2012-10-19,2012-10-22,2
1307,2012-10-25,2012-10-25,1
1307,2012-10-31,2012-10-31,1
1307,2012-11-02,2012-11-02,1
1307,2012-12-24,2012-12-24,1
1307,2013-07-04,2013-07-04,1
1307,2014-12-27,2014-12-27,1
1307,2016-09-10,2016-09-10,1
1307,2017-02-18,2017-02-18,1
1307,2017-06-02,2017-06-03,2
1307,2017-08-30,2017-08-30,1
1307,2017-09-20,2017-09-20,1
1307,2017-09-22,2017-09-22,1
1307,2017-09-30,2017-09-30,1
1307,2017-10-24,2017-10-25,2
1307,2017-11-01,2017-11-01,1
1307,2017-11-06,2017-11-06,1
1307,2018-01-26,2018-01-26,1
1307,2018-02-02,2018-02-02,1
1307,2018-02-22,2018-02-22,1
1307,2018-03-22,2018-03-22,1
1307,2018-04-19,2018-04-19,1
1307,2018-04-24,2018-04-24,1
1307,2018-05-03,2018-05-03,1
1307,2018-05-07,2018-05-08,2
1307,2018-12-22,2018-12-22,1
1307,2019-10-02,2019-10-02,1
1307,2019-12-03,2019-12-03,1
1307,2020-01-17,2020-01-17,1
1308,2013-09-14,2013-09-14,1
1308,2016-06-04,2016-06-04,1
1308,2017-02-18,2017-02-18,1
1308,2017-06-03,2017-06-03,1
1308,2017-09-30,2017-09-30,1
1308,2018-03-31,2018-03-31,1
1309,2012-05-10,2012-05-10,1
1309,2012-08-17,2012-08-17,1
1309,2013-02-23,2013-02-23,1
1309,2013-06-18,2013-06-18,1
1309,2013-09-10,2013-09-10,1
1309,2013-09-14,2013-09-14,1
1309,2014-03-11,2014-03-11,1
1309,2014-04-14,2014-04-14,1
1309,2014-05-06,2014-05-06,1
1309,2014-12-27,2014-12-27,1
1309,2016-01-30,2016-01-30,1
1309,2016-06-04,2016-06-04,1
1309,2016-06-21,2016-06-21,1
1309,2016-07-06,2016-07-07,2
1309,2016-07-21,2016-07-21,1
1309,2016-08-04,2016-08-04,1
1309,2016-08-16,2016-08-16,1
1309,2016-10-03,2016-10-03,1
1309,2016-10-06,2016-10-06,1
1309,2017-06-03,2017-06-03,1
1309,2018-12-22,2018-12-22,1
1310,2013-01-14,2013-01-15,2
1310,2013-02-23,2013-02-23,1
1314,2016-06-04,2016-06-04,1
1314,2026-04-08,2026-04-08,1
1315,2012-06-19,2012-06-19,1
1315,2012-06-27,2012-06-27,1
1315,2012-07-06,2012-07-06,1
1315,2012-08-22,2012-08-22,1
1315,2012-12-07,2012-12-07,1
1315,2012-12-22,2012-12-22,1
1315,2013-04-12,2013-04-12,1
1315,2013-06-26,2013-06-26,1
1315,2013-07-04,2013-07-04,1
1315,2013-07-26,2013-07-26,1
1315,2013-08-13,2013-08-13,1
1315,2013-08-16,2013-08-16,1
1315,2013-08-26,2013-08-27,2
1315,2013-08-29,2013-08-29,1
1315,2013-09-14,2013-09-14,1
1315,2013-09-17,2013-09-18,2
1315,2013-10-31,2013-10-31,1
1315,2013-11-19,2013-11-19,1
1315,2013-12-03,2013-12-03,1
1315,2013-12-06,2013-12-06,1
1315,2013-12-26,2013-12-26,1
1315,2013-12-31,2013-12-31,1
1315,2014-01-03,2014-01-03,1
1315,2014-01-16,2014-01-22,5
1315,2014-02-11,2014-02-11,1
1315,2014-02-14,2014-02-14,1
1315,2014-02-18,2014-02-18,1
1315,2014-02-25,2014-02-26,2
1315,2014-03-04,2014-03-04,1
1315,2014-03-06,2014-03-07,2
1315,2014-03-11,2014-03-14,4
1315,2014-03-21,2014-03-21,1
1315,2014-03-25,2014-03-25,1
1315,2014-04-01,2014-04-01,1
1315,2014-04-29,2014-04-29,1
1315,2014-05-05,2014-05-06,2
1315,2014-07-08,2014-07-08,1
1315,2014-07-21,2014-07-21,1
1315,2014-08-07,2014-08-11,3
1315,2014-08-18,2014-08-18,1
1315,2014-09-03,2014-09-03,1
1315,2014-09-10,2014-09-15,4
1315,2014-09-23,2014-09-23,1
1315,2014-09-29,2014-09-29,1
1315,2014-12-04,2014-12-04,1
1315,2014-12-18,2014-12-18,1
1315,2014-12-25,2014-12-25,1
1315,2014-12-27,2014-12-27,1
1315,2015-01-27,2015-01-27,1
1315,2015-02-05,2015-02-05,1
1315,2015-02-12,2015-02-13,2
1315,2015-02-25,2015-02-25,1
1315,2015-03-09,2015-03-09,1
1315,2015-03-13,2015-03-13,1
1315,2015-04-01,2015-04-09,5
1315,2015-04-14,2015-04-14,1
1315,2015-05-15,2015-05-18,2
1315,2015-07-21,2015-07-21,1
1315,2015-08-07,2015-08-07,1
1315,2015-09-07,2015-09-08,2
1315,2015-09-16,2015-09-16,1
1315,2015-09-18,2015-09-18,1
1315,2015-09-22,2015-09-22,1
1315,2015-09-24,2015-09-25,2
1315,2015-10-13,2015-10-14,2
1315,2015-10-20,2015-10-26,5
1315,2015-10-28,2015-10-28,1
1315,2015-11-02,2015-11-03,2
1315,2015-11-05,2015-11-10,4
1315,2015-11-13,2015-11-17,3
1315,2015-11-23,2015-11-23,1
1315,2015-11-26,2015-11-27,2
1315,2015-12-01,2015-12-01,1
1315,2015-12-04,2015-12-04,1
1315,2015-12-08,2015-12-09,2
1315,2015-12-11,2015-12-11,1
1315,2015-12-16,2015-12-18,3
1315,2015-12-24,2015-12-29,4
1315,2016-01-15,2016-01-18,2
1315,2016-01-27,2016-01-30,4
1315,2016-02-02,2016-02-02,1
1315,2016-02-16,2016-02-17,2
1315,2016-02-19,2016-02-22,2
1315,2016-02-24,2016-02-24,1
1315,2016-02-26,2016-02-26,1
1315,2016-03-02,2016-03-02,1
1315,2016-03-15,2016-03-15,1
1315,2016-03-17,2016-03-17,1
1315,2016-03-23,2016-03-23,1
1315,2016-03-25,2016-03-28,2
1315,2016-03-30,2016-03-30,1
1315,2016-04-01,2016-04-01,1
1315,2016-04-11,2016-04-11,1
1315,2016-04-13,2016-04-13,1
1315,2016-04-22,2016-04-22,1
1315,2016-06-04,2016-06-04,1
1315,2016-06-23,2016-06-23,1
1315,2016-09-05,2016-09-05,1
1315,2016-09-10,2016-09-10,1
1315,2016-09-14,2016-09-14,1
1315,2016-09-20,2016-09-20,1
1315,2016-09-23,2016-09-23,1
1315,2016-10-13,2016-10-13,1
1315,2016-10-24,2016-10-25,2
1315,2016-10-28,2016-10-28,1
1315,2016-11-01,2016-11-01,1
1315,2016-11-04,2016-11-04,1
1315,2016-11-08,2016-11-08,1
1315,2016-11-10,2016-11-10,1
1315,2016-11-14,2016-11-14,1
1315,2016-11-21,2016-11-21,1
1315,2016-11-23,2016-11-25,3
1315,2016-11-29,2016-12-01,3
1315,2016-12-13,2016-12-14,2
1315,2016-12-19,2016-12-19,1
1315,2016-12-23,2017-01-16,16
1315,2017-01-20,2017-01-23,2
1315,2017-02-06,2017-02-06,1
1315,2017-02-09,2017-02-09,1
1315,2017-02-17,2017-02-21,4
1315,2017-02-23,2017-02-23,1
1315,2017-03-01,2017-03-02,2
1315,2017-03-07,2017-03-07,1
1315,2017-03-10,2017-03-10,1
1315,2017-03-15,2017-03-15,1
1315,2017-03-17,2017-03-21,3
1315,2017-03-29,2017-03-29,1
1315,2017-03-31,2017-03-31,1
1315,2017-04-06,2017-04-10,3
1315,2017-04-14,2017-04-17,2
1315,2017-04-24,2017-04-26,3
1315,2017-04-28,2017-05-03,3
1315,2017-05-05,2017-05-08,2
1315,2017-05-10,2017-05-23,10
1315,2017-05-26,2017-05-31,2
1315,2017-06-02,2017-06-03,2
1315,2017-06-06,2017-06-06,1
1315,2017-06-08,2017-06-09,2
1315,2017-06-15,2017-06-15,1
1315,2017-07-07,2017-07-10,2
1315,2017-07-21,2017-07-25,3
1315,2017-07-27,2017-08-01,4
1315,2017-08-03,2017-08-04,2
1315,2017-08-11,2017-08-15,3
1315,2017-08-22,2017-08-22,1
1315,2017-08-24,2017-08-25,2
1315,2017-08-31,2017-09-01,2
1315,2017-09-06,2017-09-06,1
1315,2017-09-12,2017-09-13,2
1315,2017-09-18,2017-09-18,1
1315,2017-09-21,2017-09-22,2
1315,2017-09-26,2017-09-26,1
1315,2017-09-30,2017-09-30,1
1315,2017-10-12,2017-10-12,1
1315,2017-10-16,2017-10-18,3
1315,2017-10-20,2017-10-25,4
1315,2017-10-30,2017-10-30,1
1315,2017-11-01,2017-11-01,1
1315,2017-11-07,2017-11-14,6
1315,2017-11-16,2017-11-16,1
1315,2017-11-20,2017-11-21,2
1315,2017-11-23,2017-11-24,2
1315,2017-11-28,2017-11-30,3
1315,2017-12-06,2017-12-06,1
1315,2017-12-08,2017-12-19,8
1315,2017-12-21,2017-12-28,6
1315,2018-01-03,2018-01-05,3
1315,2018-01-15,2018-01-15,1
1315,2018-01-19,2018-01-19,1
1315,2018-01-26,2018-02-01,5
1315,2018-02-08,2018-02-09,2
1315,2018-02-21,2018-02-22,2
1315,2018-02-26,2018-03-01,3
1315,2018-03-06,2018-03-07,2
1315,2018-03-09,2018-03-09,1
1315,2018-03-14,2018-03-20,5
1315,2018-03-22,2018-03-28,5
1315,2018-03-31,2018-03-31,1
1315,2018-04-03,2018-04-10,3
1315,2018-04-12,2018-04-13,2
1315,2018-04-18,2018-04-23,4
1315,2018-04-26,2018-05-02,4
1315,2018-05-04,2018-05-04,1
1315,2018-05-08,2018-05-08,1
1315,2018-05-10,2018-05-14,3
1315,2018-05-17,2018-06-07,16
1315,2018-06-11,2018-06-15,5
1315,2018-06-21,2018-06-21,1
1315,2018-06-26,2018-06-27,2
1315,2018-06-29,2018-06-29,1
1315,2018-07-03,2018-07-03,1
1315,2018-07-05,2018-07-05,1
1315,2018-07-10,2018-07-10,1
1315,2018-07-12,2018-07-13,2
1315,2018-07-17,2018-07-17,1
1315,2018-07-19,2018-07-19,1
1315,2018-07-23,2018-07-25,3
1315,2018-07-27,2018-07-27,1
1315,2018-08-06,2018-08-06,1
1315,2018-08-08,2018-08-08,1
1315,2018-08-13,2018-08-15,3
1315,2018-08-23,2018-08-27,3
1315,2018-08-31,2018-08-31,1
1315,2018-09-07,2018-09-07,1
1315,2018-09-12,2018-09-12,1
1315,2018-09-17,2018-09-18,2
1315,2018-09-25,2018-09-26,2
1315,2018-10-02,2018-10-02,1
1315,2018-10-16,2018-10-29,10
1315,2018-10-31,2018-11-21,16
1315,2018-11-23,2018-11-23,1
1315,2018-11-27,2018-11-29,3
1315,2018-12-03,2018-12-03,1
1315,2018-12-07,2018-12-07,1
1315,2018-12-13,2018-12-14,2
1315,2018-12-18,2019-01-07,14
1315,2019-01-18,2019-01-30,9
1315,2019-02-13,2019-02-13,1
1315,2019-02-19,2019-02-19,1
1315,2019-02-22,2019-02-25,2
1315,2019-03-29,2019-03-29,1
1315,2019-04-25,2019-04-25,1
1315,2019-04-29,2019-04-29,1
1315,2019-05-02,2019-05-02,1
1315,2019-05-27,2019-05-27,1
1315,2019-06-05,2019-06-13,6
1315,2019-06-18,2019-06-18,1
1315,2019-07-04,2019-07-04,1
1315,2019-07-09,2019-07-09,1
1315,2019-07-11,2019-07-12,2
1315,2019-08-07,2019-08-13,4
1315,2019-08-28,2019-08-28,1
1315,2019-08-30,2019-09-02,2
1315,2019-09-20,2019-09-20,1
1315,2019-09-25,2019-09-25,1
1315,2019-10-02,2019-10-03,2
1315,2022-03-21,2022-03-21,1
1315,2022-04-19,2022-04-19,1
1315,2022-04-21,2022-04-21,1
1315,2022-05-04,2022-05-04,1
1315,2022-05-23,2022-05-23,1
1315,2022-05-25,2022-05-25,1
1315,2022-06-01,2022-06-01,1
1315,2022-06-09,2022-06-09,1
1315,2022-08-12,2022-08-12,1
1315,2022-08-24,2022-08-24,1
1315,2022-09-06,2022-09-06,1
1315,2022-09-27,2022-09-27,1
1315,2022-09-30,2022-10-03,2
1315,2022-10-11,2022-10-12,2
1315,2022-11-01,2022-11-01,1
1315,2022-11-29,2022-11-29,1
1315,2022-12-22,2022-12-22,1
1315,2023-01-10,2023-01-10,1
1315,2023-01-13,2023-01-13,1
1315,2023-01-17,2023-01-17,1
1315,2023-02-24,2023-03-01,2
1315,2023-03-06,2023-03-09,4
1315,2023-03-13,2023-03-14,2
1315,2023-03-20,2023-03-20,1
1315,2023-03-24,2023-03-24,1
1315,2023-05-04,2023-05-04,1
1315,2023-05-08,2023-05-09,2
1315,2023-05-25,2023-05-25,1
1315,2023-06-02,2023-06-02,1
1315,2023-06-08,2023-06-08,1
1315,2023-06-14,2023-06-14,1
1315,2023-07-04,2023-07-04,1
1315,2023-07-14,2023-07-14,1
1315,2023-07-31,2023-07-31,1
1315,2023-08-11,2023-08-11,1
1315,2023-09-12,2023-09-12,1
1315,2023-09-15,2023-09-15,1
1315,2023-09-25,2023-09-25,1
1315,2023-10-03,2023-10-03,1
1315,2023-10-05,2023-10-05,1
1315,2023-10-16,2023-10-16,1
1315,2023-10-20,2023-10-23,2
1315,2023-10-25,2023-10-27,3
1315,2023-11-01,2023-11-01,1
1315,2023-11-03,2023-11-08,4
1315,2023-11-10,2023-11-13,2
1315,2023-11-29,2023-11-29,1
1315,2023-12-06,2023-12-06,1
1315,2023-12-11,2023-12-11,1
1315,2023-12-13,2023-12-13,1
1315,2024-01-05,2024-01-05,1
1315,2024-05-14,2024-05-14,1
1315,2024-06-26,2024-06-26,1
1315,2024-07-09,2024-07-09,1
1315,2024-07-18,2024-07-18,1
1315,2024-08-14,2024-08-14,1
1315,2024-08-22,2024-08-22,1
1315,2024-10-04,2024-10-04,1
1315,2024-10-15,2024-10-15,1
1315,2024-10-23,2024-10-23,1
1315,2024-10-25,2024-10-25,1
1315,2024-11-04,2024-11-06,3
1315,2024-11-08,2024-11-08,1
1315,2024-12-02,2024-12-02,1
1315,2024-12-09,2024-12-09,1
1315,2024-12-12,2024-12-13,2
1315,2025-01-08,2025-01-08,1
1315,2025-01-14,2025-01-14,1
1315,2025-01-21,2025-01-21,1
1315,2025-02-11,2025-02-11,1
1315,2025-02-20,2025-02-21,2
1315,2025-02-26,2025-02-27,2
1315,2025-03-04,2025-03-04,1
1315,2025-03-06,2025-03-07,2
1315,2025-03-27,2025-03-27,1
1315,2025-05-05,2025-05-05,1
1315,2025-06-09,2025-06-09,1
1315,2025-06-25,2025-06-25,1
1315,2025-07-02,2025-07-02,1
1315,2025-07-07,2025-07-07,1
1315,2025-07-09,2025-07-14,4
1315,2025-07-17,2025-07-18,2
1315,2025-07-23,2025-07-23,1
1315,2025-07-25,2025-07-25,1
1315,2025-08-12,2025-08-12,1
1315,2025-09-03,2025-09-04,2
1315,2025-10-02,2025-10-02,1
1315,2025-10-22,2025-10-22,1
1315,2025-10-28,2025-10-28,1
1315,2025-11-06,2025-11-07,2
1315,2025-12-05,2025-12-05,1
1315,2025-12-12,2025-12-12,1
1315,2025-12-18,2025-12-22,3
1315,2025-12-29,2025-12-29,1
1315,2025-12-31,2025-12-31,1
1315,2026-02-02,2026-02-02,1
1315,2026-02-04,2026-02-04,1
1315,2026-03-27,2026-03-27,1
1316,2012-05-25,2012-05-25,1
1316,2012-06-15,2012-06-15,1
1316,2012-06-21,2012-06-21,1
1316,2012-06-25,2012-06-25,1
1316,2012-06-28,2012-06-28,1
1316,2012-07-04,2012-07-05,2
1316,2012-07-17,2012-07-17,1
1316,2012-08-16,2012-08-16,1
1316,2012-08-24,2012-08-24,1
1316,2012-09-03,2012-09-04,2
1316,2012-09-10,2012-09-10,1
1316,2012-09-26,2012-09-26,1
1316,2012-10-02,2012-10-02,1
1316,2012-10-05,2012-10-05,1
1316,2012-11-12,2012-11-12,1
1316,2012-12-05,2012-12-05,1
1316,2013-01-21,2013-01-22,2
1316,2013-01-28,2013-01-29,2
1316,2013-02-22,2013-02-23,2
1316,2013-02-27,2013-02-27,1
1316,2013-03-22,2013-03-22,1
1316,2013-05-13,2013-05-13,1
1316,2013-05-22,2013-05-22,1
1316,2013-06-10,2013-06-10,1
1316,2013-07-09,2013-07-09,1
1316,2013-07-23,2013-07-23,1
1316,2013-08-27,2013-08-27,1
1316,2013-08-30,2013-09-02,2
1316,2013-09-14,2013-09-14,1
1316,2013-09-30,2013-09-30,1
1316,2013-10-08,2013-10-08,1
1316,2013-10-11,2013-10-11,1
1316,2013-10-25,2013-10-25,1
1316,2013-10-30,2013-10-30,1
1316,2013-11-15,2013-11-22,6
1316,2013-11-26,2013-11-26,1
1316,2013-12-06,2013-12-06,1
1316,2013-12-11,2013-12-12,2
1316,2013-12-16,2013-12-17,2
1316,2013-12-19,2013-12-19,1
1316,2013-12-23,2013-12-24,2
1316,2013-12-26,2013-12-26,1
1316,2013-12-31,2013-12-31,1
1316,2014-03-05,2014-03-05,1
1316,2014-04-07,2014-04-07,1
1316,2014-04-24,2014-04-24,1
1316,2014-04-30,2014-04-30,1
1316,2014-05-06,2014-05-06,1
1316,2014-05-12,2014-05-15,4
1316,2014-06-03,2014-06-03,1
1316,2014-08-07,2014-08-11,3
1316,2014-08-15,2014-08-15,1
1316,2014-09-16,2014-09-16,1
1316,2014-09-19,2014-09-19,1
1316,2014-09-23,2014-09-23,1
1316,2014-09-26,2014-09-26,1
1316,2014-10-06,2014-10-06,1
1316,2014-10-29,2014-10-30,2
1316,2014-11-06,2014-11-06,1
1316,2014-11-12,2014-11-12,1
1316,2014-11-14,2014-11-14,1
1316,2014-11-26,2014-11-26,1
1316,2014-12-03,2014-12-04,2
1316,2014-12-08,2014-12-09,2
1316,2014-12-22,2014-12-25,4
1316,2014-12-27,2014-12-27,1
1316,2015-01-06,2015-01-07,2
1316,2015-01-14,2015-01-14,1
1316,2015-01-28,2015-01-28,1
1316,2015-01-30,2015-02-02,2
1316,2015-02-04,2015-02-05,2
1316,2015-02-09,2015-02-09,1
1316,2015-02-11,2015-02-13,3
1316,2015-03-03,2015-03-03,1
1316,2015-06-09,2015-06-09,1
1316,2015-07-01,2015-07-01,1
1316,2015-07-29,2015-07-29,1
1316,2015-09-15,2015-09-16,2
1316,2015-10-02,2015-10-02,1
1316,2015-10-06,2015-10-06,1
1316,2015-10-13,2015-10-13,1
1316,2015-10-21,2015-10-26,4
1316,2015-11-11,2015-11-11,1
1316,2015-11-13,2015-11-16,2
1316,2015-11-24,2015-11-24,1
1316,2015-11-30,2015-11-30,1
1316,2015-12-02,2015-12-02,1
1316,2015-12-11,2015-12-11,1
1316,2015-12-17,2015-12-18,2
1316,2016-01-13,2016-01-13,1
1316,2016-01-28,2016-01-28,1
1316,2016-02-02,2016-02-02,1
1316,2016-02-16,2016-02-17,2
1316,2016-02-19,2016-02-19,1
1316,2016-02-23,2016-02-24,2
1316,2016-03-03,2016-03-03,1
1316,2016-03-08,2016-03-09,2
1316,2016-03-11,2016-03-11,1
1316,2016-03-30,2016-03-30,1
1316,2016-04-07,2016-04-07,1
1316,2016-04-11,2016-04-12,2
1316,2016-04-14,2016-04-18,3
1316,2016-04-22,2016-04-26,3
1316,2016-04-28,2016-05-03,3
1316,2016-05-05,2016-05-11,5
1316,2016-05-13,2016-05-16,2
1316,2016-05-19,2016-05-20,2
1316,2016-05-24,2016-05-24,1
1316,2016-05-26,2016-05-26,1
1316,2016-06-01,2016-06-04,4
1316,2016-06-08,2016-06-08,1
1316,2016-06-14,2016-06-14,1
1316,2016-06-16,2016-06-17,2
1316,2016-06-23,2016-06-23,1
1316,2016-06-28,2016-06-30,3
1316,2016-07-04,2016-07-05,2
1316,2016-07-12,2016-07-13,2
1316,2016-07-18,2016-07-19,2
1316,2016-07-22,2016-07-22,1
1316,2016-07-26,2016-07-26,1
1316,2016-08-01,2016-08-03,3
1316,2016-08-05,2016-08-10,4
1316,2016-08-15,2016-08-16,2
1316,2016-08-18,2016-08-18,1
1316,2016-08-26,2016-09-06,8
1316,2016-09-09,2016-09-10,2
1316,2016-09-13,2016-09-13,1
1316,2016-09-19,2016-09-19,1
1316,2016-09-26,2016-09-26,1
1316,2016-09-30,2016-09-30,1
1316,2016-10-04,2016-10-18,10
1316,2016-10-25,2016-10-25,1
1316,2016-10-27,2016-11-01,4
1316,2016-11-10,2016-11-14,3
1316,2016-11-21,2016-11-25,5
1316,2016-11-29,2016-11-29,1
1316,2016-12-01,2016-12-02,2
1316,2016-12-07,2016-12-20,10
1316,2016-12-22,2016-12-23,2
1316,2016-12-28,2016-12-28,1
1316,2016-12-30,2017-01-03,2
1316,2017-01-05,2017-01-05,1
1316,2017-01-09,2017-01-09,1
1316,2017-01-24,2017-02-02,2
1316,2017-02-15,2017-02-15,1
1316,2017-02-18,2017-02-18,1
1316,2017-03-03,2017-03-03,1
1316,2017-09-30,2017-09-30,1
1316,2025-08-12,2025-08-12,1
1321,2012-07-11,2012-07-11,1
1321,2012-07-26,2012-07-26,1
1321,2012-08-08,2012-08-08,1
1321,2012-08-17,2012-08-17,1
1321,2012-08-27,2012-08-27,1
1321,2012-12-22,2012-12-22,1
1321,2013-02-23,2013-02-23,1
1321,2013-09-14,2013-09-14,1
1321,2016-04-01,2016-04-01,1
1321,2016-06-04,2016-06-04,1
1321,2016-06-22,2016-06-22,1
1321,2016-09-10,2016-09-10,1
1321,2017-01-03,2017-01-04,2
1321,2017-02-18,2017-02-18,1
1321,2017-03-03,2017-03-03,1
1321,2017-06-03,2017-06-03,1
1321,2017-06-15,2017-06-15,1
1321,2017-06-19,2017-06-19,1
1321,2017-07-14,2017-07-14,1
1321,2017-09-30,2017-09-30,1
1321,2018-03-16,2018-03-16,1
1321,2018-03-20,2018-03-20,1
1321,2018-03-29,2018-03-31,3
1321,2018-05-04,2018-05-07,2
1321,2018-07-02,2018-07-02,1
1321,2018-07-16,2018-07-16,1
1321,2018-07-19,2018-07-19,1
1321,2018-08-01,2018-08-01,1
1321,2018-08-06,2018-08-06,1
1321,2018-09-25,2018-09-25,1
1321,2018-10-02,2018-10-02,1
1321,2018-10-17,2018-10-17,1
1321,2018-12-22,2018-12-26,4
1321,2019-01-02,2019-01-02,1
1321,2019-01-07,2019-01-07,1
1321,2019-01-18,2019-01-23,4
1321,2019-01-28,2019-01-28,1
1321,2019-02-14,2019-02-14,1
1321,2019-02-22,2019-02-22,1
1321,2019-02-26,2019-02-26,1
1321,2019-03-08,2019-03-11,2
1321,2019-03-19,2019-03-19,1
1321,2019-03-22,2019-03-25,2
1321,2019-03-27,2019-03-27,1
1321,2019-04-11,2019-04-12,2
1321,2019-04-22,2019-04-22,1
1321,2023-08-30,2023-08-30,1
1323,2012-06-18,2012-06-19,2
1323,2012-06-25,2012-06-25,1
1323,2012-08-08,2012-08-08,1
1323,2012-12-28,2012-12-28,1
1323,2013-01-11,2013-01-11,1
1323,2013-01-31,2013-02-01,2
1323,2013-02-23,2013-02-23,1
1323,2013-03-06,2013-03-06,1
1323,2013-03-26,2013-03-26,1
1323,2013-06-10,2013-06-10,1
1323,2013-06-13,2013-06-13,1
1323,2013-06-18,2013-06-18,1
1323,2014-12-26,2014-12-27,2
1323,2015-10-12,2015-10-12,1
1323,2016-01-30,2016-01-30,1
1323,2016-06-04,2016-06-04,1
1323,2016-09-10,2016-09-10,1
1323,2017-01-09,2017-01-09,1
1323,2017-02-18,2017-02-20,2
1323,2017-02-24,2017-02-24,1
1323,2017-06-03,2017-06-03,1
1323,2017-08-02,2017-08-02,1
1323,2017-09-30,2017-09-30,1
1323,2018-03-31,2018-03-31,1
1323,2018-10-16,2018-10-16,1
1323,2018-10-18,2018-10-18,1
1323,2018-11-08,2018-11-08,1
1323,2018-11-12,2018-11-12,1
1323,2018-12-22,2018-12-22,1
1323,2019-01-02,2019-01-02,1
1323,2019-04-22,2019-04-22,1
1323,2019-08-08,2019-08-08,1
1323,2019-08-14,2019-08-14,1
1323,2019-10-07,2019-10-14,4
1323,2019-10-29,2019-10-29,1
1323,2019-10-31,2019-10-31,1
1323,2019-11-06,2019-11-06,1
1323,2019-12-09,2019-12-11,3
1323,2019-12-25,2019-12-25,1
1323,2020-09-28,2020-09-28,1
1323,2020-10-28,2020-10-28,1
1323,2020-11-06,2020-11-06,1
1323,2022-08-31,2022-08-31,1
1323,2022-11-02,2022-11-03,2
1323,2022-11-10,2022-11-10,1
1323,2022-11-29,2022-11-29,1
1323,2023-03-07,2023-03-07,1
1323,2023-03-15,2023-03-16,2
1323,2023-03-22,2023-03-22,1
1323,2023-03-24,2023-03-24,1
1323,2023-05-31,2023-05-31,1
1323,2023-07-04,2023-07-04,1
1323,2023-08-28,2023-08-28,1
1323,2023-09-11,2023-09-11,1
1323,2023-10-25,2023-10-25,1
1323,2023-10-27,2023-10-31,3
1323,2023-11-06,2023-11-06,1
1323,2023-11-13,2023-11-14,2
1323,2023-12-18,2023-12-18,1
1323,2024-01-04,2024-01-04,1
1323,2024-01-12,2024-01-12,1
1323,2024-03-06,2024-03-06,1
1323,2024-03-14,2024-03-14,1
1323,2024-05-14,2024-05-14,1
1323,2024-07-01,2024-07-02,2
1323,2024-12-26,2024-12-26,1
1323,2025-08-18,2025-08-18,1
1323,2025-11-27,2025-12-01,3
1323,2026-01-06,2026-01-06,1
1324,2012-05-14,2012-05-14,1
1324,2012-05-16,2012-05-16,1
1324,2012-05-21,2012-05-21,1
1324,2012-05-24,2012-05-28,3
1324,2012-06-01,2012-06-01,1
1324,2012-06-06,2012-06-12,5
1324,2012-06-14,2012-06-14,1
1324,2012-06-18,2012-06-21,4
1324,2012-06-26,2012-06-29,4
1324,2012-07-03,2012-07-04,2
1324,2012-07-09,2012-07-16,6
1324,2012-07-20,2012-07-20,1
1324,2012-07-24,2012-07-25,2
1324,2012-07-30,2012-07-30,1
1324,2012-08-01,2012-08-06,3
1324,2012-08-09,2012-08-09,1
1324,2012-08-20,2012-08-20,1
1324,2012-08-22,2012-08-24,3
1324,2012-08-28,2012-08-29,2
1324,2012-08-31,2012-08-31,1
1324,2012-09-07,2012-09-11,3
1324,2012-09-13,2012-09-13,1
1324,2012-09-17,2012-09-17,1
1324,2012-10-02,2012-10-02,1
1324,2012-10-11,2012-10-11,1
1324,2012-10-15,2012-10-16,2
1324,2012-10-18,2012-10-18,1
1324,2012-10-22,2012-10-22,1
1324,2012-10-24,2012-10-25,2
1324,2012-10-31,2012-10-31,1
1324,2012-11-02,2012-11-05,2
1324,2012-11-07,2012-11-07,1
1324,2012-11-19,2012-11-20,2
1324,2012-11-22,2012-11-22,1
1324,2012-12-22,2012-12-22,1
1324,2012-12-27,2013-01-02,3
1324,2013-01-09,2013-01-09,1
1324,2013-01-11,2013-01-11,1
1324,2013-01-16,2013-01-16,1
1324,2013-01-22,2013-01-22,1
1324,2013-01-28,2013-01-28,1
1324,2013-02-01,2013-02-18,5
1324,2013-02-22,2013-02-23,2
1324,2013-03-12,2013-03-15,4
1324,2013-03-25,2013-03-29,5
1324,2013-04-03,2013-04-08,2
1324,2013-04-11,2013-04-11,1
1324,2013-04-19,2013-04-19,1
1324,2013-04-23,2013-04-23,1
1324,2013-04-30,2013-04-30,1
1324,2013-05-03,2013-05-07,3
1324,2013-05-13,2013-05-13,1
1324,2013-05-20,2013-05-21,2
1324,2013-05-27,2013-05-27,1
1324,2013-07-03,2013-07-03,1
1324,2013-07-09,2013-07-10,2
1324,2013-07-12,2013-07-12,1
1324,2013-07-22,2013-07-22,1
1324,2013-08-19,2013-08-19,1
1324,2013-09-13,2013-09-14,2
1324,2013-10-14,2013-10-14,1
1324,2013-11-01,2013-11-01,1
1324,2013-11-15,2013-11-21,5
1324,2013-11-25,2013-11-25,1
1324,2013-11-27,2013-11-27,1
1324,2013-12-11,2013-12-12,2
1324,2013-12-16,2013-12-16,1
1324,2013-12-23,2013-12-24,2
1324,2013-12-26,2013-12-26,1
1324,2013-12-31,2013-12-31,1
1324,2014-01-03,2014-01-03,1
1324,2014-01-16,2014-01-22,5
1324,2014-01-24,2014-01-24,1
1324,2014-02-11,2014-02-11,1
1324,2014-02-13,2014-02-14,2
1324,2014-02-18,2014-02-18,1
1324,2014-02-20,2014-02-20,1
1324,2014-02-24,2014-02-24,1
1324,2014-02-26,2014-02-26,1
1324,2014-03-03,2014-03-04,2
1324,2014-03-10,2014-03-11,2
1324,2014-03-14,2014-03-14,1
1324,2014-03-25,2014-03-26,2
1324,2014-04-02,2014-04-03,2
1324,2014-04-09,2014-04-10,2
1324,2014-04-15,2014-04-15,1
1324,2014-04-18,2014-04-24,5
1324,2014-05-05,2014-05-06,2
1324,2014-05-08,2014-05-08,1
1324,2014-05-12,2014-05-13,2
1324,2014-05-15,2014-05-19,3
1324,2014-05-26,2014-05-26,1
1324,2014-05-30,2014-06-03,2
1324,2014-06-05,2014-06-09,3
1324,2014-06-13,2014-06-13,1
1324,2014-06-20,2014-06-20,1
1324,2014-07-04,2014-07-04,1
1324,2014-07-08,2014-07-08,1
1324,2014-07-21,2014-07-21,1
1324,2014-08-13,2014-08-13,1
1324,2014-08-19,2014-08-21,3
1324,2014-09-03,2014-09-03,1
1324,2014-09-05,2014-09-05,1
1324,2014-09-10,2014-09-16,5
1324,2014-09-19,2014-09-22,2
1324,2014-09-25,2014-09-25,1
1324,2014-09-29,2014-09-29,1
1324,2014-10-30,2014-10-30,1
1324,2014-11-06,2014-11-07,2
1324,2014-11-12,2014-11-13,2
1324,2014-11-17,2014-11-18,2
1324,2014-11-21,2014-11-24,2
1324,2014-11-26,2014-11-27,2
1324,2014-12-05,2014-12-09,3
1324,2014-12-11,2014-12-11,1
1324,2014-12-17,2014-12-18,2
1324,2014-12-26,2014-12-30,4
1324,2015-01-07,2015-01-07,1
1324,2015-01-19,2015-01-19,1
1324,2015-01-23,2015-01-23,1
1324,2015-01-27,2015-01-27,1
1324,2015-01-30,2015-01-30,1
1324,2015-02-04,2015-02-09,4
1324,2015-02-11,2015-02-12,2
1324,2015-02-24,2015-02-26,3
1324,2015-03-04,2015-03-04,1
1324,2015-03-09,2015-03-10,2
1324,2015-03-17,2015-03-17,1
1324,2015-03-23,2015-03-25,3
1324,2015-03-31,2015-04-13,8
1324,2015-05-04,2015-05-04,1
1324,2015-05-13,2015-05-13,1
1324,2015-05-18,2015-05-18,1
1324,2015-06-16,2015-06-16,1
1324,2015-06-25,2015-06-25,1
1324,2015-06-30,2015-07-01,2
1324,2015-07-20,2015-07-21,2
1324,2015-07-29,2015-07-30,2
1324,2015-08-17,2015-08-17,1
1324,2015-08-26,2015-08-26,1
1324,2015-09-07,2015-09-10,4
1324,2015-09-16,2015-09-16,1
1324,2015-09-18,2015-09-18,1
1324,2015-09-24,2015-10-08,9
1324,2015-10-13,2015-10-14,2
1324,2015-10-19,2015-10-20,2
1324,2015-10-22,2015-10-22,1
1324,2015-10-26,2015-10-28,3
1324,2015-11-03,2015-11-03,1
1324,2015-11-05,2015-11-05,1
1324,2015-11-10,2015-11-12,3
1324,2015-11-17,2015-11-18,2
1324,2015-11-23,2015-11-30,6
1324,2015-12-02,2015-12-08,5
1324,2015-12-11,2015-12-16,4
1324,2015-12-21,2015-12-21,1
1324,2015-12-23,2016-01-06,10
1324,2016-01-08,2016-01-28,15
1324,2016-01-30,2016-03-02,16
1324,2016-03-04,2016-03-14,7
1324,2016-03-16,2016-03-16,1
1324,2016-03-18,2016-04-01,11
1324,2016-04-08,2016-04-11,2
1324,2016-04-18,2016-04-20,3
1324,2016-04-22,2016-04-25,2
1324,2016-04-27,2016-04-27,1
1324,2016-05-03,2016-05-13,9
1324,2016-05-17,2016-05-20,4
1324,2016-05-24,2016-05-25,2
1324,2016-05-27,2016-06-17,15
1324,2016-06-21,2016-06-29,7
1324,2016-07-01,2016-07-01,1
1324,2016-07-05,2016-07-19,10
1324,2016-07-26,2016-08-02,6
1324,2016-08-05,2016-08-05,1
1324,2016-08-09,2016-08-10,2
1324,2016-08-24,2016-08-29,4
1324,2016-08-31,2016-09-06,5
1324,2016-09-08,2016-09-12,4
1324,2016-09-20,2016-09-20,1
1324,2016-09-30,2016-10-05,4
1324,2016-10-07,2016-10-07,1
1324,2016-10-12,2016-10-18,5
1324,2016-10-24,2016-11-14,16
1324,2016-11-22,2016-11-22,1
1324,2016-11-30,2016-11-30,1
1324,2016-12-02,2016-12-02,1
1324,2016-12-06,2016-12-09,4
1324,2016-12-13,2016-12-20,6
1324,2016-12-22,2017-01-03,8
1324,2017-01-05,2017-01-17,9
1324,2017-01-19,2017-02-02,5
1324,2017-02-07,2017-02-08,2
1324,2017-02-13,2017-02-15,3
1324,2017-02-17,2017-03-01,8
1324,2017-03-03,2017-03-15,9
1324,2017-03-21,2017-03-22,2
1324,2017-03-29,2017-04-06,5
1324,2017-04-10,2017-04-10,1
1324,2017-04-13,2017-04-21,7
1324,2017-04-25,2017-04-26,2
1324,2017-04-28,2017-05-04,4
1324,2017-05-08,2017-05-15,6
1324,2017-05-17,2017-05-18,2
1324,2017-05-22,2017-06-02,8
1324,2017-06-05,2017-06-20,12
1324,2017-06-23,2017-06-23,1
1324,2017-06-27,2017-06-28,2
1324,2017-06-30,2017-07-03,2
1324,2017-07-06,2017-07-13,6
1324,2017-07-19,2017-07-31,9
1324,2017-08-02,2017-08-04,3
1324,2017-08-10,2017-08-14,3
1324,2017-08-17,2017-08-17,1
1324,2017-08-21,2017-08-22,2
1324,2017-08-25,2017-08-25,1
1324,2017-08-29,2017-09-12,11
1324,2017-09-14,2017-09-14,1
1324,2017-09-18,2017-09-22,5
1324,2017-09-26,2017-09-28,3
1324,2017-09-30,2017-10-02,2
1324,2017-10-05,2017-10-13,5
1324,2017-10-17,2017-10-17,1
1324,2017-10-19,2017-11-14,19
1324,2017-11-16,2017-11-16,1
1324,2017-11-21,2017-11-21,1
1324,2017-11-24,2017-12-20,19
1324,2017-12-22,2017-12-28,5
1324,2018-01-02,2018-01-02,1
1324,2018-01-04,2018-01-05,2
1324,2018-01-09,2018-01-09,1
1324,2018-01-11,2018-01-15,3
1324,2018-01-19,2018-01-22,2
1324,2018-01-26,2018-02-05,7
1324,2018-02-08,2018-02-09,2
1324,2018-02-21,2018-02-22,2
1324,2018-02-26,2018-03-01,3
1324,2018-03-09,2018-03-12,2
1324,2018-03-14,2018-03-20,5
1324,2018-03-22,2018-03-28,5
1324,2018-03-30,2018-03-31,2
1324,2018-04-09,2018-04-10,2
1324,2018-04-12,2018-04-16,3
1324,2018-04-19,2018-04-19,1
1324,2018-05-03,2018-05-03,1
1324,2018-05-07,2018-05-08,2
1324,2018-05-11,2018-05-28,12
1324,2018-05-31,2018-06-19,13
1324,2018-06-26,2018-06-27,2
1324,2018-07-12,2018-07-12,1
1324,2018-07-17,2018-07-17,1
1324,2018-07-25,2018-07-25,1
1324,2018-07-27,2018-07-27,1
1324,2018-08-06,2018-08-06,1
1324,2018-08-10,2018-08-10,1
1324,2018-08-22,2018-08-22,1
1324,2018-08-31,2018-08-31,1
1324,2018-09-04,2018-09-04,1
1324,2018-09-18,2018-09-18,1
1324,2018-09-26,2018-09-26,1
1324,2018-10-01,2018-10-01,1
1324,2018-10-18,2018-10-18,1
1324,2018-11-02,2018-11-02,1
1324,2018-11-19,2018-11-19,1
1324,2018-11-21,2018-11-23,3
1324,2018-12-03,2018-12-03,1
1324,2018-12-17,2018-12-19,3
1324,2018-12-22,2018-12-26,4
1324,2019-01-02,2019-01-02,1
1324,2019-01-18,2019-01-21,2
1324,2019-01-23,2019-01-24,2
1324,2019-02-14,2019-02-15,2
1324,2019-02-21,2019-02-27,5
1324,2019-03-06,2019-03-06,1
1324,2019-03-08,2019-03-12,3
1324,2019-03-14,2019-03-15,2
1324,2019-03-19,2019-03-19,1
1324,2019-03-25,2019-03-26,2
1324,2019-04-02,2019-04-03,2
1324,2019-04-11,2019-04-11,1
1324,2019-04-30,2019-04-30,1
1324,2019-05-20,2019-05-20,1
1324,2019-05-22,2019-05-22,1
1324,2019-05-30,2019-05-30,1
1324,2019-06-03,2019-06-03,1
1324,2019-06-06,2019-06-06,1
1324,2019-06-13,2019-06-13,1
1324,2019-06-17,2019-06-18,2
1324,2019-07-16,2019-07-16,1
1324,2019-07-19,2019-07-19,1
1324,2019-07-29,2019-07-29,1
1324,2019-08-01,2019-08-01,1
1324,2019-08-07,2019-08-07,1
1324,2019-08-20,2019-08-20,1
1324,2019-08-22,2019-08-22,1
1324,2019-08-30,2019-09-06,6
1324,2019-09-10,2019-09-10,1
1324,2019-09-12,2019-09-12,1
1324,2019-09-19,2019-09-24,4
1324,2019-10-01,2019-10-02,2
1324,2019-10-07,2019-10-15,5
1324,2019-10-17,2019-10-18,2
1324,2019-10-22,2019-10-24,3
1324,2019-10-28,2019-11-06,8
1324,2019-11-08,2019-11-19,8
1324,2019-11-22,2019-11-25,2
1324,2019-11-27,2019-11-28,2
1324,2019-12-02,2019-12-17,12
1324,2019-12-19,2019-12-20,2
1324,2019-12-24,2019-12-25,2
1324,2020-01-09,2020-01-10,2
1324,2020-01-15,2020-01-15,1
1324,2020-01-17,2020-01-20,2
1324,2020-02-04,2020-02-04,1
1324,2020-02-11,2020-02-12,2
1324,2020-02-17,2020-02-19,3
1324,2020-02-25,2020-02-25,1
1324,2020-02-27,2020-03-02,2
1324,2020-03-04,2020-03-05,2
1324,2020-03-16,2020-03-16,1
1324,2020-03-23,2020-03-23,1
1324,2020-03-27,2020-03-30,2
1324,2020-04-01,2020-04-06,2
1324,2020-04-10,2020-04-10,1
1324,2020-04-20,2020-04-20,1
1324,2020-04-22,2020-04-22,1
1324,2020-04-24,2020-04-28,3
1324,2020-05-08,2020-05-08,1
1324,2020-05-13,2020-05-13,1
1324,2020-05-18,2020-05-18,1
1324,2020-05-27,2020-05-29,3
1324,2020-06-02,2020-06-02,1
1324,2020-06-05,2020-06-05,1
1324,2020-06-09,2020-06-09,1
1324,2020-06-11,2020-06-11,1
1324,2020-06-17,2020-06-18,2
1324,2020-06-30,2020-06-30,1
1324,2020-07-02,2020-07-02,1
1324,2020-07-07,2020-07-09,3
1324,2020-07-20,2020-07-20,1
1324,2020-07-22,2020-07-22,1
1324,2020-07-29,2020-07-29,1
1324,2020-08-25,2020-08-25,1
1324,2020-08-31,2020-09-02,3
1324,2020-09-11,2020-09-11,1
1324,2020-09-30,2020-09-30,1
1324,2020-10-12,2020-10-13,2
1324,2020-10-21,2020-10-21,1
1324,2020-10-26,2020-10-26,1
1324,2020-11-02,2020-11-02,1
1324,2020-11-20,2020-11-20,1
1324,2020-12-07,2020-12-08,2
1324,2020-12-10,2020-12-10,1
1324,2020-12-14,2020-12-14,1
1324,2020-12-18,2020-12-18,1
1324,2021-01-11,2021-01-11,1
1324,2021-01-21,2021-01-21,1
1324,2021-01-27,2021-01-27,1
1324,2021-03-05,2021-03-05,1
1324,2021-03-10,2021-03-10,1
1324,2021-03-12,2021-03-12,1
1324,2021-03-25,2021-03-25,1
1324,2021-03-30,2021-03-30,1
1324,2021-04-01,2021-04-06,2
1324,2021-06-08,2021-06-08,1
1324,2021-06-11,2021-06-11,1
1324,2021-06-16,2021-06-16,1
1324,2021-06-18,2021-06-18,1
1324,2021-06-22,2021-06-22,1
1324,2021-07-26,2021-07-27,2
1324,2021-08-12,2021-08-12,1
1324,2021-08-16,2021-08-16,1
1324,2021-09-10,2021-09-13,2
1324,2021-09-15,2021-09-15,1
1324,2021-10-08,2021-10-08,1
1324,2021-11-11,2021-11-11,1
1324,2021-11-15,2021-11-16,2
1324,2021-12-03,2021-12-06,2
1324,2021-12-22,2021-12-23,2
1324,2022-02-25,2022-02-25,1
1324,2022-03-21,2022-03-21,1
1324,2022-03-31,2022-03-31,1
1324,2022-04-12,2022-04-12,1
1324,2022-04-15,2022-04-15,1
1324,2022-04-21,2022-04-21,1
1324,2022-04-26,2022-04-26,1
1324,2022-04-28,2022-04-28,1
1324,2022-05-04,2022-05-05,2
1324,2022-05-09,2022-05-09,1
1324,2022-05-11,2022-05-12,2
1324,2022-05-23,2022-05-24,2
1324,2022-06-02,2022-06-02,1
1324,2022-06-09,2022-06-09,1
1324,2022-06-22,2022-06-22,1
1324,2022-07-26,2022-07-27,2
1324,2022-07-29,2022-08-01,2
1324,2022-08-04,2022-08-04,1
1324,2022-09-08,2022-09-08,1
1324,2022-10-03,2022-10-03,1
1324,2022-10-12,2022-10-12,1
1324,2022-11-03,2022-11-04,2
1324,2022-11-25,2022-11-25,1
1324,2022-12-22,2022-12-27,4
1324,2022-12-29,2022-12-30,2
1324,2023-01-04,2023-01-05,2
1324,2023-01-09,2023-01-09,1
1324,2023-01-11,2023-01-11,1
1324,2023-01-13,2023-01-16,2
1324,2023-01-30,2023-01-30,1
1324,2023-02-02,2023-02-02,1
1324,2023-02-06,2023-02-06,1
1324,2023-02-09,2023-02-09,1
1324,2023-02-15,2023-02-20,4
1324,2023-02-24,2023-02-24,1
1324,2023-03-02,2023-03-02,1
1324,2023-03-09,2023-03-09,1
1324,2023-03-14,2023-03-14,1
1324,2023-03-22,2023-03-22,1
1324,2023-03-24,2023-03-24,1
1324,2023-03-28,2023-03-29,2
1324,2023-03-31,2023-04-06,2
1324,2023-04-10,2023-04-10,1
1324,2023-04-12,2023-04-13,2
1324,2023-04-17,2023-04-18,2
1324,2023-04-20,2023-04-24,3
1324,2023-04-26,2023-04-28,3
1324,2023-06-29,2023-06-29,1
1324,2023-07-03,2023-07-04,2
1324,2023-07-14,2023-07-14,1
1324,2023-07-31,2023-07-31,1
1324,2025-01-22,2025-01-22,1
1324,2025-06-12,2025-06-12,1
1324,2025-07-14,2025-07-14,1
1324,2025-12-01,2025-12-01,1
1324,2025-12-08,2025-12-08,1
1324,2026-02-05,2026-02-05,1
1325,2012-05-03,2012-05-03,1
1325,2012-05-10,2012-05-10,1
1325,2012-05-16,2012-05-16,1
1325,2012-05-24,2012-05-28,3
1325,2012-06-05,2012-06-11,5
1325,2012-06-15,2012-06-19,3
1325,2012-06-21,2012-06-21,1
1325,2012-06-26,2012-06-27,2
1325,2012-06-29,2012-07-04,4
1325,2012-07-09,2012-07-09,1
1325,2012-07-11,2012-07-13,3
1325,2012-07-17,2012-07-18,2
1325,2012-07-24,2012-07-30,5
1325,2012-08-01,2012-08-10,7
1325,2012-08-16,2012-08-20,3
1325,2012-08-24,2012-08-27,2
1325,2012-08-31,2012-08-31,1
1325,2012-09-04,2012-09-04,1
1325,2012-09-13,2012-09-13,1
1325,2012-10-11,2012-10-11,1
1325,2012-10-18,2012-10-18,1
1325,2012-10-24,2012-10-25,2
1325,2012-10-30,2012-11-01,3
1325,2012-11-05,2012-11-05,1
1325,2012-11-12,2012-11-12,1
1325,2012-12-10,2012-12-10,1
1325,2012-12-18,2012-12-18,1
1325,2012-12-28,2013-01-02,2
1325,2013-01-10,2013-01-11,2
1325,2013-01-18,2013-01-18,1
1325,2013-01-23,2013-01-23,1
1325,2013-01-31,2013-02-01,2
1325,2013-02-05,2013-02-06,2
1325,2013-02-21,2013-02-23,3
1325,2013-03-06,2013-03-06,1
1325,2013-03-12,2013-03-12,1
1325,2013-03-15,2013-03-15,1
1325,2013-03-27,2013-03-28,2
1325,2013-04-25,2013-04-25,1
1325,2013-05-22,2013-05-22,1
1325,2013-05-27,2013-05-27,1
1325,2013-06-07,2013-06-07,1
1325,2013-06-14,2013-06-14,1
1325,2013-06-27,2013-06-27,1
1325,2013-07-19,2013-07-19,1
1325,2013-09-10,2013-09-12,3
1325,2013-09-14,2013-09-14,1
1325,2013-09-24,2013-10-02,7
1325,2013-11-06,2013-11-06,1
1325,2013-11-13,2013-11-14,2
1325,2013-11-19,2013-11-19,1
1325,2013-11-27,2013-11-27,1
1325,2014-02-11,2014-02-11,1
1325,2014-03-03,2014-03-03,1
1325,2014-03-13,2014-03-13,1
1325,2014-03-17,2014-03-17,1
1325,2014-04-23,2014-04-23,1
1325,2014-05-09,2014-05-09,1
1325,2014-05-19,2014-05-19,1
1325,2014-05-22,2014-05-22,1
1325,2014-06-13,2014-06-13,1
1325,2014-07-02,2014-07-02,1
1325,2014-07-07,2014-07-07,1
1325,2014-07-09,2014-07-09,1
1325,2014-08-18,2014-08-18,1
1325,2014-09-05,2014-09-05,1
1325,2014-11-21,2014-11-24,2
1325,2014-11-26,2014-11-26,1
1325,2014-12-27,2014-12-27,1
1325,2015-01-09,2015-01-09,1
1325,2015-02-05,2015-02-06,2
1325,2015-07-20,2015-07-20,1
1325,2015-10-20,2015-10-21,2
1325,2015-10-28,2015-10-28,1
1325,2015-11-05,2015-11-05,1
1325,2015-11-10,2015-11-10,1
1325,2015-11-13,2015-11-13,1
1325,2015-12-02,2015-12-02,1
1325,2015-12-07,2015-12-08,2
1325,2015-12-16,2015-12-16,1
1325,2015-12-21,2015-12-21,1
1325,2015-12-31,2015-12-31,1
1325,2016-01-13,2016-01-13,1
1325,2016-01-18,2016-01-18,1
1325,2016-01-21,2016-01-21,1
1325,2016-01-27,2016-01-27,1
1325,2016-01-29,2016-02-02,4
1325,2016-02-16,2016-02-22,5
1325,2016-02-25,2016-02-25,1
1325,2016-03-15,2016-03-15,1
1325,2016-03-30,2016-03-30,1
1325,2016-04-14,2016-04-14,1
1325,2016-05-06,2016-05-06,1
1325,2016-05-25,2016-05-26,2
1325,2016-05-30,2016-05-30,1
1325,2016-06-02,2016-06-07,5
1325,2016-06-13,2016-06-14,2
1325,2016-06-17,2016-06-17,1
1325,2016-06-23,2016-06-23,1
1325,2016-06-27,2016-06-27,1
1325,2016-06-30,2016-06-30,1
1325,2016-07-05,2016-07-05,1
1325,2016-07-07,2016-07-07,1
1325,2016-07-15,2016-07-20,4
1325,2016-07-25,2016-07-27,3
1325,2016-08-01,2016-08-02,2
1325,2016-08-09,2016-08-09,1
1325,2016-08-15,2016-08-15,1
1325,2016-08-18,2016-08-18,1
1325,2016-08-23,2016-09-05,10
1325,2016-09-07,2016-09-07,1
1325,2016-09-09,2016-09-10,2
1325,2016-09-13,2016-09-20,4
1325,2016-09-22,2016-09-22,1
1325,2016-09-26,2016-09-30,3
1325,2016-10-05,2016-10-06,2
1325,2016-10-12,2016-10-19,6
1325,2016-10-28,2016-10-31,2
1325,2016-11-04,2016-11-04,1
1325,2016-11-08,2016-11-08,1
1325,2016-11-14,2016-11-14,1
1325,2016-11-16,2016-11-16,1
1325,2016-11-22,2016-11-23,2
1325,2016-12-12,2016-12-13,2
1325,2016-12-16,2016-12-20,3
1325,2016-12-22,2017-01-11,14
1325,2017-01-13,2017-01-17,3
1325,2017-01-20,2017-02-07,7
1325,2017-02-09,2017-02-10,2
1325,2017-02-17,2017-02-20,3
1325,2017-02-22,2017-03-03,6
1325,2017-03-07,2017-03-10,4
1325,2017-03-14,2017-03-15,2
1325,2017-03-17,2017-03-21,3
1325,2017-03-23,2017-03-23,1
1325,2017-03-29,2017-04-25,18
1325,2017-04-27,2017-05-04,5
1325,2017-05-08,2017-05-16,7
1325,2017-05-18,2017-05-23,4
1325,2017-05-26,2017-06-08,9
1325,2017-06-12,2017-06-13,2
1325,2017-06-15,2017-06-16,2
1325,2017-06-20,2017-06-20,1
1325,2017-06-22,2017-06-23,2
1325,2017-06-27,2017-06-27,1
1325,2017-07-04,2017-07-10,5
1325,2017-07-13,2017-07-18,4
1325,2017-07-20,2017-07-25,4
1325,2017-07-27,2017-08-04,7
1325,2017-08-08,2017-08-08,1
1325,2017-08-10,2017-08-10,1
1325,2017-08-14,2017-08-15,2
1325,2017-08-17,2017-08-17,1
1325,2017-08-21,2017-08-21,1
1325,2017-08-23,2017-08-25,3
1325,2017-08-29,2017-08-31,3
1325,2017-09-05,2017-09-22,14
1325,2017-09-26,2017-10-02,6
1325,2017-10-11,2017-11-02,17
1325,2017-11-07,2017-11-07,1
1325,2017-11-09,2017-11-09,1
1325,2017-11-14,2017-11-14,1
1325,2017-11-16,2017-11-16,1
1325,2017-11-20,2017-11-21,2
1325,2017-11-27,2017-12-19,17
1325,2017-12-21,2017-12-28,6
1325,2018-01-02,2018-01-05,4
1325,2018-01-09,2018-01-15,5
1325,2018-01-19,2018-01-22,2
1325,2018-01-26,2018-02-05,7
1325,2018-02-08,2018-02-09,2
1325,2018-02-21,2018-03-12,13
1325,2018-03-14,2018-03-29,12
1325,2018-03-31,2018-04-02,2
1325,2018-04-09,2018-04-17,7
1325,2018-04-19,2018-04-30,8
1325,2018-05-07,2018-05-10,4
1325,2018-05-14,2018-05-15,2
1325,2018-05-17,2018-05-22,4
1325,2018-05-24,2018-05-29,4
1325,2018-05-31,2018-06-04,3
1325,2018-06-06,2018-06-06,1
1325,2018-06-08,2018-06-19,7
1325,2018-06-22,2018-06-25,2
1325,2018-06-27,2018-06-27,1
1325,2018-06-29,2018-06-29,1
1325,2018-07-03,2018-07-03,1
1325,2018-07-05,2018-07-05,1
1325,2018-07-10,2018-07-17,6
1325,2018-07-19,2018-07-25,5
1325,2018-07-27,2018-07-31,3
1325,2018-08-08,2018-08-16,7
1325,2018-08-23,2018-08-28,4
1325,2018-08-31,2018-08-31,1
1325,2018-09-04,2018-09-05,2
1325,2018-09-11,2018-09-12,2
1325,2018-09-14,2018-09-18,3
1325,2018-09-20,2018-09-27,5
1325,2018-10-01,2018-10-03,3
1325,2018-10-08,2018-10-08,1
1325,2018-10-16,2018-10-29,10
1325,2018-10-31,2018-11-01,2
1325,2018-11-06,2018-11-09,4
1325,2018-11-14,2018-11-15,2
1325,2018-11-19,2018-11-23,5
1325,2018-12-03,2018-12-03,1
1325,2018-12-11,2018-12-12,2
1325,2018-12-14,2018-12-17,2
1325,2018-12-21,2018-12-24,3
1325,2018-12-27,2019-01-03,4
1325,2019-01-07,2019-01-07,1
1325,2019-01-18,2019-01-21,2
1325,2019-01-23,2019-01-25,3
1325,2019-01-29,2019-01-30,2
1325,2019-02-12,2019-02-12,1
1325,2019-02-18,2019-02-19,2
1325,2019-02-22,2019-02-27,4
1325,2019-03-06,2019-03-06,1
1325,2019-03-08,2019-03-11,2
1325,2019-03-13,2019-03-13,1
1325,2019-03-19,2019-03-19,1
1325,2019-03-22,2019-03-28,5
1325,2019-04-01,2019-04-11,7
1325,2019-04-15,2019-04-16,2
1325,2019-04-19,2019-04-23,3
1325,2019-04-25,2019-04-26,2
1325,2019-04-30,2019-05-03,3
1325,2019-05-08,2019-05-09,2
1325,2019-05-15,2019-05-15,1
1325,2019-05-20,2019-05-20,1
1325,2019-05-22,2019-05-23,2
1325,2019-05-31,2019-06-04,3
1325,2019-06-10,2019-06-18,7
1325,2019-06-25,2019-06-28,4
1325,2019-07-03,2019-07-09,5
1325,2019-07-12,2019-07-12,1
1325,2019-07-16,2019-07-16,1
1325,2019-07-18,2019-07-18,1
1325,2019-07-22,2019-07-22,1
1325,2019-07-31,2019-07-31,1
1325,2019-08-08,2019-08-08,1
1325,2019-08-20,2019-08-20,1
1325,2019-08-22,2019-08-22,1
1325,2019-08-28,2019-08-28,1
1325,2019-08-30,2019-09-04,4
1325,2019-09-06,2019-09-10,3
1325,2019-09-12,2019-09-17,3
1325,2019-09-19,2019-09-26,6
1325,2019-10-01,2019-10-03,3
1325,2019-10-07,2019-10-15,5
1325,2019-10-17,2019-10-17,1
1325,2019-10-21,2019-10-21,1
1325,2019-10-23,2019-10-28,4
1325,2019-10-30,2019-11-15,13
1325,2019-11-19,2019-11-19,1
1325,2019-11-25,2019-11-26,2
1325,2019-12-03,2019-12-11,7
1325,2019-12-13,2019-12-17,3
1325,2019-12-23,2019-12-25,3
1325,2019-12-30,2019-12-30,1
1325,2020-01-31,2020-01-31,1
1325,2020-02-18,2020-02-18,1
1325,2020-02-21,2020-02-21,1
1325,2023-11-10,2023-11-10,1
1325,2023-11-27,2023-11-27,1
1337,2016-01-30,2016-01-30,1
1337,2016-06-04,2016-06-04,1
1337,2016-09-10,2016-09-10,1
1337,2017-02-18,2017-02-18,1
1337,2017-06-03,2017-06-03,1
1337,2017-09-30,2017-09-30,1
1337,2017-12-14,2017-12-14,1
1337,2018-03-31,2018-03-31,1
1337,2025-04-07,2025-04-07,1
1338,2012-05-02,2012-05-07,4
1338,2012-05-09,2012-05-11,3
1338,2012-05-15,2012-05-28,10
1338,2012-05-30,2012-05-30,1
1338,2012-06-01,2012-06-14,10
1338,2012-06-18,2012-07-13,20
1338,2012-07-17,2012-08-01,12
1338,2012-08-06,2012-09-13,29
1338,2012-09-20,2012-09-20,1
1338,2012-09-25,2012-10-05,9
1338,2012-10-11,2012-12-04,39
1338,2012-12-06,2012-12-17,8
1338,2012-12-20,2012-12-20,1
1338,2012-12-27,2012-12-28,2
1338,2013-01-07,2013-01-08,2
1338,2013-01-10,2013-01-11,2
1338,2013-01-16,2013-01-16,1
1338,2013-01-18,2013-01-21,2
1338,2013-01-30,2013-01-30,1
1338,2013-02-21,2013-02-21,1
1338,2013-02-23,2013-02-23,1
1338,2013-03-12,2013-03-12,1
1338,2013-03-21,2013-03-26,4
1338,2013-03-28,2013-03-28,1
1338,2013-04-12,2013-04-12,1
1338,2013-04-18,2013-04-18,1
1338,2013-04-26,2013-04-29,2
1338,2013-05-07,2013-05-07,1
1338,2013-05-13,2013-05-13,1
1338,2013-05-21,2013-05-22,2
1338,2013-06-05,2013-06-05,1
1338,2013-06-07,2013-06-07,1
1338,2013-06-13,2013-06-13,1
1338,2013-06-19,2013-06-20,2
1338,2013-06-24,2013-06-24,1
1338,2013-06-26,2013-06-26,1
1338,2013-06-28,2013-06-28,1
1338,2013-07-03,2013-07-04,2
1338,2013-07-22,2013-07-22,1
1338,2013-09-05,2013-09-05,1
1338,2013-09-14,2013-09-14,1
1338,2018-12-22,2018-12-22,1
1338,2025-04-07,2025-04-07,1
1338,2025-11-04,2025-11-04,1
1338,2025-11-27,2025-11-27,1
1339,2012-05-02,2012-05-08,5
1339,2012-05-10,2012-05-15,4
1339,2012-05-17,2012-06-07,16
1339,2012-06-11,2012-06-13,3
1339,2012-06-15,2012-06-18,2
1339,2012-06-20,2012-06-20,1
1339,2012-06-25,2012-06-26,2
1339,2012-06-28,2012-06-28,1
1339,2012-07-02,2012-07-05,4
1339,2012-07-09,2012-07-09,1
1339,2012-07-13,2012-07-19,5
1339,2012-07-23,2012-07-24,2
1339,2012-07-27,2012-07-31,3
1339,2012-08-03,2012-08-03,1
1339,2012-08-08,2012-08-08,1
1339,2012-08-13,2012-08-13,1
1339,2012-08-17,2012-08-20,2
1339,2012-08-22,2012-09-06,12
1339,2012-09-11,2012-09-13,3
1339,2012-09-17,2012-09-17,1
1339,2012-09-19,2012-09-19,1
1339,2012-09-24,2012-09-24,1
1339,2012-09-26,2012-09-26,1
1339,2012-10-01,2012-10-01,1
1339,2012-10-04,2012-10-08,3
1339,2012-10-11,2012-10-16,4
1339,2012-10-18,2012-10-25,6
1339,2012-10-29,2012-11-12,11
1339,2012-11-14,2012-11-15,2
1339,2012-11-19,2012-11-22,4
1339,2012-12-10,2012-12-10,1
1339,2012-12-17,2012-12-17,1
1339,2012-12-22,2012-12-24,2
1339,2013-01-03,2013-01-03,1
1339,2013-01-09,2013-01-09,1
1339,2013-01-11,2013-01-11,1
1339,2013-01-18,2013-01-23,4
1339,2013-01-28,2013-01-29,2
1339,2013-01-31,2013-02-01,2
1339,2013-02-22,2013-02-23,2
1339,2013-02-27,2013-02-27,1
1339,2013-03-08,2013-03-13,4
1339,2013-03-15,2013-03-15,1
1339,2013-03-21,2013-03-21,1
1339,2013-03-25,2013-03-29,5
1339,2013-04-02,2013-04-08,3
1339,2013-04-11,2013-04-15,3
1339,2013-05-20,2013-05-20,1
1339,2013-05-22,2013-05-22,1
1339,2013-05-24,2013-05-27,2
1339,2013-05-29,2013-05-30,2
1339,2013-06-03,2013-06-06,4
1339,2013-06-13,2013-06-14,2
1339,2013-06-18,2013-06-18,1
1339,2013-06-24,2013-06-25,2
1339,2013-07-01,2013-07-02,2
1339,2013-07-26,2013-07-26,1
1339,2013-08-15,2013-08-15,1
1339,2013-09-03,2013-09-03,1
1339,2013-09-09,2013-09-09,1
1339,2013-09-13,2013-09-14,2
1339,2013-09-23,2013-09-23,1
1339,2013-09-30,2013-10-01,2
1339,2013-10-08,2013-10-09,2
1339,2013-10-21,2013-10-22,2
1339,2013-10-24,2013-10-25,2
1339,2013-11-15,2013-11-15,1
1339,2013-11-25,2013-11-25,1
1339,2013-12-24,2013-12-24,1
1339,2013-12-26,2013-12-26,1
1339,2014-01-08,2014-01-08,1
1339,2014-01-24,2014-01-24,1
1339,2014-02-13,2014-02-13,1
1339,2014-03-17,2014-03-18,2
1339,2014-04-03,2014-04-03,1
1339,2014-04-08,2014-04-08,1
1339,2014-04-14,2014-04-15,2
1339,2014-12-27,2014-12-27,1
1339,2016-06-04,2016-06-04,1
1339,2016-09-10,2016-09-10,1
1339,2016-10-24,2016-10-24,1
1339,2016-11-23,2016-11-23,1
1339,2016-11-25,2016-11-30,4
1339,2016-12-09,2016-12-09,1
1339,2016-12-14,2016-12-15,2
1339,2017-01-12,2017-01-12,1
1339,2017-02-07,2017-02-07,1
1339,2017-02-18,2017-02-18,1
1339,2017-03-07,2017-03-08,2
1339,2017-03-13,2017-03-15,3
1339,2017-06-03,2017-06-03,1
1339,2017-12-27,2017-12-27,1
1339,2018-03-09,2018-03-09,1
1339,2018-03-21,2018-03-21,1
1339,2018-03-31,2018-03-31,1
1339,2018-04-20,2018-04-24,3
1339,2018-04-26,2018-05-02,4
1339,2018-05-04,2018-05-07,2
1339,2018-05-14,2018-05-14,1
1339,2018-05-16,2018-05-17,2
1339,2018-05-24,2018-05-25,2
1339,2018-06-05,2018-06-05,1
1339,2018-06-08,2018-06-08,1
1339,2018-07-25,2018-07-25,1
1339,2018-07-27,2018-07-27,1
1339,2018-08-06,2018-08-06,1
1339,2018-08-24,2018-08-24,1
1339,2018-11-23,2018-11-23,1
1339,2018-12-17,2018-12-17,1
1339,2018-12-22,2018-12-24,2
1339,2019-01-03,2019-01-03,1
1339,2019-01-18,2019-01-18,1
1339,2019-01-22,2019-01-24,3
1339,2019-01-28,2019-02-11,4
1339,2019-02-13,2019-02-15,3
1339,2019-02-19,2019-02-19,1
1339,2019-03-04,2019-03-07,4
1339,2019-03-26,2019-03-26,1
1339,2019-04-11,2019-04-15,3
1339,2019-04-22,2019-04-22,1
1339,2019-04-25,2019-04-25,1
1339,2019-04-30,2019-04-30,1
1339,2019-05-03,2019-05-03,1
1339,2019-05-08,2019-05-08,1
1339,2019-05-10,2019-05-13,2
1339,2019-05-17,2019-05-17,1
1339,2019-05-23,2019-05-24,2
1339,2019-06-04,2019-06-04,1
1339,2019-06-10,2019-06-10,1
1339,2019-06-12,2019-06-13,2
1339,2019-06-17,2019-06-17,1
1339,2019-06-25,2019-06-25,1
1339,2019-06-28,2019-06-28,1
1339,2019-07-03,2019-07-04,2
1339,2019-07-12,2019-07-12,1
1339,2019-07-22,2019-07-22,1
1339,2019-08-08,2019-08-08,1
1339,2019-08-13,2019-08-14,2
1339,2021-12-06,2021-12-06,1
1339,2022-01-05,2022-01-05,1
1339,2022-01-07,2022-01-07,1
1339,2022-03-14,2022-03-14,1
1339,2022-03-18,2022-03-18,1
1339,2025-04-07,2025-04-07,1
1340,2013-12-06,2013-12-18,9
1340,2013-12-20,2013-12-31,8
1340,2014-01-08,2014-01-08,1
1340,2014-01-10,2014-01-13,2
1340,2014-02-10,2014-02-10,1
1340,2014-02-13,2014-02-17,3
1340,2014-02-21,2014-02-21,1
1340,2017-02-18,2017-02-18,1
1340,2017-09-30,2017-09-30,1
1340,2019-10-30,2019-10-30,1
1340,2019-12-19,2019-12-19,1
1340,2020-01-15,2020-01-15,1
1340,2025-04-07,2025-04-07,1
1341,2018-12-24,2018-12-27,4
1341,2019-01-03,2019-01-21,13
1341,2019-01-23,2019-01-29,5
1341,2019-02-11,2019-02-12,2
1341,2019-02-14,2019-02-19,4
1341,2019-02-25,2019-02-26,2
1341,2019-03-04,2019-03-04,1
1341,2019-03-06,2019-03-06,1
1341,2019-03-11,2019-03-15,5
1341,2019-03-19,2019-03-19,1
1341,2019-03-22,2019-03-25,2
1341,2019-03-28,2019-03-28,1
1341,2019-04-01,2019-04-03,3
1341,2019-04-09,2019-04-09,1
1341,2019-04-12,2019-04-16,3
1341,2019-04-18,2019-04-18,1
1341,2019-04-22,2019-04-26,5
1341,2019-04-30,2019-05-13,9
1341,2019-05-15,2019-05-20,4
1341,2019-05-22,2019-05-24,3
1341,2019-05-29,2019-05-30,2
1341,2019-06-03,2019-06-04,2
1341,2019-06-06,2019-06-11,3
1341,2019-06-13,2019-06-18,4
1341,2019-06-21,2019-06-21,1
1341,2019-06-25,2019-06-26,2
1341,2019-06-28,2019-07-01,2
1341,2019-07-04,2019-07-08,3
1341,2019-07-10,2019-07-16,5
1341,2019-07-18,2019-07-18,1
1341,2019-07-22,2019-07-22,1
1341,2019-07-25,2019-08-02,7
1341,2019-08-06,2019-08-06,1
1341,2019-08-08,2019-08-16,6
1341,2019-08-20,2019-08-20,1
1341,2019-08-22,2019-09-17,18
1341,2019-09-19,2019-09-19,1
1341,2019-09-23,2019-09-23,1
1341,2019-09-26,2019-09-26,1
1341,2019-10-01,2019-10-03,3
1341,2019-10-07,2019-10-09,3
1341,2019-10-15,2019-10-15,1
1341,2019-10-17,2019-11-12,19
1341,2019-11-14,2019-11-18,3
1341,2019-11-22,2019-11-28,5
1341,2019-12-02,2019-12-04,3
1341,2019-12-06,2019-12-09,2
1341,2019-12-12,2019-12-26,11
1341,2019-12-30,2020-01-03,4
1341,2020-01-09,2020-01-10,2
1341,2020-01-14,2020-01-15,2
1341,2020-01-17,2020-01-20,2
1341,2020-01-31,2020-02-06,5
1341,2020-02-10,2020-03-05,18
1341,2020-03-10,2020-03-11,2
1341,2020-03-16,2020-03-16,1
1341,2020-03-26,2020-04-10,10
1341,2020-04-20,2020-04-20,1
1341,2020-04-22,2020-04-22,1
1341,2020-04-24,2020-04-29,4
1341,2020-05-05,2020-05-05,1
1341,2020-05-11,2020-05-13,3
1341,2020-05-15,2020-05-21,5
1341,2020-05-27,2020-05-29,3
1341,2020-06-02,2020-06-09,6
1341,2020-06-11,2020-06-11,1
1341,2020-06-18,2020-06-18,1
1341,2020-06-24,2020-06-24,1
1341,2020-07-03,2020-07-03,1
1341,2020-07-08,2020-07-10,3
1341,2020-07-14,2020-07-14,1
1341,2020-07-16,2020-07-16,1
1341,2020-07-20,2020-07-20,1
1341,2020-07-22,2020-07-23,2
1341,2020-07-28,2020-07-29,2
1341,2020-08-03,2020-08-03,1
1341,2020-08-07,2020-08-10,2
1341,2020-08-12,2020-08-14,3
1341,2020-08-18,2020-08-24,5
1341,2020-08-26,2020-09-11,13
1341,2020-09-15,2020-09-18,4
1341,2020-09-22,2020-09-23,2
1341,2020-09-28,2020-09-28,1
1341,2020-09-30,2020-09-30,1
1341,2020-10-12,2020-10-19,6
1341,2020-10-22,2020-10-26,3
1341,2020-10-28,2020-11-06,8
1341,2020-11-12,2020-11-13,2
1341,2020-11-19,2020-11-20,2
1341,2020-11-24,2020-11-25,2
1341,2020-11-30,2020-12-03,4
1341,2020-12-07,2020-12-16,8
1341,2020-12-18,2020-12-18,1
1341,2020-12-22,2020-12-22,1
1341,2020-12-25,2020-12-28,2
1341,2021-01-06,2021-01-08,3
1341,2021-01-12,2021-01-12,1
1341,2021-01-18,2021-01-19,2
1341,2021-01-21,2021-01-22,2
1341,2021-01-27,2021-01-27,1
1341,2021-02-01,2021-02-01,1
1341,2021-02-03,2021-02-03,1
1341,2021-02-17,2021-02-17,1
1341,2021-02-22,2021-02-22,1
1341,2021-02-25,2021-02-25,1
1341,2021-03-08,2021-03-10,3
1341,2021-03-12,2021-03-16,3
1341,2021-03-18,2021-03-18,1
1341,2021-03-24,2021-03-25,2
1341,2021-04-06,2021-04-09,4
1341,2021-05-03,2021-05-04,2
1341,2021-05-06,2021-05-06,1
1341,2021-05-10,2021-05-10,1
1341,2021-05-20,2021-05-20,1
1341,2021-05-24,2021-05-25,2
1341,2021-05-28,2021-05-28,1
1341,2021-06-08,2021-06-08,1
1341,2021-06-10,2021-06-10,1
1341,2021-06-15,2021-06-15,1
1341,2021-06-17,2021-06-17,1
1341,2021-06-24,2021-06-24,1
1341,2021-06-29,2021-06-29,1
1341,2021-07-15,2021-07-15,1
1341,2021-08-10,2021-08-10,1
1341,2021-08-12,2021-08-12,1
1341,2021-08-27,2021-08-27,1
1341,2021-09-02,2021-09-02,1
1341,2021-09-08,2021-09-08,1
1341,2021-10-07,2021-10-07,1
1341,2021-10-25,2021-10-25,1
1341,2021-10-27,2021-10-28,2
1341,2021-11-02,2021-11-12,9
1341,2021-11-16,2021-11-17,2
1341,2021-11-23,2021-11-23,1
1341,2021-11-25,2021-11-30,4
1341,2021-12-02,2021-12-06,3
1341,2021-12-09,2021-12-14,4
1341,2021-12-16,2021-12-21,4
1341,2021-12-23,2021-12-23,1
1341,2021-12-28,2021-12-29,2
1341,2022-01-05,2022-01-10,4
1341,2022-01-12,2022-01-14,3
1341,2022-01-19,2022-01-19,1
1341,2022-01-25,2022-02-07,3
1341,2022-02-17,2022-02-21,3
1341,2022-02-23,2022-02-24,2
1341,2022-03-02,2022-03-04,3
1341,2022-03-10,2022-03-10,1
1341,2022-03-14,2022-03-15,2
1341,2022-03-23,2022-03-23,1
1341,2022-03-29,2022-03-29,1
1341,2022-03-31,2022-03-31,1
1341,2022-04-12,2022-04-12,1
1341,2022-04-15,2022-04-15,1
1341,2022-04-19,2022-04-19,1
1341,2022-04-21,2022-04-22,2
1341,2022-04-26,2022-04-28,3
1341,2022-05-03,2022-05-05,3
1341,2022-05-09,2022-05-09,1
1341,2022-05-11,2022-05-11,1
1341,2022-05-16,2022-05-16,1
1341,2022-05-19,2022-05-19,1
1341,2022-05-24,2022-05-24,1
1341,2022-05-27,2022-05-27,1
1341,2022-06-01,2022-06-01,1
1341,2022-06-06,2022-06-09,4
1341,2022-06-23,2022-06-23,1
1341,2022-06-29,2022-06-29,1
1341,2022-07-08,2022-07-08,1
1341,2022-07-13,2022-07-14,2
1341,2022-07-19,2022-07-19,1
1341,2022-07-22,2022-07-22,1
1341,2022-07-27,2022-07-27,1
1341,2022-07-29,2022-07-29,1
1341,2022-08-02,2022-08-02,1
1341,2022-08-05,2022-08-08,2
1341,2022-08-11,2022-08-12,2
1341,2022-08-16,2022-08-16,1
1341,2022-08-18,2022-08-22,3
1341,2022-08-24,2022-08-25,2
1341,2022-08-31,2022-08-31,1
1341,2022-09-06,2022-09-08,3
1341,2022-09-23,2022-09-29,5
1341,2022-10-06,2022-10-06,1
1341,2022-10-11,2022-10-12,2
1341,2022-10-17,2022-10-17,1
1341,2022-11-03,2022-11-04,2
1341,2022-11-15,2022-11-15,1
1341,2022-12-22,2022-12-22,1
1341,2022-12-28,2022-12-28,1
1341,2023-01-04,2023-01-04,1
1341,2023-02-17,2023-02-22,4
1341,2023-03-03,2023-03-03,1
1341,2023-03-07,2023-03-07,1
1341,2023-03-15,2023-03-16,2
1341,2023-03-22,2023-03-22,1
1341,2023-04-06,2023-04-07,2
1341,2023-04-12,2023-04-12,1
1341,2023-04-18,2023-04-18,1
1341,2023-04-20,2023-04-20,1
1341,2023-04-24,2023-04-24,1
1341,2023-04-26,2023-04-26,1
1341,2023-04-28,2023-05-02,2
1341,2023-05-04,2023-05-05,2
1341,2023-05-10,2023-05-10,1
1341,2023-05-22,2023-05-23,2
1341,2023-05-25,2023-06-01,6
1341,2023-06-13,2023-06-14,2
1341,2023-06-19,2023-06-20,2
1341,2023-06-26,2023-06-26,1
1341,2023-06-29,2023-06-29,1
1341,2023-07-03,2023-07-04,2
1341,2023-07-07,2023-07-07,1
1341,2023-07-12,2023-07-12,1
1341,2023-07-14,2023-07-17,2
1341,2023-08-04,2023-08-04,1
1341,2023-08-14,2023-08-14,1
1341,2023-08-21,2023-08-21,1
1341,2023-08-23,2023-08-25,3
1341,2023-08-30,2023-08-30,1
1341,2023-09-04,2023-09-05,2
1341,2023-09-11,2023-09-15,5
1341,2023-09-20,2023-09-20,1
1341,2023-10-02,2023-10-03,2
1341,2023-10-06,2023-10-06,1
1341,2023-10-16,2023-10-16,1
1341,2023-10-19,2023-10-20,2
1341,2023-10-26,2023-10-26,1
1341,2023-11-06,2023-11-10,5
1341,2023-11-14,2023-11-14,1
1341,2023-11-27,2023-11-27,1
1341,2023-11-29,2023-11-29,1
1341,2023-12-18,2023-12-18,1
1341,2023-12-20,2023-12-20,1
1341,2023-12-22,2023-12-22,1
1341,2024-01-03,2024-01-05,3
1341,2024-01-12,2024-01-12,1
1341,2024-01-22,2024-01-22,1
1341,2024-01-25,2024-01-26,2
1341,2024-03-06,2024-03-06,1
1341,2024-03-18,2024-03-18,1
1341,2024-03-25,2024-03-25,1
1341,2024-04-01,2024-04-01,1
1341,2024-04-17,2024-04-17,1
1341,2024-05-02,2024-05-02,1
1341,2024-05-22,2024-05-22,1
1341,2024-05-31,2024-05-31,1
1341,2024-06-06,2024-06-07,2
1341,2024-06-14,2024-06-17,2
1341,2024-07-05,2024-07-08,2
1341,2024-07-15,2024-07-15,1
1341,2024-08-08,2024-08-08,1
1341,2024-08-19,2024-08-19,1
1341,2024-08-22,2024-08-22,1
1341,2024-08-27,2024-08-28,2
1341,2024-09-10,2024-09-10,1
1341,2024-09-16,2024-09-16,1
1341,2024-10-01,2024-10-04,2
1341,2024-10-09,2024-10-09,1
1341,2024-10-14,2024-10-15,2
1341,2024-10-17,2024-10-17,1
1341,2024-10-22,2024-10-23,2
1341,2024-10-25,2024-10-25,1
1341,2024-11-04,2024-11-11,6
1341,2024-11-18,2024-11-19,2
1341,2024-11-26,2024-11-27,2
1341,2024-12-02,2024-12-03,2
1341,2024-12-05,2024-12-10,4
1341,2024-12-16,2024-12-17,2
1341,2024-12-23,2024-12-24,2
1341,2024-12-26,2024-12-30,3
1341,2025-01-03,2025-01-03,1
1341,2025-01-10,2025-01-10,1
1341,2025-01-16,2025-02-04,7
1341,2025-02-06,2025-02-06,1
1341,2025-02-10,2025-02-10,1
1341,2025-02-12,2025-02-12,1
1341,2025-02-14,2025-02-24,7
1341,2025-02-26,2025-02-27,2
1341,2025-03-04,2025-03-06,3
1341,2025-03-18,2025-03-19,2
1341,2025-03-24,2025-03-24,1
1341,2025-04-22,2025-04-22,1
1341,2025-04-24,2025-04-24,1
1341,2025-04-28,2025-04-29,2
1341,2025-05-28,2025-05-29,2
1341,2025-06-05,2025-06-09,3
1341,2025-06-13,2025-06-13,1
1341,2025-06-25,2025-06-25,1
1341,2025-07-03,2025-07-03,1
1341,2025-07-07,2025-07-10,4
1341,2025-07-14,2025-07-23,8
1341,2025-07-25,2025-07-25,1
1341,2025-07-29,2025-07-31,3
1341,2025-08-04,2025-08-04,1
1341,2025-08-11,2025-08-11,1
1341,2025-08-13,2025-08-13,1
1341,2025-08-15,2025-08-18,2
1341,2025-08-25,2025-08-26,2
1341,2025-08-29,2025-08-29,1
1341,2025-09-02,2025-09-08,5
1341,2025-09-18,2025-09-18,1
1341,2025-09-30,2025-10-03,4
1341,2025-10-09,2025-10-13,2
1341,2025-10-23,2025-10-23,1
1341,2025-11-04,2025-11-10,5
1341,2025-11-12,2025-11-12,1
1341,2025-11-14,2025-11-14,1
1341,2025-11-20,2025-11-20,1
1341,2025-11-25,2025-12-01,5
1341,2025-12-03,2025-12-12,8
1341,2025-12-17,2025-12-17,1
1341,2025-12-19,2025-12-19,1
1341,2025-12-23,2025-12-23,1
1341,2025-12-29,2025-12-29,1
1341,2026-01-06,2026-01-06,1
1341,2026-01-08,2026-01-14,5
1341,2026-01-16,2026-01-19,2
1341,2026-01-23,2026-01-26,2
1341,2026-01-29,2026-02-02,3
1341,2026-02-04,2026-02-05,2
1341,2026-02-09,2026-02-09,1
1341,2026-03-24,2026-03-27,4
1341,2026-03-31,2026-03-31,1
1341,2026-04-02,2026-04-07,2
1341,2026-04-22,2026-04-22,1
1341,2026-04-28,2026-04-28,1
1341,2026-05-18,2026-05-18,1
1341,2026-05-25,2026-05-25,1
1341,2026-05-28,2026-05-28,1
1341,2026-06-12,2026-06-12,1
1341,2026-07-01,2026-07-02,2
1342,2019-10-07,2019-12-16,49
1342,2019-12-18,2019-12-26,7
1342,2019-12-30,2020-02-25,34
1342,2020-02-27,2020-02-27,1
1342,2020-03-04,2020-03-11,6
1342,2020-03-13,2020-03-31,13
1342,2020-04-06,2020-04-08,3
1342,2020-04-13,2020-06-23,51
1342,2020-06-29,2020-07-21,17
1342,2020-07-23,2020-08-07,12
1342,2020-08-11,2020-08-21,9
1342,2020-08-25,2020-10-20,38
1342,2020-10-22,2020-10-23,2
1342,2020-10-27,2020-11-24,21
1342,2020-11-26,2020-11-27,2
1342,2020-12-08,2020-12-08,1
1342,2020-12-10,2020-12-10,1
1342,2021-01-05,2021-01-05,1
1342,2021-01-07,2021-01-07,1
1342,2021-03-10,2021-03-10,1
1342,2021-03-16,2021-03-16,1
1342,2021-04-01,2021-04-01,1
1342,2021-04-07,2021-04-07,1
1342,2021-05-24,2021-05-24,1
1342,2021-07-16,2021-07-16,1
1342,2021-07-20,2021-07-20,1
1342,2021-07-30,2021-08-05,5
1342,2021-08-30,2021-08-30,1
1342,2021-09-06,2021-09-07,2
1342,2021-09-16,2021-09-16,1
1342,2021-09-30,2021-09-30,1
1342,2021-11-02,2021-11-02,1
1342,2021-11-04,2021-11-08,3
1342,2022-08-12,2022-08-12,1
1409,2016-06-04,2016-06-04,1
1409,2017-02-18,2017-02-18,1
1409,2017-06-03,2017-06-03,1
1409,2017-09-30,2017-09-30,1
1410,2012-05-03,2012-05-03,1
1410,2012-05-10,2012-05-10,1
1410,2012-05-21,2012-05-21,1
1410,2012-05-25,2012-05-28,2
1410,2012-06-01,2012-06-01,1
1410,2012-06-11,2012-06-11,1
1410,2012-06-19,2012-06-19,1
1410,2012-06-22,2012-06-29,6
1410,2012-07-03,2012-07-03,1
1410,2012-07-11,2012-07-11,1
1410,2012-07-19,2012-07-19,1
1410,2012-07-23,2012-07-23,1
1410,2012-07-25,2012-07-25,1
1410,2012-08-01,2012-08-01,1
1410,2012-08-17,2012-08-17,1
1410,2012-08-29,2012-08-30,2
1410,2012-09-19,2012-09-19,1
1410,2013-01-02,2013-01-02,1
1410,2013-02-06,2013-02-06,1
1410,2013-02-21,2013-02-23,3
1410,2013-03-21,2013-03-22,2
1410,2013-04-12,2013-04-12,1
1410,2013-06-10,2013-06-10,1
1410,2013-06-18,2013-06-19,2
1410,2013-07-25,2013-07-25,1
1410,2013-09-14,2013-09-14,1
1410,2013-12-03,2013-12-03,1
1410,2014-01-20,2014-01-22,3
1410,2014-03-26,2014-03-26,1
1410,2014-04-21,2014-04-21,1
1410,2014-05-06,2014-05-08,3
1410,2014-05-15,2014-05-15,1
1410,2014-05-20,2014-05-21,2
1410,2014-06-03,2014-06-03,1
1410,2014-06-09,2014-06-09,1
1410,2014-08-21,2014-08-21,1
1410,2014-10-21,2014-10-21,1
1410,2014-11-03,2014-11-05,3
1410,2014-11-10,2014-11-11,2
1410,2014-11-13,2014-11-17,3
1410,2014-11-21,2014-11-21,1
1410,2014-11-25,2014-11-27,3
1410,2014-12-10,2014-12-11,2
1410,2014-12-24,2014-12-25,2
1410,2014-12-27,2014-12-30,3
1410,2015-01-06,2015-01-07,2
1410,2015-01-09,2015-01-12,2
1410,2015-01-27,2015-01-28,2
1410,2015-01-30,2015-01-30,1
1410,2015-02-03,2015-02-04,2
1410,2015-02-06,2015-02-09,2
1410,2015-02-11,2015-02-11,1
1410,2015-02-24,2015-02-25,2
1410,2015-03-02,2015-03-03,2
1410,2015-03-06,2015-03-06,1
1410,2015-03-17,2015-03-17,1
1410,2015-03-23,2015-03-25,3
1410,2015-03-31,2015-04-14,9
1410,2015-04-20,2015-04-20,1
1410,2015-06-30,2015-06-30,1
1410,2015-07-06,2015-07-06,1
1410,2015-07-21,2015-07-21,1
1410,2015-08-06,2015-08-10,3
1410,2015-08-21,2015-08-21,1
1410,2015-08-31,2015-08-31,1
1410,2015-09-08,2015-09-08,1
1410,2015-09-10,2015-09-10,1
1410,2015-09-18,2015-09-18,1
1410,2015-09-25,2015-10-02,4
1410,2015-10-07,2015-10-12,3
1410,2015-10-14,2015-10-16,3
1410,2015-10-23,2015-10-23,1
1410,2015-11-09,2015-11-10,2
1410,2015-11-16,2015-11-16,1
1410,2015-11-20,2015-11-20,1
1410,2015-11-24,2015-11-24,1
1410,2015-11-26,2015-11-26,1
1410,2015-11-30,2015-12-01,2
1410,2015-12-03,2015-12-08,4
1410,2015-12-10,2015-12-11,2
1410,2015-12-16,2015-12-29,10
1410,2015-12-31,2016-01-05,3
1410,2016-01-07,2016-01-07,1
1410,2016-01-11,2016-01-15,5
1410,2016-01-21,2016-01-21,1
1410,2016-01-25,2016-01-27,3
1410,2016-01-30,2016-01-30,1
1410,2016-02-02,2016-02-23,9
1410,2016-02-25,2016-03-07,7
1410,2016-03-09,2016-03-14,4
1410,2016-03-16,2016-03-21,4
1410,2016-03-25,2016-03-28,2
1410,2016-03-31,2016-04-08,5
1410,2016-04-20,2016-04-20,1
1410,2016-04-22,2016-04-22,1
1410,2016-04-26,2016-04-26,1
1410,2016-04-28,2016-05-18,14
1410,2016-05-24,2016-05-31,6
1410,2016-06-03,2016-06-04,2
1410,2016-06-13,2016-06-13,1
1410,2016-06-15,2016-06-20,4
1410,2016-06-22,2016-06-23,2
1410,2016-06-27,2016-07-11,10
1410,2016-07-13,2016-07-13,1
1410,2016-07-15,2016-07-19,3
1410,2016-07-22,2016-07-22,1
1410,2016-07-26,2016-07-28,3
1410,2016-08-02,2016-08-03,2
1410,2016-08-05,2016-08-10,4
1410,2016-08-15,2016-08-15,1
1410,2016-08-18,2016-08-18,1
1410,2016-08-23,2016-08-23,1
1410,2016-08-25,2016-08-29,3
1410,2016-08-31,2016-08-31,1
1410,2016-09-02,2016-09-05,2
1410,2016-09-08,2016-09-13,5
1410,2016-09-19,2016-09-20,2
1410,2016-09-22,2016-09-22,1
1410,2016-09-29,2016-10-04,4
1410,2016-10-07,2016-10-19,8
1410,2016-10-25,2016-10-26,2
1410,2016-10-28,2016-11-01,3
1410,2016-11-04,2016-11-08,3
1410,2016-11-10,2016-11-14,3
1410,2016-11-21,2016-11-21,1
1410,2016-11-23,2016-11-29,5
1410,2016-12-02,2016-12-02,1
1410,2016-12-06,2016-12-08,3
1410,2016-12-13,2016-12-20,6
1410,2016-12-22,2016-12-22,1
1410,2016-12-27,2017-01-03,5
1410,2017-01-05,2017-01-17,9
1410,2017-01-24,2017-01-24,1
1410,2017-02-16,2017-02-16,1
1410,2017-02-18,2017-02-18,1
1410,2017-02-24,2017-03-01,2
1410,2017-03-03,2017-03-03,1
1410,2017-03-08,2017-03-08,1
1410,2017-03-10,2017-03-10,1
1410,2017-03-15,2017-03-15,1
1410,2017-04-13,2017-04-13,1
1410,2017-04-19,2017-04-19,1
1410,2017-04-24,2017-04-25,2
1410,2017-05-03,2017-05-03,1
1410,2017-05-05,2017-05-08,2
1410,2017-05-11,2017-05-11,1
1410,2017-05-15,2017-05-15,1
1410,2017-05-19,2017-05-19,1
1410,2017-05-31,2017-05-31,1
1410,2017-06-03,2017-06-03,1
1410,2017-07-25,2017-07-25,1
1410,2017-08-01,2017-08-01,1
1410,2017-08-17,2017-08-17,1
1410,2017-08-22,2017-08-22,1
1410,2017-08-25,2017-08-28,2
1410,2017-09-05,2017-09-07,3
1410,2017-09-13,2017-09-13,1
1410,2017-09-15,2017-09-15,1
1410,2017-09-19,2017-09-22,4
1410,2017-09-26,2017-09-26,1
1410,2017-09-28,2017-09-30,3
1410,2017-10-05,2017-10-05,1
1410,2017-10-12,2017-10-18,5
1410,2017-10-20,2017-10-24,3
1410,2017-10-26,2017-10-30,3
1410,2017-11-02,2017-11-03,2
1410,2017-11-07,2017-11-10,4
1410,2017-11-14,2017-11-14,1
1410,2017-11-20,2017-11-21,2
1410,2017-11-23,2017-11-23,1
1410,2017-11-27,2017-12-05,7
1410,2017-12-08,2017-12-14,5
1410,2017-12-18,2017-12-22,5
1410,2017-12-28,2017-12-28,1
1410,2018-01-03,2018-01-05,3
1410,2018-01-09,2018-01-09,1
1410,2018-01-11,2018-01-11,1
1410,2018-01-15,2018-01-15,1
1410,2018-01-18,2018-01-22,3
1410,2018-01-26,2018-01-29,2
1410,2018-02-01,2018-02-01,1
1410,2018-02-08,2018-02-08,1
1410,2018-02-21,2018-02-26,4
1410,2018-03-01,2018-03-02,2
1410,2018-03-06,2018-03-12,5
1410,2018-03-14,2018-03-16,3
1410,2018-03-20,2018-03-20,1
1410,2018-03-23,2018-03-26,2
1410,2018-03-28,2018-04-10,8
1410,2018-04-13,2018-04-13,1
1410,2018-04-18,2018-04-24,5
1410,2018-04-26,2018-05-14,12
1410,2018-05-18,2018-05-28,7
1410,2018-05-30,2018-05-30,1
1410,2018-06-04,2018-06-04,1
1410,2018-06-13,2018-06-19,4
1410,2018-06-25,2018-06-27,3
1410,2018-06-29,2018-06-29,1
1410,2018-07-03,2018-07-04,2
1410,2018-07-11,2018-07-11,1
1410,2018-07-13,2018-07-17,3
1410,2018-07-19,2018-07-25,5
1410,2018-07-27,2018-07-27,1
1410,2018-08-06,2018-08-06,1
1410,2018-08-08,2018-08-08,1
1410,2018-08-10,2018-08-10,1
1410,2018-08-16,2018-08-16,1
1410,2018-08-22,2018-08-27,4
1410,2018-09-03,2018-09-04,2
1410,2018-09-11,2018-09-12,2
1410,2018-09-17,2018-09-18,2
1410,2018-09-20,2018-09-20,1
1410,2018-09-25,2018-09-26,2
1410,2018-10-01,2018-10-01,1
1410,2018-10-16,2018-10-29,10
1410,2018-10-31,2018-11-01,2
1410,2018-11-05,2018-11-08,4
1410,2018-11-12,2018-11-12,1
1410,2018-11-15,2018-11-19,3
1410,2018-11-21,2018-11-23,3
1410,2018-11-27,2018-11-27,1
1410,2018-11-29,2018-11-29,1
1410,2018-12-03,2018-12-05,3
1410,2018-12-07,2018-12-07,1
1410,2018-12-12,2018-12-12,1
1410,2018-12-14,2018-12-18,3
1410,2018-12-20,2018-12-25,5
1410,2018-12-27,2019-01-03,4
1410,2019-01-07,2019-01-07,1
1410,2019-01-18,2019-01-24,5
1410,2019-01-28,2019-02-11,4
1410,2019-02-13,2019-02-13,1
1410,2019-02-22,2019-02-25,2
1410,2019-03-05,2019-03-06,2
1410,2019-03-14,2019-03-14,1
1410,2019-03-18,2019-03-18,1
1410,2019-03-22,2019-03-22,1
1410,2019-04-03,2019-04-03,1
1410,2019-04-23,2019-04-23,1
1410,2019-04-30,2019-05-02,2
1410,2019-05-30,2019-05-30,1
1410,2019-07-16,2019-07-16,1
1410,2019-08-02,2019-08-02,1
1410,2019-08-12,2019-08-12,1
1410,2019-08-16,2019-08-16,1
1410,2019-08-26,2019-08-26,1
1410,2019-09-03,2019-09-03,1
1410,2019-09-05,2019-09-05,1
1410,2019-09-09,2019-09-16,5
1410,2019-09-19,2019-09-20,2
1410,2019-09-24,2019-09-24,1
1410,2019-10-16,2019-10-16,1
1410,2019-10-30,2019-10-31,2
1410,2019-11-05,2019-11-06,2
1410,2019-11-08,2019-12-03,18
1410,2019-12-05,2019-12-09,3
1410,2019-12-11,2019-12-13,3
1410,2019-12-17,2019-12-17,1
1410,2019-12-19,2019-12-25,5
1410,2019-12-30,2019-12-30,1
1410,2020-01-08,2020-01-08,1
1410,2020-01-14,2020-01-15,2
1410,2020-01-17,2020-01-17,1
1410,2020-02-17,2020-02-17,1
1410,2020-02-19,2020-02-19,1
1410,2020-02-25,2020-02-26,2
1410,2020-03-26,2020-03-26,1
1410,2020-04-09,2020-04-09,1
1410,2020-04-24,2020-04-24,1
1410,2020-05-11,2020-05-12,2
1410,2020-05-18,2020-05-18,1
1410,2020-05-29,2020-06-02,3
1410,2020-06-17,2020-06-17,1
1410,2020-06-24,2020-06-24,1
1410,2020-06-30,2020-06-30,1
1410,2020-07-02,2020-07-03,2
1410,2020-07-07,2020-07-07,1
1410,2020-07-30,2020-07-31,2
1410,2020-08-04,2020-08-04,1
1410,2020-08-12,2020-08-18,5
1410,2020-08-26,2020-08-31,4
1410,2020-09-08,2020-09-08,1
1410,2020-09-11,2020-09-11,1
1410,2020-09-15,2020-09-15,1
1410,2020-09-22,2020-09-22,1
1410,2020-09-24,2020-09-24,1
1410,2020-09-28,2020-09-28,1
1410,2020-10-12,2020-10-12,1
1410,2020-10-16,2020-10-16,1
1410,2020-10-22,2020-10-22,1
1410,2020-10-28,2020-10-28,1
1410,2020-11-02,2020-11-02,1
1410,2020-11-06,2020-11-06,1
1410,2020-11-10,2020-11-10,1
1410,2020-11-13,2020-11-13,1
1410,2020-11-20,2020-11-20,1
1410,2020-11-24,2020-11-24,1
1410,2020-11-27,2020-11-27,1
1410,2020-12-03,2020-12-03,1
1410,2020-12-07,2020-12-07,1
1410,2020-12-11,2020-12-11,1
1410,2020-12-18,2020-12-18,1
1410,2020-12-25,2020-12-25,1
1410,2021-01-07,2021-01-07,1
1410,2021-01-14,2021-01-14,1
1410,2021-01-21,2021-01-21,1
1410,2021-01-27,2021-01-28,2
1410,2021-02-02,2021-02-03,2
1410,2021-02-05,2021-02-05,1
1410,2021-02-18,2021-02-18,1
1410,2021-03-05,2021-03-05,1
1410,2021-03-09,2021-03-09,1
1410,2021-03-12,2021-03-12,1
1410,2021-03-18,2021-03-18,1
1410,2021-03-31,2021-04-01,2
1410,2021-04-16,2021-04-16,1
1410,2021-05-28,2021-05-28,1
1410,2021-06-04,2021-06-04,1
1410,2021-06-17,2021-06-17,1
1410,2021-06-23,2021-06-25,3
1410,2021-07-01,2021-07-01,1
1410,2021-07-06,2021-07-06,1
1410,2021-07-12,2021-07-13,2
1410,2021-07-15,2021-07-15,1
1410,2021-07-19,2021-07-20,2
1410,2021-07-27,2021-07-28,2
1410,2021-07-30,2021-07-30,1
1410,2021-08-03,2021-08-04,2
1410,2021-08-06,2021-08-16,7
1410,2021-09-02,2021-09-02,1
1410,2021-09-06,2021-09-09,4
1410,2021-09-13,2021-09-13,1
1410,2021-09-15,2021-09-16,2
1410,2021-09-23,2021-09-23,1
1410,2021-10-06,2021-10-07,2
1410,2021-10-12,2021-10-12,1
1410,2021-10-15,2021-10-15,1
1410,2021-10-25,2021-10-25,1
1410,2021-10-27,2021-10-27,1
1410,2021-10-29,2021-10-29,1
1410,2021-11-02,2021-11-03,2
1410,2021-12-10,2021-12-10,1
1410,2021-12-14,2021-12-14,1
1410,2021-12-30,2021-12-30,1
1410,2022-01-04,2022-01-04,1
1410,2022-01-13,2022-01-13,1
1410,2022-02-07,2022-02-07,1
1410,2022-02-23,2022-02-23,1
1410,2022-03-15,2022-03-15,1
1410,2022-04-12,2022-04-12,1
1410,2022-04-25,2022-04-26,2
1410,2022-04-28,2022-04-28,1
1410,2022-05-16,2022-05-16,1
1410,2022-05-24,2022-05-24,1
1410,2022-06-01,2022-06-02,2
1410,2022-06-08,2022-06-09,2
1410,2022-06-28,2022-06-28,1
1410,2022-08-26,2022-08-29,2
1410,2023-05-03,2023-05-03,1
1410,2023-08-25,2023-08-25,1
1410,2023-08-30,2023-08-30,1
1410,2023-09-04,2023-09-04,1
1410,2023-09-08,2023-09-08,1
1410,2023-09-27,2023-09-27,1
1410,2023-10-03,2023-10-04,2
1410,2023-10-13,2023-10-13,1
1410,2023-10-20,2023-10-20,1
1410,2023-10-24,2023-10-24,1
1410,2023-10-31,2023-11-01,2
1410,2023-11-06,2023-11-06,1
1410,2023-11-15,2023-11-15,1
1410,2023-11-24,2023-11-24,1
1410,2023-11-29,2023-11-30,2
1410,2023-12-22,2023-12-25,2
1410,2024-01-09,2024-01-09,1
1410,2024-05-09,2024-05-09,1
1410,2024-06-07,2024-06-07,1
1410,2024-06-26,2024-06-26,1
1410,2024-07-15,2024-07-15,1
1410,2024-07-18,2024-07-18,1
1410,2024-08-22,2024-08-22,1
1410,2024-10-23,2024-10-23,1
1410,2024-11-15,2024-11-15,1
1410,2024-12-02,2024-12-02,1
1410,2024-12-11,2024-12-12,2
1410,2024-12-24,2024-12-24,1
1410,2025-01-22,2025-01-22,1
1410,2025-02-18,2025-02-18,1
1410,2025-02-27,2025-02-27,1
1410,2025-03-04,2025-03-04,1
1410,2025-04-01,2025-04-01,1
1410,2025-04-18,2025-04-18,1
1410,2025-04-22,2025-04-22,1
1410,2025-04-28,2025-04-29,2
1410,2025-05-08,2025-05-08,1
1410,2025-07-11,2025-07-14,2
1410,2025-07-22,2025-07-22,1
1410,2025-07-25,2025-07-25,1
1410,2025-07-29,2025-07-29,1
1410,2025-08-14,2025-08-14,1
1410,2025-09-24,2025-09-25,2
1410,2025-10-09,2025-10-09,1
1410,2025-10-20,2025-10-20,1
1410,2025-10-28,2025-10-28,1
1410,2025-10-31,2025-10-31,1
1410,2025-11-10,2025-11-10,1
1410,2025-11-14,2025-11-14,1
1410,2025-11-24,2025-11-24,1
1410,2025-11-27,2025-11-27,1
1410,2025-12-04,2025-12-04,1
1410,2025-12-12,2025-12-12,1
1410,2025-12-17,2025-12-17,1
1410,2025-12-19,2025-12-19,1
1410,2025-12-23,2025-12-23,1
1410,2025-12-26,2025-12-29,2
1410,2026-01-19,2026-01-19,1
1413,2012-05-03,2012-05-04,2
1413,2012-05-11,2012-05-15,3
1413,2012-05-21,2012-05-21,1
1413,2012-05-28,2012-05-28,1
1413,2012-06-01,2012-06-01,1
1413,2012-06-06,2012-06-08,3
1413,2012-06-18,2012-06-20,3
1413,2012-06-22,2012-06-27,4
1413,2012-07-05,2012-07-05,1
1413,2012-07-09,2012-07-09,1
1413,2012-07-16,2012-07-17,2
1413,2012-07-19,2012-07-19,1
1413,2012-07-23,2012-07-23,1
1413,2012-07-25,2012-07-25,1
1413,2012-07-31,2012-07-31,1
1413,2012-08-03,2012-08-03,1
1413,2012-08-21,2012-08-21,1
1413,2012-08-23,2012-08-23,1
1413,2012-08-29,2012-08-29,1
1413,2012-08-31,2012-08-31,1
1413,2012-09-04,2012-09-04,1
1413,2012-09-07,2012-09-07,1
1413,2012-09-17,2012-09-17,1
1413,2012-10-12,2012-10-12,1
1413,2012-10-16,2012-10-16,1
1413,2012-10-18,2012-10-22,3
1413,2012-10-24,2012-10-29,4
1413,2012-10-31,2012-11-05,4
1413,2012-11-07,2012-11-08,2
1413,2012-11-12,2012-11-12,1
1413,2012-11-19,2012-11-20,2
1413,2012-11-22,2012-11-22,1
1413,2012-12-07,2012-12-10,2
1413,2012-12-12,2012-12-12,1
1413,2012-12-20,2012-12-24,4
1413,2013-01-11,2013-01-11,1
1413,2013-01-15,2013-01-15,1
1413,2013-01-22,2013-01-22,1
1413,2013-01-28,2013-01-29,2
1413,2013-02-22,2013-02-23,2
1413,2013-03-06,2013-03-06,1
1413,2013-03-08,2013-03-08,1
1413,2013-03-15,2013-03-15,1
1413,2013-03-21,2013-03-21,1
1413,2013-03-26,2013-03-28,3
1413,2013-04-03,2013-04-08,2
1413,2013-04-11,2013-05-02,15
1413,2013-06-28,2013-06-28,1
1413,2013-07-03,2013-07-03,1
1413,2013-07-08,2013-07-08,1
1413,2013-07-12,2013-07-12,1
1413,2013-07-18,2013-07-19,2
1413,2013-07-25,2013-07-25,1
1413,2013-07-31,2013-07-31,1
1413,2013-08-13,2013-08-13,1
1413,2013-08-19,2013-08-19,1
1413,2013-08-27,2013-08-27,1
1413,2013-08-30,2013-08-30,1
1413,2013-09-03,2013-09-03,1
1413,2013-09-05,2013-09-05,1
1413,2013-09-09,2013-09-10,2
1413,2013-09-12,2013-09-23,7
1413,2013-09-30,2013-10-01,2
1413,2013-11-21,2013-11-21,1
1413,2013-11-25,2013-11-25,1
1413,2013-11-27,2013-11-27,1
1413,2013-12-04,2013-12-04,1
1413,2013-12-16,2013-12-17,2
1413,2014-01-20,2014-01-22,3
1413,2014-02-11,2014-02-11,1
1413,2014-02-24,2014-02-24,1
1413,2014-02-27,2014-03-04,3
1413,2014-03-11,2014-03-18,6
1413,2014-03-21,2014-03-21,1
1413,2014-03-25,2014-03-25,1
1413,2014-03-27,2014-03-27,1
1413,2014-04-02,2014-04-07,3
1413,2014-04-14,2014-04-14,1
1413,2014-04-17,2014-04-17,1
1413,2014-04-22,2014-04-23,2
1413,2014-04-29,2014-04-29,1
1413,2014-05-22,2014-05-23,2
1413,2014-06-03,2014-06-03,1
1413,2014-07-04,2014-07-04,1
1413,2014-08-08,2014-08-11,2
1413,2014-08-13,2014-08-13,1
1413,2014-09-10,2014-09-10,1
1413,2014-09-12,2014-09-12,1
1413,2014-10-08,2014-10-08,1
1413,2014-11-06,2014-11-07,2
1413,2014-12-03,2014-12-04,2
1413,2014-12-08,2014-12-11,4
1413,2014-12-15,2014-12-15,1
1413,2014-12-18,2014-12-18,1
1413,2014-12-22,2014-12-30,8
1413,2015-02-24,2015-02-25,2
1413,2015-03-02,2015-03-03,2
1413,2015-03-05,2015-03-05,1
1413,2015-03-09,2015-03-10,2
1413,2015-03-13,2015-03-13,1
1413,2015-03-17,2015-03-17,1
1413,2015-03-24,2015-03-24,1
1413,2015-03-26,2015-03-26,1
1413,2015-04-09,2015-04-14,4
1413,2015-07-21,2015-07-21,1
1413,2015-08-07,2015-08-07,1
1413,2015-09-08,2015-09-08,1
1413,2015-10-22,2015-10-22,1
1413,2015-10-26,2015-10-27,2
1413,2015-11-05,2015-11-05,1
1413,2015-11-09,2015-11-09,1
1413,2015-11-11,2015-11-11,1
1413,2015-11-13,2015-11-16,2
1413,2015-11-23,2015-11-23,1
1413,2015-12-04,2015-12-04,1
1413,2015-12-15,2015-12-15,1
1413,2015-12-29,2015-12-29,1
1413,2016-01-04,2016-01-04,1
1413,2016-01-08,2016-01-11,2
1413,2016-01-13,2016-01-18,4
1413,2016-01-21,2016-01-30,8
1413,2016-02-03,2016-02-16,3
1413,2016-02-18,2016-02-22,3
1413,2016-02-24,2016-02-25,2
1413,2016-03-02,2016-03-02,1
1413,2016-03-04,2016-03-04,1
1413,2016-03-08,2016-03-08,1
1413,2016-03-10,2016-03-11,2
1413,2016-03-15,2016-03-16,2
1413,2016-03-18,2016-03-18,1
1413,2016-03-28,2016-03-28,1
1413,2016-04-11,2016-04-11,1
1413,2016-04-13,2016-04-14,2
1413,2016-04-20,2016-04-28,7
1413,2016-05-03,2016-05-03,1
1413,2016-05-05,2016-05-05,1
1413,2016-05-10,2016-05-19,8
1413,2016-05-24,2016-05-25,2
1413,2016-05-31,2016-06-07,6
1413,2016-06-13,2016-06-14,2
1413,2016-06-16,2016-06-16,1
1413,2016-06-22,2016-06-22,1
1413,2016-06-28,2016-06-28,1
1413,2016-07-05,2016-07-05,1
1413,2016-07-12,2016-07-13,2
1413,2016-07-21,2016-07-21,1
1413,2016-08-02,2016-08-03,2
1413,2016-08-05,2016-08-10,4
1413,2016-08-23,2016-08-25,3
1413,2016-08-30,2016-08-31,2
1413,2016-09-02,2016-09-05,2
1413,2016-09-08,2016-09-10,3
1413,2016-09-13,2016-09-20,4
1413,2016-09-22,2016-09-22,1
1413,2016-09-26,2016-09-30,3
1413,2016-10-04,2016-10-04,1
1413,2016-10-11,2016-10-14,4
1413,2016-10-18,2016-10-18,1
1413,2016-10-21,2016-10-25,3
1413,2016-10-27,2016-11-11,12
1413,2016-11-21,2016-11-30,8
1413,2016-12-06,2016-12-19,10
1413,2016-12-22,2016-12-22,1
1413,2016-12-26,2016-12-26,1
1413,2016-12-28,2016-12-30,3
1413,2017-01-05,2017-01-05,1
1413,2017-01-10,2017-01-17,6
1413,2017-01-19,2017-01-19,1
1413,2017-02-09,2017-02-10,2
1413,2017-02-14,2017-02-14,1
1413,2017-02-16,2017-02-20,4
1413,2017-03-03,2017-03-03,1
1413,2017-03-13,2017-03-13,1
1413,2017-03-21,2017-03-21,1
1413,2017-03-29,2017-03-29,1
1413,2017-04-06,2017-04-07,2
1413,2017-04-11,2017-04-24,10
1413,2017-04-27,2017-04-28,2
1413,2017-05-04,2017-05-05,2
1413,2017-05-11,2017-05-11,1
1413,2017-05-17,2017-05-19,3
1413,2017-06-03,2017-06-05,2
1413,2017-06-13,2017-06-15,3
1413,2017-06-22,2017-06-22,1
1413,2017-07-24,2017-07-24,1
1413,2017-08-03,2017-08-03,1
1413,2017-08-07,2017-08-07,1
1413,2017-08-09,2017-08-09,1
1413,2017-08-16,2017-08-18,3
1413,2017-08-25,2017-08-25,1
1413,2017-09-12,2017-09-12,1
1413,2017-09-29,2017-09-29,1
1413,2017-10-11,2017-10-11,1
1413,2017-11-24,2017-11-27,2
1413,2017-12-01,2017-12-01,1
1413,2017-12-08,2017-12-08,1
1413,2018-02-01,2018-02-01,1
1413,2018-12-22,2018-12-22,1
1413,2019-01-23,2019-01-23,1
1413,2019-02-11,2019-02-11,1
1413,2019-02-15,2019-02-15,1
1413,2019-03-18,2019-03-18,1
1413,2019-03-22,2019-03-22,1
1413,2019-05-17,2019-05-17,1
1413,2019-05-30,2019-05-30,1
1413,2019-06-26,2019-06-26,1
1413,2019-07-30,2019-07-30,1
1413,2019-09-02,2019-09-02,1
1413,2019-09-06,2019-09-10,3
1413,2019-09-20,2019-09-20,1
1413,2019-10-01,2019-10-01,1
1413,2019-10-21,2019-10-23,3
1413,2019-10-28,2019-10-28,1
1413,2019-10-30,2019-10-31,2
1413,2019-11-04,2019-11-07,4
1413,2019-11-12,2019-11-15,4
1413,2019-11-25,2019-11-25,1
1413,2019-11-27,2019-11-27,1
1413,2019-12-02,2019-12-02,1
1413,2019-12-04,2019-12-04,1
1413,2019-12-06,2019-12-10,3
1413,2019-12-17,2019-12-17,1
1413,2019-12-20,2019-12-20,1
1413,2019-12-24,2019-12-25,2
1413,2020-01-13,2020-01-14,2
1413,2020-01-17,2020-01-20,2
1413,2020-02-03,2020-02-03,1
1413,2020-02-14,2020-02-17,2
1413,2020-02-24,2020-02-25,2
1413,2020-03-04,2020-03-04,1
1413,2020-03-06,2020-03-06,1
1413,2020-03-24,2020-03-24,1
1413,2020-03-27,2020-03-30,2
1413,2020-04-01,2020-04-01,1
1413,2020-04-07,2020-04-08,2
1413,2020-04-20,2020-04-20,1
1413,2020-04-28,2020-04-28,1
1413,2020-05-13,2020-05-13,1
1413,2020-06-04,2020-06-04,1
1413,2020-06-09,2020-06-09,1
1413,2020-08-05,2020-08-05,1
1413,2020-08-13,2020-08-14,2
1413,2020-08-24,2020-08-24,1
1413,2020-08-26,2020-08-27,2
1413,2020-10-21,2020-10-21,1
1413,2020-10-29,2020-10-29,1
1413,2020-11-05,2020-11-05,1
1413,2020-11-13,2020-11-13,1
1413,2020-11-20,2020-11-20,1
1413,2020-11-24,2020-11-25,2
1413,2020-12-01,2020-12-01,1
1413,2020-12-03,2020-12-03,1
1413,2020-12-14,2020-12-14,1
1413,2021-01-05,2021-01-05,1
1413,2021-01-07,2021-01-07,1
1413,2021-01-11,2021-01-11,1
1413,2021-02-01,2021-02-01,1
1413,2021-02-18,2021-02-18,1
1413,2021-03-05,2021-03-05,1
1413,2021-03-10,2021-03-10,1
1413,2021-03-12,2021-03-12,1
1413,2021-03-24,2021-03-25,2
1413,2021-03-30,2021-03-30,1
1413,2021-04-07,2021-04-07,1
1413,2021-10-25,2021-10-25,1
1413,2021-10-28,2021-10-28,1
1413,2021-11-02,2021-11-04,3
1413,2021-11-16,2021-11-16,1
1413,2021-11-22,2021-11-22,1
1413,2021-11-25,2021-11-25,1
1413,2021-12-01,2021-12-01,1
1413,2021-12-06,2021-12-06,1
1413,2021-12-09,2021-12-15,5
1413,2022-01-04,2022-01-04,1
1413,2022-01-13,2022-01-13,1
1413,2022-01-26,2022-01-26,1
1413,2022-02-08,2022-02-08,1
1413,2022-02-10,2022-02-10,1
1413,2022-02-25,2022-02-25,1
1413,2022-03-14,2022-03-14,1
1413,2022-03-18,2022-03-18,1
1413,2022-03-22,2022-03-22,1
1413,2022-03-31,2022-03-31,1
1413,2022-05-16,2022-05-16,1
1413,2022-06-09,2022-06-09,1
1413,2022-07-26,2022-07-26,1
1413,2022-08-01,2022-08-01,1
1413,2022-10-18,2022-10-18,1
1413,2022-10-28,2022-10-28,1
1413,2022-11-23,2022-11-23,1
1413,2022-11-29,2022-11-29,1
1413,2022-12-01,2022-12-01,1
1413,2022-12-21,2022-12-22,2
1413,2022-12-27,2022-12-27,1
1413,2022-12-29,2022-12-29,1
1413,2023-01-03,2023-01-04,2
1413,2023-01-11,2023-01-16,4
1413,2023-02-06,2023-02-06,1
1413,2023-02-08,2023-02-08,1
1413,2023-02-14,2023-02-14,1
1413,2023-02-16,2023-02-16,1
1413,2023-02-23,2023-03-02,4
1413,2023-03-16,2023-03-17,2
1413,2023-03-21,2023-03-21,1
1413,2023-03-29,2023-03-29,1
1413,2023-04-06,2023-04-13,6
1413,2023-04-18,2023-04-25,6
1413,2023-04-27,2023-04-28,2
1413,2023-05-04,2023-05-09,4
1413,2023-05-11,2023-05-11,1
1413,2023-05-15,2023-05-15,1
1413,2023-05-30,2023-06-01,3
1413,2023-06-05,2023-06-05,1
1413,2023-06-14,2023-06-14,1
1413,2023-06-20,2023-06-20,1
1413,2023-06-28,2023-06-28,1
1413,2023-07-05,2023-07-05,1
1413,2023-08-01,2023-08-01,1
1413,2023-08-09,2023-08-14,4
1413,2023-08-17,2023-08-21,3
1413,2023-09-04,2023-09-06,3
1413,2023-09-08,2023-09-08,1
1413,2023-09-13,2023-09-15,3
1413,2023-09-19,2023-09-19,1
1413,2023-09-25,2023-09-25,1
1413,2023-09-27,2023-10-06,7
1413,2023-10-17,2023-10-17,1
1413,2023-10-19,2023-10-24,4
1413,2023-10-26,2023-11-03,7
1413,2023-11-08,2023-11-08,1
1413,2023-11-13,2023-11-14,2
1413,2023-11-17,2023-11-20,2
1413,2023-11-22,2023-11-22,1
1413,2023-11-27,2023-11-27,1
1413,2023-12-25,2023-12-25,1
1413,2024-01-05,2024-01-05,1
1413,2024-01-09,2024-01-09,1
1413,2024-02-15,2024-02-15,1
1413,2024-03-26,2024-03-26,1
1413,2024-04-08,2024-04-08,1
1413,2024-10-22,2024-10-22,1
1413,2025-01-08,2025-01-08,1
1413,2025-02-06,2025-02-06,1
1413,2025-02-18,2025-02-18,1
1413,2025-03-07,2025-03-07,1
1413,2025-04-23,2025-04-24,2
1413,2025-05-08,2025-05-08,1
1413,2025-05-15,2025-05-15,1
1413,2025-05-19,2025-05-19,1
1413,2025-05-22,2025-05-22,1
1413,2025-05-28,2025-05-28,1
1413,2025-06-06,2025-06-06,1
1413,2025-06-12,2025-06-12,1
1413,2025-06-25,2025-06-25,1
1413,2025-07-11,2025-07-11,1
1413,2025-07-18,2025-07-18,1
1413,2025-08-04,2025-08-04,1
1413,2025-09-01,2025-09-01,1
1413,2025-09-03,2025-09-08,4
1413,2025-09-11,2025-09-11,1
1413,2025-09-24,2025-09-24,1
1413,2025-10-01,2025-10-01,1
1413,2025-10-20,2025-10-20,1
1413,2025-10-22,2025-10-23,2
1413,2025-11-03,2025-11-04,2
1413,2025-11-13,2025-11-13,1
1413,2025-11-20,2025-11-20,1
1413,2025-11-27,2025-11-27,1
1413,2025-12-01,2025-12-01,1
1413,2025-12-04,2025-12-04,1
1413,2025-12-08,2025-12-09,2
1413,2025-12-22,2025-12-22,1
1413,2025-12-24,2025-12-30,4
1413,2026-01-30,2026-01-30,1
1413,2026-02-04,2026-02-05,2
1413,2026-03-26,2026-03-26,1
1413,2026-04-27,2026-04-27,1
1413,2026-05-19,2026-05-19,1
1414,2013-01-22,2013-01-22,1
1414,2013-02-01,2013-02-01,1
1414,2013-02-23,2013-02-23,1
1414,2013-08-27,2013-08-27,1
1414,2013-09-14,2013-09-14,1
1414,2014-01-02,2014-01-02,1
1414,2014-03-17,2014-03-17,1
1414,2014-04-29,2014-04-29,1
1414,2014-05-16,2014-05-16,1
1414,2014-08-21,2014-08-21,1
1414,2014-10-01,2014-10-01,1
1414,2014-10-29,2014-10-29,1
1414,2014-11-24,2014-11-24,1
1414,2014-11-28,2014-11-28,1
1414,2014-12-27,2014-12-27,1
1414,2015-01-28,2015-01-28,1
1414,2015-02-04,2015-02-06,3
1414,2015-02-12,2015-02-12,1
1414,2015-02-26,2015-02-26,1
1414,2015-03-03,2015-03-03,1
1414,2015-04-01,2015-04-01,1
1414,2015-10-27,2015-10-27,1
1414,2015-11-05,2015-11-05,1
1414,2015-11-09,2015-11-09,1
1414,2015-11-16,2015-11-17,2
1414,2015-11-20,2015-11-20,1
1414,2015-12-01,2015-12-01,1
1414,2015-12-04,2015-12-04,1
1414,2015-12-08,2015-12-09,2
1414,2015-12-17,2015-12-18,2
1414,2015-12-22,2015-12-22,1
1414,2015-12-28,2015-12-28,1
1414,2016-01-08,2016-01-11,2
1414,2016-01-13,2016-01-13,1
1414,2016-01-21,2016-01-21,1
1414,2016-01-26,2016-01-26,1
1414,2016-01-28,2016-01-28,1
1414,2016-01-30,2016-01-30,1
1414,2016-02-02,2016-02-17,5
1414,2016-02-23,2016-02-23,1
1414,2016-02-25,2016-02-25,1
1414,2016-03-01,2016-03-01,1
1414,2016-03-03,2016-03-04,2
1414,2016-03-14,2016-03-14,1
1414,2016-03-25,2016-03-25,1
1414,2016-03-31,2016-03-31,1
1414,2016-04-27,2016-04-27,1
1414,2016-05-27,2016-05-27,1
1414,2016-05-31,2016-05-31,1
1414,2016-06-04,2016-06-04,1
1414,2016-06-23,2016-06-23,1
1414,2016-06-27,2016-06-27,1
1414,2016-07-25,2016-07-25,1
1414,2016-08-02,2016-08-02,1
1414,2016-08-05,2016-08-05,1
1414,2016-08-18,2016-08-18,1
1414,2016-09-02,2016-09-02,1
1414,2016-09-10,2016-09-10,1
1414,2016-09-13,2016-09-13,1
1414,2016-09-29,2016-09-29,1
1414,2016-10-03,2016-10-03,1
1414,2016-10-13,2016-10-13,1
1414,2016-10-19,2016-10-19,1
1414,2016-11-04,2016-11-04,1
1414,2016-11-14,2016-11-14,1
1414,2016-11-16,2016-11-16,1
1414,2016-11-29,2016-11-29,1
1414,2016-12-13,2016-12-14,2
1414,2016-12-22,2016-12-23,2
1414,2017-01-03,2017-01-03,1
1414,2017-01-23,2017-02-02,3
1414,2017-02-07,2017-02-08,2
1414,2017-02-10,2017-02-10,1
1414,2017-02-24,2017-03-01,2
1414,2017-03-07,2017-03-08,2
1414,2017-03-29,2017-03-29,1
1414,2017-05-15,2017-05-17,3
1414,2017-05-22,2017-05-22,1
1414,2017-05-31,2017-05-31,1
1414,2017-06-02,2017-06-03,2
1414,2017-06-14,2017-06-15,2
1414,2017-06-19,2017-06-19,1
1414,2017-06-22,2017-06-23,2
1414,2017-07-24,2017-07-24,1
1414,2017-08-15,2017-08-15,1
1414,2017-09-08,2017-09-08,1
1414,2017-09-15,2017-09-15,1
1414,2017-09-29,2017-09-30,2
1414,2017-11-24,2017-11-28,3
1414,2017-12-26,2017-12-26,1
1414,2018-03-31,2018-03-31,1
1414,2018-09-05,2018-09-05,1
1414,2018-09-17,2018-09-18,2
1414,2018-09-25,2018-09-25,1
1414,2018-10-03,2018-10-03,1
1414,2018-10-16,2018-10-17,2
1414,2018-10-24,2018-10-24,1
1414,2018-11-01,2018-11-01,1
1414,2018-11-07,2018-11-07,1
1414,2018-11-14,2018-11-14,1
1414,2018-11-16,2018-11-16,1
1414,2018-12-03,2018-12-03,1
1414,2018-12-11,2018-12-11,1
1414,2018-12-13,2018-12-13,1
1414,2018-12-17,2018-12-18,2
1414,2018-12-22,2018-12-22,1
1414,2019-01-02,2019-01-02,1
1414,2019-01-18,2019-01-18,1
1414,2019-01-22,2019-01-24,3
1414,2019-01-28,2019-01-28,1
1414,2019-02-11,2019-02-13,3
1414,2019-02-15,2019-02-15,1
1414,2019-03-26,2019-04-01,5
1414,2019-05-03,2019-05-06,2
1414,2019-05-08,2019-05-08,1
1414,2019-05-23,2019-05-28,4
1414,2019-05-30,2019-05-30,1
1414,2019-06-03,2019-06-03,1
1414,2019-06-13,2019-06-13,1
1414,2019-06-17,2019-06-17,1
1414,2019-06-25,2019-06-26,2
1414,2019-07-11,2019-07-12,2
1414,2019-07-19,2019-07-19,1
1414,2019-07-26,2019-07-26,1
1414,2019-07-31,2019-07-31,1
1414,2019-08-08,2019-08-15,5
1414,2019-08-20,2019-08-20,1
1414,2019-08-22,2019-08-22,1
1414,2019-08-29,2019-08-29,1
1414,2019-09-03,2019-09-04,2
1414,2019-09-06,2019-09-17,7
1414,2019-09-19,2019-09-19,1
1414,2019-09-25,2019-09-25,1
1414,2019-10-01,2019-10-03,3
1414,2019-10-07,2019-10-07,1
1414,2019-10-09,2019-10-14,2
1414,2019-10-17,2019-10-17,1
1414,2019-10-24,2019-10-24,1
1414,2019-10-29,2019-11-01,4
1414,2019-11-14,2019-11-14,1
1414,2019-11-18,2019-11-19,2
1414,2019-11-25,2019-11-25,1
1414,2019-12-05,2019-12-06,2
1414,2019-12-31,2019-12-31,1
1414,2020-01-20,2020-01-20,1
1414,2022-09-02,2022-09-02,1
1414,2023-08-30,2023-08-30,1
1414,2024-01-05,2024-01-05,1
1414,2024-01-10,2024-01-10,1
1416,2012-06-15,2012-06-15,1
1416,2013-02-23,2013-02-23,1
1416,2013-11-15,2013-11-15,1
1416,2014-01-16,2014-01-16,1
1416,2014-03-03,2014-03-03,1
1416,2014-05-07,2014-05-07,1
1416,2014-12-27,2014-12-27,1
1416,2015-11-18,2015-11-18,1
1416,2015-11-24,2015-11-24,1
1416,2015-11-27,2015-11-27,1
1416,2015-12-17,2015-12-17,1
1416,2015-12-21,2015-12-21,1
1416,2015-12-28,2015-12-29,2
1416,2015-12-31,2015-12-31,1
1416,2016-01-21,2016-01-22,2
1416,2016-01-30,2016-01-30,1
1416,2016-02-03,2016-02-03,1
1416,2016-02-22,2016-02-23,2
1416,2016-02-25,2016-02-25,1
1416,2016-03-01,2016-03-01,1
1416,2016-03-09,2016-03-09,1
1416,2016-03-23,2016-03-23,1
1416,2016-06-04,2016-06-04,1
1416,2016-09-10,2016-09-10,1
1416,2017-02-18,2017-02-18,1
1416,2017-06-03,2017-06-03,1
1416,2017-09-21,2017-09-21,1
1416,2017-09-29,2017-09-30,2
1416,2017-10-30,2017-10-30,1
1416,2017-11-07,2017-11-07,1
1416,2017-11-14,2017-11-14,1
1416,2018-01-29,2018-01-29,1
1416,2018-02-02,2018-02-02,1
1416,2018-02-27,2018-03-01,2
1416,2018-03-31,2018-03-31,1
1416,2018-04-19,2018-04-19,1
1416,2018-04-25,2018-04-30,4
1416,2018-05-07,2018-05-08,2
1416,2018-05-10,2018-05-11,2
1416,2018-05-16,2018-05-16,1
1416,2018-05-25,2018-05-25,1
1416,2018-08-09,2018-08-09,1
1416,2018-09-18,2018-09-18,1
1416,2018-09-26,2018-09-26,1
1416,2018-11-16,2018-11-16,1
1416,2018-11-21,2018-11-21,1
1416,2018-11-27,2018-11-27,1
1416,2018-12-12,2018-12-12,1
1416,2018-12-17,2019-01-03,13
1416,2019-01-07,2019-01-07,1
1416,2019-01-17,2019-01-17,1
1416,2019-01-21,2019-01-21,1
1416,2019-01-23,2019-01-23,1
1416,2019-01-28,2019-01-30,3
1416,2019-02-12,2019-02-12,1
1416,2019-02-15,2019-02-15,1
1416,2019-03-08,2019-03-15,6
1416,2019-03-25,2019-03-25,1
1416,2019-03-27,2019-03-27,1
1416,2019-04-19,2019-04-22,2
1416,2019-04-25,2019-04-25,1
1416,2019-05-24,2019-05-27,2
1416,2019-06-17,2019-06-18,2
1416,2019-07-04,2019-07-04,1
1416,2019-07-09,2019-07-09,1
1416,2019-09-02,2019-09-02,1
1416,2019-09-16,2019-09-16,1
1416,2019-10-02,2019-10-03,2
1416,2019-10-22,2019-10-24,3
1416,2019-11-08,2019-11-08,1
1416,2019-11-25,2019-11-27,3
1416,2019-12-02,2019-12-03,2
1416,2019-12-11,2019-12-11,1
1416,2019-12-13,2019-12-13,1
1416,2019-12-20,2019-12-23,2
1416,2019-12-25,2019-12-26,2
1416,2019-12-30,2019-12-31,2
1416,2020-01-08,2020-01-08,1
1416,2020-01-14,2020-01-14,1
1416,2020-01-17,2020-01-17,1
1416,2020-02-17,2020-02-17,1
1416,2020-02-24,2020-02-24,1
1416,2020-02-26,2020-02-26,1
1416,2020-03-09,2020-03-09,1
1416,2020-03-26,2020-03-26,1
1416,2020-04-22,2020-04-22,1
1416,2020-04-28,2020-04-28,1
1416,2022-08-08,2022-08-08,1
1417,2013-01-23,2013-01-23,1
1417,2013-06-24,2013-06-24,1
1417,2013-08-13,2013-08-13,1
1417,2013-09-14,2013-09-14,1
1417,2013-12-31,2013-12-31,1
1417,2014-01-16,2014-01-20,3
1417,2014-01-22,2014-01-22,1
1417,2014-02-17,2014-02-17,1
1417,2014-03-17,2014-03-17,1
1417,2014-12-27,2014-12-27,1
1417,2015-06-02,2015-06-02,1
1417,2016-01-30,2016-01-30,1
1417,2016-06-04,2016-06-04,1
1417,2016-08-01,2016-08-01,1
1417,2016-09-10,2016-09-10,1
1417,2016-11-01,2016-11-01,1
1417,2017-02-18,2017-02-18,1
1417,2017-04-14,2017-04-14,1
1417,2017-04-21,2017-04-21,1
1417,2017-06-03,2017-06-03,1
1417,2017-08-24,2017-08-28,3
1417,2017-09-06,2017-09-06,1
1417,2017-09-08,2017-09-11,2
1417,2017-09-14,2017-09-15,2
1417,2017-09-28,2017-09-28,1
1417,2017-09-30,2017-09-30,1
1417,2017-10-11,2017-10-16,4
1417,2017-10-18,2017-10-18,1
1417,2017-10-20,2017-10-20,1
1417,2017-10-26,2017-10-26,1
1417,2017-10-30,2017-11-01,3
1417,2017-11-13,2017-11-14,2
1417,2017-11-16,2017-11-16,1
1417,2017-12-05,2017-12-05,1
1417,2017-12-11,2017-12-11,1
1417,2017-12-21,2017-12-21,1
1417,2017-12-25,2017-12-26,2
1417,2017-12-28,2017-12-28,1
1417,2018-01-15,2018-01-15,1
1417,2018-02-27,2018-02-27,1
1417,2018-03-09,2018-03-09,1
1417,2018-03-16,2018-03-16,1
1417,2018-03-20,2018-03-20,1
1417,2018-03-22,2018-03-27,4
1417,2018-03-29,2018-03-29,1
1417,2018-03-31,2018-04-02,2
1417,2018-04-10,2018-04-10,1
1417,2018-04-12,2018-04-12,1
1417,2018-04-17,2018-04-26,8
1417,2018-04-30,2018-04-30,1
1417,2018-05-04,2018-05-09,4
1417,2018-05-22,2018-05-22,1
1417,2018-12-22,2018-12-22,1
1417,2020-09-10,2020-09-10,1
1417,2021-05-10,2021-05-10,1
1418,2012-05-04,2012-05-04,1
1418,2012-05-14,2012-05-15,2
1418,2012-05-28,2012-05-29,2
1418,2012-06-01,2012-06-01,1
1418,2012-06-06,2012-06-06,1
1418,2012-06-08,2012-06-11,2
1418,2012-06-15,2012-06-19,3
1418,2012-06-21,2012-06-21,1
1418,2012-06-25,2012-06-26,2
1418,2012-06-28,2012-06-29,2
1418,2012-07-03,2012-07-03,1
1418,2012-07-05,2012-07-06,2
1418,2012-07-10,2012-07-16,5
1418,2012-07-19,2012-08-10,16
1418,2012-08-16,2012-08-29,10
1418,2012-09-07,2012-09-12,4
1418,2012-10-16,2012-10-16,1
1418,2012-10-18,2012-10-19,2
1418,2012-10-24,2012-10-24,1
1418,2012-10-29,2012-10-29,1
1418,2012-11-01,2012-11-01,1
1418,2012-11-05,2012-11-05,1
1418,2012-11-12,2012-11-12,1
1418,2012-11-19,2012-11-20,2
1418,2012-11-28,2012-11-28,1
1418,2012-12-07,2012-12-07,1
1418,2012-12-22,2012-12-24,2
1418,2013-01-02,2013-01-02,1
1418,2013-01-11,2013-01-11,1
1418,2013-01-22,2013-01-22,1
1418,2013-01-28,2013-01-29,2
1418,2013-02-01,2013-02-01,1
1418,2013-02-23,2013-02-23,1
1418,2013-03-12,2013-03-12,1
1418,2013-03-21,2013-03-21,1
1418,2013-03-25,2013-03-26,2
1418,2013-03-29,2013-03-29,1
1418,2013-04-02,2013-04-08,3
1418,2013-04-11,2013-04-16,4
1418,2013-04-22,2013-04-22,1
1418,2013-04-24,2013-04-24,1
1418,2013-04-26,2013-04-26,1
1418,2013-05-02,2013-05-02,1
1418,2013-05-27,2013-05-27,1
1418,2013-06-28,2013-06-28,1
1418,2013-07-04,2013-07-04,1
1418,2013-07-10,2013-07-10,1
1418,2013-07-31,2013-07-31,1
1418,2013-08-05,2013-08-05,1
1418,2013-08-16,2013-08-16,1
1418,2013-08-23,2013-08-23,1
1418,2013-08-27,2013-08-27,1
1418,2013-08-30,2013-09-05,5
1418,2013-09-13,2013-09-14,2
1418,2013-09-17,2013-09-17,1
1418,2013-09-23,2013-09-24,2
1418,2013-09-30,2013-10-02,3
1418,2013-10-04,2013-10-04,1
1418,2013-10-09,2013-10-09,1
1418,2013-10-21,2013-10-21,1
1418,2013-10-24,2013-10-24,1
1418,2013-10-31,2013-10-31,1
1418,2013-11-04,2013-11-04,1
1418,2013-11-08,2013-11-08,1
1418,2013-11-18,2013-11-18,1
1418,2013-11-22,2013-11-26,3
1418,2013-12-02,2013-12-03,2
1418,2013-12-06,2013-12-06,1
1418,2013-12-17,2013-12-18,2
1418,2013-12-23,2013-12-23,1
1418,2013-12-26,2013-12-26,1
1418,2013-12-31,2013-12-31,1
1418,2014-01-03,2014-01-03,1
1418,2014-01-16,2014-01-22,5
1418,2014-01-27,2014-01-27,1
1418,2014-02-18,2014-02-18,1
1418,2014-03-03,2014-03-06,4
1418,2014-03-10,2014-03-11,2
1418,2014-03-18,2014-03-21,4
1418,2014-03-25,2014-03-26,2
1418,2014-03-31,2014-04-07,5
1418,2014-04-09,2014-04-11,3
1418,2014-04-15,2014-04-15,1
1418,2014-04-17,2014-04-18,2
1418,2014-04-30,2014-05-02,2
1418,2014-05-08,2014-05-12,3
1418,2014-05-16,2014-05-19,2
1418,2014-05-22,2014-05-23,2
1418,2014-05-29,2014-05-29,1
1418,2014-06-03,2014-06-03,1
1418,2014-06-06,2014-06-06,1
1418,2014-06-25,2014-06-25,1
1418,2014-07-07,2014-07-07,1
1418,2014-09-03,2014-09-03,1
1418,2014-09-12,2014-09-12,1
1418,2014-09-23,2014-09-23,1
1418,2014-09-29,2014-09-29,1
1418,2014-10-15,2014-10-15,1
1418,2014-10-29,2014-10-29,1
1418,2014-10-31,2014-10-31,1
1418,2014-11-06,2014-11-06,1
1418,2014-11-14,2014-11-14,1
1418,2014-11-21,2014-11-21,1
1418,2014-11-26,2014-11-26,1
1418,2014-12-05,2014-12-05,1
1418,2014-12-10,2014-12-11,2
1418,2014-12-15,2014-12-15,1
1418,2014-12-17,2014-12-18,2
1418,2014-12-22,2014-12-25,4
1418,2014-12-27,2014-12-29,2
1418,2015-01-09,2015-01-09,1
1418,2015-01-19,2015-01-19,1
1418,2015-01-23,2015-01-23,1
1418,2015-01-30,2015-01-30,1
1418,2015-02-04,2015-02-09,4
1418,2015-02-11,2015-02-24,4
1418,2015-02-26,2015-03-02,2
1418,2015-03-05,2015-03-09,3
1418,2015-03-16,2015-03-17,2
1418,2015-03-20,2015-03-25,4
1418,2015-03-31,2015-03-31,1
1418,2015-04-02,2015-04-07,2
1418,2015-04-20,2015-04-21,2
1418,2015-05-13,2015-05-13,1
1418,2015-05-27,2015-05-27,1
1418,2015-06-01,2015-06-01,1
1418,2015-06-25,2015-06-25,1
1418,2015-07-06,2015-07-06,1
1418,2015-07-20,2015-07-21,2
1418,2015-07-24,2015-07-24,1
1418,2015-07-29,2015-08-03,4
1418,2015-08-06,2015-08-10,3
1418,2015-08-12,2015-08-12,1
1418,2015-08-14,2015-08-17,2
1418,2015-08-19,2015-08-25,5
1418,2015-08-31,2015-08-31,1
1418,2015-09-02,2015-09-02,1
1418,2015-09-04,2015-09-10,5
1418,2015-09-14,2015-12-21,68
1418,2015-12-23,2016-08-18,158
1418,2016-08-22,2016-08-31,8
1418,2016-09-05,2016-09-10,6
1418,2016-09-13,2016-09-13,1
1418,2016-09-19,2016-09-23,5
1418,2016-09-29,2017-02-08,87
1418,2017-02-10,2017-03-01,13
1418,2017-03-03,2017-03-08,4
1418,2017-03-10,2017-03-22,9
1418,2017-03-24,2017-03-27,2
1418,2017-03-30,2017-04-10,6
1418,2017-04-12,2017-06-20,48
1418,2017-06-22,2017-06-29,6
1418,2017-07-03,2017-08-28,41
1418,2017-08-30,2017-10-02,25
1418,2017-10-05,2017-10-16,6
1418,2017-10-18,2017-11-08,16
1418,2017-11-10,2017-11-28,6
1418,2017-11-30,2017-12-01,2
1418,2017-12-07,2017-12-11,3
1418,2017-12-13,2017-12-15,3
1418,2017-12-19,2017-12-28,8
1418,2018-01-02,2018-03-20,49
1418,2018-03-22,2018-08-14,100
1418,2018-08-16,2018-11-06,57
1418,2018-11-08,2019-04-23,106
1418,2019-04-25,2019-05-02,5
1418,2019-05-06,2019-10-01,103
1418,2019-10-03,2019-11-19,32
1418,2019-11-21,2019-12-25,25
1418,2019-12-27,2020-01-14,12
1418,2020-01-17,2020-02-27,23
1418,2020-03-03,2020-03-12,8
1418,2020-03-17,2020-03-23,5
1418,2020-03-25,2020-04-08,9
1418,2020-04-10,2020-07-17,68
1418,2020-07-22,2020-09-11,38
1418,2020-09-15,2020-09-15,1
1418,2020-09-18,2020-10-20,20
1418,2020-10-22,2020-10-27,4
1418,2020-10-29,2020-11-02,3
1418,2020-11-04,2020-11-04,1
1418,2020-11-06,2020-11-10,3
1418,2020-11-12,2020-11-12,1
1418,2020-11-18,2020-11-18,1
1418,2020-11-20,2020-12-17,20
1418,2020-12-21,2021-01-05,11
1418,2021-01-08,2021-01-21,10
1418,2021-01-25,2021-04-26,56
1418,2021-04-29,2021-05-03,2
1418,2021-05-05,2021-05-12,6
1418,2021-05-14,2022-01-06,165
1418,2022-01-12,2022-01-12,1
1418,2022-01-14,2022-01-14,1
1418,2022-01-18,2022-01-18,1
1418,2022-01-20,2022-01-21,2
1418,2022-01-25,2022-01-25,1
1418,2022-02-11,2022-02-11,1
1418,2022-02-17,2022-02-17,1
1418,2022-03-07,2022-03-14,6
1418,2022-03-17,2022-03-17,1
1418,2022-03-25,2022-03-25,1
1418,2022-03-31,2022-04-01,2
1418,2022-04-07,2022-04-07,1
1418,2022-04-29,2022-04-29,1
1418,2022-05-04,2022-05-04,1
1418,2022-05-11,2022-05-11,1
1418,2022-05-13,2022-05-19,5
1418,2022-06-28,2022-06-28,1
1418,2022-07-11,2022-07-11,1
1418,2022-07-27,2022-07-27,1
1418,2022-08-16,2022-08-16,1
1418,2022-09-02,2022-09-02,1
1418,2022-09-07,2022-09-12,3
1418,2022-09-19,2022-09-20,2
1418,2022-09-23,2022-09-26,2
1418,2022-10-17,2022-10-17,1
1418,2022-11-03,2022-11-03,1
1418,2022-11-15,2022-11-15,1
1418,2022-11-29,2022-11-29,1
1418,2022-12-12,2022-12-12,1
1418,2022-12-22,2022-12-23,2
1418,2022-12-30,2023-01-04,3
1418,2023-01-11,2023-01-11,1
1418,2023-01-17,2023-01-17,1
1418,2023-02-01,2023-02-01,1
1418,2023-02-08,2023-02-10,3
1418,2023-02-14,2023-02-14,1
1418,2023-02-17,2023-02-17,1
1418,2023-02-22,2023-02-23,2
1418,2023-03-07,2023-03-07,1
1418,2023-03-14,2023-03-14,1
1418,2023-03-16,2023-03-17,2
1418,2023-03-21,2023-03-29,7
1418,2023-04-28,2023-05-03,3
1418,2023-05-05,2023-05-08,2
1418,2023-05-11,2023-05-11,1
1418,2023-06-19,2023-06-19,1
1418,2023-07-27,2023-07-28,2
1418,2023-08-22,2023-08-22,1
1418,2023-09-20,2023-09-20,1
1418,2023-10-06,2023-10-11,2
1418,2023-10-20,2023-10-20,1
1418,2023-10-27,2023-10-27,1
1418,2023-10-31,2023-10-31,1
1418,2023-11-17,2023-11-17,1
1418,2023-11-24,2023-11-27,2
1418,2024-01-02,2024-01-02,1
1418,2024-01-05,2024-01-05,1
1418,2024-01-09,2024-01-09,1
1418,2024-01-26,2024-01-26,1
1418,2024-02-20,2024-02-20,1
1418,2024-02-27,2024-02-27,1
1418,2024-09-16,2024-09-16,1
1418,2024-10-08,2024-10-08,1
1418,2024-10-14,2024-10-15,2
1418,2024-11-27,2024-11-27,1
1418,2024-11-29,2024-11-29,1
1418,2024-12-17,2024-12-17,1
1418,2025-01-08,2025-01-08,1
1418,2025-02-25,2025-02-25,1
1418,2025-02-27,2025-03-03,2
1418,2025-03-06,2025-03-06,1
1418,2025-03-17,2025-03-17,1
1418,2025-04-07,2025-04-07,1
1418,2025-07-16,2025-07-16,1
1418,2025-07-23,2025-07-23,1
1418,2025-07-28,2025-07-28,1
1418,2025-10-23,2025-10-23,1
1418,2025-11-07,2025-11-07,1
1418,2025-11-26,2025-11-27,2
1418,2025-12-04,2025-12-04,1
1418,2025-12-10,2025-12-10,1
1418,2025-12-17,2025-12-17,1
1418,2025-12-22,2025-12-23,2
1418,2025-12-29,2025-12-30,2
1418,2026-01-30,2026-01-30,1
1418,2026-03-18,2026-03-18,1
1418,2026-03-26,2026-03-27,2
1419,2012-06-27,2012-06-27,1
1419,2012-12-22,2012-12-22,1
1419,2013-07-15,2013-07-15,1
1419,2013-09-14,2013-09-14,1
1419,2014-03-19,2014-03-19,1
1419,2014-12-27,2014-12-27,1
1419,2015-11-05,2015-11-05,1
1419,2016-03-04,2016-03-04,1
1419,2016-03-18,2016-03-18,1
1419,2016-06-04,2016-06-04,1
1419,2016-09-10,2016-09-10,1
1419,2016-09-14,2016-09-14,1
1419,2016-11-04,2016-11-04,1
1419,2016-12-27,2016-12-27,1
1419,2017-01-04,2017-01-04,1
1419,2017-01-12,2017-01-12,1
1419,2017-01-24,2017-01-24,1
1419,2017-02-06,2017-02-06,1
1419,2017-02-14,2017-02-14,1
1419,2017-02-18,2017-02-20,2
1419,2017-02-22,2017-02-22,1
1419,2017-02-24,2017-02-24,1
1419,2017-03-03,2017-03-03,1
1419,2017-03-07,2017-03-13,5
1419,2017-03-31,2017-03-31,1
1419,2017-04-06,2017-04-07,2
1419,2017-04-11,2017-04-12,2
1419,2017-05-17,2017-05-22,4
1419,2017-06-02,2017-06-03,2
1419,2017-06-07,2017-06-07,1
1419,2017-06-12,2017-06-20,7
1419,2017-06-23,2017-06-23,1
1419,2017-06-30,2017-06-30,1
1419,2017-07-06,2017-07-07,2
1419,2017-07-26,2017-07-26,1
1419,2017-07-28,2017-07-28,1
1419,2017-08-01,2017-08-01,1
1419,2017-08-03,2017-08-03,1
1419,2017-08-08,2017-08-08,1
1419,2017-08-21,2017-08-21,1
1419,2017-08-28,2017-08-28,1
1419,2017-09-05,2017-09-05,1
1419,2017-09-07,2017-09-08,2
1419,2017-09-13,2017-09-18,4
1419,2017-09-30,2017-09-30,1
1419,2017-10-03,2017-10-03,1
1419,2017-10-11,2017-10-11,1
1419,2017-10-13,2017-10-16,2
1419,2017-10-19,2017-10-19,1
1419,2017-10-24,2017-10-26,3
1419,2017-11-01,2017-11-06,4
1419,2017-11-09,2017-11-09,1
1419,2017-11-16,2017-11-17,2
1419,2017-11-27,2017-11-28,2
1419,2017-11-30,2017-11-30,1
1419,2017-12-11,2017-12-13,3
1419,2017-12-20,2017-12-20,1
1419,2017-12-22,2017-12-22,1
1419,2017-12-26,2017-12-28,3
1419,2018-01-03,2018-01-03,1
1419,2018-01-05,2018-01-05,1
1419,2018-01-22,2018-01-22,1
1419,2018-01-31,2018-01-31,1
1419,2018-02-02,2018-02-02,1
1419,2018-02-22,2018-02-22,1
1419,2018-03-01,2018-03-01,1
1419,2018-03-14,2018-03-14,1
1419,2018-04-02,2018-04-02,1
1419,2018-04-09,2018-04-09,1
1419,2018-04-20,2018-04-20,1
1419,2018-04-30,2018-04-30,1
1419,2018-05-10,2018-05-10,1
1419,2018-06-11,2018-06-11,1
1419,2018-07-16,2018-07-17,2
1419,2018-07-23,2018-07-24,2
1419,2018-08-09,2018-08-09,1
1419,2018-08-13,2018-08-13,1
1419,2018-08-15,2018-08-15,1
1419,2018-08-24,2018-08-27,2
1419,2018-09-07,2018-09-07,1
1419,2018-09-17,2018-09-18,2
1419,2018-09-25,2018-09-25,1
1419,2018-10-16,2018-10-16,1
1419,2018-10-25,2018-10-25,1
1419,2018-11-02,2018-11-02,1
1419,2018-11-06,2018-11-07,2
1419,2018-11-14,2018-11-16,3
1419,2018-11-20,2018-11-20,1
1419,2018-11-22,2018-11-23,2
1419,2018-11-27,2018-11-27,1
1419,2018-12-10,2018-12-10,1
1419,2018-12-12,2018-12-12,1
1419,2018-12-26,2018-12-26,1
1419,2019-01-02,2019-01-03,2
1419,2019-01-23,2019-01-23,1
1419,2019-01-30,2019-01-30,1
1419,2019-02-13,2019-02-15,3
1419,2019-02-19,2019-02-19,1
1419,2019-02-21,2019-02-21,1
1419,2019-02-25,2019-02-27,3
1419,2019-03-05,2019-03-06,2
1419,2019-03-08,2019-03-08,1
1419,2019-03-19,2019-03-19,1
1419,2019-03-26,2019-04-03,7
1419,2019-04-09,2019-04-10,2
1419,2019-04-22,2019-04-23,2
1419,2019-04-25,2019-04-25,1
1419,2019-04-30,2019-04-30,1
1419,2019-05-17,2019-05-20,2
1419,2019-05-22,2019-05-22,1
1419,2019-06-03,2019-06-03,1
1419,2019-06-06,2019-06-06,1
1419,2019-06-11,2019-06-11,1
1419,2019-07-09,2019-07-09,1
1419,2019-07-15,2019-07-15,1
1419,2019-07-18,2019-07-18,1
1419,2019-07-22,2019-07-22,1
1419,2019-08-02,2019-08-02,1
1419,2019-08-13,2019-08-14,2
1419,2019-08-28,2019-08-28,1
1419,2019-09-03,2019-09-03,1
1419,2019-09-06,2019-09-10,3
1419,2019-09-17,2019-09-17,1
1419,2019-09-19,2019-09-19,1
1419,2019-09-23,2019-09-23,1
1419,2019-09-25,2019-09-25,1
1419,2019-10-01,2019-10-01,1
1419,2019-10-03,2019-10-09,5
1419,2019-10-17,2019-10-17,1
1419,2019-10-23,2019-10-23,1
1419,2019-10-25,2019-11-06,9
1419,2019-11-08,2019-11-19,8
1419,2019-11-22,2019-12-09,12
1419,2019-12-11,2019-12-11,1
1419,2019-12-23,2019-12-24,2
1419,2019-12-26,2019-12-26,1
1419,2019-12-30,2019-12-30,1
1419,2020-01-03,2020-01-03,1
1419,2020-01-09,2020-01-09,1
1419,2020-01-15,2020-01-15,1
1419,2020-01-20,2020-01-20,1
1419,2020-02-03,2020-02-03,1
1419,2020-02-26,2020-02-26,1
1419,2020-03-26,2020-03-30,3
1419,2020-04-14,2020-04-14,1
1419,2020-04-28,2020-04-28,1
1419,2020-06-04,2020-06-05,2
1419,2020-06-12,2020-06-12,1
1419,2020-09-30,2020-09-30,1
1419,2020-10-28,2020-10-28,1
1419,2020-11-13,2020-11-13,1
1419,2021-03-30,2021-03-30,1
1419,2021-07-12,2021-07-12,1
1419,2021-07-15,2021-07-16,2
1419,2021-08-06,2021-08-06,1
1419,2021-08-10,2021-08-10,1
1419,2021-08-24,2021-08-24,1
1419,2021-09-02,2021-09-02,1
1419,2021-09-06,2021-09-07,2
1419,2021-09-13,2021-09-13,1
1419,2021-10-28,2021-10-28,1
1419,2021-11-10,2021-11-10,1
1419,2022-05-04,2022-05-04,1
1419,2022-07-26,2022-07-26,1
1419,2023-03-24,2023-03-24,1
1419,2024-12-06,2024-12-06,1
1419,2024-12-27,2024-12-27,1
1423,2012-05-10,2012-05-10,1
1423,2012-05-14,2012-05-15,2
1423,2012-05-25,2012-05-28,2
1423,2012-06-06,2012-06-06,1
1423,2012-06-11,2012-06-11,1
1423,2012-06-15,2012-06-21,5
1423,2012-06-27,2012-06-28,2
1423,2012-07-02,2012-07-02,1
1423,2012-07-06,2012-07-10,3
1423,2012-07-12,2012-07-18,5
1423,2012-07-23,2012-07-23,1
1423,2012-07-25,2012-07-26,2
1423,2012-07-30,2012-08-03,4
1423,2012-08-07,2012-08-07,1
1423,2012-08-22,2012-08-22,1
1423,2012-08-24,2012-08-27,2
1423,2012-08-29,2012-08-29,1
1423,2012-08-31,2012-08-31,1
1423,2012-09-04,2012-09-04,1
1423,2012-09-07,2012-09-07,1
1423,2012-09-12,2012-09-13,2
1423,2012-10-08,2012-10-08,1
1423,2012-10-12,2012-10-12,1
1423,2012-10-16,2012-10-16,1
1423,2012-10-19,2012-10-19,1
1423,2012-10-24,2012-10-24,1
1423,2012-10-29,2012-10-29,1
1423,2012-11-02,2012-11-02,1
1423,2012-11-07,2012-11-07,1
1423,2012-11-19,2012-11-19,1
1423,2012-11-22,2012-11-22,1
1423,2012-12-10,2012-12-10,1
1423,2012-12-17,2012-12-17,1
1423,2012-12-24,2012-12-24,1
1423,2013-01-17,2013-01-17,1
1423,2013-02-06,2013-02-06,1
1423,2013-02-22,2013-02-22,1
1423,2013-03-06,2013-03-06,1
1423,2013-03-08,2013-03-08,1
1423,2013-03-12,2013-03-12,1
1423,2013-03-14,2013-03-14,1
1423,2013-03-26,2013-03-26,1
1423,2013-03-28,2013-03-28,1
1423,2013-04-01,2013-04-01,1
1423,2013-04-03,2013-04-03,1
1423,2013-04-11,2013-04-11,1
1423,2013-04-15,2013-04-15,1
1423,2013-04-19,2013-04-22,2
1423,2013-04-24,2013-04-24,1
1423,2013-05-02,2013-05-02,1
1423,2013-05-07,2013-05-07,1
1423,2013-05-13,2013-05-13,1
1423,2013-05-27,2013-05-27,1
1423,2013-06-03,2013-06-03,1
1423,2013-06-05,2013-06-05,1
1423,2013-06-18,2013-06-19,2
1423,2013-06-27,2013-06-27,1
1423,2013-07-01,2013-07-01,1
1423,2013-07-09,2013-07-09,1
1423,2013-07-18,2013-07-18,1
1423,2013-07-31,2013-07-31,1
1423,2013-08-13,2013-08-13,1
1423,2013-08-16,2013-08-19,2
1423,2013-08-23,2013-08-26,2
1423,2013-08-30,2013-08-30,1
1423,2013-09-04,2013-09-14,9
1423,2013-09-18,2013-09-24,3
1423,2013-10-31,2013-10-31,1
1423,2013-11-19,2013-11-19,1
1423,2013-12-05,2013-12-05,1
1423,2014-01-16,2014-01-16,1
1423,2014-01-20,2014-01-20,1
1423,2014-03-25,2014-03-25,1
1423,2014-03-27,2014-03-27,1
1423,2014-04-29,2014-04-29,1
1423,2014-05-02,2014-05-02,1
1423,2014-05-07,2014-05-07,1
1423,2014-05-09,2014-05-12,2
1423,2014-05-15,2014-05-15,1
1423,2014-05-19,2014-05-19,1
1423,2014-08-11,2014-08-11,1
1423,2014-10-29,2014-10-29,1
1423,2014-11-07,2014-11-07,1
1423,2014-11-14,2014-11-14,1
1423,2014-12-04,2014-12-08,3
1423,2014-12-18,2014-12-18,1
1423,2014-12-23,2014-12-24,2
1423,2014-12-27,2014-12-27,1
1423,2015-01-27,2015-01-28,2
1423,2015-01-30,2015-02-02,2
1423,2015-02-12,2015-02-12,1
1423,2015-02-24,2015-02-24,1
1423,2015-03-03,2015-03-03,1
1423,2015-03-06,2015-03-06,1
1423,2015-03-13,2015-03-13,1
1423,2015-03-20,2015-03-24,3
1423,2015-06-25,2015-06-25,1
1423,2015-09-07,2015-09-07,1
1423,2015-09-18,2015-09-18,1
1423,2015-09-24,2015-09-24,1
1423,2015-10-02,2015-10-02,1
1423,2015-10-12,2015-10-12,1
1423,2015-10-14,2015-10-14,1
1423,2015-10-16,2015-10-16,1
1423,2015-10-21,2015-10-21,1
1423,2015-10-23,2015-10-27,3
1423,2015-11-05,2015-11-09,3
1423,2015-11-11,2015-11-11,1
1423,2015-11-18,2015-11-18,1
1423,2015-11-20,2015-11-23,2
1423,2015-11-26,2015-11-27,2
1423,2015-12-04,2015-12-04,1
1423,2015-12-08,2015-12-09,2
1423,2015-12-11,2015-12-16,4
1423,2015-12-18,2015-12-25,6
1423,2015-12-30,2015-12-30,1
1423,2016-01-04,2016-01-04,1
1423,2016-01-07,2016-01-13,5
1423,2016-01-15,2016-01-15,1
1423,2016-01-21,2016-01-22,2
1423,2016-01-28,2016-03-02,18
1423,2016-03-04,2016-03-04,1
1423,2016-03-08,2016-03-18,9
1423,2016-03-22,2016-03-24,3
1423,2016-03-28,2016-03-29,2
1423,2016-03-31,2016-04-01,2
1423,2016-04-08,2016-04-08,1
1423,2016-04-20,2016-04-20,1
1423,2016-04-26,2016-04-27,2
1423,2016-05-05,2016-05-05,1
1423,2016-05-11,2016-05-13,3
1423,2016-05-20,2016-05-24,3
1423,2016-05-26,2016-05-27,2
1423,2016-05-31,2016-06-01,2
1423,2016-06-04,2016-06-04,1
1423,2016-06-07,2016-06-14,4
1423,2016-06-17,2016-06-20,2
1423,2016-06-22,2016-06-29,6
1423,2016-07-06,2016-07-12,4
1423,2016-07-14,2016-07-15,2
1423,2016-07-20,2016-07-20,1
1423,2016-08-01,2016-08-01,1
1423,2016-08-03,2016-08-03,1
1423,2016-08-08,2016-08-08,1
1423,2016-08-10,2016-08-10,1
1423,2016-08-18,2016-08-18,1
1423,2016-09-01,2016-09-02,2
1423,2016-09-10,2016-09-10,1
1423,2016-09-14,2016-09-14,1
1423,2016-09-26,2016-09-30,3
1423,2016-10-12,2016-10-12,1
1423,2016-10-14,2016-10-18,3
1423,2016-11-08,2016-11-08,1
1423,2016-11-14,2016-11-14,1
1423,2016-11-24,2016-11-24,1
1423,2016-11-29,2016-11-30,2
1423,2016-12-06,2016-12-08,3
1423,2016-12-14,2016-12-14,1
1423,2016-12-23,2016-12-26,2
1423,2016-12-28,2017-01-03,4
1423,2017-01-05,2017-01-17,9
1423,2017-01-23,2017-01-23,1
1423,2017-02-07,2017-02-07,1
1423,2017-02-13,2017-02-13,1
1423,2017-02-18,2017-02-18,1
1423,2017-03-14,2017-03-15,2
1423,2017-03-21,2017-03-21,1
1423,2017-03-29,2017-03-30,2
1423,2017-04-11,2017-04-12,2
1423,2017-04-24,2017-04-24,1
1423,2017-04-27,2017-05-04,5
1423,2017-05-08,2017-05-08,1
1423,2017-05-15,2017-05-17,3
1423,2017-05-19,2017-05-19,1
1423,2017-05-23,2017-05-23,1
1423,2017-05-25,2017-06-06,8
1423,2017-06-08,2017-06-08,1
1423,2017-06-12,2017-06-15,4
1423,2017-06-19,2017-06-19,1
1423,2017-07-03,2017-07-03,1
1423,2017-07-06,2017-07-10,3
1423,2017-07-20,2017-07-20,1
1423,2017-07-28,2017-07-31,2
1423,2017-08-02,2017-08-02,1
1423,2017-08-11,2017-08-11,1
1423,2017-08-21,2017-08-23,3
1423,2017-08-28,2017-08-29,2
1423,2017-09-01,2017-09-01,1
1423,2017-09-18,2017-09-19,2
1423,2017-09-21,2017-09-21,1
1423,2017-09-26,2017-09-27,2
1423,2017-09-29,2017-09-29,1
1423,2017-10-12,2017-10-13,2
1423,2017-10-27,2017-10-27,1
1423,2017-11-08,2017-11-08,1
1423,2017-11-27,2017-11-27,1
1423,2017-12-05,2017-12-05,1
1423,2017-12-20,2017-12-21,2
1423,2018-01-03,2018-01-04,2
1423,2018-01-29,2018-01-30,2
1423,2018-02-01,2018-02-01,1
1423,2018-02-22,2018-02-22,1
1423,2018-03-08,2018-03-08,1
1423,2018-03-12,2018-03-12,1
1423,2018-03-16,2018-03-16,1
1423,2018-03-22,2018-03-22,1
1423,2018-12-22,2018-12-22,1
1423,2019-01-22,2019-01-22,1
1423,2019-01-25,2019-01-25,1
1423,2019-01-29,2019-01-30,2
1423,2019-02-13,2019-02-13,1
1423,2019-02-15,2019-02-15,1
1423,2019-02-19,2019-02-19,1
1423,2019-02-27,2019-02-27,1
1423,2019-03-08,2019-03-08,1
1423,2019-03-12,2019-03-13,2
1423,2019-03-27,2019-03-28,2
1423,2019-04-12,2019-04-12,1
1423,2019-04-19,2019-04-19,1
1423,2019-04-25,2019-04-25,1
1423,2019-05-08,2019-05-08,1
1423,2019-05-13,2019-05-13,1
1423,2019-05-20,2019-05-20,1
1423,2019-06-03,2019-06-03,1
1423,2019-06-10,2019-06-10,1
1423,2019-06-13,2019-06-13,1
1423,2019-07-03,2019-07-03,1
1423,2019-07-05,2019-07-05,1
1423,2019-08-06,2019-08-06,1
1423,2019-08-08,2019-08-08,1
1423,2019-08-30,2019-09-02,2
1423,2019-09-04,2019-09-04,1
1423,2019-09-06,2019-09-10,3
1423,2019-09-20,2019-09-20,1
1423,2019-09-24,2019-09-24,1
1423,2019-09-26,2019-09-26,1
1423,2019-10-01,2019-10-02,2
1423,2019-10-08,2019-10-14,3
1423,2019-10-25,2019-10-29,3
1423,2019-10-31,2019-11-01,2
1423,2019-11-05,2019-11-06,2
1423,2019-11-08,2019-11-13,4
1423,2019-11-18,2019-11-19,2
1423,2019-11-27,2019-11-28,2
1423,2019-12-03,2019-12-03,1
1423,2019-12-05,2019-12-06,2
1423,2019-12-11,2019-12-11,1
1423,2019-12-13,2019-12-13,1
1423,2019-12-26,2019-12-26,1
1423,2019-12-31,2019-12-31,1
1423,2020-01-09,2020-01-09,1
1423,2020-01-13,2020-01-15,3
1423,2020-02-17,2020-02-17,1
1423,2020-03-25,2020-03-25,1
1423,2020-03-30,2020-03-30,1
1423,2020-04-09,2020-04-09,1
1423,2020-05-05,2020-05-05,1
1423,2020-05-11,2020-05-11,1
1423,2020-05-13,2020-05-13,1
1423,2020-05-18,2020-05-18,1
1423,2020-05-21,2020-05-21,1
1423,2020-05-27,2020-05-29,3
1423,2020-06-02,2020-06-02,1
1423,2020-06-05,2020-06-10,4
1423,2020-06-16,2020-06-16,1
1423,2020-07-07,2020-07-08,2
1423,2020-09-30,2020-09-30,1
1423,2020-10-20,2020-10-20,1
1423,2020-11-19,2020-11-19,1
1423,2021-12-15,2021-12-15,1
1423,2021-12-30,2021-12-30,1
1423,2022-01-18,2022-01-18,1
1423,2022-02-08,2022-02-08,1
1423,2022-04-26,2022-04-26,1
1423,2022-06-01,2022-06-01,1
1423,2022-06-08,2022-06-09,2
1423,2022-06-28,2022-06-28,1
1423,2022-07-19,2022-07-19,1
1423,2022-07-25,2022-07-25,1
1423,2022-08-01,2022-08-01,1
1423,2022-08-04,2022-08-04,1
1423,2022-08-12,2022-08-12,1
1423,2022-08-31,2022-08-31,1
1423,2022-10-03,2022-10-03,1
1423,2022-10-06,2022-10-06,1
1423,2022-10-17,2022-10-17,1
1423,2022-10-28,2022-10-28,1
1423,2022-12-30,2022-12-30,1
1423,2023-01-04,2023-01-04,1
1423,2023-02-20,2023-02-20,1
1423,2023-08-30,2023-08-30,1
1423,2023-09-08,2023-09-08,1
1423,2023-11-06,2023-11-06,1
1423,2024-10-22,2024-10-22,1
1423,2024-12-06,2024-12-06,1
1423,2024-12-17,2024-12-18,2
1423,2025-02-06,2025-02-06,1
1423,2025-02-21,2025-02-21,1
1423,2025-03-07,2025-03-07,1
1423,2025-03-12,2025-03-12,1
1423,2025-03-24,2025-03-25,2
1423,2025-06-09,2025-06-09,1
1423,2025-07-02,2025-07-03,2
1423,2025-07-07,2025-07-07,1
1423,2025-07-09,2025-07-09,1
1423,2025-07-11,2025-07-14,2
1423,2025-07-17,2025-07-18,2
1423,2025-07-28,2025-07-28,1
1423,2025-08-14,2025-08-14,1
1423,2025-09-03,2025-09-03,1
1423,2025-10-09,2025-10-09,1
1423,2025-10-23,2025-10-23,1
1423,2025-11-03,2025-11-03,1
1423,2025-12-01,2025-12-01,1
1423,2025-12-09,2025-12-09,1
1423,2025-12-24,2025-12-24,1
1423,2026-01-23,2026-01-23,1
1423,2026-01-30,2026-02-02,2
1423,2026-02-05,2026-02-05,1
1432,2012-05-03,2012-05-04,2
1432,2012-05-10,2012-05-10,1
1432,2012-05-18,2012-05-18,1
1432,2012-05-24,2012-05-25,2
1432,2012-05-29,2012-05-30,2
1432,2012-06-01,2012-06-04,2
1432,2012-06-06,2012-06-07,2
1432,2012-06-14,2012-07-02,13
1432,2012-07-05,2012-07-09,3
1432,2012-07-11,2012-07-12,2
1432,2012-07-24,2012-07-24,1
1432,2012-08-01,2012-08-01,1
1432,2012-08-13,2012-08-13,1
1432,2012-08-20,2012-08-20,1
1432,2012-08-24,2012-08-24,1
1432,2012-09-17,2012-09-17,1
1432,2012-10-05,2012-10-05,1
1432,2012-11-09,2012-11-09,1
1432,2012-11-14,2012-11-15,2
1432,2012-11-19,2012-11-23,5
1432,2012-12-22,2012-12-22,1
1432,2012-12-28,2012-12-28,1
1432,2013-01-29,2013-01-29,1
1432,2013-01-31,2013-01-31,1
1432,2013-02-06,2013-02-06,1
1432,2013-02-23,2013-02-23,1
1432,2013-03-11,2013-03-11,1
1432,2013-03-14,2013-03-18,3
1432,2013-04-01,2013-04-01,1
1432,2013-06-04,2013-06-05,2
1432,2013-07-04,2013-07-04,1
1432,2013-07-26,2013-07-26,1
1432,2014-09-16,2014-09-16,1
1432,2014-12-27,2014-12-27,1
1432,2015-03-04,2015-03-05,2
1432,2016-01-26,2016-01-26,1
1432,2016-01-30,2016-01-30,1
1432,2016-06-04,2016-06-04,1
1432,2016-11-23,2016-11-23,1
1432,2016-12-19,2016-12-19,1
1432,2016-12-26,2016-12-26,1
1432,2016-12-28,2016-12-29,2
1432,2017-01-06,2017-01-06,1
1432,2017-01-23,2017-01-24,2
1432,2017-02-07,2017-02-07,1
1432,2017-02-18,2017-02-18,1
1432,2017-03-13,2017-03-14,2
1432,2017-03-16,2017-03-16,1
1432,2017-03-20,2017-03-20,1
1432,2017-03-31,2017-03-31,1
1432,2017-04-19,2017-04-19,1
1432,2017-04-21,2017-04-25,3
1432,2017-05-02,2017-05-02,1
1432,2017-05-11,2017-05-12,2
1432,2017-05-18,2017-05-22,3
1432,2017-05-24,2017-05-24,1
1432,2017-05-26,2017-05-26,1
1432,2017-06-02,2017-06-05,3
1432,2017-06-23,2017-06-23,1
1432,2017-07-10,2017-07-10,1
1432,2017-07-19,2017-07-19,1
1432,2017-07-24,2017-07-24,1
1432,2017-07-26,2017-07-26,1
1432,2017-08-02,2017-08-03,2
1432,2017-08-18,2017-08-18,1
1432,2017-08-23,2017-08-23,1
1432,2017-08-25,2017-08-25,1
1432,2017-09-04,2017-09-04,1
1432,2017-09-11,2017-09-11,1
1432,2017-09-14,2017-09-14,1
1432,2017-09-21,2017-09-21,1
1432,2017-09-27,2017-09-27,1
1432,2017-09-30,2017-10-02,2
1432,2017-12-08,2017-12-08,1
1432,2017-12-21,2017-12-21,1
1432,2018-01-09,2018-01-09,1
1432,2018-01-19,2018-01-19,1
1432,2018-01-29,2018-01-29,1
1432,2018-02-02,2018-02-02,1
1432,2018-02-22,2018-02-22,1
1432,2018-02-27,2018-02-27,1
1432,2018-03-05,2018-03-05,1
1432,2018-03-08,2018-03-08,1
1432,2018-03-22,2018-04-02,9
1432,2018-04-11,2018-04-12,2
1432,2018-04-17,2018-04-17,1
1432,2018-04-19,2018-04-19,1
1432,2018-04-24,2018-04-25,2
1432,2018-05-03,2018-05-03,1
1432,2018-05-07,2018-05-08,2
1432,2018-05-16,2018-05-16,1
1432,2018-05-18,2018-05-28,7
1432,2018-05-30,2018-05-31,2
1432,2018-06-27,2018-06-27,1
1432,2018-07-11,2018-07-11,1
1432,2018-07-17,2018-07-17,1
1432,2018-07-23,2018-07-23,1
1432,2018-07-25,2018-07-25,1
1432,2018-07-27,2018-07-27,1
1432,2018-08-07,2018-08-08,2
1432,2018-08-14,2018-08-14,1
1432,2018-08-23,2018-08-23,1
1432,2018-08-27,2018-08-28,2
1432,2018-08-31,2018-08-31,1
1432,2018-09-04,2018-09-04,1
1432,2018-09-12,2018-09-12,1
1432,2018-09-17,2018-09-18,2
1432,2018-09-20,2018-09-27,5
1432,2018-10-01,2018-10-02,2
1432,2018-10-16,2018-10-19,4
1432,2018-10-23,2018-10-23,1
1432,2018-10-25,2018-10-25,1
1432,2018-10-29,2018-10-29,1
1432,2018-10-31,2018-10-31,1
1432,2018-11-06,2018-11-06,1
1432,2018-11-08,2018-11-23,12
1432,2018-12-18,2018-12-18,1
1432,2018-12-22,2018-12-22,1
1432,2019-01-29,2019-01-29,1
1432,2019-02-13,2019-02-13,1
1432,2019-02-22,2019-02-22,1
1432,2019-04-15,2019-04-15,1
1432,2019-04-22,2019-04-23,2
1432,2019-05-24,2019-05-24,1
1432,2019-05-31,2019-05-31,1
1432,2019-06-18,2019-06-18,1
1432,2019-06-28,2019-06-28,1
1432,2019-07-09,2019-07-09,1
1432,2019-07-12,2019-07-12,1
1432,2019-08-08,2019-08-12,2
1432,2019-08-15,2019-08-15,1
1432,2019-08-29,2019-08-29,1
1432,2019-09-04,2019-09-04,1
1432,2019-09-06,2019-09-06,1
1432,2019-09-19,2019-09-24,4
1432,2019-09-26,2019-09-26,1
1432,2019-10-01,2019-10-03,3
1432,2019-10-07,2019-10-14,4
1432,2019-10-17,2019-10-25,7
1432,2019-10-30,2019-11-01,3
1432,2019-11-06,2019-11-08,3
1432,2019-11-12,2019-11-13,2
1432,2019-11-15,2019-11-19,3
1432,2019-11-22,2019-11-28,5
1432,2019-12-06,2019-12-06,1
1432,2019-12-17,2019-12-17,1
1432,2019-12-30,2020-01-02,3
1432,2020-01-09,2020-01-09,1
1432,2020-02-18,2020-02-19,2
1432,2020-02-25,2020-02-26,2
1432,2020-03-03,2020-03-03,1
1432,2020-03-24,2020-03-24,1
1432,2020-03-30,2020-03-30,1
1432,2020-04-07,2020-04-07,1
1432,2020-04-20,2020-04-20,1
1432,2020-04-24,2020-04-24,1
1432,2020-05-18,2020-05-18,1
1432,2020-07-17,2020-07-17,1
1432,2020-08-05,2020-08-05,1
1432,2020-08-14,2020-08-20,5
1432,2020-08-24,2020-08-24,1
1432,2020-08-26,2020-08-26,1
1432,2020-08-28,2020-08-28,1
1432,2020-09-01,2020-09-01,1
1432,2020-10-16,2020-10-19,2
1432,2020-10-22,2020-10-22,1
1432,2020-10-29,2020-10-30,2
1432,2021-08-03,2021-08-03,1
1432,2021-08-16,2021-08-16,1
1432,2021-09-02,2021-09-02,1
1432,2021-09-10,2021-09-10,1
1432,2021-09-15,2021-09-15,1
1432,2021-09-23,2021-09-24,2
1432,2021-10-12,2021-10-12,1
1432,2021-10-21,2021-10-21,1
1432,2021-10-27,2021-10-27,1
1432,2021-10-29,2021-10-29,1
1432,2021-11-04,2021-11-04,1
1432,2021-11-08,2021-11-08,1
1432,2021-11-10,2021-11-11,2
1432,2021-11-16,2021-11-17,2
1432,2021-11-22,2021-11-22,1
1432,2021-11-25,2021-11-25,1
1432,2021-12-02,2021-12-06,3
1432,2021-12-09,2021-12-09,1
1432,2021-12-14,2021-12-15,2
1432,2021-12-17,2021-12-17,1
1432,2021-12-23,2021-12-23,1
1432,2022-01-03,2022-01-04,2
1432,2022-01-18,2022-01-18,1
1432,2022-03-03,2022-03-03,1
1432,2022-03-10,2022-03-10,1
1432,2022-03-15,2022-03-15,1
1432,2022-04-01,2022-04-01,1
1432,2023-10-30,2023-10-30,1
1432,2024-09-13,2024-09-13,1
1432,2025-10-09,2025-10-09,1
1432,2025-11-04,2025-11-04,1
1434,2017-02-18,2017-02-18,1
1434,2018-03-31,2018-03-31,1
1435,2012-05-10,2012-05-10,1
1435,2012-05-14,2012-05-15,2
1435,2012-05-28,2012-05-29,2
1435,2012-06-01,2012-06-01,1
1435,2012-06-06,2012-06-11,4
1435,2012-06-14,2012-06-14,1
1435,2012-06-18,2012-06-20,3
1435,2012-06-22,2012-06-22,1
1435,2012-06-26,2012-06-27,2
1435,2012-06-29,2012-07-02,2
1435,2012-07-06,2012-07-06,1
1435,2012-07-11,2012-07-11,1
1435,2012-07-16,2012-07-17,2
1435,2012-07-19,2012-07-20,2
1435,2012-07-25,2012-07-25,1
1435,2012-07-27,2012-07-30,2
1435,2012-08-01,2012-08-07,4
1435,2012-08-17,2012-08-20,2
1435,2012-08-23,2012-08-24,2
1435,2012-08-29,2012-08-29,1
1435,2012-09-03,2012-09-03,1
1435,2012-09-24,2012-09-24,1
1435,2012-12-22,2012-12-22,1
1435,2013-02-23,2013-02-23,1
1435,2013-04-17,2013-04-17,1
1435,2013-06-04,2013-06-04,1
1435,2013-07-03,2013-07-03,1
1435,2013-07-12,2013-07-12,1
1435,2013-07-19,2013-07-22,2
1435,2013-07-26,2013-07-26,1
1435,2013-08-16,2013-08-16,1
1435,2013-08-26,2013-08-26,1
1435,2013-08-28,2013-08-29,2
1435,2013-09-05,2013-09-05,1
1435,2013-09-09,2013-09-09,1
1435,2013-09-11,2013-09-11,1
1435,2013-09-13,2013-09-13,1
1435,2013-09-24,2013-09-24,1
1435,2013-10-24,2013-10-24,1
1435,2013-10-30,2013-10-30,1
1435,2013-11-15,2013-11-19,3
1435,2013-11-22,2013-11-22,1
1435,2013-11-26,2013-11-27,2
1435,2013-12-03,2013-12-04,2
1435,2013-12-26,2013-12-26,1
1435,2014-01-16,2014-01-16,1
1435,2014-01-20,2014-01-22,3
1435,2014-02-11,2014-02-11,1
1435,2014-02-21,2014-02-21,1
1435,2014-03-10,2014-03-10,1
1435,2014-03-13,2014-03-13,1
1435,2014-03-20,2014-03-21,2
1435,2014-04-03,2014-04-03,1
1435,2014-04-08,2014-04-09,2
1435,2014-04-17,2014-04-17,1
1435,2014-04-22,2014-04-23,2
1435,2014-04-28,2014-05-05,5
1435,2014-05-09,2014-05-12,2
1435,2014-05-14,2014-05-14,1
1435,2014-05-22,2014-05-22,1
1435,2014-06-04,2014-06-04,1
1435,2014-06-11,2014-06-11,1
1435,2014-06-20,2014-06-20,1
1435,2014-07-02,2014-07-02,1
1435,2014-07-04,2014-07-04,1
1435,2014-07-14,2014-07-14,1
1435,2014-08-11,2014-08-11,1
1435,2014-08-19,2014-08-19,1
1435,2014-09-02,2014-09-03,2
1435,2014-09-18,2014-09-19,2
1435,2014-10-30,2014-10-30,1
1435,2014-11-06,2014-11-06,1
1435,2014-12-11,2014-12-11,1
1435,2014-12-22,2014-12-23,2
1435,2014-12-27,2014-12-29,2
1435,2015-01-19,2015-01-19,1
1435,2015-01-23,2015-01-26,2
1435,2015-01-28,2015-01-28,1
1435,2015-01-30,2015-01-30,1
1435,2015-02-04,2015-02-05,2
1435,2015-02-09,2015-02-09,1
1435,2015-02-11,2015-02-11,1
1435,2015-02-24,2015-02-24,1
1435,2015-03-06,2015-03-06,1
1435,2015-03-13,2015-03-13,1
1435,2015-03-17,2015-03-17,1
1435,2015-03-23,2015-03-23,1
1435,2015-04-01,2015-04-01,1
1435,2015-04-09,2015-04-10,2
1435,2015-05-13,2015-05-13,1
1435,2015-06-01,2015-06-01,1
1435,2015-06-30,2015-06-30,1
1435,2015-07-20,2015-07-21,2
1435,2015-07-29,2015-07-30,2
1435,2015-08-20,2015-08-20,1
1435,2015-09-07,2015-09-07,1
1435,2015-09-14,2015-09-14,1
1435,2015-09-18,2015-09-18,1
1435,2015-09-22,2015-10-05,8
1435,2015-10-07,2015-10-07,1
1435,2015-10-12,2015-10-12,1
1435,2015-10-14,2015-10-20,5
1435,2015-10-22,2015-10-22,1
1435,2015-10-26,2015-10-26,1
1435,2015-10-28,2015-10-29,2
1435,2015-11-02,2015-11-03,2
1435,2015-11-05,2015-11-06,2
1435,2015-11-10,2015-11-11,2
1435,2015-11-13,2015-11-16,2
1435,2015-11-23,2015-11-23,1
1435,2015-11-27,2015-11-27,1
1435,2015-12-03,2015-12-04,2
1435,2015-12-08,2015-12-10,3
1435,2015-12-15,2015-12-16,2
1435,2015-12-23,2015-12-25,3
1435,2015-12-30,2016-01-07,6
1435,2016-01-11,2016-01-11,1
1435,2016-01-13,2016-01-15,3
1435,2016-01-21,2016-01-21,1
1435,2016-01-27,2016-01-30,4
1435,2016-02-03,2016-02-19,6
1435,2016-02-23,2016-03-01,5
1435,2016-03-03,2016-03-03,1
1435,2016-03-09,2016-03-11,3
1435,2016-03-23,2016-03-23,1
1435,2016-03-25,2016-03-29,3
1435,2016-03-31,2016-04-11,6
1435,2016-04-15,2016-04-21,5
1435,2016-04-26,2016-05-06,8
1435,2016-05-10,2016-05-12,3
1435,2016-05-17,2016-05-18,2
1435,2016-05-20,2016-05-20,1
1435,2016-05-24,2016-06-14,15
1435,2016-06-16,2016-06-23,6
1435,2016-06-27,2016-06-29,3
1435,2016-07-04,2016-07-07,4
1435,2016-07-12,2016-07-12,1
1435,2016-07-14,2016-07-18,3
1435,2016-07-20,2016-07-20,1
1435,2016-07-26,2016-07-26,1
1435,2016-07-28,2016-08-02,4
1435,2016-08-05,2016-08-05,1
1435,2016-08-18,2016-08-18,1
1435,2016-08-23,2016-08-25,3
1435,2016-08-31,2016-09-02,3
1435,2016-09-07,2016-09-08,2
1435,2016-09-10,2016-09-10,1
1435,2016-09-14,2016-09-19,2
1435,2016-09-23,2016-09-30,4
1435,2016-10-04,2016-10-04,1
1435,2016-10-06,2016-10-07,2
1435,2016-10-12,2016-10-14,3
1435,2016-10-18,2016-10-18,1
1435,2016-10-24,2016-10-25,2
1435,2016-10-27,2016-10-31,3
1435,2016-11-03,2016-11-08,4
1435,2016-11-10,2016-11-10,1
1435,2016-11-14,2016-11-14,1
1435,2016-11-16,2016-11-30,11
1435,2016-12-02,2016-12-20,13
1435,2016-12-22,2016-12-27,4
1435,2016-12-29,2016-12-30,2
1435,2017-01-04,2017-01-06,3
1435,2017-01-10,2017-01-17,6
1435,2017-01-24,2017-01-24,1
1435,2017-02-18,2017-02-18,1
1435,2017-03-30,2017-03-31,2
1435,2017-04-13,2017-04-13,1
1435,2017-04-24,2017-04-24,1
1435,2017-06-03,2017-06-03,1
1435,2017-06-08,2017-06-08,1
1435,2017-06-12,2017-06-12,1
1435,2017-06-15,2017-06-15,1
1435,2017-06-23,2017-06-23,1
1435,2017-06-28,2017-06-28,1
1435,2017-07-06,2017-07-07,2
1435,2017-07-14,2017-07-14,1
1435,2017-07-19,2017-07-19,1
1435,2017-07-21,2017-08-01,8
1435,2017-08-03,2017-08-09,5
1435,2017-08-15,2017-08-16,2
1435,2017-08-23,2017-08-24,2
1435,2017-08-28,2017-08-28,1
1435,2017-09-05,2017-09-06,2
1435,2017-09-12,2017-09-12,1
1435,2017-09-18,2017-09-18,1
1435,2017-09-29,2017-10-05,5
1435,2017-10-12,2017-10-18,5
1435,2017-10-25,2017-10-30,4
1435,2017-11-10,2017-11-13,2
1435,2017-11-16,2017-11-16,1
1435,2017-11-20,2017-11-21,2
1435,2017-11-23,2017-11-28,4
1435,2017-11-30,2017-12-04,3
1435,2017-12-06,2017-12-07,2
1435,2017-12-11,2018-01-02,16
1435,2018-01-04,2018-01-05,2
1435,2018-01-09,2018-01-09,1
1435,2018-01-11,2018-01-11,1
1435,2018-01-22,2018-01-22,1
1435,2018-01-26,2018-01-26,1
1435,2018-01-31,2018-02-02,3
1435,2018-02-08,2018-02-08,1
1435,2018-02-21,2018-03-01,6
1435,2018-03-06,2018-03-12,5
1435,2018-03-14,2018-03-20,5
1435,2018-03-22,2018-03-31,8
1435,2018-04-09,2018-04-19,9
1435,2018-04-24,2018-06-19,39
1435,2018-06-21,2018-06-21,1
1435,2018-06-27,2018-06-27,1
1435,2018-06-29,2018-07-03,3
1435,2018-07-05,2018-07-05,1
1435,2018-07-12,2018-07-12,1
1435,2018-07-17,2018-07-17,1
1435,2018-07-19,2018-07-25,5
1435,2018-07-27,2018-07-31,3
1435,2018-08-06,2018-08-06,1
1435,2018-08-08,2018-08-09,2
1435,2018-08-14,2018-08-16,3
1435,2018-08-23,2018-08-28,4
1435,2018-08-31,2018-08-31,1
1435,2018-09-04,2018-09-05,2
1435,2018-09-12,2018-09-12,1
1435,2018-09-17,2018-09-18,2
1435,2018-09-20,2018-09-27,5
1435,2018-10-01,2018-10-01,1
1435,2018-10-05,2018-10-08,2
1435,2018-10-11,2018-10-11,1
1435,2018-10-16,2018-10-17,2
1435,2018-10-19,2018-10-29,7
1435,2018-10-31,2018-11-09,8
1435,2018-11-13,2018-11-14,2
1435,2018-11-20,2018-11-20,1
1435,2018-11-22,2018-11-23,2
1435,2018-11-27,2018-11-27,1
1435,2018-12-03,2018-12-03,1
1435,2018-12-05,2018-12-05,1
1435,2018-12-07,2018-12-11,3
1435,2018-12-17,2018-12-19,3
1435,2018-12-22,2018-12-24,2
1435,2018-12-26,2018-12-26,1
1435,2018-12-28,2018-12-28,1
1435,2019-01-03,2019-01-03,1
1435,2019-01-21,2019-01-23,3
1435,2019-01-25,2019-02-18,10
1435,2019-02-25,2019-02-27,3
1435,2019-03-11,2019-03-12,2
1435,2019-03-18,2019-03-19,2
1435,2019-03-22,2019-03-22,1
1435,2019-03-27,2019-03-27,1
1435,2019-04-08,2019-04-08,1
1435,2019-04-10,2019-04-12,3
1435,2019-04-16,2019-04-16,1
1435,2019-04-22,2019-04-26,5
1435,2019-04-30,2019-05-02,2
1435,2019-05-06,2019-05-15,8
1435,2019-05-17,2019-05-20,2
1435,2019-05-22,2019-05-27,4
1435,2019-05-30,2019-06-03,3
1435,2019-06-05,2019-06-17,8
1435,2019-06-25,2019-06-26,2
1435,2019-07-01,2019-07-01,1
1435,2019-07-04,2019-07-04,1
1435,2019-07-08,2019-07-09,2
1435,2019-07-11,2019-07-16,4
1435,2019-07-18,2019-07-18,1
1435,2019-07-26,2019-07-26,1
1435,2019-07-30,2019-07-31,2
1435,2019-08-02,2019-08-02,1
1435,2019-08-08,2019-08-15,5
1435,2019-08-20,2019-08-20,1
1435,2019-08-22,2019-08-22,1
1435,2019-08-27,2019-08-28,2
1435,2019-09-02,2019-09-04,3
1435,2019-09-06,2019-09-09,2
1435,2019-09-11,2019-09-11,1
1435,2019-09-17,2019-09-17,1
1435,2019-09-19,2019-09-24,4
1435,2019-09-26,2019-09-26,1
1435,2019-10-01,2019-10-02,2
1435,2019-10-07,2019-10-15,5
1435,2019-10-17,2019-10-18,2
1435,2019-10-23,2019-10-23,1
1435,2019-10-25,2019-10-30,4
1435,2019-11-01,2019-11-04,2
1435,2019-11-06,2019-11-06,1
1435,2019-11-13,2019-11-15,3
1435,2019-11-19,2019-11-19,1
1435,2019-11-26,2019-11-26,1
1435,2019-12-03,2019-12-03,1
1435,2019-12-16,2019-12-16,1
1435,2019-12-25,2019-12-25,1
1435,2019-12-31,2019-12-31,1
1435,2020-01-03,2020-01-03,1
1435,2020-01-09,2020-01-09,1
1435,2020-01-13,2020-01-15,3
1435,2020-01-17,2020-01-20,2
1435,2020-01-31,2020-01-31,1
1435,2020-02-04,2020-02-04,1
1435,2020-02-06,2020-02-06,1
1435,2020-02-26,2020-02-26,1
1435,2020-04-10,2020-04-10,1
1435,2020-06-09,2020-06-09,1
1435,2020-07-03,2020-07-03,1
1435,2020-07-08,2020-07-09,2
1435,2020-08-14,2020-08-17,2
1435,2021-06-02,2021-06-04,3
1435,2021-06-10,2021-06-11,2
1435,2021-06-22,2021-06-22,1
1435,2021-07-12,2021-07-12,1
1435,2021-07-16,2021-07-20,3
1435,2021-08-10,2021-08-10,1
1435,2021-08-30,2021-08-30,1
1435,2021-09-02,2021-09-02,1
1435,2021-09-06,2021-09-06,1
1435,2021-09-10,2021-09-14,3
1435,2021-09-17,2021-09-17,1
1435,2021-09-23,2021-09-23,1
1435,2021-09-27,2021-09-28,2
1435,2021-10-06,2021-10-07,2
1435,2021-10-14,2021-10-14,1
1435,2021-10-21,2021-10-22,2
1435,2021-10-28,2021-10-29,2
1435,2021-11-05,2021-11-05,1
1435,2021-12-06,2021-12-06,1
1435,2022-01-13,2022-01-13,1
1435,2022-03-02,2022-03-02,1
1435,2022-03-04,2022-03-04,1
1435,2022-05-26,2022-05-26,1
1435,2022-05-30,2022-06-02,4
1435,2022-07-20,2022-07-20,1
1435,2022-07-25,2022-07-29,5
1435,2022-08-10,2022-08-15,4
1435,2023-03-22,2023-03-22,1
1435,2023-03-24,2023-03-24,1
1435,2023-03-28,2023-09-27,16
1435,2023-10-03,2023-10-03,1
1435,2023-10-05,2023-10-06,2
1435,2023-10-12,2023-10-24,9
1435,2023-10-26,2023-11-03,7
1435,2023-11-07,2023-11-13,5
1435,2023-11-16,2023-11-16,1
1435,2023-11-24,2023-11-27,2
1435,2023-11-29,2023-11-29,1
1435,2023-12-04,2023-12-07,4
1435,2023-12-11,2023-12-11,1
1435,2023-12-18,2023-12-18,1
1435,2024-01-18,2024-01-18,1
1435,2024-01-22,2024-01-22,1
1435,2024-01-25,2024-01-25,1
1435,2024-01-29,2024-01-29,1
1435,2024-02-19,2024-02-20,2
1435,2024-02-29,2024-03-04,3
1435,2024-03-14,2024-03-18,3
1435,2024-03-25,2024-03-28,4
1435,2024-04-01,2024-04-08,4
1435,2024-04-10,2024-04-11,2
1435,2024-04-15,2024-04-16,2
1435,2024-04-24,2024-04-24,1
1435,2024-05-02,2024-05-03,2
1435,2024-05-07,2024-05-09,3
1435,2024-05-13,2024-05-13,1
1435,2024-05-21,2024-05-21,1
1435,2024-05-23,2024-05-23,1
1435,2024-05-27,2024-05-28,2
1435,2024-06-05,2024-06-05,1
1435,2024-06-11,2024-06-12,2
1435,2024-06-17,2024-06-17,1
1435,2024-06-25,2024-06-26,2
1435,2024-07-02,2024-07-02,1
1435,2024-07-08,2024-07-11,4
1435,2024-07-15,2024-07-18,4
1435,2024-07-26,2024-07-26,1
1435,2024-08-08,2024-08-08,1
1435,2024-08-22,2024-08-26,3
1435,2024-08-28,2024-09-03,5
1435,2024-09-06,2024-09-06,1
1435,2024-09-10,2024-09-16,5
1435,2024-10-01,2024-10-04,2
1435,2024-10-09,2024-10-15,4
1435,2024-10-22,2024-10-23,2
1435,2024-10-25,2024-10-25,1
1435,2024-10-30,2024-11-04,3
1435,2024-11-06,2024-11-07,2
1435,2024-11-15,2024-11-18,2
1435,2024-11-21,2024-11-22,2
1435,2024-11-28,2024-12-02,3
1435,2024-12-04,2024-12-18,11
1435,2024-12-24,2024-12-27,4
1435,2025-01-03,2025-01-03,1
1435,2025-01-09,2025-01-14,4
1435,2025-01-17,2025-02-04,6
1435,2025-02-06,2025-02-07,2
1435,2025-02-11,2025-02-11,1
1435,2025-02-13,2025-02-13,1
1435,2025-02-17,2025-02-21,5
1435,2025-02-25,2025-02-25,1
1435,2025-02-27,2025-03-07,6
1435,2025-03-11,2025-03-11,1
1435,2025-03-13,2025-03-19,5
1435,2025-03-24,2025-03-24,1
1435,2025-04-01,2025-04-01,1
1435,2025-04-07,2025-04-07,1
1435,2025-04-09,2025-04-14,4
1435,2025-04-17,2025-04-17,1
1435,2025-04-21,2025-04-23,3
1435,2025-04-28,2025-04-28,1
1435,2025-04-30,2025-05-02,2
1435,2025-05-06,2025-05-06,1
1435,2025-05-08,2025-05-08,1
1435,2025-05-13,2025-05-13,1
1435,2025-05-15,2025-05-15,1
1435,2025-05-19,2025-05-20,2
1435,2025-05-22,2025-05-22,1
1435,2025-05-28,2025-05-28,1
1435,2025-06-02,2025-06-03,2
1435,2025-06-05,2025-06-09,3
1435,2025-06-12,2025-06-12,1
1435,2025-06-25,2025-06-25,1
1435,2025-07-02,2025-07-17,12
1435,2025-07-21,2025-07-25,5
1435,2025-07-30,2025-07-31,2
1435,2025-08-04,2025-08-04,1
1435,2025-08-11,2025-08-18,6
1435,2025-08-26,2025-08-26,1
1435,2025-08-28,2025-08-29,2
1435,2025-09-04,2025-09-08,3
1435,2025-09-10,2025-09-11,2
1435,2025-09-18,2025-09-18,1
1435,2025-09-22,2025-09-22,1
1435,2025-09-24,2025-09-25,2
1435,2025-09-30,2025-10-02,3
1435,2025-10-14,2025-10-14,1
1435,2025-10-22,2025-10-22,1
1435,2025-10-28,2025-10-28,1
1435,2025-10-31,2025-10-31,1
1435,2025-11-04,2025-11-04,1
1435,2025-11-06,2025-11-13,6
1435,2025-11-20,2025-11-20,1
1435,2025-11-25,2025-11-27,3
1435,2025-12-01,2025-12-01,1
1435,2025-12-04,2025-12-09,4
1435,2025-12-12,2025-12-12,1
1435,2025-12-19,2025-12-26,5
1435,2025-12-31,2025-12-31,1
1435,2026-01-05,2026-01-05,1
1435,2026-01-08,2026-01-09,2
1435,2026-01-16,2026-01-20,3
1435,2026-01-26,2026-01-26,1
1435,2026-01-30,2026-02-02,2
1435,2026-02-05,2026-02-05,1
1435,2026-03-18,2026-03-18,1
1435,2026-03-20,2026-03-20,1
1435,2026-03-24,2026-03-24,1
1435,2026-03-27,2026-03-27,1
1435,2026-04-08,2026-04-16,7
1435,2026-04-20,2026-04-22,3
1435,2026-04-24,2026-04-27,2
1435,2026-06-09,2026-06-25,8
1435,2026-07-02,2026-07-06,3
1436,2012-06-11,2012-06-11,1
1436,2012-08-08,2012-08-08,1
1436,2012-08-16,2012-08-16,1
1436,2012-08-27,2012-08-27,1
1436,2012-08-30,2012-08-30,1
1436,2012-09-20,2012-09-26,5
1436,2012-09-28,2012-09-28,1
1436,2012-10-24,2012-10-25,2
1436,2012-11-02,2012-11-02,1
1436,2012-11-06,2012-11-06,1
1436,2012-11-09,2012-11-12,2
1436,2012-11-15,2012-11-15,1
1436,2012-11-19,2012-11-20,2
1436,2012-11-22,2012-11-22,1
1436,2012-12-04,2012-12-04,1
1436,2012-12-06,2012-12-06,1
1436,2012-12-10,2012-12-10,1
1436,2012-12-20,2012-12-20,1
1436,2012-12-22,2012-12-24,2
1436,2012-12-27,2012-12-27,1
1436,2013-01-10,2013-01-10,1
1436,2013-01-17,2013-01-17,1
1436,2013-01-29,2013-01-29,1
1436,2013-02-01,2013-02-01,1
1436,2013-02-22,2013-02-23,2
1436,2013-03-08,2013-03-08,1
1436,2013-03-13,2013-03-13,1
1436,2013-03-15,2013-03-15,1
1436,2013-03-25,2013-03-25,1
1436,2013-03-27,2013-03-27,1
1436,2013-03-29,2013-03-29,1
1436,2013-04-02,2013-04-08,3
1436,2013-04-12,2013-04-12,1
1436,2013-04-25,2013-04-25,1
1436,2013-05-03,2013-05-03,1
1436,2013-05-27,2013-05-28,2
1436,2013-05-31,2013-05-31,1
1436,2013-06-19,2013-06-19,1
1436,2013-06-27,2013-06-27,1
1436,2013-07-10,2013-07-10,1
1436,2013-07-15,2013-07-15,1
1436,2013-07-17,2013-07-19,3
1436,2013-07-25,2013-07-29,3
1436,2013-08-12,2013-08-13,2
1436,2013-08-16,2013-08-19,2
1436,2013-08-22,2013-08-27,4
1436,2013-08-29,2013-08-29,1
1436,2013-09-03,2013-09-03,1
1436,2013-09-09,2013-09-09,1
1436,2013-09-12,2013-09-16,4
1436,2013-09-18,2013-09-18,1
1436,2013-09-30,2013-09-30,1
1436,2013-10-02,2013-10-07,4
1436,2013-10-14,2013-10-14,1
1436,2013-10-21,2013-10-21,1
1436,2013-10-23,2013-10-28,4
1436,2013-10-30,2013-11-01,3
1436,2013-11-07,2013-11-07,1
1436,2013-11-11,2013-11-11,1
1436,2013-11-13,2013-11-18,4
1436,2013-11-25,2013-11-25,1
1436,2013-11-27,2013-11-27,1
1436,2013-12-04,2013-12-06,3
1436,2013-12-12,2013-12-12,1
1436,2013-12-16,2013-12-16,1
1436,2013-12-24,2013-12-24,1
1436,2014-01-02,2014-01-03,2
1436,2014-01-16,2014-01-22,5
1436,2014-01-27,2014-01-27,1
1436,2014-02-11,2014-02-11,1
1436,2014-02-14,2014-02-14,1
1436,2014-02-18,2014-02-18,1
1436,2014-02-24,2014-02-25,2
1436,2014-03-03,2014-03-12,8
1436,2014-03-14,2014-03-18,3
1436,2014-03-20,2014-03-25,4
1436,2014-03-27,2014-04-01,4
1436,2014-04-07,2014-04-07,1
1436,2014-04-09,2014-04-15,5
1436,2014-04-17,2014-04-18,2
1436,2014-04-22,2014-04-29,6
1436,2014-05-05,2014-05-05,1
1436,2014-05-07,2014-05-08,2
1436,2014-05-12,2014-05-12,1
1436,2014-05-14,2014-05-20,5
1436,2014-05-22,2014-05-23,2
1436,2014-05-27,2014-05-28,2
1436,2014-06-06,2014-06-06,1
1436,2014-06-11,2014-06-11,1
1436,2014-06-16,2014-06-17,2
1436,2014-07-08,2014-07-08,1
1436,2014-07-14,2014-07-14,1
1436,2014-08-15,2014-08-15,1
1436,2014-08-19,2014-08-21,3
1436,2014-09-02,2014-09-03,2
1436,2014-09-05,2014-09-05,1
1436,2014-09-10,2014-09-16,5
1436,2014-10-29,2014-10-30,2
1436,2014-11-05,2014-11-07,3
1436,2014-11-12,2014-11-13,2
1436,2014-11-18,2014-11-18,1
1436,2014-11-21,2014-11-21,1
1436,2014-11-28,2014-11-28,1
1436,2014-12-10,2014-12-11,2
1436,2014-12-18,2014-12-18,1
1436,2014-12-24,2014-12-25,2
1436,2014-12-27,2014-12-27,1
1436,2014-12-30,2014-12-30,1
1436,2015-01-07,2015-01-07,1
1436,2015-01-19,2015-01-19,1
1436,2015-01-27,2015-01-28,2
1436,2015-02-04,2015-02-05,2
1436,2015-02-09,2015-02-09,1
1436,2015-02-12,2015-02-24,3
1436,2015-02-26,2015-02-26,1
1436,2015-03-03,2015-03-10,6
1436,2015-03-12,2015-03-17,4
1436,2015-03-20,2015-03-25,4
1436,2015-03-31,2015-04-14,9
1436,2015-04-20,2015-04-22,3
1436,2015-05-04,2015-05-04,1
1436,2015-05-13,2015-05-13,1
1436,2015-05-18,2015-05-18,1
1436,2015-05-22,2015-05-22,1
1436,2015-05-26,2015-05-26,1
1436,2015-05-28,2015-05-29,2
1436,2015-06-02,2015-06-02,1
1436,2015-06-09,2015-06-09,1
1436,2015-06-25,2015-06-25,1
1436,2015-07-01,2015-07-01,1
1436,2015-07-06,2015-07-07,2
1436,2015-07-13,2015-07-13,1
1436,2015-07-20,2015-07-21,2
1436,2015-07-24,2015-07-24,1
1436,2015-07-29,2015-07-29,1
1436,2015-08-06,2015-08-10,3
1436,2015-08-17,2015-08-17,1
1436,2015-08-26,2015-08-26,1
1436,2015-09-01,2015-09-01,1
1436,2015-09-07,2015-09-08,2
1436,2015-09-10,2015-09-10,1
1436,2015-09-14,2015-09-15,2
1436,2015-09-18,2015-09-18,1
1436,2015-09-22,2015-09-22,1
1436,2015-09-24,2015-09-24,1
1436,2015-09-30,2015-10-01,2
1436,2015-10-05,2015-10-05,1
1436,2015-10-07,2015-10-12,3
1436,2015-10-15,2015-10-16,2
1436,2015-10-21,2015-10-28,6
1436,2015-11-02,2015-11-03,2
1436,2015-11-05,2015-11-16,8
1436,2015-11-20,2015-11-20,1
1436,2015-11-25,2015-11-30,4
1436,2015-12-02,2015-12-02,1
1436,2015-12-07,2015-12-09,3
1436,2015-12-11,2015-12-14,2
1436,2015-12-16,2015-12-22,5
1436,2015-12-24,2015-12-30,5
1436,2016-01-04,2016-01-06,3
1436,2016-01-08,2016-01-20,9
1436,2016-01-25,2016-02-26,19
1436,2016-03-03,2016-03-03,1
1436,2016-03-07,2016-03-07,1
1436,2016-03-09,2016-03-28,14
1436,2016-03-30,2016-04-01,3
1436,2016-04-08,2016-04-13,4
1436,2016-04-18,2016-04-20,3
1436,2016-04-22,2016-04-28,5
1436,2016-05-03,2016-05-03,1
1436,2016-05-11,2016-05-11,1
1436,2016-05-18,2016-05-19,2
1436,2016-05-26,2016-05-27,2
1436,2016-05-31,2016-06-13,9
1436,2016-06-15,2016-06-16,2
1436,2016-06-20,2016-06-20,1
1436,2016-06-22,2016-06-27,4
1436,2016-06-29,2016-06-29,1
1436,2016-07-07,2016-07-07,1
1436,2016-07-12,2016-07-15,4
1436,2016-07-22,2016-07-22,1
1436,2016-07-26,2016-07-26,1
1436,2016-08-01,2016-08-02,2
1436,2016-08-05,2016-08-05,1
1436,2016-08-09,2016-08-09,1
1436,2016-08-15,2016-08-16,2
1436,2016-08-18,2016-08-18,1
1436,2016-08-26,2016-08-26,1
1436,2016-08-31,2016-08-31,1
1436,2016-09-02,2016-09-05,2
1436,2016-09-07,2016-09-10,4
1436,2016-09-13,2016-09-19,3
1436,2016-09-22,2016-09-29,4
1436,2016-10-05,2016-10-05,1
1436,2016-10-17,2016-10-17,1
1436,2016-10-19,2016-10-19,1
1436,2016-10-24,2016-10-24,1
1436,2016-10-31,2016-10-31,1
1436,2016-11-08,2016-11-08,1
1436,2016-11-10,2016-11-14,3
1436,2016-11-16,2016-11-16,1
1436,2016-11-18,2016-11-21,2
1436,2016-11-23,2016-12-12,14
1436,2016-12-14,2016-12-15,2
1436,2016-12-19,2016-12-20,2
1436,2016-12-22,2016-12-22,1
1436,2016-12-27,2016-12-30,4
1436,2017-01-04,2017-01-17,10
1436,2017-01-20,2017-02-07,7
1436,2017-02-10,2017-02-13,2
1436,2017-02-16,2017-02-21,5
1436,2017-02-23,2017-02-23,1
1436,2017-03-01,2017-03-03,3
1436,2017-03-07,2017-03-09,3
1436,2017-03-14,2017-03-14,1
1436,2017-03-20,2017-03-20,1
1436,2017-03-22,2017-03-23,2
1436,2017-03-29,2017-03-29,1
1436,2017-03-31,2017-04-07,4
1436,2017-04-11,2017-04-11,1
1436,2017-04-13,2017-04-19,5
1436,2017-04-21,2017-04-21,1
1436,2017-04-25,2017-04-27,3
1436,2017-05-02,2017-05-02,1
1436,2017-05-04,2017-05-04,1
1436,2017-05-08,2017-05-09,2
1436,2017-05-11,2017-05-12,2
1436,2017-05-16,2017-05-16,1
1436,2017-05-22,2017-06-06,11
1436,2017-06-08,2017-06-13,4
1436,2017-06-15,2017-06-20,4
1436,2017-06-23,2017-06-23,1
1436,2017-06-27,2017-06-28,2
1436,2017-06-30,2017-06-30,1
1436,2017-07-04,2017-07-04,1
1436,2017-07-06,2017-07-12,5
1436,2017-07-14,2017-07-31,12
1436,2017-08-02,2017-08-02,1
1436,2017-08-07,2017-08-14,6
1436,2017-08-17,2017-08-17,1
1436,2017-08-21,2017-08-28,6
1436,2017-08-30,2017-09-01,3
1436,2017-09-05,2017-09-06,2
1436,2017-09-08,2017-09-08,1
1436,2017-09-12,2017-09-21,8
1436,2017-09-26,2017-10-05,8
1436,2017-10-11,2017-10-11,1
1436,2017-10-13,2017-10-16,2
1436,2017-10-18,2017-11-07,15
1436,2017-11-10,2017-11-14,3
1436,2017-11-16,2017-11-16,1
1436,2017-11-20,2017-11-21,2
1436,2017-11-23,2017-12-01,7
1436,2017-12-05,2017-12-12,6
1436,2017-12-15,2017-12-28,10
1436,2018-01-02,2018-01-03,2
1436,2018-01-05,2018-01-15,7
1436,2018-01-18,2018-01-19,2
1436,2018-01-26,2018-02-05,7
1436,2018-02-08,2018-03-01,9
1436,2018-03-05,2018-03-12,6
1436,2018-03-14,2018-03-20,5
1436,2018-03-22,2018-03-23,2
1436,2018-03-27,2018-05-10,30
1436,2018-05-14,2018-05-25,10
1436,2018-05-29,2018-06-05,6
1436,2018-06-07,2018-06-08,2
1436,2018-06-12,2018-06-19,5
1436,2018-06-25,2018-06-25,1
1436,2018-06-27,2018-06-27,1
1436,2018-06-29,2018-07-03,3
1436,2018-07-11,2018-07-11,1
1436,2018-07-13,2018-07-13,1
1436,2018-07-17,2018-07-17,1
1436,2018-07-20,2018-07-25,4
1436,2018-07-30,2018-07-30,1
1436,2018-08-02,2018-08-02,1
1436,2018-08-06,2018-08-06,1
1436,2018-08-09,2018-08-09,1
1436,2018-08-15,2018-08-15,1
1436,2018-08-22,2018-08-27,4
1436,2018-08-29,2018-08-29,1
1436,2018-08-31,2018-08-31,1
1436,2018-09-04,2018-09-04,1
1436,2018-09-06,2018-09-06,1
1436,2018-09-12,2018-09-12,1
1436,2018-09-14,2018-09-18,3
1436,2018-09-21,2018-09-27,4
1436,2018-10-01,2018-10-01,1
1436,2018-10-05,2018-10-05,1
1436,2018-10-11,2018-10-11,1
1436,2018-10-15,2018-10-17,3
1436,2018-10-19,2018-10-19,1
1436,2018-10-23,2018-10-29,5
1436,2018-10-31,2018-10-31,1
1436,2018-11-02,2018-11-09,6
1436,2018-11-13,2018-11-16,4
1436,2018-11-20,2018-11-21,2
1436,2018-11-27,2018-11-29,3
1436,2018-12-05,2018-12-05,1
1436,2018-12-10,2018-12-10,1
1436,2018-12-12,2018-12-13,2
1436,2018-12-17,2018-12-27,10
1436,2019-01-02,2019-01-03,2
1436,2019-01-18,2019-01-24,5
1436,2019-01-28,2019-02-15,8
1436,2019-02-19,2019-02-19,1
1436,2019-02-22,2019-02-22,1
1436,2019-02-26,2019-03-06,5
1436,2019-03-08,2019-03-08,1
1436,2019-03-12,2019-03-19,6
1436,2019-04-09,2019-04-09,1
1436,2019-04-15,2019-04-16,2
1436,2019-04-24,2019-04-26,3
1436,2019-05-02,2019-05-07,4
1436,2019-05-16,2019-05-20,3
1436,2019-05-22,2019-05-24,3
1436,2019-05-28,2019-05-28,1
1436,2019-05-30,2019-05-30,1
1436,2019-06-03,2019-06-03,1
1436,2019-06-05,2019-06-10,3
1436,2019-06-12,2019-06-18,5
1436,2019-06-25,2019-06-25,1
1436,2019-07-02,2019-07-02,1
1436,2019-07-05,2019-07-05,1
1436,2019-07-16,2019-07-16,1
1436,2019-07-18,2019-07-18,1
1436,2019-07-22,2019-07-22,1
1436,2019-07-30,2019-07-30,1
1436,2019-08-08,2019-08-08,1
1436,2019-08-13,2019-08-15,3
1436,2019-08-22,2019-08-22,1
1436,2019-08-26,2019-08-28,3
1436,2019-09-02,2019-09-04,3
1436,2019-09-06,2019-09-10,3
1436,2019-09-12,2019-09-17,3
1436,2019-09-19,2019-09-25,5
1436,2019-10-01,2019-10-03,3
1436,2019-10-07,2019-10-07,1
1436,2019-10-15,2019-10-15,1
1436,2019-10-17,2019-10-17,1
1436,2019-10-21,2019-10-23,3
1436,2019-10-25,2019-10-28,2
1436,2019-10-31,2019-11-01,2
1436,2019-11-05,2019-11-07,3
1436,2019-11-12,2019-11-19,6
1436,2019-11-26,2019-11-28,3
1436,2019-12-02,2019-12-04,3
1436,2019-12-06,2019-12-09,2
1436,2019-12-11,2019-12-11,1
1436,2019-12-17,2019-12-17,1
1436,2019-12-20,2019-12-20,1
1436,2020-04-10,2020-04-10,1
1436,2020-08-11,2020-08-11,1
1436,2020-08-13,2020-08-14,2
1436,2020-08-21,2020-08-21,1
1436,2020-08-26,2020-08-26,1
1436,2020-08-28,2020-08-28,1
1436,2020-09-01,2020-09-01,1
1436,2020-09-03,2020-09-04,2
1436,2020-09-11,2020-09-11,1
1436,2020-09-28,2020-09-28,1
1436,2020-10-13,2020-10-13,1
1436,2020-10-23,2020-10-23,1
1436,2020-10-29,2020-10-29,1
1436,2020-11-04,2020-11-04,1
1436,2020-11-13,2020-11-13,1
1436,2020-12-10,2020-12-10,1
1436,2021-01-21,2021-01-21,1
1436,2021-03-31,2021-04-01,2
1436,2021-04-16,2021-04-19,2
1436,2021-06-03,2021-06-07,3
1436,2021-06-24,2021-06-24,1
1436,2021-06-30,2021-06-30,1
1436,2021-07-08,2021-07-08,1
1436,2021-07-14,2021-07-14,1
1436,2021-07-30,2021-07-30,1
1436,2021-08-05,2021-08-05,1
1436,2021-08-24,2021-08-24,1
1436,2021-09-15,2021-09-15,1
1436,2022-01-04,2022-01-04,1
1436,2022-01-11,2022-01-11,1
1436,2022-01-13,2022-01-13,1
1436,2022-03-15,2022-03-15,1
1436,2022-09-27,2022-09-27,1
1436,2022-10-17,2022-10-17,1
1436,2022-10-28,2022-10-28,1
1436,2022-11-07,2022-11-07,1
1436,2022-11-29,2022-11-29,1
1436,2022-12-27,2022-12-27,1
1436,2023-01-16,2023-01-16,1
1436,2023-02-01,2023-02-01,1
1436,2023-02-09,2023-02-09,1
1436,2023-02-16,2023-02-17,2
1436,2023-02-24,2023-02-24,1
1436,2023-03-07,2023-03-07,1
1436,2023-03-24,2023-03-24,1
1436,2023-03-29,2023-03-30,2
1436,2023-04-06,2023-04-06,1
1436,2023-04-18,2023-04-18,1
1436,2023-04-25,2023-04-25,1
1436,2023-04-28,2023-05-04,4
1436,2023-06-01,2023-06-01,1
1436,2023-06-07,2023-06-07,1
1436,2023-06-19,2023-06-19,1
1436,2023-09-27,2023-09-27,1
1436,2023-10-05,2023-10-06,2
1437,2012-05-03,2012-05-03,1
1437,2012-07-17,2012-07-17,1
1437,2012-07-26,2012-07-26,1
1437,2012-08-06,2012-08-07,2
1437,2012-08-17,2012-08-17,1
1437,2012-08-22,2012-08-22,1
1437,2012-08-31,2012-08-31,1
1437,2012-11-22,2012-11-22,1
1437,2012-12-17,2012-12-17,1
1437,2013-02-23,2013-02-23,1
1437,2013-04-03,2013-04-03,1
1437,2013-08-23,2013-08-23,1
1437,2013-09-14,2013-09-14,1
1437,2013-10-21,2013-10-21,1
1437,2013-11-13,2013-11-13,1
1437,2014-05-07,2014-05-07,1
1437,2014-08-21,2014-08-21,1
1437,2014-12-27,2014-12-27,1
1437,2016-03-01,2016-03-01,1
1437,2016-03-15,2016-03-15,1
1437,2016-03-17,2016-03-17,1
1437,2016-03-23,2016-03-23,1
1437,2016-03-29,2016-03-29,1
1437,2016-04-08,2016-04-08,1
1437,2016-04-13,2016-04-13,1
1437,2016-04-25,2016-04-27,3
1437,2016-05-05,2016-05-06,2
1437,2016-05-12,2016-05-13,2
1437,2016-05-20,2016-05-20,1
1437,2016-05-25,2016-05-25,1
1437,2016-06-04,2016-06-04,1
1437,2016-06-08,2016-06-08,1
1437,2016-09-10,2016-09-10,1
1437,2016-09-14,2016-09-14,1
1437,2016-10-13,2016-10-13,1
1437,2016-10-18,2016-10-18,1
1437,2016-10-25,2016-10-25,1
1437,2016-12-02,2016-12-02,1
1437,2017-01-10,2017-01-10,1
1437,2017-02-18,2017-02-18,1
1437,2017-06-03,2017-06-03,1
1437,2017-06-12,2017-06-12,1
1437,2017-06-20,2017-06-20,1
1437,2017-07-20,2017-07-20,1
1437,2017-09-07,2017-09-07,1
1437,2017-09-21,2017-09-21,1
1437,2017-09-30,2017-09-30,1
1437,2017-10-16,2017-10-16,1
1437,2017-10-19,2017-10-20,2
1437,2017-11-02,2017-11-02,1
1437,2017-12-07,2017-12-12,4
1437,2017-12-14,2017-12-15,2
1437,2017-12-21,2017-12-27,5
1437,2018-01-03,2018-01-05,3
1437,2018-01-09,2018-01-10,2
1437,2018-01-12,2018-01-15,2
1437,2018-01-30,2018-02-01,3
1437,2018-02-08,2018-02-08,1
1437,2018-02-21,2018-02-21,1
1437,2018-02-26,2018-03-01,3
1437,2018-03-08,2018-03-08,1
1437,2018-03-20,2018-03-20,1
1437,2018-03-23,2018-03-23,1
1437,2018-03-27,2018-03-28,2
1437,2018-05-10,2018-05-11,2
1437,2018-07-11,2018-07-11,1
1437,2018-07-25,2018-07-25,1
1437,2018-10-31,2018-10-31,1
1437,2018-11-05,2018-11-06,2
1437,2018-12-07,2018-12-07,1
1437,2018-12-17,2018-12-17,1
1437,2018-12-22,2018-12-24,2
1437,2018-12-28,2018-12-28,1
1437,2019-01-03,2019-01-03,1
1437,2019-01-23,2019-01-24,2
1437,2019-01-28,2019-01-30,3
1437,2019-02-12,2019-02-12,1
1437,2019-02-15,2019-02-15,1
1437,2019-02-22,2019-02-25,2
1437,2019-03-11,2019-03-15,5
1437,2019-05-10,2019-05-10,1
1437,2019-06-17,2019-06-17,1
1437,2021-07-15,2021-07-15,1
1437,2022-11-21,2022-11-21,1
1437,2022-11-23,2022-11-23,1
1437,2025-04-07,2025-04-07,1
1438,2012-05-02,2013-11-18,386
1438,2013-11-26,2013-11-26,1
1438,2013-12-05,2013-12-06,2
1438,2013-12-12,2013-12-12,1
1438,2013-12-16,2013-12-19,4
1438,2013-12-24,2013-12-24,1
1438,2013-12-26,2013-12-26,1
1438,2014-01-02,2014-01-03,2
1438,2014-01-16,2014-01-17,2
1438,2014-01-21,2014-01-22,2
1438,2014-01-24,2014-01-24,1
1438,2014-02-11,2014-02-11,1
1438,2014-02-17,2014-02-17,1
1438,2014-02-20,2014-03-13,15
1438,2014-03-24,2014-03-24,1
1438,2014-04-11,2014-04-11,1
1438,2014-04-15,2014-04-15,1
1438,2014-05-05,2014-05-05,1
1438,2014-05-07,2014-05-08,2
1438,2014-05-22,2014-05-22,1
1438,2014-05-29,2014-05-29,1
1438,2014-07-21,2014-07-21,1
1438,2014-09-01,2014-09-01,1
1438,2014-10-15,2014-10-15,1
1438,2014-10-29,2014-11-03,4
1438,2014-11-12,2014-11-12,1
1438,2014-11-21,2014-11-21,1
1438,2014-11-26,2014-11-26,1
1438,2014-11-28,2014-11-28,1
1438,2014-12-04,2014-12-05,2
1438,2014-12-09,2014-12-11,3
1438,2014-12-22,2014-12-22,1
1438,2014-12-24,2014-12-27,4
1438,2015-01-06,2015-01-06,1
1438,2015-01-09,2015-01-09,1
1438,2015-01-27,2015-01-27,1
1438,2015-02-02,2015-02-02,1
1438,2015-02-09,2015-02-09,1
1438,2015-02-11,2015-03-03,8
1438,2015-03-06,2015-03-10,3
1438,2015-03-12,2015-03-12,1
1438,2015-03-17,2015-03-17,1
1438,2015-03-23,2015-03-25,3
1438,2015-04-02,2015-04-02,1
1438,2015-04-10,2015-04-14,3
1438,2015-05-14,2015-05-18,3
1438,2015-06-02,2015-06-02,1
1438,2015-06-25,2015-06-29,3
1438,2015-07-01,2015-07-01,1
1438,2015-07-06,2015-07-06,1
1438,2015-07-09,2015-07-13,2
1438,2015-07-20,2015-07-22,3
1438,2015-07-24,2015-07-24,1
1438,2015-07-30,2015-07-30,1
1438,2015-08-03,2015-08-03,1
1438,2015-08-06,2015-08-10,3
1438,2015-08-12,2015-08-17,4
1438,2015-08-20,2015-08-21,2
1438,2015-08-26,2015-08-26,1
1438,2015-08-31,2015-08-31,1
1438,2015-09-03,2015-09-07,3
1438,2015-09-09,2015-09-10,2
1438,2015-09-14,2015-09-16,3
1438,2015-09-18,2015-09-18,1
1438,2015-09-22,2015-10-01,6
1438,2015-10-05,2015-10-14,7
1438,2015-10-16,2015-10-29,10
1438,2015-11-02,2015-11-03,2
1438,2015-11-06,2015-11-11,4
1438,2015-11-17,2015-11-18,2
1438,2015-11-20,2015-11-23,2
1438,2015-11-25,2015-11-30,4
1438,2015-12-02,2015-12-02,1
1438,2015-12-04,2015-12-04,1
1438,2015-12-08,2015-12-10,3
1438,2015-12-14,2015-12-15,2
1438,2015-12-17,2015-12-17,1
1438,2015-12-21,2015-12-22,2
1438,2015-12-24,2015-12-30,5
1438,2016-01-04,2016-01-05,2
1438,2016-01-07,2016-01-07,1
1438,2016-01-11,2016-01-11,1
1438,2016-01-13,2016-01-20,6
1438,2016-01-22,2016-01-28,5
1438,2016-01-30,2016-02-03,4
1438,2016-02-18,2016-02-22,3
1438,2016-02-24,2016-02-24,1
1438,2016-03-04,2016-03-07,2
1438,2016-03-09,2016-03-09,1
1438,2016-03-15,2016-03-16,2
1438,2016-03-18,2016-04-11,15
1438,2016-04-13,2016-04-18,4
1438,2016-04-20,2016-04-20,1
1438,2016-04-22,2016-04-27,4
1438,2016-05-03,2016-05-06,4
1438,2016-05-10,2016-05-16,5
1438,2016-05-19,2016-05-20,2
1438,2016-05-24,2016-05-24,1
1438,2016-05-26,2016-06-01,5
1438,2016-06-04,2016-06-04,1
1438,2016-06-07,2016-06-07,1
1438,2016-06-14,2016-06-14,1
1438,2016-06-16,2016-06-22,5
1438,2016-06-24,2016-06-30,5
1438,2016-07-07,2016-07-14,5
1438,2016-07-18,2016-07-18,1
1438,2016-07-22,2016-07-25,2
1438,2016-07-29,2016-08-03,4
1438,2016-08-05,2016-08-05,1
1438,2016-08-10,2016-08-10,1
1438,2016-08-15,2016-08-16,2
1438,2016-08-18,2016-08-18,1
1438,2016-08-23,2016-08-29,5
1438,2016-08-31,2016-08-31,1
1438,2016-09-02,2016-09-05,2
1438,2016-09-07,2016-09-08,2
1438,2016-09-10,2016-09-10,1
1438,2016-09-14,2016-09-20,3
1438,2016-09-23,2016-09-30,4
1438,2016-10-05,2016-10-19,10
1438,2016-10-25,2016-10-25,1
1438,2016-10-27,2016-11-11,12
1438,2016-11-16,2016-11-16,1
1438,2016-11-18,2016-11-18,1
1438,2016-11-22,2016-11-25,4
1438,2016-11-29,2016-11-29,1
1438,2016-12-01,2016-12-02,2
1438,2016-12-06,2016-12-15,8
1438,2016-12-19,2016-12-20,2
1438,2016-12-23,2016-12-26,2
1438,2016-12-28,2017-01-09,8
1438,2017-01-11,2017-01-18,6
1438,2017-01-20,2017-01-24,3
1438,2017-02-07,2017-02-13,5
1438,2017-02-16,2017-02-16,1
1438,2017-02-18,2017-02-18,1
1438,2017-02-22,2017-02-24,3
1438,2017-03-06,2017-03-08,3
1438,2017-03-15,2017-03-15,1
1438,2017-03-20,2017-03-21,2
1438,2017-03-29,2017-03-29,1
1438,2017-03-31,2017-04-05,2
1438,2017-04-11,2017-04-11,1
1438,2017-04-13,2017-04-20,6
1438,2017-04-25,2017-04-27,3
1438,2017-05-02,2017-05-02,1
1438,2017-05-04,2017-05-09,4
1438,2017-05-11,2017-05-11,1
1438,2017-05-15,2017-05-16,2
1438,2017-05-19,2017-05-19,1
1438,2017-05-24,2017-06-03,7
1438,2017-06-06,2017-06-12,5
1438,2017-06-15,2017-06-15,1
1438,2017-06-20,2017-06-20,1
1438,2017-06-22,2017-06-23,2
1438,2017-06-27,2017-06-28,2
1438,2017-06-30,2017-07-03,2
1438,2017-07-06,2017-07-06,1
1438,2017-07-10,2017-07-10,1
1438,2017-07-17,2017-08-17,24
1438,2017-08-21,2017-08-25,5
1438,2017-09-01,2017-09-12,8
1438,2017-09-14,2017-09-15,2
1438,2017-09-19,2017-09-19,1
1438,2017-09-21,2017-09-21,1
1438,2017-09-26,2017-10-02,6
1438,2017-10-05,2017-10-12,4
1438,2017-10-16,2017-10-16,1
1438,2017-10-19,2017-10-27,7
1438,2017-10-31,2017-11-01,2
1438,2017-11-03,2017-11-06,2
1438,2017-11-10,2017-11-14,3
1438,2017-11-16,2017-11-16,1
1438,2017-11-20,2017-12-06,13
1438,2017-12-08,2017-12-12,3
1438,2017-12-14,2017-12-28,11
1438,2018-01-02,2018-01-02,1
1438,2018-01-08,2018-01-16,7
1438,2018-01-22,2018-01-22,1
1438,2018-01-26,2018-02-05,7
1438,2018-02-09,2018-02-12,2
1438,2018-02-26,2018-03-06,6
1438,2018-03-08,2018-03-12,3
1438,2018-03-14,2018-06-19,66
1438,2018-06-21,2018-06-25,3
1438,2018-07-05,2018-07-05,1
1438,2018-07-17,2018-07-17,1
1438,2018-07-19,2018-07-19,1
1438,2018-07-24,2018-07-25,2
1438,2018-07-27,2018-08-01,4
1438,2018-08-03,2018-08-03,1
1438,2018-08-08,2018-08-08,1
1438,2018-08-14,2018-08-16,3
1438,2018-08-23,2018-08-27,3
1438,2018-08-29,2018-08-31,3
1438,2018-09-05,2018-09-06,2
1438,2018-09-11,2018-09-12,2
1438,2018-09-17,2018-09-17,1
1438,2018-09-21,2018-09-26,3
1438,2018-10-01,2018-10-04,4
1438,2018-10-17,2018-10-17,1
1438,2018-10-19,2018-10-29,7
1438,2018-11-01,2018-11-09,7
1438,2018-11-13,2018-11-23,9
1438,2018-11-27,2018-11-27,1
1438,2018-11-29,2018-11-29,1
1438,2018-12-03,2018-12-04,2
1438,2018-12-07,2018-12-07,1
1438,2018-12-11,2018-12-13,3
1438,2018-12-17,2018-12-25,8
1438,2018-12-28,2019-01-02,2
1438,2019-01-07,2019-01-07,1
1438,2019-01-21,2019-02-19,15
1438,2019-02-22,2019-02-26,3
1438,2019-03-14,2019-03-14,1
1438,2019-03-19,2019-03-19,1
1438,2019-03-21,2019-03-21,1
1438,2019-04-29,2019-04-29,1
1438,2019-05-06,2019-05-06,1
1438,2019-05-08,2019-05-08,1
1438,2019-05-13,2019-05-13,1
1438,2019-05-27,2019-05-27,1
1438,2019-05-30,2019-05-30,1
1438,2019-06-04,2019-06-04,1
1438,2019-06-13,2019-06-13,1
1438,2019-06-18,2019-06-18,1
1438,2019-07-31,2019-07-31,1
1438,2019-08-02,2019-08-02,1
1438,2019-08-06,2019-08-06,1
1438,2019-08-23,2019-08-26,2
1438,2019-09-10,2019-09-10,1
1438,2019-09-12,2019-09-12,1
1438,2019-09-17,2019-09-17,1
1438,2019-09-19,2019-09-19,1
1438,2019-09-23,2019-09-23,1
1438,2019-10-01,2019-10-03,3
1438,2019-10-07,2019-10-08,2
1438,2019-10-14,2019-10-15,2
1438,2019-10-18,2019-11-01,11
1438,2019-11-05,2019-11-13,7
1438,2019-11-19,2019-11-19,1
1438,2019-11-25,2019-11-27,3
1438,2019-12-02,2019-12-09,6
1438,2019-12-11,2019-12-20,8
1438,2019-12-24,2019-12-25,2
1438,2019-12-30,2019-12-30,1
1438,2020-01-02,2020-01-02,1
1438,2020-01-09,2020-01-09,1
1438,2020-01-13,2020-01-14,2
1438,2020-01-20,2020-01-20,1
1438,2020-02-04,2020-02-06,3
1438,2020-02-10,2020-02-10,1
1438,2020-02-12,2020-02-20,7
1438,2020-02-24,2020-02-26,3
1438,2020-03-02,2020-03-02,1
1438,2020-03-04,2020-03-09,4
1438,2020-03-16,2020-03-17,2
1438,2020-03-23,2020-04-10,13
1438,2020-04-16,2020-04-28,9
1438,2020-05-04,2020-05-04,1
1438,2020-05-06,2020-05-06,1
1438,2020-05-08,2020-05-11,2
1438,2020-05-13,2020-05-13,1
1438,2020-05-26,2020-05-26,1
1438,2020-06-03,2020-06-03,1
1438,2020-06-05,2020-06-05,1
1438,2020-06-09,2020-06-09,1
1438,2020-06-12,2020-06-12,1
1438,2020-06-23,2020-06-23,1
1438,2020-06-29,2020-06-30,2
1438,2020-07-08,2020-07-08,1
1438,2020-07-14,2020-07-14,1
1438,2020-07-17,2020-07-20,2
1438,2020-07-29,2020-07-29,1
1438,2020-08-04,2020-08-05,2
1438,2020-08-11,2020-08-11,1
1438,2020-08-13,2020-08-14,2
1438,2020-08-18,2020-08-28,9
1438,2020-09-30,2020-09-30,1
1438,2020-10-23,2020-10-23,1
1438,2020-10-28,2020-10-29,2
1438,2020-11-05,2020-11-05,1
1438,2020-11-09,2020-11-09,1
1438,2020-11-13,2020-11-13,1
1438,2020-11-19,2020-11-19,1
1438,2020-11-24,2020-11-24,1
1438,2020-11-27,2020-11-27,1
1438,2020-12-07,2020-12-07,1
1438,2020-12-15,2020-12-15,1
1438,2020-12-21,2020-12-22,2
1438,2020-12-24,2020-12-24,1
1438,2021-01-05,2021-01-05,1
1438,2021-01-07,2021-01-07,1
1438,2021-01-11,2021-01-12,2
1438,2021-01-19,2021-01-19,1
1438,2021-01-21,2021-01-21,1
1438,2021-02-01,2021-02-01,1
1438,2021-04-13,2021-04-13,1
1438,2021-04-16,2021-04-20,3
1438,2021-04-26,2021-04-26,1
1438,2021-04-29,2021-04-29,1
1438,2021-05-07,2021-05-07,1
1438,2021-05-26,2021-05-26,1
1438,2021-05-31,2021-05-31,1
1438,2021-06-04,2021-06-04,1
1438,2021-06-15,2021-06-16,2
1438,2021-06-23,2021-06-23,1
1438,2021-06-25,2021-06-25,1
1438,2021-07-08,2021-07-09,2
1438,2021-07-14,2021-07-16,3
1438,2021-08-04,2021-08-04,1
1438,2021-08-06,2021-08-09,2
1438,2021-08-11,2021-08-11,1
1438,2021-08-13,2021-08-13,1
1438,2021-08-24,2021-08-24,1
1438,2021-08-27,2021-08-27,1
1438,2021-10-12,2021-10-12,1
1438,2022-03-22,2022-03-22,1
1438,2022-03-31,2022-03-31,1
1438,2022-05-31,2022-05-31,1
1438,2022-06-02,2022-06-02,1
1438,2022-09-02,2022-09-02,1
1438,2022-11-21,2022-11-21,1
1438,2022-11-29,2022-11-29,1
1438,2022-12-21,2022-12-22,2
1438,2023-01-10,2023-01-10,1
1438,2023-01-17,2023-01-17,1
1438,2023-07-28,2023-07-28,1
1438,2023-09-14,2023-09-14,1
1438,2023-09-25,2023-09-25,1
1438,2023-10-02,2023-10-02,1
1438,2023-10-13,2023-10-13,1
1438,2023-10-17,2023-10-18,2
1438,2023-10-26,2023-10-26,1
1438,2023-11-29,2023-11-29,1
1438,2023-12-11,2023-12-11,1
1438,2025-07-09,2025-07-09,1
1439,2012-07-06,2012-07-09,2
1439,2012-07-19,2012-07-19,1
1439,2012-08-01,2012-08-03,2
1439,2012-08-16,2012-08-17,2
1439,2012-08-24,2012-08-24,1
1439,2012-08-31,2012-08-31,1
1439,2012-12-22,2012-12-22,1
1439,2012-12-27,2013-01-02,3
1439,2013-01-11,2013-01-11,1
1439,2013-01-22,2013-01-23,2
1439,2013-01-31,2013-01-31,1
1439,2013-02-22,2013-02-23,2
1439,2013-03-15,2013-03-15,1
1439,2013-03-21,2013-03-26,4
1439,2013-04-02,2013-04-03,2
1439,2013-04-11,2013-04-11,1
1439,2013-04-15,2013-04-15,1
1439,2013-04-17,2013-04-18,2
1439,2013-04-22,2013-04-22,1
1439,2013-04-25,2013-04-25,1
1439,2013-05-02,2013-05-02,1
1439,2013-05-20,2013-05-22,3
1439,2013-06-19,2013-06-19,1
1439,2013-06-27,2013-06-28,2
1439,2013-07-09,2013-07-09,1
1439,2013-07-12,2013-07-12,1
1439,2013-07-22,2013-07-22,1
1439,2013-08-02,2013-08-02,1
1439,2013-08-08,2013-08-08,1
1439,2013-08-13,2013-08-13,1
1439,2013-08-19,2013-08-20,2
1439,2013-08-26,2013-08-27,2
1439,2013-09-02,2013-09-02,1
1439,2013-09-10,2013-09-10,1
1439,2013-09-13,2013-09-14,2
1439,2013-09-23,2013-09-23,1
1439,2013-09-26,2013-09-26,1
1439,2013-10-23,2013-10-24,2
1439,2013-10-28,2013-10-29,2
1439,2013-10-31,2013-11-04,3
1439,2013-11-13,2013-11-13,1
1439,2013-11-18,2013-11-19,2
1439,2013-11-21,2013-11-26,4
1439,2013-12-03,2013-12-06,4
1439,2013-12-12,2013-12-12,1
1439,2013-12-17,2013-12-17,1
1439,2013-12-19,2013-12-19,1
1439,2013-12-23,2013-12-24,2
1439,2013-12-26,2013-12-26,1
1439,2014-01-02,2014-01-03,2
1439,2014-01-17,2014-01-22,4
1439,2014-01-27,2014-01-27,1
1439,2014-02-13,2014-02-13,1
1439,2014-02-18,2014-02-18,1
1439,2014-02-25,2014-03-11,10
1439,2014-03-13,2014-03-13,1
1439,2014-03-18,2014-03-19,2
1439,2014-03-21,2014-03-25,3
1439,2014-03-27,2014-03-27,1
1439,2014-04-02,2014-04-11,7
1439,2014-04-15,2014-04-15,1
1439,2014-04-17,2014-04-18,2
1439,2014-04-22,2014-04-22,1
1439,2014-04-24,2014-04-28,3
1439,2014-04-30,2014-04-30,1
1439,2014-05-05,2014-05-05,1
1439,2014-05-07,2014-05-13,5
1439,2014-05-16,2014-05-19,2
1439,2014-05-27,2014-05-28,2
1439,2014-05-30,2014-06-04,3
1439,2014-06-06,2014-06-09,2
1439,2014-06-11,2014-06-13,3
1439,2014-07-04,2014-07-04,1
1439,2014-07-09,2014-07-09,1
1439,2014-07-14,2014-07-14,1
1439,2014-07-16,2014-07-16,1
1439,2014-07-24,2014-07-24,1
1439,2014-08-21,2014-08-21,1
1439,2014-09-02,2014-09-02,1
1439,2014-09-05,2014-09-05,1
1439,2014-09-10,2014-09-11,2
1439,2014-09-15,2014-09-15,1
1439,2014-09-18,2014-09-18,1
1439,2014-09-22,2014-09-23,2
1439,2014-09-29,2014-09-29,1
1439,2014-10-02,2014-10-03,2
1439,2014-10-08,2014-10-08,1
1439,2014-10-15,2014-10-15,1
1439,2014-10-30,2014-10-30,1
1439,2014-11-14,2014-11-14,1
1439,2014-11-21,2014-11-21,1
1439,2014-12-18,2014-12-18,1
1439,2014-12-22,2014-12-22,1
1439,2015-02-05,2015-02-05,1
1439,2015-02-09,2015-02-09,1
1439,2015-02-11,2015-02-13,3
1439,2015-02-26,2015-02-26,1
1439,2015-04-08,2015-04-08,1
1439,2015-07-29,2015-07-29,1
1439,2015-08-14,2015-08-14,1
1439,2015-09-07,2015-09-07,1
1439,2015-09-24,2015-09-24,1
1439,2015-09-30,2015-10-02,3
1439,2015-10-07,2015-10-07,1
1439,2015-10-15,2015-10-22,6
1439,2015-10-26,2015-10-28,3
1439,2015-11-02,2015-11-03,2
1439,2015-11-05,2015-11-16,8
1439,2015-11-18,2015-11-18,1
1439,2015-11-20,2015-11-20,1
1439,2015-11-25,2015-11-25,1
1439,2015-11-27,2015-11-30,2
1439,2015-12-03,2015-12-07,3
1439,2015-12-11,2015-12-14,2
1439,2015-12-16,2015-12-16,1
1439,2015-12-18,2015-12-21,2
1439,2015-12-31,2015-12-31,1
1439,2016-01-13,2016-01-14,2
1439,2016-01-21,2016-02-17,14
1439,2016-02-19,2016-02-24,4
1439,2016-03-01,2016-03-01,1
1439,2016-03-08,2016-03-10,3
1439,2016-03-14,2016-03-21,6
1439,2016-03-24,2016-03-25,2
1439,2016-03-29,2016-03-30,2
1439,2016-04-01,2016-04-01,1
1439,2016-04-19,2016-04-19,1
1439,2016-04-21,2016-04-21,1
1439,2016-04-26,2016-04-26,1
1439,2016-04-28,2016-04-28,1
1439,2016-05-03,2016-05-05,3
1439,2016-05-10,2016-05-10,1
1439,2016-05-16,2016-05-16,1
1439,2016-05-20,2016-06-01,9
1439,2016-06-03,2016-06-13,6
1439,2016-06-16,2016-06-20,3
1439,2016-06-22,2016-06-23,2
1439,2016-06-27,2016-07-06,8
1439,2016-07-11,2016-07-18,6
1439,2016-08-08,2016-08-08,1
1439,2016-09-14,2016-09-14,1
1439,2016-11-07,2016-11-07,1
1439,2016-12-12,2016-12-12,1
1439,2016-12-28,2016-12-28,1
1439,2017-01-06,2017-01-09,2
1439,2017-01-13,2017-01-17,3
1439,2017-02-18,2017-02-18,1
1439,2017-03-20,2017-03-20,1
1439,2017-09-13,2017-09-13,1
1439,2017-09-29,2017-09-30,2
1439,2017-11-01,2017-11-02,2
1439,2017-11-09,2017-11-09,1
1439,2017-11-20,2017-11-22,3
1439,2017-11-24,2017-11-28,3
1439,2017-12-01,2017-12-01,1
1439,2017-12-05,2017-12-05,1
1439,2017-12-12,2017-12-12,1
1439,2017-12-25,2017-12-25,1
1439,2018-01-10,2018-01-10,1
1439,2018-01-18,2018-01-18,1
1439,2018-01-29,2018-01-30,2
1439,2018-02-01,2018-02-01,1
1439,2018-02-05,2018-02-05,1
1439,2018-03-31,2018-03-31,1
1439,2018-12-21,2018-12-21,1
1439,2019-12-10,2019-12-10,1
1439,2021-03-31,2021-03-31,1
1439,2021-07-16,2021-07-20,3
1439,2021-07-30,2021-07-30,1
1439,2021-08-19,2021-08-19,1
1439,2021-08-30,2021-08-30,1
1439,2021-09-02,2021-09-02,1
1439,2021-09-17,2021-09-17,1
1439,2021-09-24,2021-09-24,1
1439,2021-09-28,2021-09-28,1
1439,2021-10-04,2021-10-04,1
1439,2021-11-05,2021-11-05,1
1439,2021-11-25,2021-11-25,1
1439,2021-12-09,2021-12-10,2
1439,2021-12-22,2021-12-22,1
1439,2021-12-24,2021-12-24,1
1439,2021-12-28,2021-12-28,1
1439,2022-01-04,2022-01-04,1
1439,2022-01-24,2022-01-24,1
1439,2022-03-08,2022-03-08,1
1439,2022-03-10,2022-03-10,1
1439,2022-03-29,2022-03-29,1
1439,2022-04-15,2022-04-15,1
1439,2022-04-21,2022-04-21,1
1439,2022-05-10,2022-05-11,2
1439,2022-05-24,2022-05-24,1
1439,2022-06-01,2022-06-02,2
1439,2022-08-08,2022-08-08,1
1439,2022-08-16,2022-08-16,1
1439,2022-08-22,2022-08-22,1
1439,2022-09-08,2022-09-08,1
1439,2022-10-06,2022-10-06,1
1439,2022-12-27,2022-12-27,1
1439,2023-02-07,2023-02-07,1
1439,2023-04-20,2023-04-20,1
1439,2023-04-24,2023-04-24,1
1439,2023-05-25,2023-05-25,1
1439,2023-05-30,2023-05-30,1
1439,2023-08-01,2023-08-01,1
1439,2023-08-10,2023-08-10,1
1439,2023-09-15,2023-09-18,2
1439,2023-09-22,2023-09-22,1
1439,2023-09-28,2023-10-03,3
1439,2023-10-05,2023-10-05,1
1439,2023-10-13,2023-10-17,3
1439,2023-10-25,2023-10-25,1
1439,2023-10-27,2023-11-03,6
1439,2023-11-08,2023-11-08,1
1439,2023-11-10,2023-11-10,1
1439,2023-11-22,2023-11-22,1
1439,2023-11-27,2023-11-27,1
1439,2023-12-01,2023-12-04,2
1439,2024-01-30,2024-01-30,1
1439,2024-02-22,2024-02-22,1
1439,2024-10-25,2024-10-25,1
1439,2024-12-13,2024-12-13,1
1439,2025-02-07,2025-02-07,1
1439,2025-02-26,2025-02-26,1
1439,2025-03-06,2025-03-06,1
1439,2025-03-17,2025-03-17,1
1439,2025-05-28,2025-05-28,1
1439,2025-06-09,2025-06-09,1
1439,2025-07-02,2025-07-03,2
1439,2025-07-10,2025-07-14,3
1439,2025-07-18,2025-07-18,1
1439,2025-07-30,2025-07-31,2
1439,2025-09-02,2025-09-03,2
1439,2025-09-30,2025-09-30,1
1439,2025-10-02,2025-10-02,1
1439,2025-10-22,2025-10-22,1
1439,2025-10-28,2025-10-28,1
1439,2025-12-08,2025-12-08,1
1439,2026-03-24,2026-03-24,1
1439,2026-04-07,2026-04-07,1
1439,2026-04-13,2026-04-13,1
1439,2026-05-05,2026-05-05,1
1440,2016-06-04,2016-06-04,1
1440,2017-09-30,2017-09-30,1
1440,2018-03-31,2018-03-31,1
1440,2023-11-02,2023-11-02,1
1441,2012-05-03,2012-05-03,1
1441,2012-05-14,2012-05-15,2
1441,2012-05-28,2012-05-28,1
1441,2012-06-05,2012-06-05,1
1441,2013-02-23,2013-02-23,1
1441,2013-08-19,2013-08-19,1
1441,2013-09-14,2013-09-14,1
1441,2013-09-24,2013-09-24,1
1441,2013-09-30,2013-10-01,2
1441,2013-10-04,2013-10-04,1
1441,2013-10-09,2013-10-09,1
1441,2013-10-14,2013-10-14,1
1441,2013-10-29,2013-10-30,2
1441,2013-11-01,2013-11-01,1
1441,2014-02-18,2014-02-18,1
1441,2014-02-20,2014-02-20,1
1441,2014-03-03,2014-03-04,2
1441,2014-03-06,2014-03-06,1
1441,2014-03-10,2014-03-11,2
1441,2014-03-19,2014-03-19,1
1441,2014-05-05,2014-05-05,1
1441,2014-08-07,2014-08-08,2
1441,2014-08-26,2014-08-26,1
1441,2014-09-05,2014-09-05,1
1441,2014-09-16,2014-09-16,1
1441,2014-09-23,2014-09-23,1
1441,2014-10-08,2014-10-08,1
1441,2014-10-31,2014-10-31,1
1441,2014-11-12,2014-11-12,1
1441,2014-11-14,2014-11-14,1
1441,2014-11-25,2014-11-26,2
1441,2014-12-08,2014-12-08,1
1441,2014-12-15,2014-12-15,1
1441,2014-12-23,2014-12-23,1
1441,2014-12-26,2014-12-27,2
1441,2015-01-08,2015-01-08,1
1441,2015-01-19,2015-01-19,1
1441,2015-01-23,2015-01-23,1
1441,2015-01-27,2015-01-28,2
1441,2015-02-06,2015-02-06,1
1441,2015-03-03,2015-03-03,1
1441,2015-04-02,2015-04-07,2
1441,2015-04-10,2015-04-10,1
1441,2015-04-14,2015-04-14,1
1441,2015-09-07,2015-09-08,2
1441,2015-09-10,2015-09-10,1
1441,2015-09-16,2015-09-16,1
1441,2015-09-25,2015-09-30,2
1441,2015-10-02,2015-10-02,1
1441,2015-10-06,2015-10-06,1
1441,2015-10-08,2015-10-08,1
1441,2015-10-20,2015-10-20,1
1441,2015-10-26,2015-10-26,1
1441,2015-10-29,2015-10-29,1
1441,2015-11-05,2015-11-05,1
1441,2015-11-11,2015-11-12,2
1441,2015-11-17,2015-11-18,2
1441,2015-11-20,2015-11-25,4
1441,2015-11-30,2015-11-30,1
1441,2015-12-02,2015-12-03,2
1441,2015-12-07,2015-12-07,1
1441,2015-12-11,2015-12-11,1
1441,2015-12-15,2015-12-15,1
1441,2015-12-18,2015-12-25,6
1441,2016-01-11,2016-01-11,1
1441,2016-01-13,2016-01-13,1
1441,2016-01-15,2016-01-19,3
1441,2016-01-22,2016-01-22,1
1441,2016-01-26,2016-01-26,1
1441,2016-01-28,2016-02-02,5
1441,2016-02-23,2016-02-23,1
1441,2016-03-01,2016-03-02,2
1441,2016-03-10,2016-03-10,1
1441,2016-03-18,2016-03-21,2
1441,2016-03-23,2016-03-25,3
1441,2016-03-29,2016-03-29,1
1441,2016-03-31,2016-04-01,2
1441,2016-04-08,2016-04-08,1
1441,2016-04-12,2016-04-12,1
1441,2016-04-18,2016-04-21,4
1441,2016-04-26,2016-05-09,9
1441,2016-05-12,2016-05-12,1
1441,2016-05-16,2016-05-16,1
1441,2016-05-18,2016-05-23,4
1441,2016-05-31,2016-05-31,1
1441,2016-06-04,2016-06-04,1
1441,2016-06-21,2016-06-21,1
1441,2016-06-23,2016-06-23,1
1441,2016-07-01,2016-07-01,1
1441,2016-07-05,2016-07-05,1
1441,2016-07-18,2016-07-19,2
1441,2016-07-26,2016-07-26,1
1441,2016-08-02,2016-08-02,1
1441,2016-08-05,2016-08-09,3
1441,2016-08-16,2016-08-16,1
1441,2016-08-18,2016-08-18,1
1441,2016-08-24,2016-08-30,5
1441,2016-09-01,2016-09-02,2
1441,2016-09-07,2016-09-07,1
1441,2016-09-09,2016-09-10,2
1441,2016-09-14,2016-09-14,1
1441,2016-09-20,2016-09-20,1
1441,2016-09-26,2016-10-06,7
1441,2016-10-11,2016-10-11,1
1441,2016-10-13,2016-10-13,1
1441,2016-10-24,2016-10-25,2
1441,2016-10-27,2016-10-27,1
1441,2016-10-31,2016-10-31,1
1441,2016-11-03,2016-11-07,3
1441,2016-11-11,2016-11-11,1
1441,2016-11-16,2016-11-16,1
1441,2016-12-05,2016-12-05,1
1441,2016-12-07,2016-12-08,2
1441,2016-12-12,2016-12-20,7
1441,2016-12-22,2017-01-10,13
1441,2017-01-12,2017-01-17,4
1441,2017-01-20,2017-01-24,3
1441,2017-02-18,2017-02-20,2
1441,2017-02-22,2017-02-22,1
1441,2017-02-24,2017-03-02,3
1441,2017-03-08,2017-03-08,1
1441,2017-03-14,2017-03-14,1
1441,2017-03-20,2017-03-20,1
1441,2017-03-29,2017-03-30,2
1441,2017-05-02,2017-05-02,1
1441,2017-05-04,2017-05-04,1
1441,2017-05-15,2017-05-16,2
1441,2017-05-22,2017-05-23,2
1441,2017-06-01,2017-06-03,3
1441,2017-06-07,2017-06-07,1
1441,2017-06-16,2017-06-16,1
1441,2017-06-30,2017-06-30,1
1441,2017-07-07,2017-07-07,1
1441,2017-07-14,2017-07-14,1
1441,2017-07-19,2017-07-21,3
1441,2017-07-25,2017-07-26,2
1441,2017-07-28,2017-07-28,1
1441,2017-08-01,2017-08-01,1
1441,2017-08-09,2017-08-09,1
1441,2017-08-11,2017-08-16,4
1441,2017-08-22,2017-08-23,2
1441,2017-08-28,2017-08-28,1
1441,2017-09-04,2017-09-07,4
1441,2017-09-12,2017-09-12,1
1441,2017-09-14,2017-09-19,4
1441,2017-09-21,2017-09-21,1
1441,2017-09-26,2017-09-27,2
1441,2017-09-30,2017-09-30,1
1441,2017-10-03,2017-10-05,2
1441,2017-10-23,2017-10-26,4
1441,2017-10-31,2017-11-03,4
1441,2017-11-07,2017-11-08,2
1441,2017-11-13,2017-11-14,2
1441,2017-11-16,2017-11-16,1
1441,2017-11-20,2017-11-21,2
1441,2017-11-27,2017-11-28,2
1441,2017-11-30,2017-12-05,4
1441,2017-12-07,2017-12-19,9
1441,2017-12-21,2017-12-22,2
1441,2017-12-27,2017-12-27,1
1441,2018-01-02,2018-01-02,1
1441,2018-01-04,2018-01-11,6
1441,2018-01-15,2018-01-15,1
1441,2018-01-26,2018-01-29,2
1441,2018-01-31,2018-01-31,1
1441,2018-02-02,2018-02-02,1
1441,2018-02-06,2018-02-06,1
1441,2018-02-08,2018-02-09,2
1441,2018-02-22,2018-02-22,1
1441,2018-02-26,2018-03-01,3
1441,2018-03-06,2018-03-07,2
1441,2018-03-09,2018-03-12,2
1441,2018-03-19,2018-03-20,2
1441,2018-03-22,2018-03-23,2
1441,2018-03-29,2018-03-29,1
1441,2018-03-31,2018-04-02,2
1441,2018-04-09,2018-04-11,3
1441,2018-04-13,2018-04-13,1
1441,2018-04-17,2018-04-17,1
1441,2018-05-17,2018-05-17,1
1441,2018-06-13,2018-06-13,1
1441,2018-07-02,2018-07-05,4
1441,2018-07-11,2018-07-11,1
1441,2018-12-11,2018-12-11,1
1441,2018-12-22,2018-12-22,1
1441,2018-12-27,2018-12-27,1
1441,2019-01-21,2019-01-23,3
1441,2019-01-25,2019-01-25,1
1441,2019-01-29,2019-01-29,1
1441,2019-02-12,2019-02-19,6
1441,2019-03-06,2019-03-06,1
1441,2019-03-08,2019-03-11,2
1441,2019-03-14,2019-03-18,3
1441,2019-03-25,2019-03-25,1
1441,2019-03-28,2019-03-28,1
1441,2019-04-02,2019-04-02,1
1441,2019-04-08,2019-04-08,1
1441,2019-04-23,2019-04-23,1
1441,2019-04-30,2019-04-30,1
1441,2019-07-04,2019-07-04,1
1441,2019-07-18,2019-07-18,1
1441,2019-08-01,2019-08-01,1
1441,2019-09-11,2019-09-11,1
1441,2019-09-16,2019-09-17,2
1441,2019-11-04,2019-11-04,1
1441,2019-11-06,2019-11-06,1
1441,2019-11-12,2019-11-14,3
1441,2019-11-25,2019-11-28,4
1441,2019-12-02,2019-12-04,3
1441,2019-12-10,2019-12-11,2
1441,2019-12-20,2019-12-20,1
1441,2020-05-13,2020-05-13,1
1441,2020-06-04,2020-06-05,2
1441,2020-06-09,2020-06-09,1
1441,2020-08-05,2020-08-05,1
1441,2020-08-10,2020-08-10,1
1441,2020-08-31,2020-08-31,1
1441,2020-09-08,2020-09-09,2
1441,2020-09-14,2020-09-15,2
1441,2020-11-06,2020-11-06,1
1441,2021-02-25,2021-02-25,1
1441,2021-03-12,2021-03-12,1
1441,2021-03-16,2021-03-16,1
1441,2021-03-18,2021-03-18,1
1441,2021-03-24,2021-03-25,2
1441,2021-03-31,2021-03-31,1
1441,2021-04-07,2021-04-07,1
1441,2021-05-10,2021-05-10,1
1441,2021-10-28,2021-10-28,1
1441,2021-11-09,2021-11-09,1
1441,2021-11-19,2021-11-23,3
1441,2021-11-25,2021-11-25,1
1441,2021-12-13,2021-12-13,1
1441,2021-12-15,2021-12-15,1
1441,2022-03-29,2022-03-29,1
1441,2022-04-19,2022-04-19,1
1441,2022-04-26,2022-04-26,1
1441,2022-05-11,2022-05-12,2
1441,2022-05-16,2022-05-16,1
1441,2022-05-23,2022-05-24,2
1441,2022-06-01,2022-06-01,1
1441,2022-06-22,2022-06-22,1
1441,2022-07-19,2022-07-19,1
1441,2022-07-26,2022-07-26,1
1441,2022-08-04,2022-08-04,1
1441,2022-08-08,2022-08-08,1
1441,2022-08-11,2022-08-11,1
1441,2022-08-15,2022-08-15,1
1441,2022-08-24,2022-08-24,1
1441,2022-09-02,2022-09-02,1
1441,2022-09-08,2022-09-08,1
1441,2022-09-19,2022-09-21,3
1441,2022-10-03,2022-10-03,1
1441,2022-10-06,2022-10-07,2
1441,2022-10-12,2022-10-12,1
1441,2022-10-31,2022-10-31,1
1441,2022-11-02,2022-11-03,2
1441,2022-11-07,2022-11-08,2
1441,2022-11-10,2022-11-10,1
1441,2022-11-17,2022-11-17,1
1441,2022-11-21,2022-11-21,1
1441,2022-11-23,2022-11-23,1
1441,2022-11-29,2022-11-29,1
1441,2022-12-22,2022-12-22,1
1441,2022-12-26,2022-12-26,1
1441,2022-12-28,2022-12-28,1
1441,2022-12-30,2023-01-04,3
1441,2023-01-09,2023-01-09,1
1441,2023-01-12,2023-01-17,4
1441,2023-02-01,2023-02-01,1
1441,2023-02-07,2023-02-07,1
1441,2023-02-23,2023-02-23,1
1441,2023-03-01,2023-03-03,3
1441,2023-03-08,2023-03-10,3
1441,2023-03-20,2023-03-21,2
1441,2023-03-28,2023-03-30,3
1441,2023-04-10,2023-04-10,1
1441,2023-04-21,2023-04-21,1
1441,2023-04-25,2023-04-25,1
1441,2023-04-27,2023-04-27,1
1441,2023-05-09,2023-05-09,1
1441,2023-05-23,2023-05-23,1
1441,2023-05-26,2023-05-30,3
1441,2023-06-05,2023-06-05,1
1441,2023-06-14,2023-06-14,1
1441,2023-06-20,2023-06-20,1
1441,2023-06-28,2023-06-29,2
1441,2023-07-03,2023-07-05,3
1441,2023-07-14,2023-07-14,1
1441,2023-07-18,2023-07-18,1
1441,2023-07-27,2023-07-27,1
1441,2023-07-31,2023-08-01,2
1441,2023-08-04,2023-08-04,1
1441,2023-08-14,2023-08-14,1
1441,2023-08-18,2023-08-21,2
1441,2023-09-05,2023-09-05,1
1441,2023-09-07,2023-09-08,2
1441,2023-09-14,2023-09-14,1
1441,2023-09-18,2023-09-18,1
1441,2023-09-25,2023-09-26,2
1441,2023-10-06,2023-10-06,1
1441,2023-10-13,2023-10-17,3
1441,2023-10-20,2023-10-30,7
1441,2023-11-01,2023-11-02,2
1441,2023-11-07,2023-11-07,1
1441,2023-11-14,2023-11-15,2
1441,2023-11-22,2023-11-24,3
1441,2023-11-30,2023-11-30,1
1441,2023-12-04,2023-12-04,1
1441,2023-12-06,2023-12-06,1
1441,2023-12-11,2023-12-11,1
1441,2023-12-18,2023-12-18,1
1441,2023-12-22,2023-12-22,1
1441,2024-01-18,2024-01-18,1
1441,2024-01-22,2024-01-22,1
1441,2024-01-24,2024-01-25,2
1441,2024-01-30,2024-01-30,1
1441,2024-02-26,2024-02-26,1
1441,2024-03-12,2024-03-12,1
1441,2024-03-18,2024-03-18,1
1441,2024-03-25,2024-03-25,1
1441,2024-03-28,2024-03-28,1
1441,2024-04-02,2024-04-02,1
1441,2024-04-09,2024-04-11,3
1441,2024-04-15,2024-04-15,1
1441,2024-04-17,2024-04-17,1
1441,2024-05-10,2024-05-10,1
1441,2024-06-14,2024-06-14,1
1441,2024-10-08,2024-10-08,1
1441,2024-10-22,2024-10-22,1
1441,2024-11-05,2024-11-05,1
1441,2024-11-07,2024-11-07,1
1441,2024-12-12,2024-12-12,1
1441,2024-12-18,2024-12-18,1
1441,2024-12-25,2024-12-25,1
1441,2025-01-03,2025-01-03,1
1441,2025-01-08,2025-01-08,1
1441,2025-01-16,2025-01-16,1
1441,2025-01-22,2025-02-03,2
1441,2025-02-19,2025-02-20,2
1441,2025-03-04,2025-03-04,1
1441,2025-03-24,2025-03-24,1
1441,2025-04-16,2025-04-18,3
1441,2025-04-24,2025-04-24,1
1441,2025-04-29,2025-04-29,1
1441,2025-05-06,2025-05-06,1
1441,2025-05-08,2025-05-08,1
1441,2025-05-13,2025-05-13,1
1441,2025-05-28,2025-05-28,1
1441,2025-06-09,2025-06-09,1
1441,2025-06-12,2025-06-13,2
1441,2025-06-25,2025-06-25,1
1441,2025-07-02,2025-07-02,1
1441,2025-07-07,2025-07-07,1
1441,2025-07-09,2025-07-09,1
1441,2025-07-11,2025-07-14,2
1441,2025-07-16,2025-07-16,1
1441,2025-07-18,2025-07-18,1
1441,2025-07-22,2025-07-23,2
1441,2025-07-25,2025-07-28,2
1441,2025-07-30,2025-07-30,1
1441,2025-08-04,2025-08-04,1
1441,2025-08-12,2025-08-12,1
1441,2025-08-14,2025-08-19,4
1441,2025-08-22,2025-08-25,2
1441,2025-08-29,2025-08-29,1
1441,2025-09-03,2025-09-04,2
1441,2025-09-08,2025-09-08,1
1441,2025-09-10,2025-09-12,3
1441,2025-09-22,2025-09-22,1
1441,2025-09-24,2025-10-03,7
1441,2025-10-08,2025-10-08,1
1441,2025-10-14,2025-10-14,1
1441,2025-10-20,2025-10-20,1
1441,2025-10-22,2025-10-23,2
1441,2025-11-04,2025-11-10,5
1441,2025-11-12,2025-11-14,3
1441,2025-11-18,2025-11-18,1
1441,2025-11-24,2025-11-27,4
1441,2025-12-01,2025-12-01,1
1441,2025-12-03,2025-12-03,1
1441,2025-12-11,2025-12-12,2
1441,2025-12-18,2025-12-22,3
1441,2025-12-26,2025-12-29,2
1441,2025-12-31,2025-12-31,1
1441,2026-01-07,2026-01-08,2
1441,2026-01-12,2026-01-12,1
1441,2026-01-20,2026-01-20,1
1441,2026-02-02,2026-02-02,1
1441,2026-02-05,2026-02-05,1
1441,2026-03-11,2026-03-11,1
1441,2026-03-26,2026-03-27,2
1441,2026-04-07,2026-04-07,1
1441,2026-06-18,2026-06-18,1
1442,2012-05-10,2012-05-10,1
1442,2012-11-22,2012-11-22,1
1442,2013-11-04,2013-11-04,1
1442,2014-12-27,2014-12-27,1
1442,2015-03-04,2015-03-04,1
1442,2015-03-09,2015-03-09,1
1442,2015-10-28,2015-10-28,1
1442,2015-12-02,2015-12-02,1
1442,2015-12-08,2015-12-08,1
1442,2015-12-10,2015-12-10,1
1442,2015-12-16,2015-12-16,1
1442,2016-01-08,2016-01-08,1
1442,2016-02-01,2016-02-03,3
1442,2016-02-16,2016-02-16,1
1442,2016-02-22,2016-02-22,1
1442,2016-02-24,2016-02-24,1
1442,2016-02-26,2016-02-26,1
1442,2016-03-02,2016-03-02,1
1442,2016-03-14,2016-03-14,1
1442,2016-06-04,2016-06-04,1
1442,2016-09-10,2016-09-10,1
1442,2017-01-04,2017-01-04,1
1442,2017-02-14,2017-02-14,1
1442,2017-02-18,2017-02-18,1
1442,2017-05-03,2017-05-05,3
1442,2017-05-15,2017-05-15,1
1442,2017-06-03,2017-06-03,1
1442,2017-09-30,2017-09-30,1
1442,2018-03-31,2018-03-31,1
1442,2018-05-29,2018-05-30,2
1442,2018-12-22,2018-12-22,1
1442,2019-01-30,2019-01-30,1
1442,2019-03-28,2019-03-28,1
1442,2019-04-22,2019-04-22,1
1442,2019-05-16,2019-05-17,2
1442,2019-06-28,2019-06-28,1
1442,2019-07-16,2019-07-16,1
1442,2019-07-18,2019-07-18,1
1442,2019-07-22,2019-07-22,1
1442,2019-08-23,2019-08-23,1
1442,2019-08-27,2019-08-27,1
1442,2019-08-29,2019-08-29,1
1442,2019-09-19,2019-09-19,1
1442,2019-10-07,2019-10-07,1
1443,2012-05-10,2012-05-10,1
1443,2012-05-14,2012-05-14,1
1443,2012-05-28,2012-05-28,1
1443,2012-06-05,2012-06-07,3
1443,2012-06-11,2012-06-11,1
1443,2012-06-15,2012-06-20,4
1443,2012-06-25,2012-06-28,4
1443,2012-07-06,2012-07-09,2
1443,2012-07-11,2012-07-11,1
1443,2012-07-13,2012-07-23,7
1443,2012-07-25,2012-08-01,6
1443,2012-08-07,2012-08-07,1
1443,2012-08-17,2012-08-17,1
1443,2012-08-21,2012-08-21,1
1443,2012-08-23,2012-08-24,2
1443,2012-08-31,2012-09-04,3
1443,2012-09-13,2012-09-13,1
1443,2012-09-24,2012-09-24,1
1443,2012-10-22,2012-10-22,1
1443,2012-10-31,2012-10-31,1
1443,2012-11-19,2012-11-20,2
1443,2012-12-10,2012-12-10,1
1443,2012-12-22,2012-12-22,1
1443,2012-12-28,2013-01-02,2
1443,2013-01-11,2013-01-11,1
1443,2013-01-18,2013-01-18,1
1443,2013-01-23,2013-01-23,1
1443,2013-01-29,2013-01-29,1
1443,2013-02-01,2013-02-01,1
1443,2013-02-23,2013-02-23,1
1443,2013-03-08,2013-03-08,1
1443,2013-03-14,2013-03-14,1
1443,2013-03-26,2013-03-28,3
1443,2013-04-12,2013-04-12,1
1443,2013-04-22,2013-04-22,1
1443,2013-04-25,2013-04-25,1
1443,2013-04-30,2013-04-30,1
1443,2013-06-20,2013-06-20,1
1443,2013-06-28,2013-06-28,1
1443,2013-07-04,2013-07-04,1
1443,2013-07-09,2013-07-09,1
1443,2013-07-22,2013-07-22,1
1443,2013-07-29,2013-07-29,1
1443,2013-08-26,2013-08-26,1
1443,2013-09-03,2013-09-03,1
1443,2013-09-05,2013-09-05,1
1443,2013-09-09,2013-09-09,1
1443,2014-01-16,2014-01-16,1
1443,2014-01-21,2014-01-22,2
1443,2014-01-27,2014-01-27,1
1443,2014-02-17,2014-02-17,1
1443,2014-02-20,2014-02-20,1
1443,2014-03-05,2014-03-05,1
1443,2014-03-10,2014-03-10,1
1443,2014-03-13,2014-03-18,4
1443,2014-03-21,2014-03-25,3
1443,2014-04-07,2014-04-07,1
1443,2014-04-10,2014-04-10,1
1443,2014-04-14,2014-04-14,1
1443,2014-04-21,2014-04-22,2
1443,2014-04-28,2014-04-28,1
1443,2014-04-30,2014-04-30,1
1443,2014-05-07,2014-05-07,1
1443,2014-05-13,2014-05-13,1
1443,2014-05-15,2014-05-16,2
1443,2014-05-22,2014-05-22,1
1443,2014-06-20,2014-06-20,1
1443,2014-06-25,2014-06-25,1
1443,2014-09-19,2014-09-19,1
1443,2014-10-16,2014-10-16,1
1443,2014-10-29,2014-10-29,1
1443,2014-11-12,2014-11-12,1
1443,2014-11-14,2014-11-14,1
1443,2014-11-26,2014-11-26,1
1443,2014-12-11,2014-12-11,1
1443,2014-12-15,2014-12-15,1
1443,2014-12-18,2014-12-18,1
1443,2014-12-22,2014-12-23,2
1443,2014-12-27,2014-12-29,2
1443,2015-01-19,2015-01-19,1
1443,2015-01-30,2015-02-02,2
1443,2015-02-04,2015-02-06,3
1443,2015-02-11,2015-02-11,1
1443,2015-02-13,2015-02-13,1
1443,2015-02-25,2015-03-10,9
1443,2015-03-13,2015-03-17,3
1443,2015-03-20,2015-03-25,4
1443,2015-03-31,2015-03-31,1
1443,2015-04-07,2015-04-10,4
1443,2015-04-14,2015-04-14,1
1443,2015-06-01,2015-06-01,1
1443,2015-06-25,2015-06-25,1
1443,2015-07-21,2015-07-21,1
1443,2015-07-29,2015-07-30,2
1443,2015-08-17,2015-08-17,1
1443,2015-09-08,2015-09-08,1
1443,2015-09-10,2015-09-10,1
1443,2015-09-18,2015-09-18,1
1443,2015-09-22,2015-09-22,1
1443,2015-09-24,2015-09-30,3
1443,2015-10-05,2015-10-08,4
1443,2015-10-13,2015-10-21,7
1443,2015-10-23,2015-10-23,1
1443,2015-10-27,2015-10-28,2
1443,2015-11-02,2015-11-03,2
1443,2015-11-05,2015-11-13,7
1443,2015-11-18,2015-11-18,1
1443,2015-11-20,2015-11-25,4
1443,2015-11-27,2015-12-04,6
1443,2015-12-08,2015-12-08,1
1443,2015-12-10,2015-12-14,3
1443,2015-12-16,2015-12-16,1
1443,2015-12-18,2015-12-21,2
1443,2015-12-24,2015-12-24,1
1443,2015-12-28,2015-12-29,2
1443,2015-12-31,2016-01-14,10
1443,2016-01-21,2016-01-22,2
1443,2016-01-26,2016-01-26,1
1443,2016-01-29,2016-02-01,3
1443,2016-02-03,2016-02-16,3
1443,2016-02-18,2016-02-18,1
1443,2016-02-22,2016-02-26,5
1443,2016-03-02,2016-03-07,4
1443,2016-03-09,2016-03-11,3
1443,2016-03-15,2016-03-15,1
1443,2016-03-17,2016-03-18,2
1443,2016-03-22,2016-03-24,3
1443,2016-03-28,2016-04-07,7
1443,2016-04-12,2016-04-12,1
1443,2016-04-14,2016-04-14,1
1443,2016-04-18,2016-04-21,4
1443,2016-04-25,2016-05-23,20
1443,2016-05-25,2016-05-25,1
1443,2016-05-27,2016-06-01,4
1443,2016-06-03,2016-06-04,2
1443,2016-06-08,2016-06-14,3
1443,2016-06-16,2016-06-27,8
1443,2016-06-29,2016-06-29,1
1443,2016-07-04,2016-07-04,1
1443,2016-07-07,2016-07-11,2
1443,2016-07-13,2016-07-13,1
1443,2016-07-18,2016-07-21,4
1443,2016-07-25,2016-07-27,3
1443,2016-08-01,2016-08-01,1
1443,2016-08-03,2016-08-04,2
1443,2016-08-08,2016-08-10,3
1443,2016-08-15,2016-08-16,2
1443,2016-08-18,2016-08-18,1
1443,2016-08-23,2016-08-23,1
1443,2016-08-29,2016-08-31,3
1443,2016-09-02,2016-09-02,1
1443,2016-09-07,2016-09-07,1
1443,2016-09-09,2016-09-10,2
1443,2016-09-14,2016-09-20,3
1443,2016-09-22,2016-09-29,4
1443,2016-10-05,2016-10-05,1
1443,2016-10-07,2016-10-11,2
1443,2016-10-13,2016-10-18,4
1443,2016-10-24,2016-10-25,2
1443,2016-10-27,2016-10-27,1
1443,2016-11-02,2016-11-02,1
1443,2016-11-07,2016-11-08,2
1443,2016-11-10,2016-11-14,3
1443,2016-11-16,2016-11-16,1
1443,2016-11-21,2016-11-23,3
1443,2016-11-29,2016-12-02,4
1443,2016-12-06,2016-12-06,1
1443,2016-12-12,2016-12-20,7
1443,2016-12-22,2016-12-27,4
1443,2016-12-29,2017-01-16,12
1443,2017-01-20,2017-01-23,2
1443,2017-02-08,2017-02-08,1
1443,2017-02-13,2017-02-13,1
1443,2017-02-18,2017-02-18,1
1443,2017-02-21,2017-02-21,1
1443,2017-02-23,2017-02-23,1
1443,2017-03-09,2017-03-10,2
1443,2017-03-15,2017-03-15,1
1443,2017-03-20,2017-03-22,3
1443,2017-03-30,2017-03-30,1
1443,2017-04-05,2017-04-05,1
1443,2017-04-21,2017-04-21,1
1443,2017-04-27,2017-04-27,1
1443,2017-05-02,2017-05-02,1
1443,2017-05-04,2017-05-04,1
1443,2017-05-09,2017-05-10,2
1443,2017-05-12,2017-05-16,3
1443,2017-05-18,2017-05-18,1
1443,2017-05-22,2017-05-22,1
1443,2017-05-24,2017-05-24,1
1443,2017-05-26,2017-05-31,2
1443,2017-06-03,2017-06-03,1
1443,2017-06-06,2017-06-07,2
1443,2017-06-09,2017-06-19,7
1443,2017-06-22,2017-06-22,1
1443,2017-06-27,2017-06-27,1
1443,2017-07-04,2017-07-04,1
1443,2017-07-06,2017-07-07,2
1443,2017-07-13,2017-07-13,1
1443,2017-07-17,2017-07-19,3
1443,2017-08-01,2017-08-02,2
1443,2017-08-07,2017-08-07,1
1443,2017-08-09,2017-08-09,1
1443,2017-08-15,2017-08-16,2
1443,2017-08-18,2017-08-21,2
1443,2017-08-23,2017-08-25,3
1443,2017-08-31,2017-09-07,6
1443,2017-09-11,2017-09-11,1
1443,2017-09-13,2017-09-15,3
1443,2017-09-19,2017-09-21,3
1443,2017-09-27,2017-09-28,2
1443,2017-09-30,2017-09-30,1
1443,2017-10-05,2017-10-06,2
1443,2017-10-12,2017-10-17,4
1443,2017-10-19,2017-10-24,4
1443,2017-10-31,2017-11-08,7
1443,2017-11-10,2017-11-14,3
1443,2017-11-16,2017-11-16,1
1443,2017-11-20,2017-11-21,2
1443,2017-11-23,2017-12-14,16
1443,2017-12-18,2017-12-18,1
1443,2017-12-20,2017-12-21,2
1443,2017-12-26,2017-12-28,3
1443,2018-01-02,2018-01-08,5
1443,2018-01-11,2018-01-11,1
1443,2018-01-15,2018-01-15,1
1443,2018-01-19,2018-01-19,1
1443,2018-01-26,2018-01-26,1
1443,2018-01-31,2018-01-31,1
1443,2018-02-02,2018-02-05,2
1443,2018-02-08,2018-02-09,2
1443,2018-02-22,2018-02-26,3
1443,2018-03-01,2018-03-01,1
1443,2018-03-05,2018-03-12,6
1443,2018-03-14,2018-03-31,14
1443,2018-04-03,2018-04-13,6
1443,2018-04-17,2018-04-23,5
1443,2018-04-25,2018-04-26,2
1443,2018-05-02,2018-05-04,3
1443,2018-05-08,2018-05-14,5
1443,2018-05-16,2018-05-22,5
1443,2018-05-24,2018-05-24,1
1443,2018-05-28,2018-05-29,2
1443,2018-05-31,2018-06-01,2
1443,2018-06-07,2018-06-07,1
1443,2018-06-13,2018-06-15,3
1443,2018-06-21,2018-06-25,3
1443,2018-06-27,2018-06-27,1
1443,2018-06-29,2018-07-02,2
1443,2018-07-05,2018-07-05,1
1443,2018-07-12,2018-07-12,1
1443,2018-07-19,2018-07-19,1
1443,2018-07-24,2018-07-24,1
1443,2018-07-30,2018-07-30,1
1443,2018-08-06,2018-08-06,1
1443,2018-08-08,2018-08-08,1
1443,2018-08-24,2018-08-27,2
1443,2018-08-31,2018-08-31,1
1443,2018-09-04,2018-09-04,1
1443,2018-09-17,2018-09-18,2
1443,2018-09-21,2018-09-26,3
1443,2018-10-01,2018-10-02,2
1443,2018-10-15,2018-10-18,4
1443,2018-10-23,2018-10-25,3
1443,2018-10-29,2018-10-29,1
1443,2018-10-31,2018-11-09,8
1443,2018-11-13,2018-11-23,9
1443,2018-11-27,2018-11-28,2
1443,2018-12-03,2018-12-03,1
1443,2018-12-05,2018-12-05,1
1443,2018-12-07,2018-12-14,6
1443,2018-12-18,2018-12-27,9
1443,2019-01-02,2019-01-03,2
1443,2019-01-07,2019-01-07,1
1443,2019-01-09,2019-01-09,1
1443,2019-01-18,2019-01-18,1
1443,2019-01-22,2019-02-19,14
1443,2019-02-25,2019-02-25,1
1443,2019-02-27,2019-02-27,1
1443,2019-03-06,2019-03-12,5
1443,2019-03-14,2019-03-19,4
1443,2019-03-22,2019-03-26,3
1443,2019-03-29,2019-03-29,1
1443,2019-04-02,2019-04-02,1
1443,2019-04-09,2019-04-09,1
1443,2019-04-11,2019-04-16,4
1443,2019-04-22,2019-04-22,1
1443,2019-04-26,2019-04-29,2
1443,2019-05-03,2019-05-07,3
1443,2019-06-10,2019-06-10,1
1443,2019-07-03,2019-07-03,1
1443,2019-09-02,2019-09-03,2
1443,2019-09-09,2019-09-09,1
1443,2019-09-11,2019-09-11,1
1443,2019-09-16,2019-09-16,1
1443,2019-09-19,2019-09-19,1
1443,2019-09-24,2019-09-26,3
1443,2019-10-01,2019-10-03,3
1443,2019-10-07,2019-10-08,2
1443,2019-10-15,2019-10-15,1
1443,2019-10-17,2019-10-21,3
1443,2019-10-24,2019-10-28,3
1443,2019-10-30,2019-11-01,3
1443,2019-11-05,2019-11-05,1
1443,2019-11-07,2019-11-18,8
1443,2019-11-22,2019-11-25,2
1443,2019-11-28,2019-11-28,1
1443,2019-12-03,2019-12-04,2
1443,2019-12-06,2019-12-09,2
1443,2019-12-13,2019-12-17,3
1443,2019-12-19,2019-12-20,2
1443,2019-12-24,2019-12-25,2
1443,2019-12-30,2019-12-31,2
1443,2020-01-09,2020-01-09,1
1443,2020-01-13,2020-01-15,3
1443,2020-01-17,2020-01-20,2
1443,2020-02-06,2020-02-06,1
1443,2020-02-11,2020-02-11,1
1443,2020-02-14,2020-02-17,2
1443,2020-02-24,2020-02-26,3
1443,2020-03-03,2020-03-05,3
1443,2020-03-11,2020-03-12,2
1443,2020-03-17,2020-03-17,1
1443,2020-03-20,2020-03-23,2
1443,2020-03-27,2020-03-30,2
1443,2020-04-01,2020-04-08,4
1443,2020-04-10,2020-04-10,1
1443,2020-04-20,2020-04-20,1
1443,2020-04-22,2020-04-22,1
1443,2020-04-24,2020-04-24,1
1443,2020-04-28,2020-04-28,1
1443,2020-05-11,2020-05-11,1
1443,2020-05-28,2020-05-28,1
1443,2020-06-04,2020-06-04,1
1443,2020-06-09,2020-06-09,1
1443,2020-06-18,2020-06-18,1
1443,2020-06-24,2020-06-24,1
1443,2020-06-30,2020-07-01,2
1443,2020-07-09,2020-07-10,2
1443,2020-07-17,2020-07-20,2
1443,2020-08-10,2020-08-10,1
1443,2020-08-13,2020-08-13,1
1443,2020-08-17,2020-08-17,1
1443,2020-08-20,2020-08-20,1
1443,2020-08-25,2020-08-26,2
1443,2020-08-28,2020-08-28,1
1443,2020-09-07,2020-09-07,1
1443,2020-09-10,2020-09-11,2
1443,2020-10-20,2020-10-21,2
1443,2020-11-10,2020-11-10,1
1443,2020-11-19,2020-11-19,1
1443,2020-11-25,2020-11-25,1
1443,2020-12-07,2020-12-07,1
1443,2020-12-11,2020-12-11,1
1443,2020-12-18,2020-12-18,1
1443,2021-01-11,2021-01-11,1
1443,2021-02-18,2021-02-18,1
1443,2021-03-05,2021-03-05,1
1443,2021-03-12,2021-03-12,1
1443,2021-03-16,2021-03-16,1
1443,2021-03-18,2021-03-18,1
1443,2021-03-25,2021-03-25,1
1443,2021-03-30,2021-04-01,3
1443,2021-04-15,2021-04-15,1
1443,2021-05-26,2021-05-26,1
1443,2021-06-07,2021-06-07,1
1443,2021-08-03,2021-08-03,1
1443,2021-08-12,2021-08-12,1
1443,2021-08-20,2021-08-20,1
1443,2021-08-25,2021-08-25,1
1443,2021-08-30,2021-08-30,1
1443,2021-09-02,2021-09-02,1
1443,2021-09-07,2021-09-07,1
1443,2021-09-23,2021-09-28,4
1443,2021-10-04,2021-10-04,1
1443,2021-10-06,2021-10-06,1
1443,2021-10-13,2021-10-13,1
1443,2021-10-22,2021-10-22,1
1443,2021-10-28,2021-10-28,1
1443,2021-11-02,2021-11-02,1
1443,2021-11-04,2021-11-04,1
1443,2021-11-09,2021-11-09,1
1443,2021-11-22,2021-11-22,1
1443,2021-11-25,2021-11-29,3
1443,2021-12-02,2021-12-06,3
1443,2021-12-10,2021-12-16,5
1443,2021-12-20,2021-12-20,1
1443,2021-12-24,2021-12-24,1
1443,2022-01-03,2022-01-05,3
1443,2022-01-13,2022-01-14,2
1443,2022-01-18,2022-01-18,1
1443,2022-02-07,2022-02-07,1
1443,2022-02-18,2022-02-18,1
1443,2022-02-24,2022-03-01,3
1443,2022-03-14,2022-03-15,2
1443,2022-03-18,2022-03-18,1
1443,2022-03-23,2022-03-23,1
1443,2022-03-31,2022-03-31,1
1443,2022-04-12,2022-04-12,1
1443,2022-04-15,2022-04-15,1
1443,2022-04-21,2022-04-21,1
1443,2022-04-26,2022-04-26,1
1443,2022-04-28,2022-04-28,1
1443,2022-07-13,2022-07-13,1
1443,2022-07-29,2022-07-29,1
1443,2022-11-02,2022-11-02,1
1443,2023-06-29,2023-06-29,1
1443,2023-07-27,2023-07-27,1
1443,2023-08-16,2023-08-16,1
1443,2023-08-21,2023-08-22,2
1443,2023-08-30,2023-08-30,1
1443,2023-09-05,2023-09-05,1
1443,2023-09-18,2023-09-18,1
1443,2023-09-22,2023-09-25,2
1443,2023-10-17,2023-10-17,1
1443,2023-10-25,2023-10-25,1
1443,2023-10-27,2023-10-31,3
1443,2023-11-14,2023-11-14,1
1443,2024-01-05,2024-01-08,2
1443,2024-01-10,2024-01-10,1
1443,2024-04-15,2024-04-16,2
1443,2024-12-02,2024-12-02,1
1443,2024-12-24,2024-12-24,1
1443,2025-01-16,2025-01-16,1
1443,2025-02-06,2025-02-07,2
1443,2025-03-06,2025-03-06,1
1443,2025-03-19,2025-03-19,1
1443,2025-03-24,2025-03-25,2
1443,2025-04-22,2025-04-23,2
1443,2025-05-08,2025-05-08,1
1443,2025-05-13,2025-05-13,1
1443,2025-05-28,2025-05-28,1
1443,2025-07-09,2025-07-09,1
1443,2025-07-22,2025-07-23,2
1443,2025-07-25,2025-07-28,2
1443,2025-08-15,2025-08-15,1
1443,2025-08-29,2025-08-29,1
1443,2025-09-11,2025-09-11,1
1443,2025-09-25,2025-09-25,1
1443,2025-09-30,2025-09-30,1
1443,2025-10-02,2025-10-02,1
1443,2025-10-09,2025-10-09,1
1443,2025-10-28,2025-10-28,1
1443,2025-11-10,2025-11-10,1
1443,2025-11-12,2025-11-14,3
1443,2025-11-18,2025-11-18,1
1443,2025-11-20,2025-11-20,1
1443,2025-12-12,2025-12-12,1
1443,2025-12-23,2025-12-26,3
1443,2025-12-30,2025-12-31,2
1443,2026-01-06,2026-01-06,1
1443,2026-01-08,2026-01-08,1
1443,2026-03-24,2026-03-24,1
1443,2026-04-07,2026-04-07,1
1444,2014-01-16,2014-01-16,1
1444,2016-06-04,2016-06-04,1
1444,2016-09-10,2016-09-10,1
1444,2017-02-18,2017-02-18,1
1444,2017-09-30,2017-09-30,1
1445,2012-05-11,2012-05-14,2
1445,2012-05-28,2012-05-28,1
1445,2012-06-01,2012-06-01,1
1445,2012-06-05,2012-06-05,1
1445,2012-06-14,2012-06-14,1
1445,2012-06-19,2012-06-19,1
1445,2012-06-25,2012-07-03,7
1445,2012-07-06,2012-07-10,3
1445,2012-07-12,2012-07-16,3
1445,2012-07-19,2012-07-24,4
1445,2012-07-26,2012-07-31,4
1445,2012-08-03,2012-08-06,2
1445,2012-08-10,2012-08-10,1
1445,2012-08-17,2012-08-17,1
1445,2012-08-21,2012-08-21,1
1445,2012-08-23,2012-08-27,3
1445,2012-08-29,2012-08-29,1
1445,2012-09-03,2012-09-03,1
1445,2012-09-12,2012-09-13,2
1445,2012-10-16,2012-10-16,1
1445,2012-10-18,2012-10-19,2
1445,2012-10-24,2012-10-24,1
1445,2012-10-29,2012-10-29,1
1445,2012-11-05,2012-11-05,1
1445,2012-11-12,2012-11-12,1
1445,2012-11-19,2012-11-20,2
1445,2012-11-22,2012-11-22,1
1445,2012-12-17,2012-12-17,1
1445,2012-12-24,2012-12-24,1
1445,2012-12-27,2013-01-02,3
1445,2013-01-09,2013-01-09,1
1445,2013-01-17,2013-01-18,2
1445,2013-01-28,2013-01-28,1
1445,2013-02-23,2013-02-23,1
1445,2013-03-08,2013-03-08,1
1445,2013-03-12,2013-03-12,1
1445,2013-03-15,2013-03-15,1
1445,2013-03-22,2013-03-25,2
1445,2013-03-27,2013-04-03,6
1445,2013-04-23,2013-04-23,1
1445,2013-05-13,2013-05-13,1
1445,2013-05-29,2013-05-29,1
1445,2013-05-31,2013-05-31,1
1445,2013-06-18,2013-06-18,1
1445,2013-06-25,2013-06-25,1
1445,2013-07-02,2013-07-02,1
1445,2013-07-04,2013-07-04,1
1445,2013-07-18,2013-07-18,1
1445,2013-07-22,2013-07-22,1
1445,2013-08-12,2013-08-12,1
1445,2013-08-19,2013-08-19,1
1445,2013-08-30,2013-08-30,1
1445,2013-09-04,2013-09-09,4
1445,2013-09-11,2013-09-11,1
1445,2013-09-13,2013-09-13,1
1445,2013-09-18,2013-09-18,1
1445,2013-09-27,2013-09-27,1
1445,2013-10-29,2013-10-30,2
1445,2013-11-08,2013-11-08,1
1445,2013-11-14,2013-11-14,1
1445,2013-11-19,2013-11-19,1
1445,2013-11-21,2013-11-25,3
1445,2013-11-27,2013-11-27,1
1445,2013-12-06,2013-12-06,1
1445,2014-01-02,2014-01-03,2
1445,2014-05-09,2014-05-09,1
1445,2014-05-15,2014-05-15,1
1445,2014-05-22,2014-05-22,1
1445,2014-05-27,2014-05-27,1
1445,2014-05-29,2014-05-29,1
1445,2014-06-25,2014-06-25,1
1445,2014-07-16,2014-07-16,1
1445,2014-08-08,2014-08-08,1
1445,2014-11-12,2014-11-12,1
1445,2014-11-28,2014-11-28,1
1445,2014-12-04,2014-12-04,1
1445,2014-12-08,2014-12-08,1
1445,2014-12-10,2014-12-10,1
1445,2014-12-27,2014-12-29,2
1445,2015-01-28,2015-01-28,1
1445,2015-02-09,2015-02-09,1
1445,2015-03-09,2015-03-09,1
1445,2015-03-12,2015-03-13,2
1445,2015-03-17,2015-03-17,1
1445,2015-04-01,2015-04-01,1
1445,2015-04-07,2015-04-07,1
1445,2015-11-30,2015-11-30,1
1445,2015-12-09,2015-12-09,1
1445,2016-01-30,2016-01-30,1
1445,2016-03-29,2016-03-30,2
1445,2016-04-07,2016-04-07,1
1445,2016-04-18,2016-04-18,1
1445,2016-04-25,2016-04-25,1
1445,2016-04-27,2016-04-27,1
1445,2016-05-18,2016-05-18,1
1445,2016-05-27,2016-06-06,8
1445,2016-06-13,2016-06-13,1
1445,2016-06-16,2016-06-16,1
1445,2016-06-27,2016-06-29,3
1445,2016-07-01,2016-07-01,1
1445,2016-07-05,2016-07-05,1
1445,2016-07-22,2016-07-22,1
1445,2016-07-26,2016-07-27,2
1445,2016-08-03,2016-08-03,1
1445,2016-08-05,2016-08-05,1
1445,2016-08-18,2016-08-18,1
1445,2016-08-26,2016-08-26,1
1445,2016-09-01,2016-09-01,1
1445,2016-09-09,2016-09-10,2
1445,2016-09-14,2016-09-14,1
1445,2016-09-29,2016-09-29,1
1445,2016-10-05,2016-10-07,3
1445,2016-10-12,2016-10-13,2
1445,2016-10-24,2016-10-25,2
1445,2016-10-28,2016-11-01,3
1445,2016-11-04,2016-11-04,1
1445,2016-11-21,2016-11-21,1
1445,2016-11-23,2016-11-25,3
1445,2016-11-29,2016-11-29,1
1445,2016-12-05,2016-12-05,1
1445,2016-12-07,2016-12-07,1
1445,2016-12-12,2016-12-13,2
1445,2016-12-19,2016-12-19,1
1445,2016-12-22,2016-12-22,1
1445,2016-12-26,2016-12-26,1
1445,2016-12-30,2017-01-09,6
1445,2017-01-11,2017-01-12,2
1445,2017-02-06,2017-02-06,1
1445,2017-02-17,2017-03-03,10
1445,2017-03-07,2017-03-10,4
1445,2017-03-14,2017-03-15,2
1445,2017-03-17,2017-03-17,1
1445,2017-03-21,2017-03-21,1
1445,2017-03-29,2017-03-29,1
1445,2017-03-31,2017-04-05,2
1445,2017-04-18,2017-05-16,20
1445,2017-05-22,2017-06-14,17
1445,2017-06-16,2017-06-19,2
1445,2017-06-22,2017-06-23,2
1445,2017-06-30,2017-07-04,3
1445,2017-07-06,2017-07-10,3
1445,2017-07-12,2017-07-12,1
1445,2017-07-14,2017-07-20,5
1445,2017-07-26,2017-08-01,5
1445,2017-08-03,2017-08-04,2
1445,2017-08-10,2017-08-15,4
1445,2017-08-22,2017-09-04,10
1445,2017-09-15,2017-09-15,1
1445,2017-09-28,2017-09-30,3
1445,2017-10-23,2017-10-23,1
1445,2017-10-26,2017-10-26,1
1445,2017-10-30,2017-10-30,1
1445,2017-11-02,2017-11-03,2
1445,2017-11-16,2017-11-16,1
1445,2017-11-21,2017-11-21,1
1445,2017-11-27,2017-11-28,2
1445,2017-12-05,2017-12-08,4
1445,2017-12-14,2017-12-15,2
1445,2017-12-21,2017-12-22,2
1445,2017-12-27,2017-12-28,2
1445,2018-01-02,2018-01-02,1
1445,2018-01-04,2018-01-04,1
1445,2018-01-10,2018-01-10,1
1445,2018-01-12,2018-01-15,2
1445,2018-01-31,2018-01-31,1
1445,2018-02-22,2018-02-22,1
1445,2018-03-01,2018-03-01,1
1445,2018-03-06,2018-03-06,1
1445,2018-03-14,2018-03-14,1
1445,2018-03-16,2018-03-16,1
1445,2018-03-20,2018-03-20,1
1445,2018-03-23,2018-03-23,1
1445,2018-03-31,2018-03-31,1
1445,2018-04-18,2018-04-18,1
1445,2018-04-27,2018-04-27,1
1445,2018-05-03,2018-05-04,2
1445,2018-05-15,2018-05-15,1
1445,2018-05-17,2018-05-21,3
1445,2018-05-23,2018-05-23,1
1445,2018-05-25,2018-05-25,1
1445,2018-05-29,2018-05-29,1
1445,2018-05-31,2018-06-05,4
1445,2018-06-08,2018-06-08,1
1445,2018-06-13,2018-06-14,2
1445,2018-06-19,2018-06-19,1
1445,2018-06-22,2018-06-22,1
1445,2018-06-26,2018-06-26,1
1445,2018-07-05,2018-07-05,1
1445,2018-07-12,2018-07-12,1
1445,2018-07-16,2018-07-16,1
1445,2018-07-19,2018-07-19,1
1445,2018-07-23,2018-07-25,3
1445,2018-07-27,2018-07-27,1
1445,2018-08-08,2018-08-08,1
1445,2018-08-23,2018-08-23,1
1445,2018-08-27,2018-08-27,1
1445,2018-08-31,2018-08-31,1
1445,2018-09-04,2018-09-05,2
1445,2018-09-17,2018-09-18,2
1445,2018-09-20,2018-09-21,2
1445,2018-09-26,2018-09-26,1
1445,2018-10-01,2018-10-01,1
1445,2018-10-03,2018-10-03,1
1445,2018-10-17,2018-10-18,2
1445,2018-10-24,2018-10-29,4
1445,2018-11-01,2018-11-01,1
1445,2018-11-05,2018-11-07,3
1445,2018-11-09,2018-11-13,3
1445,2018-11-21,2018-11-21,1
1445,2018-12-17,2018-12-18,2
1445,2018-12-20,2018-12-20,1
1445,2018-12-24,2018-12-24,1
1445,2018-12-26,2018-12-27,2
1445,2019-01-03,2019-01-04,2
1445,2019-01-18,2019-01-18,1
1445,2019-01-22,2019-01-23,2
1445,2019-01-25,2019-01-30,4
1445,2019-02-13,2019-02-19,5
1445,2019-02-22,2019-02-22,1
1445,2019-02-26,2019-03-04,3
1445,2019-03-11,2019-03-11,1
1445,2019-03-13,2019-03-13,1
1445,2019-04-22,2019-04-22,1
1445,2019-04-24,2019-04-25,2
1445,2019-04-30,2019-04-30,1
1445,2019-05-03,2019-05-03,1
1445,2019-05-22,2019-05-28,5
1445,2019-05-31,2019-05-31,1
1445,2019-06-06,2019-06-06,1
1445,2019-06-11,2019-06-12,2
1445,2019-06-14,2019-06-18,3
1445,2019-06-25,2019-06-25,1
1445,2019-06-28,2019-06-28,1
1445,2019-07-03,2019-07-04,2
1445,2019-07-09,2019-07-09,1
1445,2019-07-15,2019-07-16,2
1445,2019-07-22,2019-07-22,1
1445,2019-07-31,2019-07-31,1
1445,2019-08-08,2019-08-15,5
1445,2019-08-20,2019-08-20,1
1445,2019-08-23,2019-08-26,2
1445,2019-08-28,2019-08-28,1
1445,2019-09-02,2019-09-06,5
1445,2019-09-10,2019-09-17,5
1445,2019-09-19,2019-09-20,2
1445,2019-09-24,2019-09-26,3
1445,2019-10-01,2019-10-03,3
1445,2019-10-07,2019-10-07,1
1445,2019-10-09,2019-10-15,3
1445,2019-10-17,2019-10-18,2
1445,2019-10-22,2019-10-25,4
1445,2019-10-29,2019-11-19,16
1445,2019-11-22,2019-11-22,1
1445,2019-11-26,2019-11-27,2
1445,2019-12-02,2019-12-09,6
1445,2019-12-17,2019-12-17,1
1445,2019-12-19,2019-12-20,2
1445,2019-12-26,2019-12-26,1
1445,2019-12-30,2019-12-31,2
1445,2020-01-09,2020-01-09,1
1445,2020-01-20,2020-01-20,1
1445,2020-02-18,2020-02-18,1
1445,2020-03-04,2020-03-04,1
1445,2020-03-23,2020-03-23,1
1445,2020-03-30,2020-03-30,1
1445,2020-04-09,2020-04-09,1
1445,2020-05-29,2020-05-29,1
1445,2020-08-25,2020-08-26,2
1445,2020-09-01,2020-09-01,1
1445,2021-08-10,2021-08-10,1
1445,2021-08-24,2021-08-24,1
1445,2022-05-17,2022-05-17,1
1445,2022-06-28,2022-06-28,1
1445,2022-08-10,2022-08-10,1
1445,2022-08-16,2022-08-16,1
1445,2022-08-24,2022-08-24,1
1445,2022-09-02,2022-09-05,2
1445,2022-10-28,2022-10-28,1
1445,2022-11-02,2022-11-02,1
1445,2022-11-04,2022-11-07,2
1445,2022-11-17,2022-11-17,1
1445,2023-03-28,2023-03-28,1
1445,2025-04-07,2025-04-07,1
1445,2025-09-22,2025-09-22,1
1445,2025-12-23,2025-12-23,1
1445,2026-01-16,2026-01-16,1
1445,2026-03-27,2026-03-27,1
1446,2012-06-05,2012-06-07,3
1446,2012-06-19,2012-06-20,2
1446,2012-06-22,2012-06-28,5
1446,2012-07-02,2012-07-02,1
1446,2012-07-04,2012-07-04,1
1446,2012-07-11,2012-07-11,1
1446,2012-07-31,2012-07-31,1
1446,2012-08-03,2012-08-06,2
1446,2012-08-08,2012-08-08,1
1446,2012-08-22,2012-08-22,1
1446,2012-08-24,2012-08-24,1
1446,2012-08-28,2012-08-28,1
1446,2012-08-31,2012-08-31,1
1446,2012-11-05,2012-11-05,1
1446,2012-11-22,2012-11-22,1
1446,2012-12-18,2012-12-18,1
1446,2012-12-22,2012-12-22,1
1446,2013-01-21,2013-01-21,1
1446,2013-01-23,2013-01-23,1
1446,2013-02-05,2013-02-06,2
1446,2013-02-23,2013-02-23,1
1446,2013-03-12,2013-03-12,1
1446,2013-07-10,2013-07-10,1
1446,2013-08-28,2013-08-28,1
1446,2013-09-14,2013-09-14,1
1446,2014-03-05,2014-03-05,1
1446,2014-05-02,2014-05-02,1
1446,2014-05-06,2014-05-07,2
1446,2014-05-16,2014-05-19,2
1446,2014-05-23,2014-05-23,1
1446,2014-07-16,2014-07-16,1
1446,2014-08-13,2014-08-13,1
1446,2014-12-23,2014-12-23,1
1446,2014-12-27,2014-12-27,1
1446,2015-01-09,2015-01-09,1
1446,2015-03-03,2015-03-03,1
1446,2015-10-21,2015-10-22,2
1446,2015-10-27,2015-10-28,2
1446,2015-11-06,2015-11-06,1
1446,2015-11-20,2015-11-20,1
1446,2015-12-09,2015-12-09,1
1446,2015-12-30,2015-12-31,2
1446,2016-01-06,2016-01-06,1
1446,2016-01-27,2016-01-27,1
1446,2016-01-30,2016-02-01,2
1446,2016-02-15,2016-02-17,3
1446,2016-02-24,2016-02-24,1
1446,2016-03-04,2016-03-04,1
1446,2016-03-08,2016-03-09,2
1446,2016-03-14,2016-03-15,2
1446,2016-03-17,2016-03-18,2
1446,2016-03-22,2016-03-23,2
1446,2016-03-30,2016-03-31,2
1446,2016-04-13,2016-04-13,1
1446,2016-04-18,2016-04-18,1
1446,2016-04-20,2016-04-20,1
1446,2016-04-22,2016-04-25,2
1446,2016-05-05,2016-05-05,1
1446,2016-05-09,2016-05-09,1
1446,2016-05-12,2016-05-13,2
1446,2016-05-17,2016-05-17,1
1446,2016-05-19,2016-05-19,1
1446,2016-05-24,2016-05-24,1
1446,2016-05-26,2016-06-04,8
1446,2016-06-08,2016-06-14,3
1446,2016-06-22,2016-06-23,2
1446,2016-06-27,2016-06-27,1
1446,2016-06-30,2016-07-05,4
1446,2016-07-07,2016-07-07,1
1446,2016-07-12,2016-07-12,1
1446,2016-07-14,2016-07-14,1
1446,2016-07-19,2016-07-19,1
1446,2016-07-26,2016-07-26,1
1446,2016-07-29,2016-07-29,1
1446,2016-08-02,2016-08-03,2
1446,2016-08-05,2016-08-09,3
1446,2016-08-15,2016-08-16,2
1446,2016-08-25,2016-08-26,2
1446,2016-08-30,2016-08-30,1
1446,2016-09-01,2016-09-05,3
1446,2016-09-07,2016-09-07,1
1446,2016-09-09,2016-09-10,2
1446,2016-09-13,2016-09-20,4
1446,2016-09-22,2016-09-30,5
1446,2016-10-04,2016-10-04,1
1446,2016-10-06,2016-10-06,1
1446,2016-10-11,2016-10-11,1
1446,2016-10-14,2016-10-14,1
1446,2016-10-25,2016-10-25,1
1446,2016-11-01,2016-11-03,3
1446,2016-11-07,2016-11-10,4
1446,2016-12-15,2016-12-20,4
1446,2016-12-26,2016-12-27,2
1446,2017-01-03,2017-01-04,2
1446,2017-01-06,2017-01-16,7
1446,2017-01-19,2017-01-19,1
1446,2017-01-23,2017-01-23,1
1446,2017-02-08,2017-02-08,1
1446,2017-02-10,2017-02-10,1
1446,2017-02-14,2017-02-14,1
1446,2017-02-16,2017-02-20,4
1446,2017-02-22,2017-02-22,1
1446,2017-02-24,2017-02-24,1
1446,2017-03-02,2017-03-03,2
1446,2017-05-16,2017-05-17,2
1446,2017-06-03,2017-06-03,1
1446,2017-06-22,2017-06-23,2
1446,2017-07-10,2017-07-10,1
1446,2017-07-25,2017-07-25,1
1446,2017-07-27,2017-07-27,1
1446,2017-08-14,2017-08-14,1
1446,2017-08-21,2017-08-21,1
1446,2017-09-06,2017-09-08,3
1446,2017-09-12,2017-09-12,1
1446,2017-09-14,2017-09-14,1
1446,2017-09-26,2017-09-27,2
1446,2017-09-30,2017-10-05,4
1446,2017-10-11,2017-10-11,1
1446,2017-11-01,2017-11-01,1
1446,2017-11-14,2017-11-14,1
1446,2017-11-30,2017-12-01,2
1446,2017-12-05,2017-12-05,1
1446,2017-12-07,2017-12-13,5
1446,2017-12-18,2017-12-18,1
1446,2017-12-21,2017-12-22,2
1446,2017-12-28,2017-12-28,1
1446,2018-01-02,2018-01-05,4
1446,2018-01-09,2018-01-11,3
1446,2018-01-15,2018-01-15,1
1446,2018-01-19,2018-01-19,1
1446,2018-01-26,2018-01-26,1
1446,2018-01-31,2018-02-05,4
1446,2018-02-08,2018-02-08,1
1446,2018-02-21,2018-02-21,1
1446,2018-02-23,2018-03-01,4
1446,2018-03-06,2018-03-07,2
1446,2018-03-09,2018-03-12,2
1446,2018-03-14,2018-03-14,1
1446,2018-03-19,2018-03-20,2
1446,2018-03-23,2018-03-23,1
1446,2018-03-28,2018-03-28,1
1446,2018-04-03,2018-04-03,1
1446,2018-04-10,2018-04-13,4
1446,2018-04-18,2018-04-20,3
1446,2018-04-30,2018-04-30,1
1446,2018-05-03,2018-05-04,2
1446,2018-05-08,2018-05-08,1
1446,2018-05-10,2018-05-11,2
1446,2018-05-16,2018-05-16,1
1446,2018-05-21,2018-05-22,2
1446,2018-05-24,2018-05-28,3
1446,2018-05-30,2018-05-30,1
1446,2018-06-04,2018-06-04,1
1446,2018-06-06,2018-06-06,1
1446,2018-07-25,2018-07-25,1
1446,2018-11-23,2018-11-23,1
1446,2018-12-14,2018-12-14,1
1446,2018-12-22,2018-12-22,1
1446,2019-01-18,2019-01-25,6
1446,2019-01-30,2019-01-30,1
1446,2019-02-12,2019-02-18,5
1446,2019-02-22,2019-02-22,1
1446,2019-02-26,2019-02-27,2
1446,2019-03-22,2019-03-22,1
1446,2019-04-02,2019-04-02,1
1446,2019-04-08,2019-04-08,1
1446,2019-04-19,2019-04-19,1
1446,2023-05-29,2023-05-29,1
1446,2023-05-31,2023-05-31,1
1446,2023-06-14,2023-06-14,1
1446,2023-06-16,2023-06-16,1
1447,2016-06-04,2016-06-04,1
1447,2016-09-10,2016-09-10,1
1447,2017-06-03,2017-06-03,1
1447,2017-09-30,2017-09-30,1
1447,2018-12-22,2018-12-22,1
1449,2012-05-02,2013-07-02,291
1449,2013-07-04,2013-08-01,21
1449,2013-08-05,2013-09-12,28
1449,2013-09-14,2013-10-22,25
1449,2013-10-24,2014-01-06,52
1449,2014-01-08,2014-01-10,3
1449,2014-01-15,2014-01-17,3
1449,2014-01-22,2014-04-30,63
1449,2014-05-05,2014-05-28,18
1449,2014-05-30,2014-06-25,18
1449,2014-06-30,2015-03-17,168
1449,2015-03-19,2015-04-10,15
1449,2015-04-15,2015-04-15,1
1449,2015-04-20,2015-04-20,1
1449,2015-10-02,2015-10-05,2
1449,2015-10-13,2015-10-14,2
1449,2015-11-02,2015-11-02,1
1449,2015-11-09,2015-11-10,2
1449,2015-11-16,2015-11-16,1
1449,2015-11-23,2015-11-23,1
1449,2015-11-26,2015-11-27,2
1449,2015-12-01,2015-12-04,4
1449,2015-12-08,2015-12-09,2
1449,2015-12-14,2015-12-15,2
1449,2015-12-18,2015-12-18,1
1449,2015-12-23,2015-12-23,1
1449,2015-12-29,2015-12-29,1
1449,2016-01-06,2016-01-06,1
1449,2016-01-12,2016-01-12,1
1449,2016-01-14,2016-01-14,1
1449,2016-01-21,2016-01-28,6
1449,2016-01-30,2016-02-01,2
1449,2016-02-17,2016-02-19,3
1449,2016-02-24,2016-03-01,4
1449,2016-03-08,2016-03-14,5
1449,2016-03-23,2016-03-25,3
1449,2016-03-30,2016-04-01,3
1449,2016-04-08,2016-04-08,1
1449,2016-04-13,2016-04-13,1
1449,2016-04-18,2016-04-18,1
1449,2016-04-22,2016-04-25,2
1449,2016-05-03,2016-05-03,1
1449,2016-05-05,2016-05-05,1
1449,2016-05-09,2016-05-09,1
1449,2016-05-11,2016-05-11,1
1449,2016-05-16,2016-05-17,2
1449,2016-05-19,2016-05-24,4
1449,2016-05-27,2016-05-27,1
1449,2016-05-31,2016-05-31,1
1449,2016-06-04,2016-06-04,1
1449,2016-06-07,2016-06-07,1
1449,2016-06-13,2016-06-14,2
1449,2016-06-16,2016-06-16,1
1449,2016-06-21,2016-06-22,2
1449,2016-06-27,2016-06-29,3
1449,2016-07-01,2016-07-01,1
1449,2016-07-06,2016-07-06,1
1449,2016-07-11,2016-07-11,1
1449,2016-07-26,2016-07-27,2
1449,2016-07-29,2016-08-02,3
1449,2016-08-09,2016-08-09,1
1449,2016-08-18,2016-08-18,1
1449,2016-08-24,2016-08-24,1
1449,2016-08-29,2016-08-29,1
1449,2016-08-31,2016-08-31,1
1449,2016-09-10,2016-09-10,1
1449,2016-09-13,2016-09-19,3
1449,2016-09-22,2016-09-22,1
1449,2016-10-12,2016-10-12,1
1449,2016-10-18,2016-10-18,1
1449,2016-10-24,2016-10-25,2
1449,2016-10-27,2016-10-28,2
1449,2016-11-04,2016-11-08,3
1449,2016-11-23,2016-11-24,2
1449,2016-11-28,2016-11-28,1
1449,2016-11-30,2016-11-30,1
1449,2016-12-02,2016-12-05,2
1449,2016-12-07,2016-12-13,5
1449,2016-12-15,2016-12-20,4
1449,2016-12-27,2016-12-28,2
1449,2016-12-30,2017-01-03,2
1449,2017-01-05,2017-01-06,2
1449,2017-01-10,2017-01-13,4
1449,2017-01-17,2017-01-17,1
1449,2017-01-20,2017-01-20,1
1449,2017-02-06,2017-02-14,7
1449,2017-02-16,2017-02-22,6
1449,2017-02-24,2017-02-24,1
1449,2017-03-02,2017-03-02,1
1449,2017-03-13,2017-03-14,2
1449,2017-03-20,2017-03-20,1
1449,2017-04-17,2017-04-19,3
1449,2017-04-24,2017-04-24,1
1449,2017-04-26,2017-05-03,5
1449,2017-05-08,2017-05-08,1
1449,2017-05-10,2017-05-10,1
1449,2017-05-12,2017-05-18,5
1449,2017-05-23,2017-05-23,1
1449,2017-05-25,2017-05-25,1
1449,2017-06-02,2017-06-05,3
1449,2017-06-09,2017-06-12,2
1449,2017-06-14,2017-06-15,2
1449,2017-06-22,2017-06-23,2
1449,2017-06-27,2017-06-27,1
1449,2017-07-03,2017-07-03,1
1449,2017-07-07,2017-07-07,1
1449,2017-07-13,2017-07-13,1
1449,2017-07-19,2017-07-19,1
1449,2017-07-25,2017-07-28,4
1449,2017-08-01,2017-08-07,5
1449,2017-08-17,2017-08-21,3
1449,2017-08-23,2017-08-24,2
1449,2017-08-28,2017-08-28,1
1449,2017-08-30,2017-08-31,2
1449,2017-09-04,2017-09-04,1
1449,2017-09-06,2017-09-06,1
1449,2017-09-08,2017-09-18,7
1449,2017-09-20,2017-09-20,1
1449,2017-09-22,2017-09-22,1
1449,2017-09-26,2017-09-28,3
1449,2017-09-30,2017-10-02,2
1449,2017-10-12,2017-10-13,2
1449,2017-10-17,2017-10-17,1
1449,2017-10-20,2017-10-20,1
1449,2017-10-24,2017-10-27,4
1449,2017-11-01,2017-11-01,1
1449,2017-11-06,2017-11-07,2
1449,2017-11-09,2017-11-10,2
1449,2017-11-14,2017-11-14,1
1449,2017-11-16,2017-11-16,1
1449,2017-11-20,2017-11-21,2
1449,2017-11-27,2017-12-01,5
1449,2017-12-05,2017-12-06,2
1449,2017-12-08,2017-12-13,4
1449,2017-12-15,2017-12-19,3
1449,2017-12-21,2017-12-21,1
1449,2017-12-25,2017-12-28,4
1449,2018-01-02,2018-01-03,2
1449,2018-01-05,2018-01-05,1
1449,2018-01-09,2018-01-09,1
1449,2018-01-11,2018-01-12,2
1449,2018-01-22,2018-01-22,1
1449,2018-01-29,2018-02-01,4
1449,2018-02-08,2018-02-12,3
1449,2018-02-22,2018-02-22,1
1449,2018-02-27,2018-03-01,2
1449,2018-03-06,2018-03-12,5
1449,2018-03-14,2018-03-20,5
1449,2018-03-22,2018-03-28,5
1449,2018-03-31,2018-04-10,5
1449,2018-04-12,2018-04-19,6
1449,2018-04-23,2018-04-23,1
1449,2018-04-27,2018-04-27,1
1449,2018-05-02,2018-05-02,1
1449,2018-05-07,2018-05-22,12
1449,2018-05-24,2018-05-24,1
1449,2018-05-28,2018-06-04,6
1449,2018-06-06,2018-06-06,1
1449,2018-06-08,2018-06-08,1
1449,2018-06-12,2018-06-12,1
1449,2018-06-14,2018-06-19,3
1449,2018-06-21,2018-06-22,2
1449,2018-06-27,2018-06-27,1
1449,2018-06-29,2018-07-03,3
1449,2018-07-05,2018-07-05,1
1449,2018-07-12,2018-07-13,2
1449,2018-07-17,2018-07-17,1
1449,2018-07-19,2018-07-25,5
1449,2018-07-27,2018-07-30,2
1449,2018-08-01,2018-08-01,1
1449,2018-08-06,2018-08-06,1
1449,2018-08-08,2018-08-15,6
1449,2018-08-24,2018-08-28,3
1449,2018-08-31,2018-09-04,3
1449,2018-09-17,2018-09-18,2
1449,2018-09-25,2018-09-27,3
1449,2018-10-01,2018-10-04,4
1449,2018-10-16,2018-10-25,8
1449,2018-10-29,2018-10-29,1
1449,2018-10-31,2018-11-09,8
1449,2018-11-14,2018-11-14,1
1449,2018-11-28,2018-11-28,1
1449,2018-12-22,2018-12-22,1
1449,2019-01-21,2019-01-25,5
1449,2019-01-29,2019-02-18,8
1449,2019-02-21,2019-02-22,2
1449,2019-03-08,2019-03-08,1
1449,2019-03-12,2019-03-12,1
1449,2019-03-15,2019-03-18,2
1449,2019-03-25,2019-03-26,2
1449,2019-04-01,2019-04-01,1
1449,2019-04-09,2019-04-10,2
1449,2019-04-22,2019-04-23,2
1449,2019-04-25,2019-05-06,7
1449,2019-05-08,2019-05-13,4
1449,2019-05-15,2019-05-15,1
1449,2019-05-22,2019-05-23,2
1449,2019-05-27,2019-05-27,1
1449,2019-05-31,2019-06-05,4
1449,2019-06-10,2019-06-18,7
1449,2019-06-25,2019-06-26,2
1449,2019-06-28,2019-07-01,2
1449,2019-07-04,2019-07-09,4
1449,2019-07-11,2019-07-16,4
1449,2019-07-18,2019-07-18,1
1449,2019-07-22,2019-07-22,1
1449,2019-07-30,2019-07-30,1
1449,2019-08-02,2019-08-02,1
1449,2019-08-08,2019-08-15,5
1449,2019-08-20,2019-08-20,1
1449,2019-08-22,2019-08-23,2
1449,2019-08-27,2019-08-28,2
1449,2019-09-02,2019-09-04,3
1449,2019-09-06,2019-09-12,5
1449,2019-09-17,2019-09-17,1
1449,2019-09-19,2019-09-24,4
1449,2019-09-26,2019-09-26,1
1449,2019-10-01,2019-10-02,2
1449,2019-10-07,2019-10-07,1
1449,2019-10-18,2019-10-18,1
1449,2019-10-22,2019-10-24,3
1449,2019-10-28,2019-10-28,1
1449,2019-10-31,2019-10-31,1
1449,2019-11-06,2019-11-19,10
1449,2020-06-19,2020-06-19,1
1449,2021-05-13,2021-05-13,1
1449,2021-12-15,2021-12-15,1
1449,2022-02-10,2022-02-10,1
1449,2022-04-12,2022-04-12,1
1449,2022-04-14,2022-04-14,1
1449,2022-07-29,2022-07-29,1
1449,2022-08-08,2022-08-08,1
1449,2022-08-25,2022-08-26,2
1449,2022-08-30,2022-08-30,1
1451,2012-11-02,2012-11-02,1
1451,2014-12-27,2014-12-27,1
1451,2016-06-04,2016-06-04,1
1451,2016-09-10,2016-09-10,1
1451,2016-12-23,2016-12-23,1
1451,2017-01-17,2017-01-17,1
1451,2017-02-18,2017-02-18,1
1451,2017-06-03,2017-06-03,1
1451,2017-11-10,2017-11-10,1
1451,2018-03-31,2018-03-31,1
1451,2018-05-07,2018-05-07,1
1451,2018-12-22,2018-12-22,1
1451,2019-01-21,2019-01-21,1
1451,2019-02-14,2019-02-14,1
1452,2012-05-03,2012-05-03,1
1452,2012-05-14,2012-05-14,1
1452,2012-05-25,2012-05-28,2
1452,2012-06-05,2012-06-06,2
1452,2012-06-08,2012-06-08,1
1452,2012-06-15,2012-06-21,5
1452,2012-06-26,2012-06-26,1
1452,2012-07-04,2012-07-05,2
1452,2012-07-12,2012-07-12,1
1452,2012-07-17,2012-07-17,1
1452,2012-07-19,2012-07-19,1
1452,2012-07-24,2012-07-24,1
1452,2012-07-27,2012-08-01,4
1452,2012-08-06,2012-08-06,1
1452,2012-08-16,2012-08-16,1
1452,2012-08-20,2012-08-23,4
1452,2012-08-31,2012-08-31,1
1452,2012-09-07,2012-09-07,1
1452,2012-09-11,2012-09-11,1
1452,2012-10-15,2012-10-16,2
1452,2012-10-18,2012-10-18,1
1452,2012-11-01,2012-11-01,1
1452,2012-11-08,2012-11-08,1
1452,2012-11-19,2012-11-19,1
1452,2012-11-22,2012-11-22,1
1452,2012-12-22,2012-12-22,1
1452,2013-01-02,2013-01-02,1
1452,2013-01-17,2013-01-17,1
1452,2013-01-22,2013-01-23,2
1452,2013-01-29,2013-01-29,1
1452,2013-02-23,2013-02-23,1
1452,2013-03-12,2013-03-12,1
1452,2013-03-15,2013-03-15,1
1452,2013-03-21,2013-03-22,2
1452,2013-03-27,2013-03-27,1
1452,2013-03-29,2013-04-01,2
1452,2013-04-11,2013-04-11,1
1452,2013-04-15,2013-04-17,3
1452,2013-05-02,2013-05-02,1
1452,2013-06-26,2013-06-26,1
1452,2013-06-28,2013-06-28,1
1452,2013-07-04,2013-07-04,1
1452,2013-08-20,2013-08-20,1
1452,2013-09-14,2013-09-14,1
1452,2013-10-18,2013-10-21,2
1452,2013-10-30,2013-10-30,1
1452,2013-11-04,2013-11-04,1
1452,2013-11-06,2013-11-06,1
1452,2013-11-22,2013-11-22,1
1452,2013-12-03,2013-12-05,3
1452,2013-12-16,2013-12-18,3
1452,2013-12-23,2013-12-23,1
1452,2014-01-02,2014-01-03,2
1452,2014-01-21,2014-01-22,2
1452,2014-02-14,2014-02-18,3
1452,2014-05-08,2014-05-08,1
1452,2014-05-22,2014-05-22,1
1452,2014-12-11,2014-12-11,1
1452,2014-12-24,2014-12-25,2
1452,2014-12-27,2014-12-27,1
1452,2015-01-19,2015-01-19,1
1452,2016-01-30,2016-01-30,1
1452,2018-03-31,2018-03-31,1
1452,2018-07-20,2018-07-20,1
1452,2018-12-22,2018-12-22,1
1452,2019-01-03,2019-01-03,1
1452,2019-06-18,2019-06-18,1
1452,2019-08-08,2019-08-08,1
1452,2019-09-03,2019-09-03,1
1452,2019-09-17,2019-09-17,1
1452,2019-10-02,2019-10-02,1
1452,2019-11-06,2019-11-06,1
1452,2019-11-12,2019-11-13,2
1452,2020-07-08,2020-07-08,1
1452,2020-09-02,2020-09-02,1
1452,2020-10-20,2020-10-20,1
1452,2020-11-02,2020-11-02,1
1452,2020-11-12,2020-11-12,1
1452,2020-11-19,2020-11-19,1
1452,2020-11-24,2020-11-24,1
1452,2020-12-08,2020-12-08,1
1452,2023-02-24,2023-03-01,2
1452,2023-03-03,2023-03-03,1
1452,2023-05-05,2023-05-05,1
1452,2025-04-28,2025-04-28,1
1452,2026-01-09,2026-01-09,1
1453,2012-05-03,2012-05-04,2
1453,2012-05-10,2012-05-10,1
1453,2012-05-28,2012-05-28,1
1453,2012-06-05,2012-06-08,4
1453,2012-06-12,2012-06-12,1
1453,2012-06-14,2012-06-18,3
1453,2012-06-21,2012-06-26,4
1453,2012-06-28,2012-06-29,2
1453,2012-07-03,2012-07-04,2
1453,2012-07-09,2012-07-16,6
1453,2012-07-19,2012-07-19,1
1453,2012-07-24,2012-07-30,5
1453,2012-08-03,2012-08-06,2
1453,2012-08-09,2012-08-10,2
1453,2012-08-16,2012-08-16,1
1453,2012-08-22,2012-08-22,1
1453,2012-08-24,2012-08-28,3
1453,2012-08-31,2012-09-04,3
1453,2012-09-07,2012-09-12,4
1453,2012-09-17,2012-09-17,1
1453,2012-09-24,2012-09-25,2
1453,2012-10-08,2012-10-08,1
1453,2012-10-24,2012-10-24,1
1453,2012-11-05,2012-11-05,1
1453,2012-11-20,2012-11-20,1
1453,2012-12-07,2012-12-07,1
1453,2013-02-23,2013-02-23,1
1453,2013-03-26,2013-03-26,1
1453,2013-04-03,2013-04-03,1
1453,2013-04-12,2013-04-12,1
1453,2013-04-26,2013-05-07,7
1453,2013-05-10,2013-05-10,1
1453,2013-05-20,2013-05-22,3
1453,2013-05-27,2013-05-29,3
1453,2013-06-03,2013-06-03,1
1453,2013-06-07,2013-06-07,1
1453,2013-06-18,2013-06-18,1
1453,2013-06-20,2013-06-20,1
1453,2013-06-27,2013-06-28,2
1453,2013-07-16,2013-07-16,1
1453,2013-07-18,2013-07-18,1
1453,2013-07-22,2013-07-24,3
1453,2013-08-01,2013-08-01,1
1453,2013-08-13,2013-08-13,1
1453,2013-08-16,2013-08-16,1
1453,2013-08-26,2013-09-09,11
1453,2013-09-11,2013-09-14,4
1453,2013-09-17,2013-09-24,4
1453,2013-09-27,2013-09-27,1
1453,2013-10-01,2013-10-02,2
1453,2013-10-14,2013-10-14,1
1453,2013-10-21,2013-10-21,1
1453,2013-10-23,2013-10-25,3
1453,2013-10-29,2013-11-04,5
1453,2013-11-06,2013-11-08,3
1453,2013-11-13,2013-11-19,5
1453,2013-11-21,2013-11-25,3
1453,2013-11-27,2013-11-27,1
1453,2013-12-02,2013-12-02,1
1453,2013-12-04,2013-12-04,1
1453,2013-12-06,2013-12-06,1
1453,2013-12-12,2013-12-12,1
1453,2013-12-16,2013-12-16,1
1453,2013-12-18,2013-12-19,2
1453,2013-12-23,2013-12-23,1
1453,2013-12-31,2014-01-03,3
1453,2014-01-16,2014-01-22,5
1453,2014-01-27,2014-01-27,1
1453,2014-02-14,2014-02-18,3
1453,2014-03-03,2014-03-03,1
1453,2014-03-14,2014-03-18,3
1453,2014-03-20,2014-03-21,2
1453,2014-03-26,2014-04-03,7
1453,2014-04-08,2014-04-08,1
1453,2014-04-14,2014-04-15,2
1453,2014-04-18,2014-04-22,3
1453,2014-04-24,2014-04-24,1
1453,2014-04-28,2014-04-28,1
1453,2014-04-30,2014-04-30,1
1453,2014-05-05,2014-05-05,1
1453,2014-05-07,2014-05-08,2
1453,2014-05-12,2014-05-12,1
1453,2014-05-15,2014-05-15,1
1453,2014-05-22,2014-05-27,4
1453,2014-06-04,2014-06-05,2
1453,2014-06-12,2014-06-13,2
1453,2014-06-19,2014-06-20,2
1453,2014-07-08,2014-07-08,1
1453,2014-07-10,2014-07-10,1
1453,2014-07-14,2014-07-14,1
1453,2014-07-21,2014-07-21,1
1453,2014-07-24,2014-07-24,1
1453,2014-08-04,2014-08-04,1
1453,2014-08-07,2014-08-08,2
1453,2014-08-13,2014-08-13,1
1453,2014-08-18,2014-08-19,2
1453,2014-08-21,2014-08-21,1
1453,2014-08-28,2014-08-28,1
1453,2014-09-02,2014-09-02,1
1453,2014-09-05,2014-09-05,1
1453,2014-09-11,2014-09-16,4
1453,2014-09-18,2014-09-23,4
1453,2014-10-03,2014-10-03,1
1453,2014-11-06,2014-11-10,3
1453,2014-11-12,2014-11-12,1
1453,2014-11-14,2014-11-14,1
1453,2014-12-09,2014-12-09,1
1453,2014-12-25,2014-12-25,1
1453,2014-12-27,2014-12-27,1
1453,2014-12-30,2014-12-30,1
1453,2015-01-19,2015-01-19,1
1453,2015-01-23,2015-01-28,4
1453,2015-01-30,2015-02-02,2
1453,2015-02-04,2015-02-06,3
1453,2015-02-11,2015-02-12,2
1453,2015-02-24,2015-02-24,1
1453,2015-02-26,2015-03-04,4
1453,2015-03-06,2015-03-06,1
1453,2015-03-10,2015-03-10,1
1453,2015-03-16,2015-03-17,2
1453,2015-03-24,2015-03-25,2
1453,2015-03-31,2015-04-01,2
1453,2015-04-07,2015-04-07,1
1453,2015-04-10,2015-04-10,1
1453,2015-04-21,2015-04-21,1
1453,2015-06-25,2015-06-25,1
1453,2015-09-24,2015-09-24,1
1453,2015-11-05,2015-11-11,5
1453,2015-11-13,2015-11-13,1
1453,2015-11-24,2015-11-27,4
1453,2015-12-09,2015-12-16,6
1453,2015-12-23,2015-12-23,1
1453,2015-12-25,2015-12-25,1
1453,2015-12-29,2015-12-29,1
1453,2015-12-31,2016-01-05,3
1453,2016-01-13,2016-01-14,2
1453,2016-01-20,2016-01-22,3
1453,2016-01-26,2016-01-26,1
1453,2016-01-28,2016-01-28,1
1453,2016-01-30,2016-02-02,3
1453,2016-02-15,2016-02-16,2
1453,2016-02-18,2016-02-19,2
1453,2016-02-24,2016-02-26,3
1453,2016-03-03,2016-03-07,3
1453,2016-03-09,2016-03-09,1
1453,2016-03-14,2016-03-14,1
1453,2016-03-18,2016-03-24,5
1453,2016-03-29,2016-03-29,1
1453,2016-04-13,2016-04-13,1
1453,2016-04-20,2016-04-20,1
1453,2016-04-27,2016-04-27,1
1453,2016-05-03,2016-05-03,1
1453,2016-05-06,2016-05-06,1
1453,2016-05-11,2016-05-11,1
1453,2016-05-13,2016-05-13,1
1453,2016-05-20,2016-05-20,1
1453,2016-05-31,2016-05-31,1
1453,2016-06-03,2016-06-04,2
1453,2016-06-07,2016-06-14,4
1453,2016-06-16,2016-06-16,1
1453,2016-06-21,2016-06-23,3
1453,2016-06-28,2016-06-30,3
1453,2016-07-04,2016-07-07,4
1453,2016-07-12,2016-07-14,3
1453,2016-07-18,2016-07-19,2
1453,2016-07-22,2016-07-22,1
1453,2016-07-28,2016-08-03,5
1453,2016-08-05,2016-08-05,1
1453,2016-08-09,2016-08-10,2
1453,2016-08-15,2016-08-15,1
1453,2016-08-18,2016-08-18,1
1453,2016-08-25,2016-08-26,2
1453,2016-08-30,2016-08-31,2
1453,2016-09-08,2016-09-10,3
1453,2016-09-13,2016-09-13,1
1453,2016-09-19,2016-09-19,1
1453,2016-09-26,2016-09-26,1
1453,2016-09-30,2016-09-30,1
1453,2016-10-04,2016-10-04,1
1453,2016-10-07,2016-10-07,1
1453,2016-10-13,2016-10-17,3
1453,2016-10-24,2016-10-24,1
1453,2016-10-28,2016-10-28,1
1453,2016-11-02,2016-11-07,4
1453,2016-11-10,2016-11-11,2
1453,2016-11-16,2016-11-16,1
1453,2016-11-18,2016-11-24,5
1453,2016-12-01,2016-12-14,10
1453,2016-12-16,2016-12-20,3
1453,2016-12-22,2016-12-22,1
1453,2016-12-26,2016-12-30,5
1453,2017-01-04,2017-01-05,2
1453,2017-01-09,2017-01-16,6
1453,2017-01-20,2017-01-23,2
1453,2017-02-02,2017-02-02,1
1453,2017-02-06,2017-02-10,5
1453,2017-02-14,2017-02-14,1
1453,2017-02-16,2017-02-16,1
1453,2017-02-18,2017-02-18,1
1453,2017-02-21,2017-02-23,3
1453,2017-03-01,2017-03-02,2
1453,2017-03-07,2017-03-09,3
1453,2017-03-14,2017-03-15,2
1453,2017-03-17,2017-03-22,4
1453,2017-03-29,2017-04-06,5
1453,2017-04-12,2017-04-17,4
1453,2017-04-19,2017-04-28,8
1453,2017-05-04,2017-05-09,4
1453,2017-05-12,2017-05-18,5
1453,2017-05-22,2017-06-01,7
1453,2017-06-03,2017-06-03,1
1453,2017-06-06,2017-06-08,3
1453,2017-06-22,2017-06-23,2
1453,2017-06-28,2017-06-28,1
1453,2017-06-30,2017-06-30,1
1453,2017-07-07,2017-07-07,1
1453,2017-07-14,2017-07-14,1
1453,2017-07-18,2017-07-25,6
1453,2017-07-27,2017-07-27,1
1453,2017-08-01,2017-08-02,2
1453,2017-08-08,2017-08-09,2
1453,2017-08-17,2017-08-17,1
1453,2017-08-22,2017-08-23,2
1453,2017-08-28,2017-08-30,3
1453,2017-09-08,2017-09-08,1
1453,2017-09-12,2017-09-12,1
1453,2017-09-21,2017-09-22,2
1453,2017-09-26,2017-09-26,1
1453,2017-09-29,2017-09-30,2
1453,2017-10-05,2017-10-05,1
1453,2017-10-11,2017-10-17,5
1453,2017-10-20,2017-10-24,3
1453,2017-10-26,2017-10-26,1
1453,2017-10-30,2017-10-31,2
1453,2017-11-03,2017-11-06,2
1453,2017-11-08,2017-11-10,3
1453,2017-11-16,2017-11-16,1
1453,2017-11-27,2017-11-27,1
1453,2017-11-29,2017-12-01,3
1453,2017-12-05,2017-12-07,3
1453,2017-12-13,2017-12-13,1
1453,2017-12-21,2017-12-21,1
1453,2017-12-26,2017-12-28,3
1453,2018-01-02,2018-01-02,1
1453,2018-01-05,2018-01-05,1
1453,2018-01-29,2018-01-31,3
1453,2018-02-02,2018-02-02,1
1453,2018-02-08,2018-02-08,1
1453,2018-03-06,2018-03-06,1
1453,2018-03-08,2018-03-08,1
1453,2018-03-15,2018-03-16,2
1453,2018-03-20,2018-03-21,2
1453,2018-03-23,2018-03-23,1
1453,2018-03-27,2018-04-02,6
1453,2018-04-09,2018-04-10,2
1453,2018-04-12,2018-04-17,4
1453,2018-05-24,2018-05-24,1
1453,2018-06-15,2018-06-15,1
1453,2018-07-03,2018-07-03,1
1453,2018-07-05,2018-07-05,1
1453,2018-07-11,2018-07-11,1
1453,2018-07-24,2018-07-24,1
1453,2018-08-08,2018-08-08,1
1453,2018-08-14,2018-08-15,2
1453,2018-08-28,2018-08-28,1
1453,2018-09-04,2018-09-04,1
1453,2018-09-11,2018-09-12,2
1453,2018-09-17,2018-09-18,2
1453,2018-09-20,2018-09-26,4
1453,2018-10-01,2018-10-03,3
1453,2018-10-19,2018-10-22,2
1453,2018-10-25,2018-10-25,1
1453,2018-10-29,2018-10-29,1
1453,2018-10-31,2018-11-06,5
1453,2018-11-09,2018-11-09,1
1453,2018-11-13,2018-11-20,6
1453,2018-11-22,2018-11-23,2
1453,2018-11-27,2018-11-27,1
1453,2018-11-29,2018-11-29,1
1453,2018-12-03,2018-12-03,1
1453,2018-12-05,2018-12-05,1
1453,2018-12-12,2018-12-12,1
1453,2018-12-14,2018-12-20,5
1453,2018-12-24,2018-12-25,2
1453,2018-12-27,2018-12-27,1
1453,2019-01-02,2019-01-03,2
1453,2019-01-18,2019-02-11,10
1453,2019-02-13,2019-02-15,3
1453,2019-02-19,2019-02-19,1
1453,2019-02-26,2019-02-26,1
1453,2019-03-12,2019-03-12,1
1453,2019-03-14,2019-03-14,1
1453,2019-04-22,2019-04-23,2
1453,2019-04-25,2019-04-25,1
1453,2019-04-29,2019-05-02,3
1453,2019-05-10,2019-05-17,6
1453,2019-05-23,2019-05-27,3
1453,2019-05-29,2019-06-03,4
1453,2019-06-10,2019-06-18,7
1453,2019-06-25,2019-06-27,3
1453,2019-07-04,2019-07-05,2
1453,2019-07-09,2019-07-09,1
1453,2019-07-11,2019-07-12,2
1453,2019-07-16,2019-07-16,1
1453,2019-07-18,2019-07-18,1
1453,2019-07-26,2019-07-31,4
1453,2019-08-06,2019-08-14,6
1453,2019-08-20,2019-08-20,1
1453,2019-08-22,2019-08-23,2
1453,2019-08-27,2019-08-28,2
1453,2019-08-30,2019-09-12,10
1453,2019-09-17,2019-09-17,1
1453,2019-09-19,2019-09-19,1
1453,2019-09-24,2019-09-25,2
1453,2019-10-01,2019-10-03,3
1453,2019-10-07,2019-10-07,1
1453,2019-10-14,2019-10-15,2
1453,2019-10-17,2019-10-18,2
1453,2019-10-22,2019-10-28,5
1453,2019-10-31,2019-11-01,2
1453,2019-11-06,2019-11-19,10
1453,2019-11-22,2019-11-22,1
1453,2019-11-26,2019-11-28,3
1453,2019-12-02,2019-12-09,6
1453,2019-12-13,2019-12-13,1
1453,2019-12-17,2019-12-17,1
1453,2019-12-24,2019-12-25,2
1453,2020-01-03,2020-01-03,1
1453,2020-01-13,2020-01-13,1
1453,2020-01-15,2020-01-15,1
1453,2020-01-17,2020-01-20,2
1453,2020-02-10,2020-02-12,3
1453,2020-02-14,2020-02-17,2
1453,2020-02-20,2020-02-20,1
1453,2020-03-04,2020-03-06,3
1453,2020-03-24,2020-03-24,1
1453,2020-03-26,2020-03-26,1
1453,2020-04-06,2020-04-06,1
1453,2020-04-22,2020-04-22,1
1453,2020-05-05,2020-05-05,1
1453,2020-05-19,2020-05-19,1
1453,2020-06-04,2020-06-04,1
1453,2020-07-08,2020-07-08,1
1453,2020-08-26,2020-08-26,1
1453,2020-10-26,2020-10-26,1
1453,2021-01-05,2021-01-05,1
1453,2021-01-19,2021-01-19,1
1453,2021-02-03,2021-02-03,1
1453,2021-02-25,2021-02-25,1
1453,2021-03-12,2021-03-12,1
1453,2021-03-22,2021-03-23,2
1453,2021-07-27,2021-07-28,2
1453,2021-08-06,2021-08-06,1
1453,2021-08-10,2021-08-10,1
1453,2021-08-12,2021-08-13,2
1453,2021-09-06,2021-09-06,1
1453,2021-09-10,2021-09-13,2
1453,2021-09-16,2021-09-16,1
1453,2021-09-24,2021-09-24,1
1453,2021-09-30,2021-09-30,1
1453,2021-11-02,2021-11-02,1
1453,2021-11-04,2021-11-04,1
1453,2021-11-08,2021-11-08,1
1453,2021-11-19,2021-11-19,1
1453,2022-02-10,2022-02-10,1
1453,2022-02-21,2022-02-21,1
1453,2022-03-29,2022-03-29,1
1453,2024-04-10,2024-04-10,1
1453,2025-04-07,2025-04-07,1
1453,2026-03-26,2026-03-26,1
1454,2012-05-11,2012-05-11,1
1454,2012-05-24,2012-05-24,1
1454,2012-05-29,2012-05-29,1
1454,2012-06-06,2012-06-07,2
1454,2012-06-11,2012-06-11,1
1454,2012-06-15,2012-06-15,1
1454,2012-06-19,2012-06-26,6
1454,2012-06-28,2012-07-03,4
1454,2012-07-10,2012-07-10,1
1454,2012-07-12,2012-07-13,2
1454,2012-07-17,2012-07-19,3
1454,2012-07-24,2012-07-24,1
1454,2012-07-26,2012-07-26,1
1454,2012-07-31,2012-07-31,1
1454,2012-08-07,2012-08-07,1
1454,2012-08-17,2012-08-17,1
1454,2012-08-21,2012-08-29,7
1454,2012-08-31,2012-08-31,1
1454,2012-09-07,2012-09-10,2
1454,2012-09-13,2012-09-13,1
1454,2012-10-24,2012-10-24,1
1454,2012-10-31,2012-10-31,1
1454,2012-11-12,2012-11-12,1
1454,2012-11-20,2012-11-20,1
1454,2012-12-17,2012-12-17,1
1454,2013-01-18,2013-01-18,1
1454,2013-01-28,2013-01-28,1
1454,2013-02-01,2013-02-01,1
1454,2013-02-06,2013-02-06,1
1454,2013-02-22,2013-02-23,2
1454,2013-03-08,2013-03-08,1
1454,2013-03-12,2013-03-12,1
1454,2013-03-15,2013-03-15,1
1454,2013-03-25,2013-03-28,4
1454,2013-04-01,2013-04-02,2
1454,2013-04-08,2013-04-08,1
1454,2013-04-11,2013-04-11,1
1454,2013-04-18,2013-04-18,1
1454,2013-04-22,2013-04-26,5
1454,2013-05-02,2013-05-02,1
1454,2013-05-13,2013-05-13,1
1454,2013-05-22,2013-05-22,1
1454,2013-05-28,2013-05-28,1
1454,2013-05-31,2013-06-03,2
1454,2013-06-05,2013-06-05,1
1454,2013-06-10,2013-06-10,1
1454,2013-06-13,2013-06-13,1
1454,2013-06-19,2013-06-20,2
1454,2013-06-24,2013-06-25,2
1454,2013-06-27,2013-06-28,2
1454,2013-07-03,2013-07-04,2
1454,2013-07-09,2013-07-10,2
1454,2013-07-18,2013-07-22,3
1454,2013-07-24,2013-07-24,1
1454,2013-07-26,2013-07-26,1
1454,2013-08-01,2013-08-01,1
1454,2013-08-05,2013-08-05,1
1454,2013-08-08,2013-08-08,1
1454,2013-08-15,2013-08-15,1
1454,2013-08-28,2013-09-03,5
1454,2013-09-05,2013-09-05,1
1454,2013-09-09,2013-09-11,3
1454,2013-09-14,2013-09-14,1
1454,2013-09-23,2013-10-01,7
1454,2013-10-21,2013-10-21,1
1454,2013-10-30,2013-11-01,3
1454,2013-11-08,2013-11-08,1
1454,2013-11-14,2013-11-15,2
1454,2013-11-19,2013-11-19,1
1454,2013-11-21,2013-11-21,1
1454,2013-11-27,2013-11-27,1
1454,2013-12-03,2013-12-06,4
1454,2013-12-12,2013-12-12,1
1454,2013-12-16,2013-12-16,1
1454,2013-12-23,2013-12-23,1
1454,2014-01-02,2014-01-02,1
1454,2014-01-16,2014-01-22,5
1454,2014-01-27,2014-01-27,1
1454,2014-02-18,2014-02-18,1
1454,2014-02-20,2014-02-20,1
1454,2014-02-26,2014-02-27,2
1454,2014-03-04,2014-03-07,4
1454,2014-03-11,2014-03-11,1
1454,2014-03-13,2014-03-14,2
1454,2014-03-18,2014-03-21,4
1454,2014-04-14,2014-04-14,1
1454,2014-04-29,2014-04-29,1
1454,2014-05-02,2014-05-02,1
1454,2014-05-06,2014-05-08,3
1454,2014-05-12,2014-05-12,1
1454,2014-05-14,2014-05-14,1
1454,2014-05-16,2014-05-16,1
1454,2014-05-22,2014-05-22,1
1454,2014-05-29,2014-06-04,4
1454,2014-06-13,2014-06-13,1
1454,2014-06-20,2014-06-20,1
1454,2014-06-30,2014-06-30,1
1454,2014-07-07,2014-07-07,1
1454,2014-07-09,2014-07-09,1
1454,2014-07-16,2014-07-16,1
1454,2014-08-08,2014-08-12,3
1454,2014-08-18,2014-08-19,2
1454,2014-08-21,2014-08-21,1
1454,2014-09-02,2014-09-02,1
1454,2014-09-10,2014-09-11,2
1454,2014-09-15,2014-09-15,1
1454,2014-09-29,2014-09-29,1
1454,2014-10-29,2014-10-29,1
1454,2014-11-12,2014-11-12,1
1454,2014-11-25,2014-11-25,1
1454,2014-12-05,2014-12-08,2
1454,2014-12-12,2014-12-15,2
1454,2014-12-18,2014-12-18,1
1454,2014-12-25,2014-12-27,3
1454,2015-01-09,2015-01-09,1
1454,2015-01-19,2015-01-19,1
1454,2015-02-05,2015-02-09,3
1454,2015-02-12,2015-02-13,2
1454,2015-02-26,2015-02-26,1
1454,2015-03-04,2015-03-04,1
1454,2015-04-08,2015-04-09,2
1454,2015-10-16,2015-10-16,1
1454,2016-01-30,2016-01-30,1
1454,2016-03-14,2016-03-14,1
1454,2016-04-14,2016-04-14,1
1454,2016-05-20,2016-05-20,1
1454,2016-05-25,2016-05-25,1
1454,2016-05-30,2016-05-31,2
1454,2016-06-04,2016-06-04,1
1454,2016-06-21,2016-06-21,1
1454,2016-06-23,2016-06-23,1
1454,2016-07-11,2016-07-11,1
1454,2016-07-13,2016-07-13,1
1454,2016-07-26,2016-07-26,1
1454,2016-09-08,2016-09-08,1
1454,2016-09-12,2016-09-12,1
1454,2016-09-14,2016-09-14,1
1454,2016-09-22,2016-09-22,1
1454,2016-09-29,2016-09-29,1
1454,2016-10-06,2016-10-06,1
1454,2016-10-13,2016-10-13,1
1454,2016-10-17,2016-10-17,1
1454,2016-10-24,2016-10-25,2
1454,2016-11-01,2016-11-01,1
1454,2016-11-28,2016-11-29,2
1454,2016-12-02,2016-12-02,1
1454,2016-12-13,2016-12-13,1
1454,2016-12-23,2016-12-26,2
1454,2016-12-28,2017-01-03,4
1454,2017-01-06,2017-01-09,2
1454,2017-01-12,2017-01-16,3
1454,2017-01-23,2017-02-02,3
1454,2017-02-13,2017-02-14,2
1454,2017-02-18,2017-02-18,1
1454,2017-02-21,2017-02-22,2
1454,2017-03-01,2017-03-01,1
1454,2017-03-08,2017-03-08,1
1454,2017-03-10,2017-03-13,2
1454,2017-03-15,2017-03-15,1
1454,2017-03-21,2017-03-21,1
1454,2017-03-29,2017-03-29,1
1454,2017-04-05,2017-04-05,1
1454,2017-04-12,2017-04-17,4
1454,2017-04-20,2017-04-25,4
1454,2017-04-27,2017-05-04,5
1454,2017-05-09,2017-05-09,1
1454,2017-05-11,2017-05-12,2
1454,2017-05-17,2017-05-17,1
1454,2017-05-22,2017-05-22,1
1454,2017-05-31,2017-06-05,5
1454,2017-06-07,2017-06-07,1
1454,2017-06-13,2017-06-15,3
1454,2017-06-22,2017-06-23,2
1454,2017-07-04,2017-07-04,1
1454,2017-07-06,2017-07-10,3
1454,2017-07-13,2017-07-13,1
1454,2017-07-17,2017-07-31,11
1454,2017-08-03,2017-08-04,2
1454,2017-08-17,2017-08-21,3
1454,2017-08-24,2017-08-24,1
1454,2017-09-15,2017-09-15,1
1454,2017-09-30,2017-09-30,1
1454,2017-10-13,2017-10-16,2
1454,2017-10-26,2017-10-31,4
1454,2017-11-02,2017-11-02,1
1454,2017-11-06,2017-11-06,1
1454,2017-11-08,2017-11-09,2
1454,2017-11-14,2017-11-14,1
1454,2017-11-16,2017-11-16,1
1454,2017-11-23,2017-11-24,2
1454,2017-11-28,2017-11-30,3
1454,2017-12-11,2017-12-11,1
1454,2017-12-13,2017-12-14,2
1454,2017-12-18,2017-12-18,1
1454,2017-12-20,2017-12-21,2
1454,2017-12-25,2017-12-25,1
1454,2017-12-28,2017-12-28,1
1454,2018-01-03,2018-01-03,1
1454,2018-01-15,2018-01-15,1
1454,2018-01-19,2018-01-22,2
1454,2018-01-26,2018-01-26,1
1454,2018-01-31,2018-02-01,2
1454,2018-02-05,2018-02-05,1
1454,2018-02-08,2018-02-09,2
1454,2018-02-21,2018-02-22,2
1454,2018-02-26,2018-03-01,3
1454,2018-03-09,2018-03-09,1
1454,2018-03-14,2018-03-16,3
1454,2018-03-26,2018-03-26,1
1454,2018-03-28,2018-03-29,2
1454,2018-03-31,2018-04-09,4
1454,2018-04-11,2018-04-12,2
1454,2018-04-16,2018-04-19,4
1454,2018-04-27,2018-05-03,4
1454,2018-05-07,2018-05-07,1
1454,2018-05-09,2018-05-09,1
1454,2018-05-11,2018-05-14,2
1454,2018-05-18,2018-05-18,1
1454,2018-05-23,2018-05-24,2
1454,2018-05-28,2018-05-28,1
1454,2018-05-31,2018-05-31,1
1454,2018-06-05,2018-06-06,2
1454,2018-06-11,2018-06-14,4
1454,2018-06-19,2018-06-19,1
1454,2018-06-25,2018-06-25,1
1454,2018-06-27,2018-06-27,1
1454,2018-07-05,2018-07-05,1
1454,2018-07-12,2018-07-17,4
1454,2018-07-19,2018-07-25,5
1454,2018-07-31,2018-07-31,1
1454,2018-08-08,2018-08-09,2
1454,2018-08-14,2018-08-15,2
1454,2018-08-27,2018-08-28,2
1454,2018-09-03,2018-09-03,1
1454,2018-09-17,2018-09-17,1
1454,2018-09-25,2018-09-26,2
1454,2018-10-01,2018-10-01,1
1454,2018-10-17,2018-10-17,1
1454,2018-10-19,2018-10-22,2
1454,2018-10-24,2018-10-29,4
1454,2018-10-31,2018-11-02,3
1454,2018-11-06,2018-11-06,1
1454,2018-11-08,2018-11-08,1
1454,2018-11-13,2018-11-15,3
1454,2018-11-19,2018-11-19,1
1454,2018-11-21,2018-11-22,2
1454,2018-11-29,2018-11-29,1
1454,2018-12-05,2018-12-05,1
1454,2018-12-11,2018-12-11,1
1454,2018-12-14,2018-12-14,1
1454,2018-12-18,2018-12-18,1
1454,2018-12-21,2018-12-25,4
1454,2019-01-03,2019-01-03,1
1454,2019-01-07,2019-01-07,1
1454,2019-01-18,2019-01-18,1
1454,2019-01-22,2019-01-29,6
1454,2019-02-13,2019-02-13,1
1454,2019-02-19,2019-02-19,1
1454,2019-02-25,2019-02-25,1
1454,2019-02-27,2019-02-27,1
1454,2019-03-06,2019-03-06,1
1454,2019-03-08,2019-03-08,1
1454,2019-03-25,2019-03-25,1
1454,2019-04-23,2019-04-23,1
1454,2019-04-26,2019-04-26,1
1454,2019-04-30,2019-05-07,5
1454,2019-05-09,2019-05-09,1
1454,2019-05-13,2019-05-13,1
1454,2019-05-15,2019-05-15,1
1454,2019-05-23,2019-05-27,3
1454,2019-05-31,2019-06-03,2
1454,2019-06-12,2019-06-12,1
1454,2019-06-26,2019-06-26,1
1454,2019-06-28,2019-06-28,1
1454,2019-07-04,2019-07-05,2
1454,2019-07-12,2019-07-12,1
1454,2019-07-22,2019-07-22,1
1454,2019-07-31,2019-07-31,1
1454,2019-08-08,2019-08-08,1
1454,2019-08-14,2019-08-14,1
1454,2019-08-16,2019-08-16,1
1454,2019-08-20,2019-08-20,1
1454,2019-08-23,2019-08-28,4
1454,2019-08-30,2019-09-04,4
1454,2019-09-06,2019-09-17,7
1454,2019-09-19,2019-09-26,6
1454,2019-10-01,2019-10-03,3
1454,2019-10-07,2019-10-15,5
1454,2019-10-17,2019-10-17,1
1454,2019-10-22,2019-11-05,11
1454,2019-11-11,2019-11-19,7
1454,2019-11-22,2019-11-25,2
1454,2019-11-27,2019-11-28,2
1454,2019-12-03,2019-12-04,2
1454,2019-12-06,2019-12-06,1
1454,2019-12-10,2019-12-11,2
1454,2020-01-09,2020-01-09,1
1454,2020-02-13,2020-02-13,1
1454,2020-02-17,2020-02-17,1
1454,2020-04-07,2020-04-08,2
1454,2020-04-10,2020-04-10,1
1454,2020-05-12,2020-05-13,2
1454,2020-06-09,2020-06-09,1
1454,2020-11-06,2020-11-06,1
1454,2020-11-19,2020-11-20,2
1454,2020-12-08,2020-12-08,1
1454,2021-01-21,2021-01-21,1
1454,2021-01-27,2021-01-27,1
1454,2021-02-25,2021-02-25,1
1454,2021-03-02,2021-03-02,1
1454,2021-03-05,2021-03-05,1
1454,2021-09-07,2021-09-07,1
1454,2021-09-14,2021-09-14,1
1454,2022-03-29,2022-03-29,1
1454,2023-03-03,2023-03-03,1
1454,2023-03-22,2023-03-22,1
1454,2023-04-26,2023-04-27,2
1454,2023-06-29,2023-06-29,1
1454,2023-09-14,2023-09-14,1
1454,2023-09-28,2023-09-28,1
1454,2023-11-03,2023-11-03,1
1454,2023-12-05,2023-12-05,1
1454,2024-01-08,2024-01-08,1
1454,2024-03-19,2024-03-19,1
1454,2024-04-11,2024-04-11,1
1454,2025-04-23,2025-04-23,1
1454,2025-06-05,2025-06-06,2
1454,2025-07-10,2025-07-11,2
1454,2025-08-04,2025-08-04,1
1454,2025-09-08,2025-09-08,1
1454,2025-10-09,2025-10-09,1
1454,2025-12-04,2025-12-04,1
1454,2025-12-10,2025-12-11,2
1454,2025-12-19,2025-12-19,1
1455,2013-09-14,2013-09-14,1
1455,2016-06-04,2016-06-04,1
1455,2018-03-31,2018-03-31,1
1455,2018-12-22,2018-12-22,1
1456,2012-05-02,2012-09-18,99
1456,2012-09-20,2013-05-02,149
1456,2013-05-06,2013-07-02,41
1456,2013-07-04,2013-08-29,40
1456,2013-09-03,2013-09-03,1
1456,2013-09-10,2014-02-05,90
1456,2014-02-07,2015-03-17,272
1456,2015-03-19,2016-05-23,280
1456,2016-05-25,2016-06-01,6
1456,2016-06-03,2016-06-07,4
1456,2016-06-13,2016-06-14,2
1456,2016-06-16,2016-06-21,4
1456,2016-06-23,2016-06-24,2
1456,2016-06-28,2016-07-14,12
1456,2016-07-18,2016-07-25,6
1456,2016-07-27,2016-07-28,2
1456,2016-08-01,2016-08-10,8
1456,2016-08-16,2016-08-16,1
1456,2016-08-18,2016-08-18,1
1456,2016-08-24,2016-09-05,9
1456,2016-09-07,2016-09-07,1
1456,2016-09-09,2016-09-10,2
1456,2016-09-13,2016-09-20,4
1456,2016-09-22,2016-10-04,7
1456,2016-10-06,2016-10-19,9
1456,2016-10-24,2016-11-14,16
1456,2016-11-16,2016-12-07,16
1456,2016-12-12,2016-12-15,4
1456,2016-12-19,2017-01-06,14
1456,2017-01-10,2017-01-12,3
1456,2017-01-19,2017-02-07,8
1456,2017-03-02,2017-03-03,2
1456,2017-03-07,2017-03-09,3
1456,2017-03-20,2017-03-21,2
1456,2017-03-31,2017-03-31,1
1456,2017-04-13,2017-04-14,2
1456,2017-04-24,2017-04-25,2
1456,2017-04-28,2017-04-28,1
1456,2017-05-03,2017-05-05,3
1456,2017-05-09,2017-05-09,1
1456,2017-05-16,2017-05-17,2
1456,2017-05-19,2017-05-23,3
1456,2017-05-25,2017-05-25,1
1456,2017-05-31,2017-06-01,2
1456,2017-06-03,2017-06-06,3
1456,2017-06-08,2017-06-08,1
1456,2017-06-13,2017-06-13,1
1456,2017-06-28,2017-06-28,1
1456,2017-07-03,2017-07-10,6
1456,2017-07-20,2017-07-21,2
1456,2017-07-27,2017-07-27,1
1456,2017-08-02,2017-08-02,1
1456,2017-08-07,2017-08-08,2
1456,2017-08-10,2017-08-14,3
1456,2017-08-17,2017-08-17,1
1456,2017-08-21,2017-08-24,4
1456,2017-08-28,2017-09-22,20
1456,2017-09-26,2017-09-26,1
1456,2017-09-28,2017-10-02,4
1456,2017-10-05,2017-10-05,1
1456,2017-10-12,2017-10-17,4
1456,2017-10-23,2017-10-25,3
1456,2017-10-27,2017-11-08,9
1456,2017-11-13,2017-11-14,2
1456,2017-11-16,2017-11-21,4
1456,2017-11-24,2017-11-29,4
1456,2017-12-01,2017-12-01,1
1456,2017-12-06,2017-12-08,3
1456,2017-12-12,2017-12-28,13
1456,2018-01-04,2018-01-08,3
1456,2018-01-19,2018-01-22,2
1456,2018-01-26,2018-01-29,2
1456,2018-01-31,2018-02-05,4
1456,2018-02-08,2018-02-09,2
1456,2018-02-21,2018-02-22,2
1456,2018-02-26,2018-03-01,3
1456,2018-03-05,2018-03-12,6
1456,2018-03-14,2018-06-19,66
1456,2018-06-21,2018-06-21,1
1456,2018-06-25,2018-06-25,1
1456,2018-06-27,2018-06-27,1
1456,2018-06-29,2018-06-29,1
1456,2018-07-03,2018-07-03,1
1456,2018-07-05,2018-07-05,1
1456,2018-07-10,2018-07-16,5
1456,2018-07-19,2018-07-25,5
1456,2018-07-27,2018-08-09,10
1456,2018-08-13,2018-08-16,4
1456,2018-08-23,2018-08-29,5
1456,2018-08-31,2018-08-31,1
1456,2018-09-04,2018-09-04,1
1456,2018-09-06,2018-09-07,2
1456,2018-09-11,2018-09-11,1
1456,2018-09-17,2018-09-18,2
1456,2018-09-20,2018-09-27,5
1456,2018-10-01,2018-10-03,3
1456,2018-10-05,2018-10-08,2
1456,2018-10-11,2018-10-11,1
1456,2018-10-15,2018-10-29,11
1456,2018-10-31,2018-11-23,18
1456,2018-11-27,2018-12-03,5
1456,2018-12-05,2018-12-05,1
1456,2018-12-07,2019-01-07,20
1456,2019-01-09,2019-01-09,1
1456,2019-01-18,2019-02-19,16
1456,2019-02-25,2019-02-27,3
1456,2019-03-05,2019-03-06,2
1456,2019-03-08,2019-03-08,1
1456,2019-03-13,2019-03-14,2
1456,2019-03-18,2019-03-18,1
1456,2019-03-22,2019-03-22,1
1456,2019-03-28,2019-03-28,1
1456,2019-04-03,2019-04-03,1
1456,2019-04-22,2019-04-22,1
1456,2019-04-25,2019-04-25,1
1456,2019-04-29,2019-04-30,2
1456,2019-05-15,2019-05-16,2
1456,2019-05-23,2019-05-23,1
1456,2019-06-06,2019-06-06,1
1456,2019-06-13,2019-06-13,1
1456,2019-06-25,2019-06-25,1
1456,2019-06-28,2019-06-28,1
1456,2019-07-16,2019-07-16,1
1456,2019-07-18,2019-07-18,1
1456,2019-07-30,2019-07-30,1
1456,2019-08-02,2019-08-02,1
1456,2019-08-07,2019-08-07,1
1456,2019-08-12,2019-08-12,1
1456,2019-08-14,2019-08-14,1
1456,2019-08-22,2019-08-22,1
1456,2019-08-26,2019-08-27,2
1456,2019-09-02,2019-09-02,1
1456,2019-09-04,2019-09-05,2
1456,2019-09-09,2019-09-17,6
1456,2019-09-19,2019-09-25,5
1456,2019-10-01,2019-10-03,3
1456,2019-10-07,2019-10-15,5
1456,2019-10-17,2019-10-17,1
1456,2019-10-22,2019-10-31,8
1456,2019-11-04,2019-11-04,1
1456,2019-11-06,2019-11-06,1
1456,2019-11-25,2019-11-25,1
1456,2019-11-27,2019-11-27,1
1456,2019-12-16,2019-12-16,1
1456,2019-12-30,2019-12-31,2
1456,2020-01-09,2020-01-09,1
1456,2020-01-13,2020-01-13,1
1456,2020-01-15,2020-01-15,1
1456,2020-01-20,2020-01-20,1
1456,2020-01-31,2020-01-31,1
1456,2020-02-04,2020-02-04,1
1456,2020-02-10,2020-02-12,3
1456,2020-02-17,2020-02-19,3
1456,2020-02-24,2020-02-24,1
1456,2020-02-27,2020-02-27,1
1456,2020-03-12,2020-03-16,3
1456,2020-03-20,2020-03-24,3
1456,2020-03-30,2020-03-30,1
1456,2020-04-06,2020-04-06,1
1456,2020-04-08,2020-04-13,4
1456,2020-04-16,2020-04-16,1
1456,2020-04-24,2020-04-24,1
1456,2020-05-13,2020-05-13,1
1456,2020-05-18,2020-05-18,1
1456,2020-05-21,2020-05-21,1
1456,2020-06-02,2020-06-02,1
1456,2020-06-09,2020-06-09,1
1456,2020-08-05,2020-08-05,1
1456,2020-08-25,2020-08-25,1
1456,2020-08-27,2020-08-27,1
1456,2020-09-04,2020-09-04,1
1456,2020-09-30,2020-09-30,1
1456,2020-11-24,2020-11-30,5
1456,2022-05-30,2022-05-30,1
1456,2022-06-01,2022-06-01,1
1456,2022-07-29,2022-07-29,1
1456,2022-08-12,2022-08-12,1
1456,2022-10-17,2022-10-17,1
1456,2022-11-07,2022-11-07,1
1456,2022-11-21,2022-11-21,1
1456,2022-11-23,2022-11-23,1
1456,2022-12-29,2022-12-29,1
1456,2023-01-12,2023-01-12,1
1456,2023-01-17,2023-01-17,1
1456,2023-02-01,2023-02-01,1
1456,2023-02-06,2023-02-06,1
1456,2023-03-03,2023-03-03,1
1456,2023-03-20,2023-03-20,1
1456,2023-03-24,2023-03-24,1
1456,2023-03-31,2023-03-31,1
1456,2023-04-07,2023-04-07,1
1456,2023-04-28,2023-04-28,1
1456,2023-08-21,2023-08-21,1
1456,2023-08-30,2023-08-30,1
1456,2023-09-01,2023-09-01,1
1456,2023-09-11,2023-09-11,1
1456,2023-09-28,2023-09-28,1
1456,2024-01-26,2024-01-26,1
1456,2024-03-04,2024-03-04,1
1456,2025-01-21,2025-01-22,2
1456,2025-04-07,2025-04-07,1
1456,2025-08-04,2025-08-04,1
1457,2012-05-14,2012-05-14,1
1457,2013-07-03,2013-07-04,2
1457,2013-08-05,2013-08-05,1
1457,2013-08-19,2013-08-19,1
1457,2013-09-14,2013-09-14,1
1457,2014-02-18,2014-02-18,1
1457,2014-12-27,2014-12-27,1
1457,2016-01-30,2016-01-30,1
1457,2016-06-04,2016-06-04,1
1457,2017-06-03,2017-06-03,1
1457,2017-09-30,2017-09-30,1
1457,2017-12-21,2017-12-21,1
1457,2018-12-22,2018-12-22,1
1457,2019-10-31,2019-10-31,1
