date,stock_id,buy,name,sell
2024-07-01,2615,12359782,Foreign_Investor,10766230
2024-07-01,2615,0,Foreign_Dealer_Self,0
2024-07-01,2615,6078,Investment_Trust,269000
2024-07-01,2615,506110,Dealer_self,1105914
2024-07-01,2615,160281,Dealer_Hedging,379547
2024-07-02,2615,9671439,Foreign_Investor,9786305
2024-07-02,2615,0,Foreign_Dealer_Self,0
2024-07-02,2615,8310,Investment_Trust,560000
2024-07-02,2615,630311,Dealer_self,644702
2024-07-02,2615,147222,Dealer_Hedging,185874
2024-07-03,2615,8974000,Foreign_Investor,8410000
2024-07-03,2615,0,Foreign_Dealer_Self,0
2024-07-03,2615,45000,Investment_Trust,228000
2024-07-03,2615,382783,Dealer_self,281089
2024-07-03,2615,401916,Dealer_Hedging,167200
2024-07-04,2615,6201000,Foreign_Investor,7118009
2024-07-04,2615,0,Foreign_Dealer_Self,0
2024-07-04,2615,0,Investment_Trust,0
2024-07-04,2615,290162,Dealer_self,1294250
2024-07-04,2615,217424,Dealer_Hedging,460126
2024-07-05,2615,4106263,Foreign_Investor,7824220
2024-07-05,2615,0,Foreign_Dealer_Self,0
2024-07-05,2615,5000,Investment_Trust,140000
2024-07-05,2615,596000,Dealer_self,746666
2024-07-05,2615,232000,Dealer_Hedging,705799
2024-07-08,2615,26333193,Foreign_Investor,15841000
2024-07-08,2615,0,Foreign_Dealer_Self,0
2024-07-08,2615,2000,Investment_Trust,24520
2024-07-08,2615,528000,Dealer_self,1175323
2024-07-08,2615,231870,Dealer_Hedging,695876
2024-07-09,2615,10491000,Foreign_Investor,13763000
2024-07-09,2615,0,Foreign_Dealer_Self,0
2024-07-09,2615,1000,Investment_Trust,400000
2024-07-09,2615,570000,Dealer_self,587739
2024-07-09,2615,132124,Dealer_Hedging,277274
2024-07-10,2615,5988000,Foreign_Investor,10068823
2024-07-10,2615,0,Foreign_Dealer_Self,0
2024-07-10,2615,1000,Investment_Trust,0
2024-07-10,2615,475000,Dealer_self,437336
2024-07-10,2615,242070,Dealer_Hedging,177402
2024-07-11,2615,5549000,Foreign_Investor,4855000
2024-07-11,2615,0,Foreign_Dealer_Self,0
2024-07-11,2615,2000,Investment_Trust,0
2024-07-11,2615,61000,Dealer_self,351000
2024-07-11,2615,100448,Dealer_Hedging,227080
2024-07-12,2615,10739260,Foreign_Investor,10367000
2024-07-12,2615,0,Foreign_Dealer_Self,0
2024-07-12,2615,0,Investment_Trust,350000
2024-07-12,2615,516000,Dealer_self,645171
2024-07-12,2615,128000,Dealer_Hedging,248539
2024-07-15,2615,13005000,Foreign_Investor,8063000
2024-07-15,2615,0,Foreign_Dealer_Self,0
2024-07-15,2615,1000,Investment_Trust,298050
2024-07-15,2615,339000,Dealer_self,355286
2024-07-15,2615,438335,Dealer_Hedging,162704
2024-07-16,2615,5884054,Foreign_Investor,10249730
2024-07-16,2615,0,Foreign_Dealer_Self,0
2024-07-16,2615,2000,Investment_Trust,1497000
2024-07-16,2615,92000,Dealer_self,278400
2024-07-16,2615,197000,Dealer_Hedging,297911
2024-07-17,2615,7685100,Foreign_Investor,5656364
2024-07-17,2615,0,Foreign_Dealer_Self,0
2024-07-17,2615,0,Investment_Trust,0
2024-07-17,2615,228000,Dealer_self,383665
2024-07-17,2615,251151,Dealer_Hedging,406928
2024-07-18,2615,5410037,Foreign_Investor,4500000
2024-07-18,2615,0,Foreign_Dealer_Self,0
2024-07-18,2615,7000,Investment_Trust,0
2024-07-18,2615,255000,Dealer_self,26000
2024-07-18,2615,97578,Dealer_Hedging,64000
2024-07-19,2615,9357062,Foreign_Investor,6824000
2024-07-19,2615,0,Foreign_Dealer_Self,0
2024-07-19,2615,0,Investment_Trust,0
2024-07-19,2615,297000,Dealer_self,252000
2024-07-19,2615,28925,Dealer_Hedging,205049
2024-07-22,2615,13665000,Foreign_Investor,7583900
2024-07-22,2615,0,Foreign_Dealer_Self,0
2024-07-22,2615,7244,Investment_Trust,0
2024-07-22,2615,881447,Dealer_self,589341
2024-07-22,2615,233050,Dealer_Hedging,184947
2024-07-23,2615,5583490,Foreign_Investor,6196300
2024-07-23,2615,0,Foreign_Dealer_Self,0
2024-07-23,2615,0,Investment_Trust,77000
2024-07-23,2615,424000,Dealer_self,691000
2024-07-23,2615,656832,Dealer_Hedging,182658
2024-07-26,2615,6436809,Foreign_Investor,5066100
2024-07-26,2615,0,Foreign_Dealer_Self,0
2024-07-26,2615,0,Investment_Trust,2000
2024-07-26,2615,76000,Dealer_self,576000
2024-07-26,2615,165446,Dealer_Hedging,426295
2024-07-29,2615,3108447,Foreign_Investor,3775384
2024-07-29,2615,0,Foreign_Dealer_Self,0
2024-07-29,2615,7000,Investment_Trust,0
2024-07-29,2615,84000,Dealer_self,143000
2024-07-29,2615,146992,Dealer_Hedging,159688
2024-07-30,2615,7302000,Foreign_Investor,7024300
2024-07-30,2615,0,Foreign_Dealer_Self,0
2024-07-30,2615,6000,Investment_Trust,0
2024-07-30,2615,1085000,Dealer_self,49000
2024-07-30,2615,473592,Dealer_Hedging,144000
2024-07-31,2615,0,Foreign_Dealer_Self,0
2024-07-31,2615,7000,Investment_Trust,0
2024-07-31,2615,166000,Dealer_self,335000
2024-07-31,2615,242267,Dealer_Hedging,205354
2024-07-31,2615,5789324,Foreign_Investor,3641000
2024-08-01,2615,8085542,Foreign_Investor,4569238
2024-08-01,2615,0,Foreign_Dealer_Self,0
2024-08-01,2615,238350,Dealer_self,231000
2024-08-01,2615,623078,Dealer_Hedging,261000
2024-08-01,2615,1000,Investment_Trust,0
2024-08-02,2615,12961163,Foreign_Investor,9345770
2024-08-02,2615,0,Foreign_Dealer_Self,0
2024-08-02,2615,2003000,Investment_Trust,0
2024-08-02,2615,556330,Dealer_self,1381161
2024-08-02,2615,569670,Dealer_Hedging,556649
2024-08-05,2615,13134502,Foreign_Investor,11730490
2024-08-05,2615,0,Foreign_Dealer_Self,0
2024-08-05,2615,5000,Investment_Trust,0
2024-08-05,2615,748196,Dealer_self,1209598
2024-08-05,2615,160263,Dealer_Hedging,682720
2024-08-06,2615,12104040,Foreign_Investor,14585878
2024-08-06,2615,0,Foreign_Dealer_Self,0
2024-08-06,2615,1476414,Investment_Trust,0
2024-08-06,2615,1387831,Dealer_self,1050000
2024-08-06,2615,629611,Dealer_Hedging,231339
2024-08-07,2615,11414953,Foreign_Investor,13876200
2024-08-07,2615,0,Foreign_Dealer_Self,0
2024-08-07,2615,16049,Investment_Trust,1000
2024-08-07,2615,1736712,Dealer_self,784994
2024-08-07,2615,853888,Dealer_Hedging,119795
2024-08-08,2615,7228002,Foreign_Investor,18142030
2024-08-08,2615,0,Foreign_Dealer_Self,0
2024-08-08,2615,3025,Investment_Trust,0
2024-08-08,2615,949000,Dealer_self,942738
2024-08-08,2615,407426,Dealer_Hedging,537793
2024-08-09,2615,20477555,Foreign_Investor,17230551
2024-08-09,2615,0,Foreign_Dealer_Self,0
2024-08-09,2615,3025,Investment_Trust,0
2024-08-09,2615,1235985,Dealer_self,2728307
2024-08-09,2615,344051,Dealer_Hedging,759696
2024-08-12,2615,15039195,Foreign_Investor,7869088
2024-08-12,2615,0,Foreign_Dealer_Self,0
2024-08-12,2615,85173,Investment_Trust,0
2024-08-12,2615,735197,Dealer_self,338061
2024-08-12,2615,777311,Dealer_Hedging,550269
2024-08-13,2615,6807505,Foreign_Investor,20513000
2024-08-13,2615,0,Foreign_Dealer_Self,0
2024-08-13,2615,62495,Investment_Trust,3451000
2024-08-13,2615,443000,Dealer_self,632117
2024-08-13,2615,222000,Dealer_Hedging,683153
2024-08-14,2615,8146121,Foreign_Investor,8922062
2024-08-14,2615,0,Foreign_Dealer_Self,0
2024-08-14,2615,0,Investment_Trust,0
2024-08-14,2615,141000,Dealer_self,943997
2024-08-14,2615,113000,Dealer_Hedging,420375
2024-08-15,2615,14241000,Foreign_Investor,4149000
2024-08-15,2615,0,Foreign_Dealer_Self,0
2024-08-15,2615,4025,Investment_Trust,0
2024-08-15,2615,1288161,Dealer_self,207000
2024-08-15,2615,436902,Dealer_Hedging,110999
2024-08-16,2615,7565532,Foreign_Investor,4164050
2024-08-16,2615,0,Foreign_Dealer_Self,0
2024-08-16,2615,30247,Investment_Trust,5000
2024-08-16,2615,682000,Dealer_self,680000
2024-08-16,2615,292850,Dealer_Hedging,518999
2024-08-19,2615,3282000,Foreign_Investor,5552002
2024-08-19,2615,0,Foreign_Dealer_Self,0
2024-08-19,2615,27409,Investment_Trust,7000
2024-08-19,2615,35229,Dealer_self,362000
2024-08-19,2615,47018,Dealer_Hedging,221000
2024-08-20,2615,3855000,Foreign_Investor,4430950
2024-08-20,2615,0,Foreign_Dealer_Self,0
2024-08-20,2615,76136,Investment_Trust,4000
2024-08-20,2615,54000,Dealer_self,385417
2024-08-20,2615,49000,Dealer_Hedging,83004
2024-08-21,2615,7288005,Foreign_Investor,4341304
2024-08-21,2615,0,Foreign_Dealer_Self,0
2024-08-21,2615,35500,Investment_Trust,0
2024-08-21,2615,128415,Dealer_self,177003
2024-08-21,2615,148243,Dealer_Hedging,54012
2024-08-22,2615,3430000,Foreign_Investor,2846000
2024-08-22,2615,0,Foreign_Dealer_Self,0
2024-08-22,2615,85272,Investment_Trust,0
2024-08-22,2615,293000,Dealer_self,286000
2024-08-22,2615,27000,Dealer_Hedging,188809
2024-08-23,2615,3896000,Foreign_Investor,4376000
2024-08-23,2615,0,Foreign_Dealer_Self,0
2024-08-23,2615,0,Investment_Trust,0
2024-08-23,2615,289000,Dealer_self,295000
2024-08-23,2615,128469,Dealer_Hedging,73835
2024-08-26,2615,7559540,Foreign_Investor,5742910
2024-08-26,2615,0,Foreign_Dealer_Self,0
2024-08-26,2615,65000,Investment_Trust,0
2024-08-26,2615,408126,Dealer_self,325000
2024-08-26,2615,710435,Dealer_Hedging,285223
2024-08-27,2615,2815100,Foreign_Investor,9838883
2024-08-27,2615,0,Foreign_Dealer_Self,0
2024-08-27,2615,0,Investment_Trust,0
2024-08-27,2615,498000,Dealer_self,749000
2024-08-27,2615,106149,Dealer_Hedging,697556
2024-08-28,2615,2603000,Foreign_Investor,1887500
2024-08-28,2615,0,Foreign_Dealer_Self,0
2024-08-28,2615,0,Investment_Trust,0
2024-08-28,2615,468634,Dealer_self,178634
2024-08-28,2615,90858,Dealer_Hedging,140061
2024-08-29,2615,4324000,Foreign_Investor,2422480
2024-08-29,2615,0,Foreign_Dealer_Self,0
2024-08-29,2615,0,Investment_Trust,0
2024-08-29,2615,321000,Dealer_self,179000
2024-08-29,2615,153638,Dealer_Hedging,29480
2024-08-30,2615,22192037,Foreign_Investor,4915078
2024-08-30,2615,0,Foreign_Dealer_Self,0
2024-08-30,2615,2000,Investment_Trust,0
2024-08-30,2615,690453,Dealer_self,520000
2024-08-30,2615,568139,Dealer_Hedging,200000
2024-09-02,2615,2265056,Foreign_Investor,11048300
2024-09-02,2615,0,Foreign_Dealer_Self,0
2024-09-02,2615,0,Investment_Trust,0
2024-09-02,2615,295000,Dealer_self,554000
2024-09-02,2615,189381,Dealer_Hedging,506364
2024-09-03,2615,2329000,Foreign_Investor,2174257
2024-09-03,2615,0,Foreign_Dealer_Self,0
2024-09-03,2615,0,Investment_Trust,0
2024-09-03,2615,390000,Dealer_self,141008
2024-09-03,2615,23000,Dealer_Hedging,198320
2024-09-04,2615,7898424,Foreign_Investor,7476438
2024-09-04,2615,0,Foreign_Dealer_Self,0
2024-09-04,2615,6091,Investment_Trust,0
2024-09-04,2615,389052,Dealer_self,628913
2024-09-04,2615,183682,Dealer_Hedging,180541
2024-09-05,2615,6370000,Foreign_Investor,3382000
2024-09-05,2615,0,Foreign_Dealer_Self,0
2024-09-05,2615,39000,Investment_Trust,546614
2024-09-05,2615,144000,Dealer_self,773997
2024-09-05,2615,80788,Dealer_Hedging,239609
2024-09-06,2615,0,Foreign_Dealer_Self,0
2024-09-06,2615,20930,Investment_Trust,0
2024-09-06,2615,179872,Dealer_self,167224
2024-09-06,2615,23000,Dealer_Hedging,136259
2024-09-06,2615,2370545,Foreign_Investor,2473000
2024-09-09,2615,1454572,Foreign_Investor,9454936
2024-09-09,2615,0,Foreign_Dealer_Self,0
2024-09-09,2615,3953,Investment_Trust,0
2024-09-09,2615,417000,Dealer_self,204163
2024-09-09,2615,97000,Dealer_Hedging,240194
2024-09-10,2615,3706000,Foreign_Investor,2457020
2024-09-10,2615,0,Foreign_Dealer_Self,0
2024-09-10,2615,1973,Investment_Trust,0
2024-09-10,2615,168000,Dealer_self,299000
2024-09-10,2615,70000,Dealer_Hedging,181334
2024-09-11,2615,8347770,Foreign_Investor,4459716
2024-09-11,2615,0,Foreign_Dealer_Self,0
2024-09-11,2615,17755,Investment_Trust,0
2024-09-11,2615,557000,Dealer_self,342000
2024-09-11,2615,219850,Dealer_Hedging,115369
2024-09-12,2615,7754000,Foreign_Investor,5503201
2024-09-12,2615,0,Foreign_Dealer_Self,0
2024-09-12,2615,0,Investment_Trust,0
2024-09-12,2615,259000,Dealer_self,406000
2024-09-12,2615,259399,Dealer_Hedging,187000
2024-09-13,2615,8132666,Foreign_Investor,3526000
2024-09-13,2615,0,Foreign_Dealer_Self,0
2024-09-13,2615,119000,Investment_Trust,0
2024-09-13,2615,76000,Dealer_self,166000
2024-09-13,2615,239916,Dealer_Hedging,141000
2024-09-16,2615,2562047,Foreign_Investor,3301934
2024-09-16,2615,0,Foreign_Dealer_Self,0
2024-09-16,2615,0,Investment_Trust,0
2024-09-16,2615,52000,Dealer_self,92998
2024-09-16,2615,27514,Dealer_Hedging,238363
2024-09-18,2615,11582540,Foreign_Investor,1911248
2024-09-18,2615,0,Foreign_Dealer_Self,0
2024-09-18,2615,442000,Investment_Trust,0
2024-09-18,2615,84022,Dealer_self,43000
2024-09-18,2615,343994,Dealer_Hedging,282000
2024-09-19,2615,5050010,Foreign_Investor,3420000
2024-09-19,2615,0,Foreign_Dealer_Self,0
2024-09-19,2615,0,Investment_Trust,0
2024-09-19,2615,366852,Dealer_self,55000
2024-09-19,2615,153905,Dealer_Hedging,244499
2024-09-20,2615,6570140,Foreign_Investor,4715513
2024-09-20,2615,0,Foreign_Dealer_Self,0
2024-09-20,2615,165382,Investment_Trust,1000
2024-09-20,2615,220000,Dealer_self,292000
2024-09-20,2615,231146,Dealer_Hedging,216000
2024-09-23,2615,11472000,Foreign_Investor,5836050
2024-09-23,2615,0,Foreign_Dealer_Self,0
2024-09-23,2615,5000,Investment_Trust,0
2024-09-23,2615,648245,Dealer_self,191000
2024-09-23,2615,373913,Dealer_Hedging,155376
2024-09-24,2615,30491009,Foreign_Investor,11593447
2024-09-24,2615,0,Foreign_Dealer_Self,0
2024-09-24,2615,1306000,Investment_Trust,1009
2024-09-24,2615,1540988,Dealer_self,860000
2024-09-24,2615,2314609,Dealer_Hedging,796790
2024-09-25,2615,48259950,Foreign_Investor,24463294
2024-09-25,2615,0,Foreign_Dealer_Self,0
2024-09-25,2615,889000,Investment_Trust,605
2024-09-25,2615,2043377,Dealer_self,2076082
2024-09-25,2615,1475293,Dealer_Hedging,920155
2024-09-26,2615,48169671,Foreign_Investor,24221125
2024-09-26,2615,0,Foreign_Dealer_Self,0
2024-09-26,2615,1304000,Investment_Trust,1977
2024-09-26,2615,574255,Dealer_self,1803715
2024-09-26,2615,535169,Dealer_Hedging,1655985
2024-09-27,2615,25702155,Foreign_Investor,14895774
2024-09-27,2615,0,Foreign_Dealer_Self,0
2024-09-27,2615,0,Investment_Trust,2403
2024-09-27,2615,913000,Dealer_self,582000
2024-09-27,2615,725217,Dealer_Hedging,749999
2024-09-30,2615,20274859,Foreign_Investor,26631296
2024-09-30,2615,0,Foreign_Dealer_Self,0
2024-09-30,2615,0,Investment_Trust,428344
2024-09-30,2615,402000,Dealer_self,1092638
2024-09-30,2615,237135,Dealer_Hedging,864046
2024-10-01,2615,11515402,Foreign_Investor,17338000
2024-10-01,2615,0,Foreign_Dealer_Self,0
2024-10-01,2615,1200000,Investment_Trust,18000
2024-10-01,2615,622000,Dealer_self,408173
2024-10-01,2615,205838,Dealer_Hedging,137024
2024-10-04,2615,0,Foreign_Dealer_Self,0
2024-10-04,2615,3000,Investment_Trust,11010
2024-10-04,2615,566000,Dealer_self,518754
2024-10-04,2615,226000,Dealer_Hedging,599721
2024-10-04,2615,4824201,Foreign_Investor,17683400
2024-10-07,2615,15821177,Foreign_Investor,20626350
2024-10-07,2615,0,Foreign_Dealer_Self,0
2024-10-07,2615,8017,Investment_Trust,1780000
2024-10-07,2615,1126663,Dealer_self,807301
2024-10-07,2615,219275,Dealer_Hedging,429992
2024-10-08,2615,0,Foreign_Dealer_Self,0
2024-10-08,2615,12554,Investment_Trust,407
2024-10-08,2615,556000,Dealer_self,574551
2024-10-08,2615,91000,Dealer_Hedging,223431
2024-10-08,2615,7492856,Foreign_Investor,11528325
2024-10-09,2615,7099572,Foreign_Investor,6030656
2024-10-09,2615,0,Foreign_Dealer_Self,0
2024-10-09,2615,476000,Dealer_self,778337
2024-10-09,2615,140568,Dealer_Hedging,310028
2024-10-09,2615,11927,Investment_Trust,21203
2024-10-11,2615,2950467,Foreign_Investor,5130050
2024-10-11,2615,0,Foreign_Dealer_Self,0
2024-10-11,2615,28913,Investment_Trust,203
2024-10-11,2615,519000,Dealer_self,219320
2024-10-11,2615,314902,Dealer_Hedging,43331
2024-10-14,2615,3411511,Foreign_Investor,5111000
2024-10-14,2615,0,Foreign_Dealer_Self,0
2024-10-14,2615,14898,Investment_Trust,1200203
2024-10-14,2615,709000,Dealer_self,370148
2024-10-14,2615,118000,Dealer_Hedging,95574
2024-10-15,2615,2310001,Foreign_Investor,4744000
2024-10-15,2615,0,Foreign_Dealer_Self,0
2024-10-15,2615,40956,Investment_Trust,407
2024-10-15,2615,203861,Dealer_self,101668
2024-10-15,2615,99000,Dealer_Hedging,107555
2024-10-16,2615,0,Foreign_Dealer_Self,0
2024-10-16,2615,87985,Investment_Trust,1220
2024-10-16,2615,534719,Dealer_Hedging,180100
2024-10-16,2615,7246043,Foreign_Investor,10984776
2024-10-16,2615,410155,Dealer_self,454434
2024-10-17,2615,15543663,Foreign_Investor,12363856
2024-10-17,2615,0,Foreign_Dealer_Self,0
2024-10-17,2615,3971,Investment_Trust,0
2024-10-17,2615,1179459,Dealer_self,120680
2024-10-17,2615,1002140,Dealer_Hedging,231991
2024-10-18,2615,6472600,Foreign_Investor,10849266
2024-10-18,2615,0,Foreign_Dealer_Self,0
2024-10-18,2615,0,Investment_Trust,9407
2024-10-18,2615,453280,Dealer_self,467341
2024-10-18,2615,176534,Dealer_Hedging,407254
2024-10-21,2615,9748608,Foreign_Investor,7722000
2024-10-21,2615,0,Foreign_Dealer_Self,0
2024-10-21,2615,540752,Investment_Trust,203
2024-10-21,2615,1280000,Dealer_self,697000
2024-10-21,2615,131126,Dealer_Hedging,192240
2024-10-22,2615,9257396,Foreign_Investor,11853435
2024-10-22,2615,0,Foreign_Dealer_Self,0
2024-10-22,2615,721407,Investment_Trust,203
2024-10-22,2615,868361,Dealer_self,1173812
2024-10-22,2615,448271,Dealer_Hedging,152881
2024-10-23,2615,6546752,Foreign_Investor,5476001
2024-10-23,2615,0,Foreign_Dealer_Self,0
2024-10-23,2615,54109,Investment_Trust,3016
2024-10-23,2615,186149,Dealer_self,405499
2024-10-23,2615,94928,Dealer_Hedging,306658
2024-10-24,2615,3525520,Foreign_Investor,4372351
2024-10-24,2615,0,Foreign_Dealer_Self,0
2024-10-24,2615,19911,Investment_Trust,203
2024-10-24,2615,350873,Dealer_self,359000
2024-10-24,2615,68525,Dealer_Hedging,451046
2024-10-25,2615,3497000,Foreign_Investor,3457000
2024-10-25,2615,0,Foreign_Dealer_Self,0
2024-10-25,2615,0,Investment_Trust,203
2024-10-25,2615,339000,Dealer_self,277000
2024-10-25,2615,166631,Dealer_Hedging,46203
2024-10-28,2615,6677700,Foreign_Investor,10220662
2024-10-28,2615,0,Foreign_Dealer_Self,0
2024-10-28,2615,3000,Investment_Trust,203
2024-10-28,2615,1142469,Dealer_self,906985
2024-10-28,2615,134288,Dealer_Hedging,141282
2024-10-29,2615,2820290,Foreign_Investor,4505668
2024-10-29,2615,0,Foreign_Dealer_Self,0
2024-10-29,2615,8000,Investment_Trust,203
2024-10-29,2615,565000,Dealer_self,1018000
2024-10-29,2615,25173,Dealer_Hedging,163201
2024-10-30,2615,0,Foreign_Dealer_Self,0
2024-10-30,2615,21000,Investment_Trust,203
2024-10-30,2615,454587,Dealer_self,384530
2024-10-30,2615,185066,Dealer_Hedging,103191
2024-10-30,2615,3302958,Foreign_Investor,3335958
2024-11-01,2615,0,Foreign_Dealer_Self,0
2024-11-01,2615,1283000,Investment_Trust,0
2024-11-01,2615,2385718,Dealer_self,888998
2024-11-01,2615,1480188,Dealer_Hedging,725262
2024-11-01,2615,26739250,Foreign_Investor,13065975
2024-11-04,2615,16900250,Foreign_Investor,31306393
2024-11-04,2615,0,Foreign_Dealer_Self,0
2024-11-04,2615,142000,Investment_Trust,0
2024-11-04,2615,1691558,Dealer_self,2347598
2024-11-04,2615,402000,Dealer_Hedging,935990
2024-11-05,2615,26005501,Foreign_Investor,15273278
2024-11-05,2615,0,Foreign_Dealer_Self,0
2024-11-05,2615,915000,Investment_Trust,77783
2024-11-05,2615,1963506,Dealer_self,1816915
2024-11-05,2615,1103027,Dealer_Hedging,211694
2024-11-06,2615,5775052,Foreign_Investor,12725175
2024-11-06,2615,0,Foreign_Dealer_Self,0
2024-11-06,2615,0,Investment_Trust,0
2024-11-06,2615,1297232,Dealer_self,969418
2024-11-06,2615,712999,Dealer_Hedging,592516
2024-11-07,2615,7940990,Foreign_Investor,12676000
2024-11-07,2615,0,Foreign_Dealer_Self,0
2024-11-07,2615,80000,Investment_Trust,0
2024-11-07,2615,1380000,Dealer_self,1103994
2024-11-07,2615,431000,Dealer_Hedging,521161
2024-11-08,2615,18276949,Foreign_Investor,13170159
2024-11-08,2615,0,Foreign_Dealer_Self,0
2024-11-08,2615,190000,Investment_Trust,0
2024-11-08,2615,1600995,Dealer_self,1392461
2024-11-08,2615,1205891,Dealer_Hedging,421278
2024-11-11,2615,6668790,Foreign_Investor,20008659
2024-11-11,2615,0,Foreign_Dealer_Self,0
2024-11-11,2615,0,Investment_Trust,0
2024-11-11,2615,2763000,Dealer_self,988999
2024-11-11,2615,186043,Dealer_Hedging,550121
2024-11-12,2615,9173800,Foreign_Investor,17838940
2024-11-12,2615,0,Foreign_Dealer_Self,0
2024-11-12,2615,0,Investment_Trust,0
2024-11-12,2615,925000,Dealer_self,3938453
2024-11-12,2615,197000,Dealer_Hedging,381662
2024-11-13,2615,5205006,Foreign_Investor,6639450
2024-11-13,2615,0,Foreign_Dealer_Self,0
2024-11-13,2615,3000,Investment_Trust,803992
2024-11-13,2615,858000,Dealer_self,1094832
2024-11-13,2615,40000,Dealer_Hedging,424551
2024-11-14,2615,6493550,Foreign_Investor,7164000
2024-11-14,2615,0,Foreign_Dealer_Self,0
2024-11-14,2615,3000,Investment_Trust,0
2024-11-14,2615,658262,Dealer_self,1913405
2024-11-14,2615,77121,Dealer_Hedging,288488
2024-11-15,2615,10179000,Foreign_Investor,12185977
2024-11-15,2615,0,Foreign_Dealer_Self,0
2024-11-15,2615,1000,Investment_Trust,6511
2024-11-15,2615,1697000,Dealer_self,1475287
2024-11-15,2615,131178,Dealer_Hedging,121452
2024-11-18,2615,9875945,Foreign_Investor,6746752
2024-11-18,2615,0,Foreign_Dealer_Self,0
2024-11-18,2615,5000,Investment_Trust,0
2024-11-18,2615,484497,Dealer_self,543000
2024-11-18,2615,267200,Dealer_Hedging,90884
2024-11-19,2615,13738000,Foreign_Investor,7654000
2024-11-19,2615,0,Foreign_Dealer_Self,0
2024-11-19,2615,2000,Investment_Trust,16000
2024-11-19,2615,330000,Dealer_self,163000
2024-11-19,2615,334275,Dealer_Hedging,203037
2024-11-20,2615,35157708,Foreign_Investor,24182172
2024-11-20,2615,0,Foreign_Dealer_Self,0
2024-11-20,2615,95000,Investment_Trust,5586
2024-11-20,2615,1136997,Dealer_self,1117791
2024-11-20,2615,986272,Dealer_Hedging,397631
2024-11-21,2615,22713226,Foreign_Investor,21150292
2024-11-21,2615,0,Foreign_Dealer_Self,0
2024-11-21,2615,15500,Investment_Trust,15000
2024-11-21,2615,1388000,Dealer_self,1255050
2024-11-21,2615,226665,Dealer_Hedging,650389
2024-11-22,2615,10358000,Foreign_Investor,15493400
2024-11-22,2615,0,Foreign_Dealer_Self,0
2024-11-22,2615,0,Investment_Trust,1464000
2024-11-22,2615,791000,Dealer_self,828001
2024-11-22,2615,114038,Dealer_Hedging,423027
2024-11-25,2615,11755651,Foreign_Investor,20032819
2024-11-25,2615,0,Foreign_Dealer_Self,0
2024-11-25,2615,2000,Investment_Trust,8
2024-11-25,2615,1312000,Dealer_self,924684
2024-11-25,2615,162000,Dealer_Hedging,265643
2024-11-26,2615,4577550,Foreign_Investor,10300139
2024-11-26,2615,0,Foreign_Dealer_Self,0
2024-11-26,2615,2000,Investment_Trust,64000
2024-11-26,2615,416000,Dealer_self,862812
2024-11-26,2615,59000,Dealer_Hedging,134222
2024-11-27,2615,6092936,Foreign_Investor,13031913
2024-11-27,2615,0,Foreign_Dealer_Self,0
2024-11-27,2615,4000,Investment_Trust,3724
2024-11-27,2615,1123000,Dealer_self,1597077
2024-11-27,2615,236000,Dealer_Hedging,647054
2024-11-28,2615,3496626,Foreign_Investor,8370600
2024-11-28,2615,0,Foreign_Dealer_Self,0
2024-11-28,2615,6000,Investment_Trust,75000
2024-11-28,2615,884000,Dealer_self,728263
2024-11-28,2615,115000,Dealer_Hedging,53894
2024-11-29,2615,4529199,Foreign_Investor,11821330
2024-11-29,2615,0,Foreign_Dealer_Self,0
2024-11-29,2615,2000,Investment_Trust,2000
2024-11-29,2615,1134000,Dealer_self,979276
2024-11-29,2615,139000,Dealer_Hedging,134328
2024-12-02,2615,4531000,Foreign_Investor,7000500
2024-12-02,2615,0,Foreign_Dealer_Self,0
2024-12-02,2615,0,Investment_Trust,0
2024-12-02,2615,712000,Dealer_self,879087
2024-12-02,2615,66000,Dealer_Hedging,113240
2024-12-03,2615,5750059,Foreign_Investor,5753167
2024-12-03,2615,0,Foreign_Dealer_Self,0
2024-12-03,2615,0,Investment_Trust,0
2024-12-03,2615,615641,Dealer_self,318183
2024-12-03,2615,501298,Dealer_Hedging,55065
2024-12-04,2615,2988112,Foreign_Investor,3546000
2024-12-04,2615,0,Foreign_Dealer_Self,0
2024-12-04,2615,0,Investment_Trust,7447
2024-12-04,2615,171000,Dealer_self,221886
2024-12-04,2615,135000,Dealer_Hedging,413441
2024-12-05,2615,1828633,Foreign_Investor,6640688
2024-12-05,2615,0,Foreign_Dealer_Self,0
2024-12-05,2615,0,Investment_Trust,169586
2024-12-05,2615,147000,Dealer_self,618873
2024-12-05,2615,57000,Dealer_Hedging,220256
2024-12-06,2615,3200028,Foreign_Investor,5460999
2024-12-06,2615,0,Foreign_Dealer_Self,0
2024-12-06,2615,0,Investment_Trust,1862
2024-12-06,2615,537126,Dealer_self,209161
2024-12-06,2615,52000,Dealer_Hedging,45489
2024-12-09,2615,11566534,Foreign_Investor,15339850
2024-12-09,2615,0,Foreign_Dealer_Self,0
2024-12-09,2615,0,Investment_Trust,5000
2024-12-09,2615,1302358,Dealer_self,1134725
2024-12-09,2615,490824,Dealer_Hedging,178387
2024-12-10,2615,4318070,Foreign_Investor,7900920
2024-12-10,2615,0,Foreign_Dealer_Self,0
2024-12-10,2615,0,Investment_Trust,9512
2024-12-10,2615,689000,Dealer_self,995917
2024-12-10,2615,78000,Dealer_Hedging,456927
2024-12-11,2615,2004380,Foreign_Investor,5526400
2024-12-11,2615,0,Foreign_Dealer_Self,0
2024-12-11,2615,0,Investment_Trust,2370
2024-12-11,2615,177000,Dealer_self,1324189
2024-12-11,2615,66000,Dealer_Hedging,229249
2024-12-12,2615,0,Foreign_Dealer_Self,0
2024-12-12,2615,0,Investment_Trust,75000
2024-12-12,2615,1194000,Dealer_self,597593
2024-12-12,2615,126000,Dealer_Hedging,131958
2024-12-12,2615,2893080,Foreign_Investor,7970029
2024-12-13,2615,4256004,Foreign_Investor,4964977
2024-12-13,2615,0,Foreign_Dealer_Self,0
2024-12-13,2615,0,Investment_Trust,405
2024-12-13,2615,574000,Dealer_self,378629
2024-12-13,2615,160862,Dealer_Hedging,36048
2024-12-16,2615,6025452,Foreign_Investor,7278000
2024-12-16,2615,0,Foreign_Dealer_Self,0
2024-12-16,2615,0,Investment_Trust,0
2024-12-16,2615,533000,Dealer_self,580982
2024-12-16,2615,93000,Dealer_Hedging,386886
2024-12-17,2615,6653728,Foreign_Investor,3120529
2024-12-17,2615,0,Foreign_Dealer_Self,0
2024-12-17,2615,0,Investment_Trust,405
2024-12-17,2615,535000,Dealer_self,361104
2024-12-17,2615,178288,Dealer_Hedging,24861
2024-12-18,2615,2708811,Foreign_Investor,4736000
2024-12-18,2615,0,Foreign_Dealer_Self,0
2024-12-18,2615,10000,Investment_Trust,203
2024-12-18,2615,427000,Dealer_self,546207
2024-12-18,2615,40000,Dealer_Hedging,275452
2024-12-19,2615,2018046,Foreign_Investor,6241648
2024-12-19,2615,0,Foreign_Dealer_Self,0
2024-12-19,2615,12171,Investment_Trust,405
2024-12-19,2615,748000,Dealer_self,555008
2024-12-19,2615,75198,Dealer_Hedging,94355
2024-12-20,2615,5658177,Foreign_Investor,3867701
2024-12-20,2615,0,Foreign_Dealer_Self,0
2024-12-20,2615,61424,Investment_Trust,6203
2024-12-20,2615,424000,Dealer_self,481000
2024-12-20,2615,84438,Dealer_Hedging,62607
2024-12-23,2615,2672566,Foreign_Investor,4387000
2024-12-23,2615,0,Foreign_Dealer_Self,0
2024-12-23,2615,1000,Investment_Trust,0
2024-12-23,2615,271000,Dealer_self,928065
2024-12-23,2615,34000,Dealer_Hedging,83488
2024-12-24,2615,3998150,Foreign_Investor,4322000
2024-12-24,2615,0,Foreign_Dealer_Self,0
2024-12-24,2615,0,Investment_Trust,0
2024-12-24,2615,619100,Dealer_self,125902
2024-12-24,2615,282053,Dealer_Hedging,45020
2024-12-25,2615,2158000,Foreign_Investor,1043051
2024-12-25,2615,0,Foreign_Dealer_Self,0
2024-12-25,2615,0,Investment_Trust,0
2024-12-25,2615,371000,Dealer_self,80000
2024-12-25,2615,107000,Dealer_Hedging,221557
2024-12-26,2615,995100,Foreign_Investor,1715340
2024-12-26,2615,0,Foreign_Dealer_Self,0
2024-12-26,2615,0,Investment_Trust,15798
2024-12-26,2615,205070,Dealer_self,170000
2024-12-26,2615,16000,Dealer_Hedging,107315
2024-12-27,2615,1267222,Foreign_Investor,3034100
2024-12-27,2615,0,Foreign_Dealer_Self,0
2024-12-27,2615,0,Investment_Trust,94203
2024-12-27,2615,204000,Dealer_self,166000
2024-12-27,2615,32000,Dealer_Hedging,92367
2024-12-30,2615,2129657,Foreign_Investor,3227090
2024-12-30,2615,0,Foreign_Dealer_Self,0
2024-12-30,2615,1833,Investment_Trust,76608
2024-12-30,2615,255000,Dealer_self,137221
2024-12-30,2615,81050,Dealer_Hedging,71757
2024-12-31,2615,1925007,Foreign_Investor,1550270
2024-12-31,2615,0,Foreign_Dealer_Self,0
2024-12-31,2615,7334,Investment_Trust,3648
2024-12-31,2615,108000,Dealer_self,99000
2024-12-31,2615,44000,Dealer_Hedging,95148
2025-01-02,2615,8699714,Foreign_Investor,2187000
2025-01-02,2615,0,Foreign_Dealer_Self,0
2025-01-02,2615,41000,Investment_Trust,405
2025-01-02,2615,457986,Dealer_self,754000
2025-01-02,2615,390812,Dealer_Hedging,104001
2025-01-03,2615,7164345,Foreign_Investor,5895160
2025-01-03,2615,0,Foreign_Dealer_Self,0
2025-01-03,2615,0,Investment_Trust,0
2025-01-03,2615,359000,Dealer_self,419000
2025-01-03,2615,116655,Dealer_Hedging,482657
2025-01-06,2615,2254433,Foreign_Investor,1524300
2025-01-06,2615,0,Foreign_Dealer_Self,0
2025-01-06,2615,0,Investment_Trust,0
2025-01-06,2615,393000,Dealer_self,301438
2025-01-06,2615,118761,Dealer_Hedging,51000
2025-01-07,2615,4239000,Foreign_Investor,4733223
2025-01-07,2615,0,Foreign_Dealer_Self,0
2025-01-07,2615,0,Investment_Trust,2000
2025-01-07,2615,232000,Dealer_self,133000
2025-01-07,2615,63300,Dealer_Hedging,57656
2025-01-08,2615,3283658,Foreign_Investor,2817333
2025-01-08,2615,0,Foreign_Dealer_Self,0
2025-01-08,2615,0,Investment_Trust,39406
2025-01-08,2615,320000,Dealer_self,184000
2025-01-08,2615,91090,Dealer_Hedging,80461
2025-01-09,2615,7856778,Foreign_Investor,9765900
2025-01-09,2615,0,Foreign_Dealer_Self,0
2025-01-09,2615,0,Investment_Trust,0
2025-01-09,2615,131000,Dealer_self,1084437
2025-01-09,2615,61000,Dealer_Hedging,442075
2025-01-10,2615,7749440,Foreign_Investor,4697530
2025-01-10,2615,0,Foreign_Dealer_Self,0
2025-01-10,2615,8761,Investment_Trust,4000
2025-01-10,2615,442305,Dealer_self,632004
2025-01-10,2615,91596,Dealer_Hedging,91681
2025-01-13,2615,4956735,Foreign_Investor,6563950
2025-01-13,2615,0,Foreign_Dealer_Self,0
2025-01-13,2615,2000,Investment_Trust,0
2025-01-13,2615,246000,Dealer_self,944636
2025-01-13,2615,16000,Dealer_Hedging,315187
2025-01-14,2615,1837180,Foreign_Investor,2317392
2025-01-14,2615,0,Foreign_Dealer_Self,0
2025-01-14,2615,11000,Investment_Trust,0
2025-01-14,2615,300000,Dealer_self,201000
2025-01-14,2615,38050,Dealer_Hedging,61958
2025-01-15,2615,0,Foreign_Dealer_Self,0
2025-01-15,2615,3000,Investment_Trust,0
2025-01-15,2615,60000,Dealer_Hedging,178904
2025-01-15,2615,1654157,Foreign_Investor,2873000
2025-01-15,2615,1045000,Dealer_self,29000
2025-01-16,2615,2997600,Foreign_Investor,4107344
2025-01-16,2615,0,Foreign_Dealer_Self,0
2025-01-16,2615,170000,Investment_Trust,39000
2025-01-16,2615,481000,Dealer_self,334405
2025-01-16,2615,95000,Dealer_Hedging,151274
2025-01-17,2615,3274208,Foreign_Investor,2396249
2025-01-17,2615,0,Foreign_Dealer_Self,0
2025-01-17,2615,339000,Investment_Trust,0
2025-01-17,2615,264665,Dealer_self,154000
2025-01-17,2615,82601,Dealer_Hedging,72408
2025-01-20,2615,1726586,Foreign_Investor,3157150
2025-01-20,2615,0,Foreign_Dealer_Self,0
2025-01-20,2615,148000,Investment_Trust,0
2025-01-20,2615,192000,Dealer_self,355000
2025-01-20,2615,29000,Dealer_Hedging,121744
2025-01-21,2615,3377167,Foreign_Investor,3548771
2025-01-21,2615,0,Foreign_Dealer_Self,0
2025-01-21,2615,19339,Investment_Trust,0
2025-01-21,2615,273000,Dealer_self,173000
2025-01-21,2615,48358,Dealer_Hedging,88841
2025-01-22,2615,3766174,Foreign_Investor,2145194
2025-01-22,2615,0,Foreign_Dealer_Self,0
2025-01-22,2615,0,Investment_Trust,407
2025-01-22,2615,68000,Dealer_self,67000
2025-01-22,2615,45000,Dealer_Hedging,65762
2025-02-03,2615,3897402,Foreign_Investor,5792085
2025-02-03,2615,0,Foreign_Dealer_Self,0
2025-02-03,2615,33000,Investment_Trust,1434
2025-02-03,2615,311000,Dealer_self,442000
2025-02-03,2615,77189,Dealer_Hedging,152437
2025-02-04,2615,3732220,Foreign_Investor,3913000
2025-02-04,2615,0,Foreign_Dealer_Self,0
2025-02-04,2615,2000,Investment_Trust,105000
2025-02-04,2615,208000,Dealer_self,296000
2025-02-04,2615,48000,Dealer_Hedging,186584
2025-02-05,2615,8070369,Foreign_Investor,3902000
2025-02-05,2615,0,Foreign_Dealer_Self,0
2025-02-05,2615,0,Investment_Trust,2000
2025-02-05,2615,403000,Dealer_self,186000
2025-02-05,2615,218931,Dealer_Hedging,76232
2025-02-06,2615,845931,Foreign_Investor,3169588
2025-02-06,2615,0,Foreign_Dealer_Self,0
2025-02-06,2615,0,Investment_Trust,0
2025-02-06,2615,28000,Dealer_self,112000
2025-02-06,2615,29000,Dealer_Hedging,187106
2025-02-07,2615,1707984,Foreign_Investor,2398290
2025-02-07,2615,0,Foreign_Dealer_Self,0
2025-02-07,2615,0,Investment_Trust,604
2025-02-07,2615,101000,Dealer_self,32038
2025-02-07,2615,37000,Dealer_Hedging,23679
2025-02-10,2615,5351500,Foreign_Investor,3364887
2025-02-10,2615,0,Foreign_Dealer_Self,0
2025-02-10,2615,0,Investment_Trust,2785
2025-02-10,2615,219000,Dealer_self,87000
2025-02-10,2615,285701,Dealer_Hedging,48315
2025-02-11,2615,4316000,Foreign_Investor,4617000
2025-02-11,2615,0,Foreign_Dealer_Self,0
2025-02-11,2615,0,Investment_Trust,2138
2025-02-11,2615,183000,Dealer_self,214000
2025-02-11,2615,52935,Dealer_Hedging,296436
2025-02-12,2615,5700137,Foreign_Investor,4058000
2025-02-12,2615,0,Foreign_Dealer_Self,0
2025-02-12,2615,9000,Investment_Trust,5031
2025-02-12,2615,99038,Dealer_self,247000
2025-02-12,2615,83541,Dealer_Hedging,55029
2025-02-13,2615,9103000,Foreign_Investor,3852500
2025-02-13,2615,0,Foreign_Dealer_Self,0
2025-02-13,2615,0,Investment_Trust,0
2025-02-13,2615,435133,Dealer_self,279000
2025-02-13,2615,333798,Dealer_Hedging,100426
2025-02-14,2615,8721701,Foreign_Investor,2979680
2025-02-14,2615,0,Foreign_Dealer_Self,0
2025-02-14,2615,54000,Investment_Trust,7574
2025-02-14,2615,220006,Dealer_self,276000
2025-02-14,2615,203236,Dealer_Hedging,255574
2025-02-17,2615,10187005,Foreign_Investor,3393574
2025-02-17,2615,0,Foreign_Dealer_Self,0
2025-02-17,2615,0,Investment_Trust,15680
2025-02-17,2615,267000,Dealer_self,112000
2025-02-17,2615,424535,Dealer_Hedging,265004
2025-02-18,2615,4449307,Foreign_Investor,2123505
2025-02-18,2615,0,Foreign_Dealer_Self,0
2025-02-18,2615,0,Investment_Trust,1893
2025-02-18,2615,25992,Dealer_self,115000
2025-02-18,2615,107682,Dealer_Hedging,378135
2025-02-19,2615,5259000,Foreign_Investor,2968100
2025-02-19,2615,0,Foreign_Dealer_Self,0
2025-02-19,2615,0,Investment_Trust,0
2025-02-19,2615,79323,Dealer_self,88000
2025-02-19,2615,98675,Dealer_Hedging,93019
2025-02-20,2615,4003391,Foreign_Investor,2640063
2025-02-20,2615,0,Foreign_Dealer_Self,0
2025-02-20,2615,0,Investment_Trust,13082
2025-02-20,2615,137000,Dealer_self,201000
2025-02-20,2615,33039,Dealer_Hedging,106385
2025-02-21,2615,4854075,Foreign_Investor,3031000
2025-02-21,2615,0,Foreign_Dealer_Self,0
2025-02-21,2615,5000,Investment_Trust,0
2025-02-21,2615,54000,Dealer_self,28000
2025-02-21,2615,100622,Dealer_Hedging,54198
2025-02-24,2615,8661035,Foreign_Investor,2955200
2025-02-24,2615,0,Foreign_Dealer_Self,0
2025-02-24,2615,0,Investment_Trust,0
2025-02-24,2615,180000,Dealer_self,137000
2025-02-24,2615,326131,Dealer_Hedging,154908
2025-02-25,2615,7767000,Foreign_Investor,5829620
2025-02-25,2615,0,Foreign_Dealer_Self,0
2025-02-25,2615,0,Investment_Trust,2094
2025-02-25,2615,138000,Dealer_self,314000
2025-02-25,2615,86578,Dealer_Hedging,383767
2025-02-26,2615,3695955,Foreign_Investor,3642000
2025-02-26,2615,0,Foreign_Dealer_Self,0
2025-02-26,2615,291,Investment_Trust,10201
2025-02-26,2615,282000,Dealer_self,172000
2025-02-26,2615,51866,Dealer_Hedging,99000
2025-02-27,2615,4559056,Foreign_Investor,4293898
2025-02-27,2615,0,Foreign_Dealer_Self,0
2025-02-27,2615,10015,Investment_Trust,12119
2025-02-27,2615,241000,Dealer_self,244000
2025-02-27,2615,30543,Dealer_Hedging,78008
2025-03-03,2615,6322301,Foreign_Investor,2423479
2025-03-03,2615,0,Foreign_Dealer_Self,0
2025-03-03,2615,27000,Investment_Trust,7903
2025-03-03,2615,212000,Dealer_self,219000
2025-03-03,2615,128991,Dealer_Hedging,77000
2025-03-04,2615,4042078,Foreign_Investor,2950199
2025-03-04,2615,0,Foreign_Dealer_Self,0
2025-03-04,2615,2000,Investment_Trust,0
2025-03-04,2615,125000,Dealer_self,182000
2025-03-04,2615,53996,Dealer_Hedging,139394
2025-03-05,2615,3727000,Foreign_Investor,2631288
2025-03-05,2615,0,Foreign_Dealer_Self,0
2025-03-05,2615,2000,Investment_Trust,3806
2025-03-05,2615,150679,Dealer_self,122252
2025-03-05,2615,328122,Dealer_Hedging,62002
2025-03-06,2615,4985000,Foreign_Investor,1917839
2025-03-06,2615,0,Foreign_Dealer_Self,0
2025-03-06,2615,6000,Investment_Trust,38806
2025-03-06,2615,261000,Dealer_self,101000
2025-03-06,2615,223066,Dealer_Hedging,74000
2025-03-07,2615,9547742,Foreign_Investor,4701410
2025-03-07,2615,0,Foreign_Dealer_Self,0
2025-03-07,2615,4000,Investment_Trust,11418
2025-03-07,2615,311000,Dealer_self,202000
2025-03-07,2615,532870,Dealer_Hedging,116257
2025-03-10,2615,4287885,Foreign_Investor,8601497
2025-03-10,2615,0,Foreign_Dealer_Self,0
2025-03-10,2615,1000,Investment_Trust,12000
2025-03-10,2615,112000,Dealer_self,327069
2025-03-10,2615,27979,Dealer_Hedging,213942
2025-03-11,2615,4371534,Foreign_Investor,2833699
2025-03-11,2615,0,Foreign_Dealer_Self,0
2025-03-11,2615,12000,Investment_Trust,0
2025-03-11,2615,249000,Dealer_self,374110
2025-03-11,2615,82686,Dealer_Hedging,59181
2025-03-12,2615,6008128,Foreign_Investor,12791239
2025-03-12,2615,0,Foreign_Dealer_Self,0
2025-03-12,2615,2000,Investment_Trust,3806
2025-03-12,2615,335628,Dealer_self,1063231
2025-03-12,2615,69778,Dealer_Hedging,594085
2025-03-13,2615,4631865,Foreign_Investor,4050739
2025-03-13,2615,0,Foreign_Dealer_Self,0
2025-03-13,2615,0,Investment_Trust,0
2025-03-13,2615,198000,Dealer_self,160837
2025-03-13,2615,19157,Dealer_Hedging,104165
2025-03-14,2615,9089352,Foreign_Investor,2918200
2025-03-14,2615,0,Foreign_Dealer_Self,0
2025-03-14,2615,3000,Investment_Trust,39000
2025-03-14,2615,183000,Dealer_self,131000
2025-03-14,2615,149859,Dealer_Hedging,59000
2025-03-17,2615,10465340,Foreign_Investor,3120339
2025-03-17,2615,0,Foreign_Dealer_Self,0
2025-03-17,2615,6000,Investment_Trust,0
2025-03-17,2615,122307,Dealer_self,262147
2025-03-17,2615,261631,Dealer_Hedging,205987
2025-03-18,2615,12418985,Foreign_Investor,4447472
2025-03-18,2615,0,Foreign_Dealer_Self,0
2025-03-18,2615,0,Investment_Trust,24000
2025-03-18,2615,285198,Dealer_self,68000
2025-03-18,2615,172619,Dealer_Hedging,392278
2025-03-19,2615,12314282,Foreign_Investor,5801669
2025-03-19,2615,0,Foreign_Dealer_Self,0
2025-03-19,2615,0,Investment_Trust,44000
2025-03-19,2615,669000,Dealer_self,224915
2025-03-19,2615,272708,Dealer_Hedging,252274
2025-03-20,2615,4974000,Foreign_Investor,3959239
2025-03-20,2615,0,Foreign_Dealer_Self,0
2025-03-20,2615,0,Investment_Trust,0
2025-03-20,2615,138185,Dealer_self,53000
2025-03-20,2615,31390,Dealer_Hedging,194590
2025-03-21,2615,0,Foreign_Dealer_Self,0
2025-03-21,2615,23901455,Investment_Trust,369928
2025-03-21,2615,215000,Dealer_self,96000
2025-03-21,2615,21845,Dealer_Hedging,97738
2025-03-21,2615,5746114,Foreign_Investor,30168054
2025-03-24,2615,2849052,Foreign_Investor,3179385
2025-03-24,2615,0,Foreign_Dealer_Self,0
2025-03-24,2615,27000,Investment_Trust,0
2025-03-24,2615,72000,Dealer_self,78000
2025-03-24,2615,29533,Dealer_Hedging,70333
2025-03-25,2615,2001120,Foreign_Investor,1760415
2025-03-25,2615,0,Foreign_Dealer_Self,0
2025-03-25,2615,5000,Investment_Trust,0
2025-03-25,2615,80065,Dealer_self,56000
2025-03-25,2615,14589,Dealer_Hedging,7217
2025-03-26,2615,1767762,Foreign_Investor,2944000
2025-03-26,2615,0,Foreign_Dealer_Self,0
2025-03-26,2615,28000,Investment_Trust,0
2025-03-26,2615,117000,Dealer_self,90000
2025-03-26,2615,24000,Dealer_Hedging,17369
2025-03-27,2615,4083804,Foreign_Investor,3076150
2025-03-27,2615,0,Foreign_Dealer_Self,0
2025-03-27,2615,20000,Investment_Trust,0
2025-03-27,2615,168000,Dealer_self,118000
2025-03-27,2615,62771,Dealer_Hedging,25440
2025-03-28,2615,4170100,Foreign_Investor,3229400
2025-03-28,2615,0,Foreign_Dealer_Self,0
2025-03-28,2615,12000,Investment_Trust,0
2025-03-28,2615,82000,Dealer_self,147000
2025-03-28,2615,32988,Dealer_Hedging,92595
2025-03-31,2615,5022190,Foreign_Investor,5696494
2025-03-31,2615,0,Foreign_Dealer_Self,0
2025-03-31,2615,64000,Investment_Trust,17000
2025-03-31,2615,169320,Dealer_self,211999
2025-03-31,2615,55973,Dealer_Hedging,133797
2025-04-01,2615,4313108,Foreign_Investor,3152000
2025-04-01,2615,0,Foreign_Dealer_Self,0
2025-04-01,2615,45000,Investment_Trust,0
2025-04-01,2615,106000,Dealer_self,237000
2025-04-01,2615,138986,Dealer_Hedging,6521
2025-04-02,2615,3987138,Foreign_Investor,2657460
2025-04-02,2615,0,Foreign_Dealer_Self,0
2025-04-02,2615,15000,Investment_Trust,0
2025-04-02,2615,78000,Dealer_self,47000
2025-04-02,2615,70170,Dealer_Hedging,120682
2025-04-07,2615,835647,Foreign_Investor,7400
2025-04-07,2615,0,Foreign_Dealer_Self,0
2025-04-07,2615,0,Investment_Trust,0
2025-04-07,2615,0,Dealer_self,0
2025-04-07,2615,3878,Dealer_Hedging,4998
2025-04-08,2615,4650881,Foreign_Investor,3763602
2025-04-08,2615,0,Foreign_Dealer_Self,0
2025-04-08,2615,103049,Investment_Trust,0
2025-04-08,2615,80000,Dealer_self,402620
2025-04-08,2615,123839,Dealer_Hedging,287900
2025-04-09,2615,9161849,Foreign_Investor,8344791
2025-04-09,2615,0,Foreign_Dealer_Self,0
2025-04-09,2615,57784,Investment_Trust,14000
2025-04-09,2615,291944,Dealer_self,243654
2025-04-09,2615,156083,Dealer_Hedging,179072
2025-04-10,2615,25000,Foreign_Investor,1432341
2025-04-10,2615,0,Foreign_Dealer_Self,0
2025-04-10,2615,0,Investment_Trust,0
2025-04-10,2615,0,Dealer_self,1000
2025-04-10,2615,10659,Dealer_Hedging,0
2025-04-11,2615,5104968,Foreign_Investor,5700363
2025-04-11,2615,0,Foreign_Dealer_Self,0
2025-04-11,2615,0,Investment_Trust,3000
2025-04-11,2615,105000,Dealer_self,181000
2025-04-11,2615,305380,Dealer_Hedging,70353
2025-04-14,2615,8633130,Foreign_Investor,2937117
2025-04-14,2615,0,Foreign_Dealer_Self,0
2025-04-14,2615,144000,Investment_Trust,42697
2025-04-14,2615,132000,Dealer_self,235014
2025-04-14,2615,505817,Dealer_Hedging,693590
2025-04-15,2615,20866816,Foreign_Investor,14127873
2025-04-15,2615,0,Foreign_Dealer_Self,0
2025-04-15,2615,61728,Investment_Trust,10948
2025-04-15,2615,194196,Dealer_self,434557
2025-04-15,2615,212508,Dealer_Hedging,891392
2025-04-16,2615,6809350,Foreign_Investor,11635862
2025-04-16,2615,0,Foreign_Dealer_Self,0
2025-04-16,2615,13000,Investment_Trust,30798
2025-04-16,2615,32000,Dealer_self,162362
2025-04-16,2615,363568,Dealer_Hedging,314053
2025-04-17,2615,5861108,Foreign_Investor,8459426
2025-04-17,2615,0,Foreign_Dealer_Self,0
2025-04-17,2615,20000,Investment_Trust,0
2025-04-17,2615,171000,Dealer_self,295000
2025-04-17,2615,164011,Dealer_Hedging,360551
2025-04-18,2615,10711572,Foreign_Investor,10484008
2025-04-18,2615,0,Foreign_Dealer_Self,0
2025-04-18,2615,959000,Investment_Trust,128500
2025-04-18,2615,184135,Dealer_self,157000
2025-04-18,2615,369406,Dealer_Hedging,472065
2025-04-21,2615,6798100,Foreign_Investor,5625000
2025-04-21,2615,0,Foreign_Dealer_Self,0
2025-04-21,2615,1736000,Investment_Trust,0
2025-04-21,2615,62000,Dealer_self,64000
2025-04-21,2615,56201,Dealer_Hedging,380232
2025-04-22,2615,6314190,Foreign_Investor,8425962
2025-04-22,2615,0,Foreign_Dealer_Self,0
2025-04-22,2615,1989000,Investment_Trust,0
2025-04-22,2615,157000,Dealer_self,218000
2025-04-22,2615,99002,Dealer_Hedging,101872
2025-04-23,2615,5276540,Foreign_Investor,6062064
2025-04-23,2615,0,Foreign_Dealer_Self,0
2025-04-23,2615,588000,Investment_Trust,1795
2025-04-23,2615,206000,Dealer_self,101000
2025-04-23,2615,185575,Dealer_Hedging,422620
2025-04-24,2615,7335725,Foreign_Investor,4075043
2025-04-24,2615,0,Foreign_Dealer_Self,0
2025-04-24,2615,12000,Investment_Trust,63728
2025-04-24,2615,178076,Dealer_self,297992
2025-04-24,2615,86445,Dealer_Hedging,112276
2025-04-25,2615,0,Foreign_Dealer_Self,0
2025-04-25,2615,12000,Investment_Trust,12387
2025-04-25,2615,144000,Dealer_self,21000
2025-04-25,2615,180304,Dealer_Hedging,101895
2025-04-25,2615,6110695,Foreign_Investor,5859039
2025-04-28,2615,3685320,Foreign_Investor,1901954
2025-04-28,2615,0,Foreign_Dealer_Self,0
2025-04-28,2615,32000,Investment_Trust,8401
2025-04-28,2615,31000,Dealer_self,73000
2025-04-28,2615,82346,Dealer_Hedging,26000
2025-04-29,2615,2943170,Foreign_Investor,2466438
2025-04-29,2615,0,Foreign_Dealer_Self,0
2025-04-29,2615,17000,Investment_Trust,15572
2025-04-29,2615,83089,Dealer_self,148000
2025-04-29,2615,26157,Dealer_Hedging,79239
2025-04-30,2615,4221200,Foreign_Investor,2196000
2025-04-30,2615,0,Foreign_Dealer_Self,0
2025-04-30,2615,9000,Investment_Trust,50392
2025-04-30,2615,20300,Dealer_self,245000
2025-04-30,2615,153110,Dealer_Hedging,135515
2025-05-02,2615,3115955,Foreign_Investor,2328109
2025-05-02,2615,0,Foreign_Dealer_Self,0
2025-05-02,2615,0,Investment_Trust,8636
2025-05-02,2615,499083,Dealer_self,148000
2025-05-02,2615,203287,Dealer_Hedging,123562
2025-05-05,2615,8167965,Foreign_Investor,2896151
2025-05-05,2615,0,Foreign_Dealer_Self,0
2025-05-05,2615,6000,Investment_Trust,58412
2025-05-05,2615,26000,Dealer_self,370683
2025-05-05,2615,135237,Dealer_Hedging,327874
2025-05-06,2615,9296156,Foreign_Investor,3125005
2025-05-06,2615,0,Foreign_Dealer_Self,0
2025-05-06,2615,32000,Investment_Trust,29049
2025-05-06,2615,3000,Dealer_self,80157
2025-05-06,2615,180136,Dealer_Hedging,244000
2025-05-07,2615,7183692,Foreign_Investor,3847064
2025-05-07,2615,0,Foreign_Dealer_Self,0
2025-05-07,2615,3000,Investment_Trust,28525
2025-05-07,2615,0,Dealer_self,24226
2025-05-07,2615,42078,Dealer_Hedging,175403
2025-05-08,2615,6658499,Foreign_Investor,7708239
2025-05-08,2615,0,Foreign_Dealer_Self,0
2025-05-08,2615,0,Investment_Trust,7299
2025-05-08,2615,49000,Dealer_self,10000
2025-05-08,2615,24248,Dealer_Hedging,54545
2025-05-09,2615,8930081,Foreign_Investor,2502155
2025-05-09,2615,0,Foreign_Dealer_Self,0
2025-05-09,2615,0,Investment_Trust,299
2025-05-09,2615,142589,Dealer_self,9000
2025-05-09,2615,209641,Dealer_Hedging,46449
2025-05-12,2615,6232196,Foreign_Investor,2823890
2025-05-12,2615,0,Foreign_Dealer_Self,0
2025-05-12,2615,0,Investment_Trust,3089
2025-05-12,2615,279049,Dealer_self,205767
2025-05-12,2615,115173,Dealer_Hedging,191961
2025-05-13,2615,15003219,Foreign_Investor,12093459
2025-05-13,2615,0,Foreign_Dealer_Self,0
2025-05-13,2615,16000,Investment_Trust,35845
2025-05-13,2615,990590,Dealer_self,769000
2025-05-13,2615,1265686,Dealer_Hedging,870682
2025-05-14,2615,24854563,Foreign_Investor,12000709
2025-05-14,2615,0,Foreign_Dealer_Self,0
2025-05-14,2615,19000,Investment_Trust,3783
2025-05-14,2615,652170,Dealer_self,266606
2025-05-14,2615,1789551,Dealer_Hedging,373281
2025-05-15,2615,39658892,Foreign_Investor,32385840
2025-05-15,2615,0,Foreign_Dealer_Self,0
2025-05-15,2615,162881,Investment_Trust,58783
2025-05-15,2615,318997,Dealer_self,236550
2025-05-15,2615,776868,Dealer_Hedging,1001826
2025-05-16,2615,32993100,Foreign_Investor,22136110
2025-05-16,2615,0,Foreign_Dealer_Self,0
2025-05-16,2615,10000,Investment_Trust,20036
2025-05-16,2615,548000,Dealer_self,551075
2025-05-16,2615,1357642,Dealer_Hedging,838661
2025-05-19,2615,0,Foreign_Dealer_Self,0
2025-05-19,2615,1601000,Investment_Trust,22191
2025-05-19,2615,258254,Dealer_self,275000
2025-05-19,2615,294671,Dealer_Hedging,861000
2025-05-19,2615,30921390,Foreign_Investor,29235917
2025-05-20,2615,20984928,Foreign_Investor,16875755
2025-05-20,2615,0,Foreign_Dealer_Self,0
2025-05-20,2615,2013000,Investment_Trust,2598
2025-05-20,2615,171971,Dealer_self,96000
2025-05-20,2615,635768,Dealer_Hedging,270288
2025-05-21,2615,0,Foreign_Dealer_Self,0
2025-05-21,2615,2618000,Investment_Trust,21892
2025-05-21,2615,99000,Dealer_self,133239
2025-05-21,2615,1461908,Dealer_Hedging,464571
2025-05-21,2615,35514725,Foreign_Investor,24484238
2025-05-22,2615,0,Foreign_Dealer_Self,0
2025-05-22,2615,14007000,Investment_Trust,81956
2025-05-22,2615,148000,Dealer_self,262000
2025-05-22,2615,1411483,Dealer_Hedging,515339
2025-05-22,2615,21359965,Foreign_Investor,21670904
2025-05-23,2615,0,Foreign_Dealer_Self,0
2025-05-23,2615,20680000,Investment_Trust,9783
2025-05-23,2615,1335000,Dealer_self,1210187
2025-05-23,2615,284019,Dealer_Hedging,1825225
2025-05-23,2615,33406693,Foreign_Investor,44418346
2025-05-26,2615,24214734,Foreign_Investor,49135600
2025-05-26,2615,0,Foreign_Dealer_Self,0
2025-05-26,2615,19087000,Investment_Trust,24974
2025-05-26,2615,500000,Dealer_self,762000
2025-05-26,2615,179224,Dealer_Hedging,824289
2025-05-27,2615,30384081,Foreign_Investor,44044251
2025-05-27,2615,0,Foreign_Dealer_Self,0
2025-05-27,2615,21083000,Investment_Trust,6126
2025-05-27,2615,56000,Dealer_self,675261
2025-05-27,2615,487333,Dealer_Hedging,331901
2025-05-28,2615,21967227,Foreign_Investor,42881505
2025-05-28,2615,0,Foreign_Dealer_Self,0
2025-05-28,2615,22878000,Investment_Trust,34000
2025-05-28,2615,173000,Dealer_self,152000
2025-05-28,2615,381806,Dealer_Hedging,520457
2025-05-29,2615,41564513,Foreign_Investor,66646891
2025-05-29,2615,0,Foreign_Dealer_Self,0
2025-05-29,2615,21737047,Investment_Trust,14000
2025-05-29,2615,865996,Dealer_self,219000
2025-05-29,2615,903321,Dealer_Hedging,581097
2025-06-02,2615,13052583,Foreign_Investor,33374655
2025-06-02,2615,0,Foreign_Dealer_Self,0
2025-06-02,2615,17867000,Investment_Trust,105991
2025-06-02,2615,128000,Dealer_self,827000
2025-06-02,2615,563718,Dealer_Hedging,789154
2025-06-03,2615,11927360,Foreign_Investor,24728144
2025-06-03,2615,0,Foreign_Dealer_Self,0
2025-06-03,2615,15105000,Investment_Trust,21249
2025-06-03,2615,112000,Dealer_self,91999
2025-06-03,2615,130223,Dealer_Hedging,286975
2025-06-04,2615,7262151,Foreign_Investor,16852555
2025-06-04,2615,0,Foreign_Dealer_Self,0
2025-06-04,2615,7049000,Investment_Trust,18346
2025-06-04,2615,46000,Dealer_self,46000
2025-06-04,2615,58232,Dealer_Hedging,220088
2025-06-05,2615,11369114,Foreign_Investor,11757741
2025-06-05,2615,0,Foreign_Dealer_Self,0
2025-06-05,2615,14380,Dealer_self,147000
2025-06-05,2615,179104,Dealer_Hedging,179729
2025-06-05,2615,3039000,Investment_Trust,38116
2025-06-06,2615,10795096,Foreign_Investor,12604000
2025-06-06,2615,0,Foreign_Dealer_Self,0
2025-06-06,2615,0,Investment_Trust,10455
2025-06-06,2615,26000,Dealer_self,243000
2025-06-06,2615,151919,Dealer_Hedging,106705
2025-06-09,2615,10786440,Foreign_Investor,5543011
2025-06-09,2615,0,Foreign_Dealer_Self,0
2025-06-09,2615,0,Investment_Trust,9863
2025-06-09,2615,52000,Dealer_self,69000
2025-06-09,2615,381755,Dealer_Hedging,83715
2025-06-10,2615,9343245,Foreign_Investor,5909165
2025-06-10,2615,0,Foreign_Dealer_Self,0
2025-06-10,2615,55000,Investment_Trust,18272
2025-06-10,2615,243996,Dealer_self,61000
2025-06-10,2615,836948,Dealer_Hedging,99258
2025-06-11,2615,10874983,Foreign_Investor,10478279
2025-06-11,2615,0,Foreign_Dealer_Self,0
2025-06-11,2615,0,Investment_Trust,42673
2025-06-11,2615,129000,Dealer_self,11000
2025-06-11,2615,979201,Dealer_Hedging,113993
2025-06-12,2615,3323400,Foreign_Investor,6460525
2025-06-12,2615,0,Foreign_Dealer_Self,0
2025-06-12,2615,139000,Investment_Trust,45892
2025-06-12,2615,227000,Dealer_self,65789
2025-06-12,2615,105529,Dealer_Hedging,364564
2025-06-13,2615,6670383,Foreign_Investor,10554191
2025-06-13,2615,0,Foreign_Dealer_Self,0
2025-06-13,2615,0,Investment_Trust,22908
2025-06-13,2615,3038,Dealer_self,503933
2025-06-13,2615,142536,Dealer_Hedging,532407
2025-06-16,2615,4105950,Foreign_Investor,3689000
2025-06-16,2615,0,Foreign_Dealer_Self,0
2025-06-16,2615,0,Investment_Trust,16107
2025-06-16,2615,19000,Dealer_self,15000
2025-06-16,2615,91511,Dealer_Hedging,112511
2025-06-17,2615,5916710,Foreign_Investor,6839238
2025-06-17,2615,0,Foreign_Dealer_Self,0
2025-06-17,2615,954000,Investment_Trust,134325
2025-06-17,2615,10000,Dealer_self,78001
2025-06-17,2615,109165,Dealer_Hedging,105088
2025-06-18,2615,4446000,Foreign_Investor,4427999
2025-06-18,2615,0,Foreign_Dealer_Self,0
2025-06-18,2615,744000,Investment_Trust,9183
2025-06-18,2615,49000,Dealer_self,106000
2025-06-18,2615,283625,Dealer_Hedging,81447
2025-06-19,2615,2767912,Foreign_Investor,4438000
2025-06-19,2615,0,Foreign_Dealer_Self,0
2025-06-19,2615,650000,Investment_Trust,17803
2025-06-19,2615,13000,Dealer_self,170000
2025-06-19,2615,67003,Dealer_Hedging,342185
2025-06-20,2615,8786114,Foreign_Investor,10419000
2025-06-20,2615,0,Foreign_Dealer_Self,0
2025-06-20,2615,655764,Investment_Trust,49000
2025-06-20,2615,24000,Dealer_self,271655
2025-06-20,2615,75176,Dealer_Hedging,161438
2025-06-23,2615,3774275,Foreign_Investor,3151346
2025-06-23,2615,0,Foreign_Dealer_Self,0
2025-06-23,2615,693000,Investment_Trust,91310
2025-06-23,2615,206178,Dealer_self,69000
2025-06-23,2615,188383,Dealer_Hedging,113671
2025-06-24,2615,5498022,Foreign_Investor,4747005
2025-06-24,2615,0,Foreign_Dealer_Self,0
2025-06-24,2615,0,Investment_Trust,168252
2025-06-24,2615,27000,Dealer_self,158000
2025-06-24,2615,121984,Dealer_Hedging,244902
2025-06-25,2615,4307733,Foreign_Investor,2123074
2025-06-25,2615,0,Foreign_Dealer_Self,0
2025-06-25,2615,178000,Investment_Trust,37852
2025-06-25,2615,4000,Dealer_self,18000
2025-06-25,2615,128050,Dealer_Hedging,82809
2025-06-26,2615,2995373,Foreign_Investor,5352363
2025-06-26,2615,0,Foreign_Dealer_Self,0
2025-06-26,2615,145000,Investment_Trust,44603
2025-06-26,2615,2319,Dealer_self,920999
2025-06-26,2615,132450,Dealer_Hedging,94733
2025-06-27,2615,4406696,Foreign_Investor,3887110
2025-06-27,2615,0,Foreign_Dealer_Self,0
2025-06-27,2615,126000,Investment_Trust,91738
2025-06-27,2615,1000,Dealer_self,615000
2025-06-27,2615,73002,Dealer_Hedging,98319
2025-06-30,2615,5871544,Foreign_Investor,5041439
2025-06-30,2615,0,Foreign_Dealer_Self,0
2025-06-30,2615,622,Investment_Trust,14757
2025-06-30,2615,35000,Dealer_self,135206
2025-06-30,2615,67945,Dealer_Hedging,111375
2025-07-01,2615,6963616,Foreign_Investor,7949167
2025-07-01,2615,0,Foreign_Dealer_Self,0
2025-07-01,2615,6624,Investment_Trust,0
2025-07-01,2615,207000,Dealer_self,145697
2025-07-01,2615,241806,Dealer_Hedging,86696
2025-07-02,2615,4830981,Foreign_Investor,4519771
2025-07-02,2615,0,Foreign_Dealer_Self,0
2025-07-02,2615,4000,Investment_Trust,23914
2025-07-02,2615,45000,Dealer_self,222601
2025-07-02,2615,45723,Dealer_Hedging,219997
2025-07-03,2615,2937000,Foreign_Investor,2699915
2025-07-03,2615,0,Foreign_Dealer_Self,0
2025-07-03,2615,2000,Investment_Trust,8389
2025-07-03,2615,95000,Dealer_self,51452
2025-07-03,2615,30423,Dealer_Hedging,53197
2025-07-04,2615,1982590,Foreign_Investor,3354000
2025-07-04,2615,0,Foreign_Dealer_Self,0
2025-07-04,2615,0,Investment_Trust,10950
2025-07-04,2615,136000,Dealer_self,42995
2025-07-04,2615,55000,Dealer_Hedging,102400
2025-07-07,2615,3343631,Foreign_Investor,3147047
2025-07-07,2615,0,Foreign_Dealer_Self,0
2025-07-07,2615,0,Investment_Trust,430252
2025-07-07,2615,194000,Dealer_self,135394
2025-07-07,2615,116082,Dealer_Hedging,74519
2025-07-08,2615,2694427,Foreign_Investor,3826000
2025-07-08,2615,0,Foreign_Dealer_Self,0
2025-07-08,2615,3146,Investment_Trust,47000
2025-07-08,2615,295000,Dealer_self,16289
2025-07-08,2615,120848,Dealer_Hedging,70422
2025-07-09,2615,0,Foreign_Dealer_Self,0
2025-07-09,2615,2000,Investment_Trust,33983
2025-07-09,2615,78000,Dealer_self,22000
2025-07-09,2615,159922,Dealer_Hedging,142017
2025-07-09,2615,4525034,Foreign_Investor,3749105
2025-07-10,2615,1867078,Foreign_Investor,4317739
2025-07-10,2615,0,Foreign_Dealer_Self,0
2025-07-10,2615,0,Investment_Trust,82000
2025-07-10,2615,120000,Dealer_self,242009
2025-07-10,2615,83000,Dealer_Hedging,68511
2025-07-11,2615,2205052,Foreign_Investor,3154856
2025-07-11,2615,0,Foreign_Dealer_Self,0
2025-07-11,2615,19000,Investment_Trust,123000
2025-07-11,2615,53000,Dealer_self,58117
2025-07-11,2615,34333,Dealer_Hedging,37648
2025-07-14,2615,2417279,Foreign_Investor,2577574
2025-07-14,2615,0,Foreign_Dealer_Self,0
2025-07-14,2615,0,Investment_Trust,50800
2025-07-14,2615,67000,Dealer_self,106110
2025-07-14,2615,104133,Dealer_Hedging,54309
2025-07-15,2615,2165053,Foreign_Investor,2807815
2025-07-15,2615,0,Foreign_Dealer_Self,0
2025-07-15,2615,0,Investment_Trust,53497
2025-07-15,2615,223000,Dealer_self,111000
2025-07-15,2615,213000,Dealer_Hedging,52692
2025-07-16,2615,4245696,Foreign_Investor,6804792
2025-07-16,2615,0,Foreign_Dealer_Self,0
2025-07-16,2615,2253,Investment_Trust,1155246
2025-07-16,2615,410050,Dealer_self,80280
2025-07-16,2615,1149147,Dealer_Hedging,261576
2025-07-17,2615,1779614,Foreign_Investor,5905576
2025-07-17,2615,0,Foreign_Dealer_Self,0
2025-07-17,2615,1214,Investment_Trust,149896
2025-07-17,2615,63000,Dealer_self,8000
2025-07-17,2615,159234,Dealer_Hedging,363554
2025-07-18,2615,2663265,Foreign_Investor,3672500
2025-07-18,2615,0,Foreign_Dealer_Self,0
2025-07-18,2615,0,Investment_Trust,30315
2025-07-18,2615,44000,Dealer_self,137000
2025-07-18,2615,35133,Dealer_Hedging,151078
2025-07-21,2615,1767967,Foreign_Investor,3160401
2025-07-21,2615,0,Foreign_Dealer_Self,0
2025-07-21,2615,0,Investment_Trust,29000
2025-07-21,2615,77000,Dealer_self,32021
2025-07-21,2615,94718,Dealer_Hedging,97065
2025-07-22,2615,1088000,Foreign_Investor,2724730
2025-07-22,2615,0,Foreign_Dealer_Self,0
2025-07-22,2615,303,Investment_Trust,69368
2025-07-22,2615,113000,Dealer_self,133000
2025-07-22,2615,59000,Dealer_Hedging,112502
2025-07-23,2615,3603674,Foreign_Investor,1606060
2025-07-23,2615,0,Foreign_Dealer_Self,0
2025-07-23,2615,0,Investment_Trust,61000
2025-07-23,2615,323000,Dealer_self,53125
2025-07-23,2615,88854,Dealer_Hedging,69999
2025-07-24,2615,3875880,Foreign_Investor,4554241
2025-07-24,2615,0,Foreign_Dealer_Self,0
2025-07-24,2615,0,Investment_Trust,38014
2025-07-24,2615,172000,Dealer_self,122000
2025-07-24,2615,101262,Dealer_Hedging,28350
2025-07-25,2615,1870740,Foreign_Investor,3417701
2025-07-25,2615,0,Foreign_Dealer_Self,0
2025-07-25,2615,1000,Investment_Trust,73260
2025-07-25,2615,84000,Dealer_self,63000
2025-07-25,2615,60175,Dealer_Hedging,119436
2025-07-28,2615,1661131,Foreign_Investor,1905258
2025-07-28,2615,0,Foreign_Dealer_Self,0
2025-07-28,2615,0,Investment_Trust,32753
2025-07-28,2615,107000,Dealer_self,156000
2025-07-28,2615,35373,Dealer_Hedging,27822
2025-07-29,2615,739168,Foreign_Investor,1998000
2025-07-29,2615,0,Foreign_Dealer_Self,0
2025-07-29,2615,6000,Investment_Trust,59636
2025-07-29,2615,22000,Dealer_self,66033
2025-07-29,2615,98546,Dealer_Hedging,36212
2025-07-30,2615,1198234,Foreign_Investor,2339105
2025-07-30,2615,0,Foreign_Dealer_Self,0
2025-07-30,2615,0,Investment_Trust,39000
2025-07-30,2615,135000,Dealer_self,23000
2025-07-30,2615,275000,Dealer_Hedging,94108
2025-07-31,2615,2308094,Foreign_Investor,6605401
2025-07-31,2615,0,Foreign_Dealer_Self,0
2025-07-31,2615,0,Investment_Trust,95126
2025-07-31,2615,116000,Dealer_self,135447
2025-07-31,2615,166000,Dealer_Hedging,133034
2025-08-01,2615,2875148,Foreign_Investor,3448796
2025-08-01,2615,0,Foreign_Dealer_Self,0
2025-08-01,2615,0,Investment_Trust,23631
2025-08-01,2615,73000,Dealer_self,250636
2025-08-01,2615,167517,Dealer_Hedging,89071
2025-08-04,2615,867012,Foreign_Investor,4037590
2025-08-04,2615,0,Foreign_Dealer_Self,0
2025-08-04,2615,0,Investment_Trust,31000
2025-08-04,2615,91000,Dealer_self,116706
2025-08-04,2615,129000,Dealer_Hedging,183200
2025-08-05,2615,1054221,Foreign_Investor,2532787
2025-08-05,2615,0,Foreign_Dealer_Self,0
2025-08-05,2615,0,Investment_Trust,45167
2025-08-05,2615,109000,Dealer_self,24000
2025-08-05,2615,81000,Dealer_Hedging,15998
2025-08-06,2615,926290,Foreign_Investor,4082742
2025-08-06,2615,0,Foreign_Dealer_Self,0
2025-08-06,2615,31000,Investment_Trust,39182
2025-08-06,2615,142000,Dealer_self,14331
2025-08-06,2615,105000,Dealer_Hedging,48492
2025-08-07,2615,1735224,Foreign_Investor,1352353
2025-08-07,2615,0,Foreign_Dealer_Self,0
2025-08-07,2615,0,Investment_Trust,28292
2025-08-07,2615,100000,Dealer_self,85000
2025-08-07,2615,33000,Dealer_Hedging,25884
2025-08-08,2615,1157090,Foreign_Investor,2408939
2025-08-08,2615,0,Foreign_Dealer_Self,0
2025-08-08,2615,39000,Investment_Trust,61304
2025-08-08,2615,178000,Dealer_self,77000
2025-08-08,2615,70686,Dealer_Hedging,40000
2025-08-11,2615,611335,Foreign_Investor,2005000
2025-08-11,2615,0,Foreign_Dealer_Self,0
2025-08-11,2615,5000,Investment_Trust,24473
2025-08-11,2615,18000,Dealer_self,22049
2025-08-11,2615,46000,Dealer_Hedging,50191
2025-08-12,2615,3503102,Foreign_Investor,5291000
2025-08-12,2615,0,Foreign_Dealer_Self,0
2025-08-12,2615,15000,Investment_Trust,17304
2025-08-12,2615,550271,Dealer_self,324000
2025-08-12,2615,562805,Dealer_Hedging,367988
2025-08-13,2615,1637006,Foreign_Investor,3643500
2025-08-13,2615,0,Foreign_Dealer_Self,0
2025-08-13,2615,0,Investment_Trust,50271
2025-08-13,2615,164000,Dealer_self,288271
2025-08-13,2615,137530,Dealer_Hedging,237264
2025-08-14,2615,2464829,Foreign_Investor,5043993
2025-08-14,2615,0,Foreign_Dealer_Self,0
2025-08-14,2615,305,Investment_Trust,39135
2025-08-14,2615,92000,Dealer_self,14065
2025-08-14,2615,58000,Dealer_Hedging,49780
2025-08-15,2615,951173,Foreign_Investor,5460347
2025-08-15,2615,0,Foreign_Dealer_Self,0
2025-08-15,2615,7000,Investment_Trust,22432
2025-08-15,2615,206000,Dealer_self,107375
2025-08-15,2615,141451,Dealer_Hedging,65332
2025-08-18,2615,2074228,Foreign_Investor,5378967
2025-08-18,2615,0,Foreign_Dealer_Self,0
2025-08-18,2615,1200609,Investment_Trust,13135
2025-08-18,2615,64000,Dealer_self,300462
2025-08-18,2615,92771,Dealer_Hedging,128471
2025-08-19,2615,1582555,Foreign_Investor,9588650
2025-08-19,2615,0,Foreign_Dealer_Self,0
2025-08-19,2615,305,Investment_Trust,765000
2025-08-19,2615,31000,Dealer_self,125724
2025-08-19,2615,143051,Dealer_Hedging,446685
2025-08-20,2615,2681360,Foreign_Investor,6791986
2025-08-20,2615,0,Foreign_Dealer_Self,0
2025-08-20,2615,1209609,Investment_Trust,0
2025-08-20,2615,118000,Dealer_self,109755
2025-08-20,2615,471687,Dealer_Hedging,164430
2025-08-21,2615,2666955,Foreign_Investor,5126100
2025-08-21,2615,0,Foreign_Dealer_Self,0
2025-08-21,2615,305,Investment_Trust,42000
2025-08-21,2615,8000,Dealer_self,55100
2025-08-21,2615,60000,Dealer_Hedging,111351
2025-08-22,2615,2596982,Foreign_Investor,4279589
2025-08-22,2615,0,Foreign_Dealer_Self,0
2025-08-22,2615,0,Investment_Trust,21135
2025-08-22,2615,23000,Dealer_self,126422
2025-08-22,2615,41000,Dealer_Hedging,247981
2025-08-25,2615,3139191,Foreign_Investor,4162000
2025-08-25,2615,0,Foreign_Dealer_Self,0
2025-08-25,2615,677,Investment_Trust,15271
2025-08-25,2615,9000,Dealer_self,42068
2025-08-25,2615,41493,Dealer_Hedging,56570
2025-08-26,2615,4278000,Foreign_Investor,6220728
2025-08-26,2615,0,Foreign_Dealer_Self,0
2025-08-26,2615,32,Investment_Trust,65000
2025-08-26,2615,1000,Dealer_self,99348
2025-08-26,2615,25056,Dealer_Hedging,15483
2025-08-27,2615,2889555,Foreign_Investor,3622077
2025-08-27,2615,0,Foreign_Dealer_Self,0
2025-08-27,2615,0,Investment_Trust,43000
2025-08-27,2615,135000,Dealer_self,33183
2025-08-27,2615,35000,Dealer_Hedging,23672
2025-08-28,2615,3653617,Foreign_Investor,4789000
2025-08-28,2615,0,Foreign_Dealer_Self,0
2025-08-28,2615,156000,Dealer_self,76799
2025-08-28,2615,141771,Dealer_Hedging,86187
2025-08-28,2615,7000,Investment_Trust,28671
2025-08-29,2615,1508919,Foreign_Investor,4775711
2025-08-29,2615,0,Foreign_Dealer_Self,0
2025-08-29,2615,0,Investment_Trust,39000
2025-08-29,2615,68000,Dealer_self,321685
2025-08-29,2615,45000,Dealer_Hedging,356709
2025-09-01,2615,1337412,Foreign_Investor,3274160
2025-09-01,2615,0,Foreign_Dealer_Self,0
2025-09-01,2615,332,Investment_Trust,20000
2025-09-01,2615,220000,Dealer_self,78516
2025-09-01,2615,21000,Dealer_Hedging,37438
2025-09-02,2615,2958545,Foreign_Investor,2842850
2025-09-02,2615,0,Foreign_Dealer_Self,0
2025-09-02,2615,0,Investment_Trust,8000
2025-09-02,2615,221000,Dealer_self,221372
2025-09-02,2615,10000,Dealer_Hedging,54889
2025-09-03,2615,1409152,Foreign_Investor,1382800
2025-09-03,2615,0,Foreign_Dealer_Self,0
2025-09-03,2615,0,Investment_Trust,28000
2025-09-03,2615,24000,Dealer_self,100000
2025-09-03,2615,14000,Dealer_Hedging,51000
2025-09-04,2615,2553727,Foreign_Investor,2451392
2025-09-04,2615,0,Foreign_Dealer_Self,0
2025-09-04,2615,513000,Investment_Trust,14926
2025-09-04,2615,49000,Dealer_self,78416
2025-09-04,2615,42707,Dealer_Hedging,36000
2025-09-05,2615,2028900,Foreign_Investor,2424000
2025-09-05,2615,0,Foreign_Dealer_Self,0
2025-09-05,2615,165000,Investment_Trust,102137
2025-09-05,2615,99000,Dealer_self,5566
2025-09-05,2615,5219,Dealer_Hedging,36707
2025-09-08,2615,0,Foreign_Dealer_Self,0
2025-09-08,2615,141000,Investment_Trust,32779
2025-09-08,2615,34000,Dealer_self,108191
2025-09-08,2615,25000,Dealer_Hedging,15218
2025-09-08,2615,2087917,Foreign_Investor,1628000
2025-09-09,2615,1191830,Foreign_Investor,2616050
2025-09-09,2615,0,Foreign_Dealer_Self,0
2025-09-09,2615,0,Investment_Trust,33926
2025-09-09,2615,21000,Dealer_self,35626
2025-09-09,2615,10000,Dealer_Hedging,35000
2025-09-10,2615,3085385,Foreign_Investor,2242250
2025-09-10,2615,0,Foreign_Dealer_Self,0
2025-09-10,2615,0,Investment_Trust,68789
2025-09-10,2615,77000,Dealer_self,51432
2025-09-10,2615,53176,Dealer_Hedging,74838
2025-09-11,2615,1637680,Foreign_Investor,3494000
2025-09-11,2615,0,Foreign_Dealer_Self,0
2025-09-11,2615,0,Investment_Trust,126789
2025-09-11,2615,88000,Dealer_self,323356
2025-09-11,2615,14000,Dealer_Hedging,120589
2025-09-12,2615,2326344,Foreign_Investor,1508000
2025-09-12,2615,0,Foreign_Dealer_Self,0
2025-09-12,2615,0,Investment_Trust,49063
2025-09-12,2615,65000,Dealer_self,19000
2025-09-12,2615,48413,Dealer_Hedging,26997
2025-09-15,2615,1407630,Foreign_Investor,1921600
2025-09-15,2615,0,Foreign_Dealer_Self,0
2025-09-15,2615,0,Investment_Trust,23789
2025-09-15,2615,247000,Dealer_self,14526
2025-09-15,2615,89000,Dealer_Hedging,34688
2025-09-16,2615,1761608,Foreign_Investor,1588319
2025-09-16,2615,0,Foreign_Dealer_Self,0
2025-09-16,2615,131005,Investment_Trust,120000
2025-09-16,2615,66000,Dealer_self,8493
2025-09-16,2615,72003,Dealer_Hedging,12253
2025-09-17,2615,1548200,Foreign_Investor,2824100
2025-09-17,2615,0,Foreign_Dealer_Self,0
2025-09-17,2615,243000,Investment_Trust,33073
2025-09-17,2615,11000,Dealer_self,48279
2025-09-17,2615,157000,Dealer_Hedging,80002
2025-09-18,2615,1687036,Foreign_Investor,968400
2025-09-18,2615,0,Foreign_Dealer_Self,0
2025-09-18,2615,164000,Investment_Trust,342000
2025-09-18,2615,100000,Dealer_self,16000
2025-09-18,2615,32049,Dealer_Hedging,33402
2025-09-19,2615,0,Foreign_Dealer_Self,0
2025-09-19,2615,373,Investment_Trust,536421
2025-09-19,2615,372000,Dealer_self,63000
2025-09-19,2615,114827,Dealer_Hedging,106175
2025-09-19,2615,3304865,Foreign_Investor,3303188
2025-09-22,2615,1543275,Foreign_Investor,5268241
2025-09-22,2615,0,Foreign_Dealer_Self,0
2025-09-22,2615,0,Investment_Trust,34003
2025-09-22,2615,88670,Dealer_self,317889
2025-09-22,2615,17000,Dealer_Hedging,110212
2025-09-23,2615,1028616,Foreign_Investor,2507666
2025-09-23,2615,0,Foreign_Dealer_Self,0
2025-09-23,2615,0,Investment_Trust,222789
2025-09-23,2615,42000,Dealer_self,281591
2025-09-23,2615,10000,Dealer_Hedging,27906
2025-09-24,2615,1747064,Foreign_Investor,2432535
2025-09-24,2615,0,Foreign_Dealer_Self,0
2025-09-24,2615,0,Investment_Trust,828510
2025-09-24,2615,132000,Dealer_self,40222
2025-09-24,2615,33000,Dealer_Hedging,35000
2025-09-25,2615,2318604,Foreign_Investor,2840708
2025-09-25,2615,0,Foreign_Dealer_Self,0
2025-09-25,2615,0,Investment_Trust,1077789
2025-09-25,2615,137000,Dealer_self,11550
2025-09-25,2615,39147,Dealer_Hedging,20000
2025-09-26,2615,2487830,Foreign_Investor,2603000
2025-09-26,2615,0,Foreign_Dealer_Self,0
2025-09-26,2615,0,Investment_Trust,1014789
2025-09-26,2615,103000,Dealer_self,168450
2025-09-26,2615,79000,Dealer_Hedging,65147
2025-09-30,2615,0,Foreign_Dealer_Self,0
2025-09-30,2615,604,Investment_Trust,2000
2025-09-30,2615,133000,Dealer_self,26064
2025-09-30,2615,35001,Dealer_Hedging,41000
2025-09-30,2615,2609109,Foreign_Investor,2455101
2025-10-01,2615,1018723,Foreign_Investor,1468947
2025-10-01,2615,0,Foreign_Dealer_Self,0
2025-10-01,2615,0,Investment_Trust,23789
2025-10-01,2615,175000,Dealer_self,75741
2025-10-01,2615,51000,Dealer_Hedging,41997
2025-10-02,2615,1410110,Foreign_Investor,1169000
2025-10-02,2615,0,Foreign_Dealer_Self,0
2025-10-02,2615,4314,Investment_Trust,821789
2025-10-02,2615,82000,Dealer_self,58471
2025-10-02,2615,7000,Dealer_Hedging,20000
2025-10-03,2615,1569233,Foreign_Investor,2513000
2025-10-03,2615,0,Foreign_Dealer_Self,0
2025-10-03,2615,5000,Investment_Trust,10000
2025-10-03,2615,27000,Dealer_self,45337
2025-10-03,2615,10054,Dealer_Hedging,1022
2025-10-07,2615,1987000,Foreign_Investor,1205063
2025-10-07,2615,0,Foreign_Dealer_Self,0
2025-10-07,2615,0,Investment_Trust,945865
2025-10-07,2615,106000,Dealer_self,9598
2025-10-07,2615,21000,Dealer_Hedging,8054
2025-10-08,2615,1995624,Foreign_Investor,1061865
2025-10-08,2615,0,Foreign_Dealer_Self,0
2025-10-08,2615,17000,Investment_Trust,982577
2025-10-08,2615,17000,Dealer_self,20000
2025-10-08,2615,39979,Dealer_Hedging,18000
2025-10-09,2615,2616610,Foreign_Investor,1485820
2025-10-09,2615,0,Foreign_Dealer_Self,0
2025-10-09,2615,15000,Investment_Trust,1031366
2025-10-09,2615,5000,Dealer_self,80000
2025-10-09,2615,28000,Dealer_Hedging,17795
2025-10-13,2615,3696324,Foreign_Investor,4677621
2025-10-13,2615,0,Foreign_Dealer_Self,0
2025-10-13,2615,7000,Investment_Trust,15865
2025-10-13,2615,263000,Dealer_self,131402
2025-10-13,2615,161659,Dealer_Hedging,31427
2025-10-14,2615,0,Foreign_Dealer_Self,0
2025-10-14,2615,13,Investment_Trust,2017788
2025-10-14,2615,770103,Dealer_self,241387
2025-10-14,2615,409043,Dealer_Hedging,129653
2025-10-14,2615,8343330,Foreign_Investor,11102095
2025-10-15,2615,10548129,Foreign_Investor,9356879
2025-10-15,2615,0,Foreign_Dealer_Self,0
2025-10-15,2615,16000,Investment_Trust,0
2025-10-15,2615,206000,Dealer_self,538098
2025-10-15,2615,143159,Dealer_Hedging,367642
2025-10-16,2615,3729452,Foreign_Investor,4031716
2025-10-16,2615,0,Foreign_Dealer_Self,0
2025-10-16,2615,0,Investment_Trust,1117000
2025-10-16,2615,92000,Dealer_self,166187
2025-10-16,2615,27906,Dealer_Hedging,56846
2025-10-17,2615,7272381,Foreign_Investor,7170019
2025-10-17,2615,0,Foreign_Dealer_Self,0
2025-10-17,2615,0,Investment_Trust,2555000
2025-10-17,2615,308000,Dealer_self,298875
2025-10-17,2615,273183,Dealer_Hedging,203944
2025-10-20,2615,1404895,Foreign_Investor,3356235
2025-10-20,2615,0,Foreign_Dealer_Self,0
2025-10-20,2615,169000,Investment_Trust,1856000
2025-10-20,2615,101000,Dealer_self,72347
2025-10-20,2615,153299,Dealer_Hedging,97366
2025-10-21,2615,1881125,Foreign_Investor,4535742
2025-10-21,2615,0,Foreign_Dealer_Self,0
2025-10-21,2615,0,Investment_Trust,2607000
2025-10-21,2615,92000,Dealer_self,79162
2025-10-21,2615,122000,Dealer_Hedging,159255
2025-10-22,2615,3651428,Foreign_Investor,4246500
2025-10-22,2615,0,Foreign_Dealer_Self,0
2025-10-22,2615,0,Investment_Trust,2528797
2025-10-22,2615,93000,Dealer_self,90230
2025-10-22,2615,221224,Dealer_Hedging,108185
2025-10-23,2615,1048517,Foreign_Investor,2749000
2025-10-23,2615,0,Foreign_Dealer_Self,0
2025-10-23,2615,0,Investment_Trust,2337000
2025-10-23,2615,41000,Dealer_self,85395
2025-10-23,2615,187134,Dealer_Hedging,103427
2025-10-27,2615,3257561,Foreign_Investor,1448795
2025-10-27,2615,0,Foreign_Dealer_Self,0
2025-10-27,2615,0,Investment_Trust,2230146
2025-10-27,2615,161000,Dealer_self,85680
2025-10-27,2615,107272,Dealer_Hedging,24038
2025-10-28,2615,1802194,Foreign_Investor,1473710
2025-10-28,2615,0,Foreign_Dealer_Self,0
2025-10-28,2615,0,Investment_Trust,25000
2025-10-28,2615,35000,Dealer_self,9000
2025-10-28,2615,53129,Dealer_Hedging,62260
2025-10-29,2615,4560944,Foreign_Investor,2072000
2025-10-29,2615,0,Foreign_Dealer_Self,0
2025-10-29,2615,2000,Investment_Trust,2022000
2025-10-29,2615,317000,Dealer_self,93752
2025-10-29,2615,288904,Dealer_Hedging,123060
2025-10-30,2615,9264000,Foreign_Investor,10572525
2025-10-30,2615,0,Foreign_Dealer_Self,0
2025-10-30,2615,0,Investment_Trust,3034797
2025-10-30,2615,1937729,Dealer_self,652507
2025-10-30,2615,1440693,Dealer_Hedging,512415
2025-10-31,2615,7630265,Foreign_Investor,8791165
2025-10-31,2615,0,Foreign_Dealer_Self,0
2025-10-31,2615,0,Investment_Trust,2048356
2025-10-31,2615,527000,Dealer_self,1732202
2025-10-31,2615,315342,Dealer_Hedging,875512
2025-11-03,2615,3629000,Foreign_Investor,4577245
2025-11-03,2615,0,Foreign_Dealer_Self,0
2025-11-03,2615,0,Investment_Trust,12712
2025-11-03,2615,158000,Dealer_self,320138
2025-11-03,2615,109701,Dealer_Hedging,147971
2025-11-04,2615,3941070,Foreign_Investor,2997276
2025-11-04,2615,0,Foreign_Dealer_Self,0
2025-11-04,2615,0,Investment_Trust,1797
2025-11-04,2615,55000,Dealer_self,82018
2025-11-04,2615,52983,Dealer_Hedging,115461
2025-11-05,2615,2709204,Foreign_Investor,4643287
2025-11-05,2615,0,Foreign_Dealer_Self,0
2025-11-05,2615,1000,Investment_Trust,712
2025-11-05,2615,3000,Dealer_self,185957
2025-11-05,2615,96597,Dealer_Hedging,99188
2025-11-06,2615,4754000,Foreign_Investor,1852400
2025-11-06,2615,0,Foreign_Dealer_Self,0
2025-11-06,2615,47000,Investment_Trust,22000
2025-11-06,2615,148000,Dealer_self,140000
2025-11-06,2615,241825,Dealer_Hedging,26866
2025-11-07,2615,3749500,Foreign_Investor,2832649
2025-11-07,2615,0,Foreign_Dealer_Self,0
2025-11-07,2615,0,Investment_Trust,25000
2025-11-07,2615,49000,Dealer_self,196000
2025-11-07,2615,289897,Dealer_Hedging,95518
2025-11-10,2615,3550476,Foreign_Investor,3047018
2025-11-10,2615,0,Foreign_Dealer_Self,0
2025-11-10,2615,1308,Investment_Trust,9000
2025-11-10,2615,27000,Dealer_self,39556
2025-11-10,2615,84091,Dealer_Hedging,195772
2025-11-11,2615,2229664,Foreign_Investor,1636882
2025-11-11,2615,0,Foreign_Dealer_Self,0
2025-11-11,2615,0,Investment_Trust,3594
2025-11-11,2615,21000,Dealer_self,9277
2025-11-11,2615,97000,Dealer_Hedging,397509
2025-11-12,2615,8756481,Foreign_Investor,6869284
2025-11-12,2615,0,Foreign_Dealer_Self,0
2025-11-12,2615,0,Investment_Trust,48594
2025-11-12,2615,544684,Dealer_self,398712
2025-11-12,2615,380641,Dealer_Hedging,163058
2025-11-13,2615,10154373,Foreign_Investor,3163000
2025-11-13,2615,0,Foreign_Dealer_Self,0
2025-11-13,2615,0,Investment_Trust,52798
2025-11-13,2615,252000,Dealer_self,70000
2025-11-13,2615,203075,Dealer_Hedging,159140
2025-11-14,2615,14152050,Foreign_Investor,10328275
2025-11-14,2615,0,Foreign_Dealer_Self,0
2025-11-14,2615,0,Investment_Trust,6550000
2025-11-14,2615,64095,Dealer_self,83015
2025-11-14,2615,573185,Dealer_Hedging,224558
2025-11-17,2615,13430727,Foreign_Investor,7464012
2025-11-17,2615,0,Foreign_Dealer_Self,0
2025-11-17,2615,2616,Investment_Trust,9937578
2025-11-17,2615,40000,Dealer_self,55233
2025-11-17,2615,98940,Dealer_Hedging,274125
2025-11-18,2615,28647055,Foreign_Investor,6637020
2025-11-18,2615,0,Foreign_Dealer_Self,0
2025-11-18,2615,0,Investment_Trust,14434000
2025-11-18,2615,119000,Dealer_self,114020
2025-11-18,2615,564320,Dealer_Hedging,236281
2025-11-19,2615,23376184,Foreign_Investor,13510480
2025-11-19,2615,0,Foreign_Dealer_Self,0
2025-11-19,2615,3308,Investment_Trust,18640000
2025-11-19,2615,309000,Dealer_self,31010
2025-11-19,2615,820587,Dealer_Hedging,193245
2025-11-20,2615,24370389,Foreign_Investor,8715050
2025-11-20,2615,0,Foreign_Dealer_Self,0
2025-11-20,2615,11616,Investment_Trust,20015000
2025-11-20,2615,26000,Dealer_self,1000
2025-11-20,2615,94262,Dealer_Hedging,90267
2025-11-21,2615,25794305,Foreign_Investor,12087810
2025-11-21,2615,0,Foreign_Dealer_Self,0
2025-11-21,2615,240000,Investment_Trust,22172000
2025-11-21,2615,246000,Dealer_self,131224
2025-11-21,2615,326793,Dealer_Hedging,341515
2025-11-24,2615,26548866,Foreign_Investor,10591838
2025-11-24,2615,0,Foreign_Dealer_Self,0
2025-11-24,2615,15000,Investment_Trust,20357045
2025-11-24,2615,278000,Dealer_self,150769
2025-11-24,2615,313212,Dealer_Hedging,223418
2025-11-25,2615,11717251,Foreign_Investor,2639483
2025-11-25,2615,0,Foreign_Dealer_Self,0
2025-11-25,2615,0,Investment_Trust,14216000
2025-11-25,2615,70000,Dealer_self,87795
2025-11-25,2615,123490,Dealer_Hedging,41725
2025-11-26,2615,15574141,Foreign_Investor,4982910
2025-11-26,2615,0,Foreign_Dealer_Self,0
2025-11-26,2615,4308,Investment_Trust,120871
2025-11-26,2615,278044,Dealer_self,156000
2025-11-26,2615,401169,Dealer_Hedging,42385
2025-11-27,2615,2344682,Foreign_Investor,7483250
2025-11-27,2615,0,Foreign_Dealer_Self,0
2025-11-27,2615,0,Investment_Trust,538390
2025-11-27,2615,37000,Dealer_self,104000
2025-11-27,2615,32158,Dealer_Hedging,141853
2025-11-28,2615,829000,Foreign_Investor,4253775
2025-11-28,2615,0,Foreign_Dealer_Self,0
2025-11-28,2615,1000,Investment_Trust,12000
2025-11-28,2615,246000,Dealer_self,17000
2025-11-28,2615,61000,Dealer_Hedging,38093
2025-12-01,2615,3184244,Foreign_Investor,3625200
2025-12-01,2615,0,Foreign_Dealer_Self,0
2025-12-01,2615,3000,Investment_Trust,570000
2025-12-01,2615,179811,Dealer_self,51000
2025-12-01,2615,142951,Dealer_Hedging,75040
2025-12-02,2615,2166563,Foreign_Investor,2940892
2025-12-02,2615,0,Foreign_Dealer_Self,0
2025-12-02,2615,2000,Investment_Trust,306000
2025-12-02,2615,72741,Dealer_self,2000
2025-12-02,2615,75781,Dealer_Hedging,62700
2025-12-03,2615,808063,Foreign_Investor,1481300
2025-12-03,2615,0,Foreign_Dealer_Self,0
2025-12-03,2615,0,Investment_Trust,297000
2025-12-03,2615,19000,Dealer_self,6000
2025-12-03,2615,23004,Dealer_Hedging,11369
2025-12-04,2615,3038233,Foreign_Investor,6657352
2025-12-04,2615,0,Foreign_Dealer_Self,0
2025-12-04,2615,0,Investment_Trust,153000
2025-12-04,2615,123000,Dealer_self,49000
2025-12-04,2615,48633,Dealer_Hedging,24550
2025-12-05,2615,2636949,Foreign_Investor,5959000
2025-12-05,2615,0,Foreign_Dealer_Self,0
2025-12-05,2615,0,Investment_Trust,57000
2025-12-05,2615,102000,Dealer_self,24070
2025-12-05,2615,28044,Dealer_Hedging,49748
2025-12-08,2615,0,Foreign_Dealer_Self,0
2025-12-08,2615,1000,Investment_Trust,13356
2025-12-08,2615,105000,Dealer_self,63462
2025-12-08,2615,87000,Dealer_Hedging,50800
2025-12-08,2615,1642796,Foreign_Investor,3578951
2025-12-09,2615,2892910,Foreign_Investor,3353502
2025-12-09,2615,0,Foreign_Dealer_Self,0
2025-12-09,2615,0,Investment_Trust,170000
2025-12-09,2615,24130,Dealer_self,30000
2025-12-09,2615,65000,Dealer_Hedging,24671
2025-12-10,2615,3576229,Foreign_Investor,3794000
2025-12-10,2615,0,Foreign_Dealer_Self,0
2025-12-10,2615,9,Investment_Trust,143540
2025-12-10,2615,51000,Dealer_self,43162
2025-12-10,2615,37465,Dealer_Hedging,20201
2025-12-11,2615,2233881,Foreign_Investor,2759664
2025-12-11,2615,0,Foreign_Dealer_Self,0
2025-12-11,2615,0,Investment_Trust,60698
2025-12-11,2615,14005,Dealer_self,29192
2025-12-11,2615,35201,Dealer_Hedging,49180
2025-12-12,2615,1967410,Foreign_Investor,3064559
2025-12-12,2615,0,Foreign_Dealer_Self,0
2025-12-12,2615,4000,Investment_Trust,712
2025-12-12,2615,76277,Dealer_self,34000
2025-12-12,2615,41000,Dealer_Hedging,12750
2025-12-15,2615,2921539,Foreign_Investor,4220000
2025-12-15,2615,0,Foreign_Dealer_Self,0
2025-12-15,2615,0,Investment_Trust,88000
2025-12-15,2615,603683,Dealer_self,498901
2025-12-15,2615,168000,Dealer_Hedging,17924
2025-12-16,2615,2007555,Foreign_Investor,4978561
2025-12-16,2615,0,Foreign_Dealer_Self,0
2025-12-16,2615,0,Investment_Trust,107000
2025-12-16,2615,594695,Dealer_self,95463
2025-12-16,2615,298000,Dealer_Hedging,165721
2025-12-17,2615,2430640,Foreign_Investor,4843000
2025-12-17,2615,0,Foreign_Dealer_Self,0
2025-12-17,2615,0,Investment_Trust,1797
2025-12-17,2615,246003,Dealer_self,553856
2025-12-17,2615,644709,Dealer_Hedging,232221
2025-12-18,2615,1958789,Foreign_Investor,6657000
2025-12-18,2615,0,Foreign_Dealer_Self,0
2025-12-18,2615,0,Investment_Trust,0
2025-12-18,2615,40000,Dealer_self,205429
2025-12-18,2615,77000,Dealer_Hedging,124151
2025-12-19,2615,16254334,Foreign_Investor,15414963
2025-12-19,2615,0,Foreign_Dealer_Self,0
2025-12-19,2615,306428,Investment_Trust,101000
2025-12-19,2615,24000,Dealer_self,26061
2025-12-19,2615,104373,Dealer_Hedging,36940
2025-12-22,2615,1629362,Foreign_Investor,2264851
2025-12-22,2615,0,Foreign_Dealer_Self,0
2025-12-22,2615,3000,Investment_Trust,11797
2025-12-22,2615,34000,Dealer_self,12000
2025-12-22,2615,58332,Dealer_Hedging,12324
2025-12-23,2615,1417801,Foreign_Investor,607224
2025-12-23,2615,0,Foreign_Dealer_Self,0
2025-12-23,2615,0,Investment_Trust,29000
2025-12-23,2615,10000,Dealer_self,14000
2025-12-23,2615,10304,Dealer_Hedging,57000
2025-12-24,2615,3558627,Foreign_Investor,5436622
2025-12-24,2615,0,Foreign_Dealer_Self,0
2025-12-24,2615,0,Investment_Trust,8265
2025-12-24,2615,86000,Dealer_self,180108
2025-12-24,2615,141617,Dealer_Hedging,135304
2025-12-26,2615,3795191,Foreign_Investor,1173000
2025-12-26,2615,0,Foreign_Dealer_Self,0
2025-12-26,2615,0,Investment_Trust,2000
2025-12-26,2615,64000,Dealer_self,18000
2025-12-26,2615,84832,Dealer_Hedging,30366
2025-12-29,2615,3067000,Foreign_Investor,1190302
2025-12-29,2615,0,Foreign_Dealer_Self,0
2025-12-29,2615,0,Investment_Trust,47712
2025-12-29,2615,23000,Dealer_self,32000
2025-12-29,2615,66752,Dealer_Hedging,36908
2025-12-30,2615,0,Foreign_Dealer_Self,0
2025-12-30,2615,0,Investment_Trust,159000
2025-12-30,2615,14000,Dealer_self,63000
2025-12-30,2615,23188,Dealer_Hedging,92843
2025-12-30,2615,917042,Foreign_Investor,1093000
2025-12-31,2615,740452,Foreign_Investor,1043860
2025-12-31,2615,0,Foreign_Dealer_Self,0
2025-12-31,2615,0,Investment_Trust,15462
2025-12-31,2615,0,Dealer_self,32000
2025-12-31,2615,15433,Dealer_Hedging,69342
2026-01-02,2615,3232726,Foreign_Investor,1644000
2026-01-02,2615,0,Foreign_Dealer_Self,0
2026-01-02,2615,312,Investment_Trust,0
2026-01-02,2615,113000,Dealer_self,22001
2026-01-02,2615,40355,Dealer_Hedging,9000
2026-01-05,2615,1616139,Foreign_Investor,4753920
2026-01-05,2615,0,Foreign_Dealer_Self,0
2026-01-05,2615,0,Investment_Trust,14137
2026-01-05,2615,2000,Dealer_self,48000
2026-01-05,2615,34339,Dealer_Hedging,47715
2026-01-06,2615,1412399,Foreign_Investor,2204000
2026-01-06,2615,0,Foreign_Dealer_Self,0
2026-01-06,2615,0,Investment_Trust,39000
2026-01-06,2615,7000,Dealer_self,31116
2026-01-06,2615,5225,Dealer_Hedging,6151
2026-01-07,2615,9435979,Foreign_Investor,1546806
2026-01-07,2615,0,Foreign_Dealer_Self,0
2026-01-07,2615,0,Investment_Trust,364521
2026-01-07,2615,43064,Dealer_self,10000
2026-01-07,2615,337306,Dealer_Hedging,5000
2026-01-08,2615,1643157,Foreign_Investor,4257069
2026-01-08,2615,0,Foreign_Dealer_Self,0
2026-01-08,2615,0,Investment_Trust,87779
2026-01-08,2615,2000,Dealer_self,10615
2026-01-08,2615,23000,Dealer_Hedging,86295
2026-01-09,2615,2081568,Foreign_Investor,2059298
2026-01-09,2615,0,Foreign_Dealer_Self,0
2026-01-09,2615,0,Investment_Trust,68982
2026-01-09,2615,32000,Dealer_self,10000
2026-01-09,2615,59821,Dealer_Hedging,15691
2026-01-12,2615,1531898,Foreign_Investor,1325000
2026-01-12,2615,0,Foreign_Dealer_Self,0
2026-01-12,2615,0,Investment_Trust,253625
2026-01-12,2615,2987,Dealer_self,10000
2026-01-12,2615,8918,Dealer_Hedging,40781
2026-01-13,2615,3201573,Foreign_Investor,2191000
2026-01-13,2615,0,Foreign_Dealer_Self,0
2026-01-13,2615,0,Investment_Trust,550872
2026-01-13,2615,18870,Dealer_self,11187
2026-01-13,2615,104771,Dealer_Hedging,22655
2026-01-14,2615,929949,Foreign_Investor,1133720
2026-01-14,2615,0,Foreign_Dealer_Self,0
2026-01-14,2615,0,Investment_Trust,163338
2026-01-14,2615,14000,Dealer_self,281000
2026-01-14,2615,236000,Dealer_Hedging,29300
2026-01-15,2615,1466779,Foreign_Investor,1387000
2026-01-15,2615,0,Foreign_Dealer_Self,0
2026-01-15,2615,0,Investment_Trust,996559
2026-01-15,2615,18000,Dealer_self,108000
2026-01-15,2615,39504,Dealer_Hedging,37480
2026-01-16,2615,2969868,Foreign_Investor,8645797
2026-01-16,2615,0,Foreign_Dealer_Self,0
2026-01-16,2615,0,Investment_Trust,1225870
2026-01-16,2615,7000,Dealer_self,268427
2026-01-16,2615,33903,Dealer_Hedging,457217
2026-01-19,2615,1572682,Foreign_Investor,3838385
2026-01-19,2615,0,Foreign_Dealer_Self,0
2026-01-19,2615,65000,Investment_Trust,413650
2026-01-19,2615,10000,Dealer_self,32116
2026-01-19,2615,145000,Dealer_Hedging,272186
2026-01-20,2615,3669152,Foreign_Investor,2439715
2026-01-20,2615,0,Foreign_Dealer_Self,0
2026-01-20,2615,0,Investment_Trust,878378
2026-01-20,2615,78819,Dealer_self,92000
2026-01-20,2615,190000,Dealer_Hedging,64632
2026-01-21,2615,2398286,Foreign_Investor,4348000
2026-01-21,2615,0,Foreign_Dealer_Self,0
2026-01-21,2615,0,Investment_Trust,369779
2026-01-21,2615,47000,Dealer_self,52000
2026-01-21,2615,129931,Dealer_Hedging,103201
2026-01-22,2615,2078399,Foreign_Investor,1594051
2026-01-22,2615,0,Foreign_Dealer_Self,0
2026-01-22,2615,0,Investment_Trust,366557
2026-01-22,2615,138467,Dealer_self,41998
2026-01-22,2615,92719,Dealer_Hedging,52353
2026-01-23,2615,1075013,Foreign_Investor,4865000
2026-01-23,2615,0,Foreign_Dealer_Self,0
2026-01-23,2615,0,Investment_Trust,348
2026-01-23,2615,20000,Dealer_self,21795
2026-01-23,2615,40000,Dealer_Hedging,81301
2026-01-26,2615,2073574,Foreign_Investor,3121000
2026-01-26,2615,0,Foreign_Dealer_Self,0
2026-01-26,2615,0,Investment_Trust,117648
2026-01-26,2615,6000,Dealer_self,82026
2026-01-26,2615,2000,Dealer_Hedging,164807
2026-01-27,2615,2182986,Foreign_Investor,3998000
2026-01-27,2615,0,Foreign_Dealer_Self,0
2026-01-27,2615,0,Investment_Trust,654170
2026-01-27,2615,16000,Dealer_self,6001
2026-01-27,2615,42000,Dealer_Hedging,51036
2026-01-28,2615,3137806,Foreign_Investor,2583063
2026-01-28,2615,0,Foreign_Dealer_Self,0
2026-01-28,2615,0,Investment_Trust,164779
2026-01-28,2615,22000,Dealer_self,0
2026-01-28,2615,92322,Dealer_Hedging,49051
2026-01-29,2615,2525424,Foreign_Investor,2612672
2026-01-29,2615,0,Foreign_Dealer_Self,0
2026-01-29,2615,0,Investment_Trust,222000
2026-01-29,2615,16000,Dealer_self,39020
2026-01-29,2615,34090,Dealer_Hedging,13675
2026-01-30,2615,4443209,Foreign_Investor,5277259
2026-01-30,2615,0,Foreign_Dealer_Self,0
2026-01-30,2615,0,Investment_Trust,33000
2026-01-30,2615,12000,Dealer_self,109909
2026-01-30,2615,24000,Dealer_Hedging,115604
2026-02-02,2615,3898916,Foreign_Investor,3005120
2026-02-02,2615,0,Foreign_Dealer_Self,0
2026-02-02,2615,287000,Investment_Trust,183348
2026-02-02,2615,14000,Dealer_self,69000
2026-02-02,2615,13198,Dealer_Hedging,35292
2026-02-03,2615,1893759,Foreign_Investor,1402000
2026-02-03,2615,0,Foreign_Dealer_Self,0
2026-02-03,2615,114000,Investment_Trust,167905
2026-02-03,2615,32000,Dealer_self,67357
2026-02-03,2615,14000,Dealer_Hedging,13123
2026-02-04,2615,0,Foreign_Dealer_Self,0
2026-02-04,2615,78000,Investment_Trust,140000
2026-02-04,2615,61000,Dealer_self,6000
2026-02-04,2615,93100,Dealer_Hedging,41287
2026-02-04,2615,2498936,Foreign_Investor,984968
2026-02-05,2615,1711847,Foreign_Investor,1024088
2026-02-05,2615,0,Foreign_Dealer_Self,0
2026-02-05,2615,105000,Investment_Trust,19779
2026-02-05,2615,29000,Dealer_self,17000
2026-02-05,2615,24258,Dealer_Hedging,18908
2026-02-06,2615,1900157,Foreign_Investor,2408821
2026-02-06,2615,0,Foreign_Dealer_Self,0
2026-02-06,2615,94000,Investment_Trust,16000
2026-02-06,2615,98000,Dealer_self,83001
2026-02-06,2615,13476,Dealer_Hedging,79023
2026-02-09,2615,1607494,Foreign_Investor,1159000
2026-02-09,2615,0,Foreign_Dealer_Self,0
2026-02-09,2615,0,Investment_Trust,66000
2026-02-09,2615,71000,Dealer_self,10000
2026-02-09,2615,8319,Dealer_Hedging,16297
2026-02-10,2615,1999592,Foreign_Investor,948567
2026-02-10,2615,0,Foreign_Dealer_Self,0
2026-02-10,2615,0,Investment_Trust,190779
2026-02-10,2615,154538,Dealer_self,73000
2026-02-10,2615,203267,Dealer_Hedging,120000
2026-02-11,2615,3047196,Foreign_Investor,1088914
2026-02-11,2615,0,Foreign_Dealer_Self,0
2026-02-11,2615,0,Investment_Trust,136000
2026-02-11,2615,153475,Dealer_self,51000
2026-02-11,2615,79901,Dealer_Hedging,23002
2026-02-23,2615,0,Foreign_Dealer_Self,0
2026-02-23,2615,0,Investment_Trust,8557
2026-02-23,2615,184000,Dealer_self,262000
2026-02-23,2615,259042,Dealer_Hedging,25000
2026-02-23,2615,5239162,Foreign_Investor,2325565
2026-02-24,2615,2225004,Foreign_Investor,2594000
2026-02-24,2615,0,Foreign_Dealer_Self,0
2026-02-24,2615,0,Investment_Trust,450127
2026-02-24,2615,162000,Dealer_self,3000
2026-02-24,2615,92642,Dealer_Hedging,21658
2026-02-25,2615,0,Foreign_Dealer_Self,0
2026-02-25,2615,0,Investment_Trust,314557
2026-02-25,2615,334000,Dealer_self,13000
2026-02-25,2615,245589,Dealer_Hedging,9000
2026-02-25,2615,6024789,Foreign_Investor,2953000
2026-02-26,2615,5665059,Foreign_Investor,4161452
2026-02-26,2615,0,Foreign_Dealer_Self,0
2026-02-26,2615,0,Investment_Trust,1249849
2026-02-26,2615,198000,Dealer_self,9000
2026-02-26,2615,124631,Dealer_Hedging,22000
2026-03-02,2615,9088065,Foreign_Investor,14020919
2026-03-02,2615,0,Foreign_Dealer_Self,0
2026-03-02,2615,7000,Investment_Trust,287359
2026-03-02,2615,348000,Dealer_self,305130
2026-03-02,2615,685877,Dealer_Hedging,332193
2026-03-03,2615,32169236,Foreign_Investor,22377897
2026-03-03,2615,0,Foreign_Dealer_Self,0
2026-03-03,2615,0,Investment_Trust,217000
2026-03-03,2615,394575,Dealer_self,46000
2026-03-03,2615,2121001,Dealer_Hedging,194012
2026-03-04,2615,29901101,Foreign_Investor,37005949
2026-03-04,2615,0,Foreign_Dealer_Self,0
2026-03-04,2615,0,Investment_Trust,25000
2026-03-04,2615,195814,Dealer_self,1136612
2026-03-04,2615,895902,Dealer_Hedging,2041730
2026-03-05,2615,11708564,Foreign_Investor,18653000
2026-03-05,2615,0,Foreign_Dealer_Self,0
2026-03-05,2615,0,Investment_Trust,101000
2026-03-05,2615,22000,Dealer_self,104239
2026-03-05,2615,187783,Dealer_Hedging,743045
2026-03-06,2615,7738100,Foreign_Investor,8775184
2026-03-06,2615,0,Foreign_Dealer_Self,0
2026-03-06,2615,1000,Investment_Trust,8000
2026-03-06,2615,109000,Dealer_self,62302
2026-03-06,2615,107188,Dealer_Hedging,152855
2026-03-09,2615,23783148,Foreign_Investor,24810226
2026-03-09,2615,0,Foreign_Dealer_Self,0
2026-03-09,2615,4312,Investment_Trust,0
2026-03-09,2615,319070,Dealer_self,364848
2026-03-09,2615,986542,Dealer_Hedging,355367
2026-03-10,2615,8059148,Foreign_Investor,9954211
2026-03-10,2615,0,Foreign_Dealer_Self,0
2026-03-10,2615,1312,Investment_Trust,18000
2026-03-10,2615,45000,Dealer_self,60105
2026-03-10,2615,39513,Dealer_Hedging,492367
2026-03-11,2615,9763794,Foreign_Investor,6734848
2026-03-11,2615,0,Foreign_Dealer_Self,0
2026-03-11,2615,2000,Investment_Trust,38760
2026-03-11,2615,207000,Dealer_self,151000
2026-03-11,2615,160047,Dealer_Hedging,71186
2026-03-12,2615,5455100,Foreign_Investor,6378317
2026-03-12,2615,0,Foreign_Dealer_Self,0
2026-03-12,2615,0,Investment_Trust,17760
2026-03-12,2615,10000,Dealer_self,264291
2026-03-12,2615,114636,Dealer_Hedging,146682
2026-03-13,2615,2014823,Foreign_Investor,4661670
2026-03-13,2615,0,Foreign_Dealer_Self,0
2026-03-13,2615,0,Investment_Trust,17000
2026-03-13,2615,25000,Dealer_self,98183
2026-03-13,2615,151088,Dealer_Hedging,188220
2026-03-16,2615,6438025,Foreign_Investor,4479466
2026-03-16,2615,0,Foreign_Dealer_Self,0
2026-03-16,2615,6,Investment_Trust,72000
2026-03-16,2615,615040,Dealer_self,34000
2026-03-16,2615,353048,Dealer_Hedging,133595
2026-03-17,2615,3092350,Foreign_Investor,2519975
2026-03-17,2615,0,Foreign_Dealer_Self,0
2026-03-17,2615,0,Investment_Trust,74000
2026-03-17,2615,200000,Dealer_self,0
2026-03-17,2615,63529,Dealer_Hedging,91867
2026-03-18,2615,3226500,Foreign_Investor,2875254
2026-03-18,2615,0,Foreign_Dealer_Self,0
2026-03-18,2615,5313,Investment_Trust,23760
2026-03-18,2615,732000,Dealer_self,20005
2026-03-18,2615,396600,Dealer_Hedging,45087
2026-03-19,2615,3674439,Foreign_Investor,5193882
2026-03-19,2615,0,Foreign_Dealer_Self,0
2026-03-19,2615,3000,Investment_Trust,16000
2026-03-19,2615,169000,Dealer_self,83000
2026-03-19,2615,89386,Dealer_Hedging,99642
2026-03-20,2615,0,Foreign_Dealer_Self,0
2026-03-20,2615,605304,Investment_Trust,33343883
2026-03-20,2615,10000,Dealer_self,91000
2026-03-20,2615,62796,Dealer_Hedging,47565
2026-03-20,2615,36529403,Foreign_Investor,2067196
2026-03-23,2615,3879290,Foreign_Investor,8352734
2026-03-23,2615,0,Foreign_Dealer_Self,0
2026-03-23,2615,6030,Investment_Trust,29664
2026-03-23,2615,10000,Dealer_self,298000
2026-03-23,2615,50001,Dealer_Hedging,343297
2026-03-24,2615,2289700,Foreign_Investor,2806527
2026-03-24,2615,0,Foreign_Dealer_Self,0
2026-03-24,2615,0,Investment_Trust,0
2026-03-24,2615,89000,Dealer_self,78926
2026-03-24,2615,26000,Dealer_Hedging,157495
2026-03-25,2615,2414000,Foreign_Investor,1349416
2026-03-25,2615,0,Foreign_Dealer_Self,0
2026-03-25,2615,0,Investment_Trust,16000
2026-03-25,2615,74000,Dealer_self,22000
2026-03-25,2615,87522,Dealer_Hedging,11884
2026-03-26,2615,1080074,Foreign_Investor,1346700
2026-03-26,2615,0,Foreign_Dealer_Self,0
2026-03-26,2615,0,Investment_Trust,4000
2026-03-26,2615,23000,Dealer_self,18000
2026-03-26,2615,20908,Dealer_Hedging,120343
2026-03-27,2615,2666500,Foreign_Investor,2049792
2026-03-27,2615,0,Foreign_Dealer_Self,0
2026-03-27,2615,0,Investment_Trust,61000
2026-03-27,2615,24000,Dealer_self,78000
2026-03-27,2615,87788,Dealer_Hedging,77978
2026-03-30,2615,9753200,Foreign_Investor,5304062
2026-03-30,2615,0,Foreign_Dealer_Self,0
2026-03-30,2615,6000,Investment_Trust,8000
2026-03-30,2615,10000,Dealer_self,200000
2026-03-30,2615,385730,Dealer_Hedging,54613
2026-03-31,2615,0,Foreign_Dealer_Self,0
2026-03-31,2615,0,Investment_Trust,25000
2026-03-31,2615,48000,Dealer_self,358000
2026-03-31,2615,82216,Dealer_Hedging,305933
2026-03-31,2615,5572217,Foreign_Investor,5014030
2026-04-01,2615,8139072,Foreign_Investor,2219621
2026-04-01,2615,0,Foreign_Dealer_Self,0
2026-04-01,2615,1000,Investment_Trust,0
2026-04-01,2615,204000,Dealer_self,118000
2026-04-01,2615,470578,Dealer_Hedging,17905
2026-04-02,2615,2305846,Foreign_Investor,2753824
2026-04-02,2615,0,Foreign_Dealer_Self,0
2026-04-02,2615,36618,Investment_Trust,11000
2026-04-02,2615,37000,Dealer_self,234000
2026-04-02,2615,85000,Dealer_Hedging,279361
2026-04-07,2615,4630000,Foreign_Investor,693379
2026-04-07,2615,0,Foreign_Dealer_Self,0
2026-04-07,2615,4667,Investment_Trust,20000
2026-04-07,2615,154000,Dealer_self,22000
2026-04-07,2615,109891,Dealer_Hedging,38047
2026-04-08,2615,4100840,Foreign_Investor,4722050
2026-04-08,2615,0,Foreign_Dealer_Self,0
2026-04-08,2615,6540,Investment_Trust,0
2026-04-08,2615,353046,Dealer_self,197000
2026-04-08,2615,247839,Dealer_Hedging,206554
2026-04-09,2615,7019150,Foreign_Investor,5299250
2026-04-09,2615,0,Foreign_Dealer_Self,0
2026-04-09,2615,7858,Investment_Trust,17000
2026-04-09,2615,95000,Dealer_self,33000
2026-04-09,2615,291304,Dealer_Hedging,96630
2026-04-10,2615,3144827,Foreign_Investor,4562662
2026-04-10,2615,0,Foreign_Dealer_Self,0
2026-04-10,2615,7181,Investment_Trust,16000
2026-04-10,2615,2000,Dealer_self,0
2026-04-10,2615,109533,Dealer_Hedging,111400
2026-04-13,2615,4685203,Foreign_Investor,5268338
2026-04-13,2615,0,Foreign_Dealer_Self,0
2026-04-13,2615,317000,Dealer_self,45000
2026-04-13,2615,165000,Dealer_Hedging,179320
2026-04-13,2615,38356,Investment_Trust,20000
2026-04-14,2615,3570223,Foreign_Investor,3424150
2026-04-14,2615,0,Foreign_Dealer_Self,0
2026-04-14,2615,50000,Dealer_self,80000
2026-04-14,2615,36639,Dealer_Hedging,160817
2026-04-14,2615,22802,Investment_Trust,142000
2026-04-15,2615,8001568,Foreign_Investor,3500000
2026-04-15,2615,0,Foreign_Dealer_Self,0
2026-04-15,2615,5149,Investment_Trust,30000
2026-04-15,2615,20000,Dealer_self,166000
2026-04-15,2615,185011,Dealer_Hedging,253967
2026-04-16,2615,3869818,Foreign_Investor,2706100
2026-04-16,2615,0,Foreign_Dealer_Self,0
2026-04-16,2615,20596,Investment_Trust,348000
2026-04-16,2615,49000,Dealer_self,295000
2026-04-16,2615,30741,Dealer_Hedging,146103
2026-04-17,2615,3941078,Foreign_Investor,4682886
2026-04-17,2615,0,Foreign_Dealer_Self,0
2026-04-17,2615,15447,Investment_Trust,203000
2026-04-17,2615,55000,Dealer_self,101000
2026-04-17,2615,139000,Dealer_Hedging,159774
2026-04-20,2615,1858904,Foreign_Investor,2993300
2026-04-20,2615,0,Foreign_Dealer_Self,0
2026-04-20,2615,269711,Investment_Trust,760000
2026-04-20,2615,6000,Dealer_self,26000
2026-04-20,2615,97000,Dealer_Hedging,135572
2026-04-21,2615,3648241,Foreign_Investor,2463000
2026-04-21,2615,0,Foreign_Dealer_Self,0
2026-04-21,2615,60171,Investment_Trust,1389000
2026-04-21,2615,36000,Dealer_self,22000
2026-04-21,2615,25890,Dealer_Hedging,51010
2026-04-22,2615,3709178,Foreign_Investor,1964000
2026-04-22,2615,0,Foreign_Dealer_Self,0
2026-04-22,2615,39243,Investment_Trust,874000
2026-04-22,2615,0,Dealer_self,13000
2026-04-22,2615,67125,Dealer_Hedging,14591
2026-04-23,2615,5245480,Foreign_Investor,4417000
2026-04-23,2615,0,Foreign_Dealer_Self,0
2026-04-23,2615,1760,Investment_Trust,287751
2026-04-23,2615,1000,Dealer_self,270000
2026-04-23,2615,9000,Dealer_Hedging,74755
2026-04-24,2615,3676944,Foreign_Investor,2309343
2026-04-24,2615,0,Foreign_Dealer_Self,0
2026-04-24,2615,5210,Investment_Trust,25626
2026-04-24,2615,8000,Dealer_self,72000
2026-04-24,2615,12576,Dealer_Hedging,54224
2026-04-27,2615,5273455,Foreign_Investor,2537700
2026-04-27,2615,0,Foreign_Dealer_Self,0
2026-04-27,2615,0,Investment_Trust,20955
2026-04-27,2615,6000,Dealer_self,34000
2026-04-27,2615,69166,Dealer_Hedging,17086
2026-04-28,2615,3025150,Foreign_Investor,2189000
2026-04-28,2615,0,Foreign_Dealer_Self,0
2026-04-28,2615,0,Investment_Trust,82658
2026-04-28,2615,2000,Dealer_self,0
2026-04-28,2615,29654,Dealer_Hedging,57052
2026-04-29,2615,2572440,Foreign_Investor,2059199
2026-04-29,2615,0,Foreign_Dealer_Self,0
2026-04-29,2615,0,Investment_Trust,2000
2026-04-29,2615,4000,Dealer_self,0
2026-04-29,2615,16386,Dealer_Hedging,94554
2026-04-30,2615,1930652,Foreign_Investor,2892800
2026-04-30,2615,0,Foreign_Dealer_Self,0
2026-04-30,2615,0,Investment_Trust,6737
2026-04-30,2615,24000,Dealer_self,9000
2026-04-30,2615,47253,Dealer_Hedging,51360
2026-05-04,2615,4399638,Foreign_Investor,1967689
2026-05-04,2615,0,Foreign_Dealer_Self,0
2026-05-04,2615,0,Investment_Trust,195097
2026-05-04,2615,117000,Dealer_self,3000
2026-05-04,2615,180733,Dealer_Hedging,41341
2026-05-05,2615,3860820,Foreign_Investor,1483314
2026-05-05,2615,0,Foreign_Dealer_Self,0
2026-05-05,2615,0,Investment_Trust,150493
2026-05-05,2615,42000,Dealer_self,0
2026-05-05,2615,75983,Dealer_Hedging,13389
2026-05-06,2615,4549030,Foreign_Investor,1066370
2026-05-06,2615,0,Foreign_Dealer_Self,0
2026-05-06,2615,0,Investment_Trust,129000
2026-05-06,2615,77000,Dealer_self,3000
2026-05-06,2615,47824,Dealer_Hedging,23010
2026-05-07,2615,4223758,Foreign_Investor,1493761
2026-05-07,2615,0,Foreign_Dealer_Self,0
2026-05-07,2615,1000,Investment_Trust,88440
2026-05-07,2615,12000,Dealer_self,22000
2026-05-07,2615,19200,Dealer_Hedging,23706
2026-05-08,2615,0,Foreign_Dealer_Self,0
2026-05-08,2615,0,Investment_Trust,161737
2026-05-08,2615,40000,Dealer_self,36000
2026-05-08,2615,32000,Dealer_Hedging,34186
2026-05-08,2615,1541428,Foreign_Investor,4653759
2026-05-11,2615,6051816,Foreign_Investor,1849250
2026-05-11,2615,0,Foreign_Dealer_Self,0
2026-05-11,2615,0,Dealer_self,22000
2026-05-11,2615,94302,Dealer_Hedging,19000
2026-05-11,2615,0,Investment_Trust,70516
2026-05-12,2615,1262312,Foreign_Investor,2656000
2026-05-12,2615,0,Foreign_Dealer_Self,0
2026-05-12,2615,0,Investment_Trust,22659
2026-05-12,2615,0,Dealer_self,43000
2026-05-12,2615,12000,Dealer_Hedging,36010
2026-05-13,2615,1252319,Foreign_Investor,9123772
2026-05-13,2615,0,Foreign_Dealer_Self,0
2026-05-13,2615,0,Investment_Trust,18000
2026-05-13,2615,4000,Dealer_self,0
2026-05-13,2615,48000,Dealer_Hedging,163737
2026-05-14,2615,3945226,Foreign_Investor,5980356
2026-05-14,2615,0,Foreign_Dealer_Self,0
2026-05-14,2615,74000,Dealer_self,17000
2026-05-14,2615,150177,Dealer_Hedging,66011
2026-05-14,2615,0,Investment_Trust,14737
2026-05-15,2615,1782064,Foreign_Investor,2303483
2026-05-15,2615,0,Foreign_Dealer_Self,0
2026-05-15,2615,0,Investment_Trust,5633
2026-05-15,2615,10000,Dealer_self,12000
2026-05-15,2615,14307,Dealer_Hedging,180462
2026-05-18,2615,10672600,Foreign_Investor,3605776
2026-05-18,2615,0,Foreign_Dealer_Self,0
2026-05-18,2615,0,Investment_Trust,0
2026-05-18,2615,18000,Dealer_self,67000
2026-05-18,2615,267233,Dealer_Hedging,130305
2026-05-19,2615,11773284,Foreign_Investor,3263738
2026-05-19,2615,0,Foreign_Dealer_Self,0
2026-05-19,2615,2306000,Investment_Trust,0
2026-05-19,2615,187000,Dealer_self,0
2026-05-19,2615,317279,Dealer_Hedging,184617
2026-05-20,2615,11067127,Foreign_Investor,8434598
2026-05-20,2615,0,Foreign_Dealer_Self,0
2026-05-20,2615,1543000,Investment_Trust,9000
2026-05-20,2615,144000,Dealer_self,129000
2026-05-20,2615,272963,Dealer_Hedging,228470
2026-05-21,2615,4542601,Foreign_Investor,3323723
2026-05-21,2615,0,Foreign_Dealer_Self,0
2026-05-21,2615,2000,Dealer_self,2000
2026-05-21,2615,143475,Dealer_Hedging,79843
2026-05-21,2615,1443000,Investment_Trust,31000
2026-05-22,2615,12017845,Foreign_Investor,4609761
2026-05-22,2615,0,Foreign_Dealer_Self,0
2026-05-22,2615,1796000,Investment_Trust,13441
2026-05-22,2615,41609,Dealer_self,31000
2026-05-22,2615,381993,Dealer_Hedging,78200
2026-05-25,2615,3243086,Foreign_Investor,6979223
2026-05-25,2615,0,Foreign_Dealer_Self,0
2026-05-25,2615,3102000,Investment_Trust,11000
2026-05-25,2615,48000,Dealer_self,330000
2026-05-25,2615,60292,Dealer_Hedging,432603
2026-05-26,2615,2009370,Foreign_Investor,4715374
2026-05-26,2615,0,Foreign_Dealer_Self,0
2026-05-26,2615,566000,Investment_Trust,11737
2026-05-26,2615,17000,Dealer_self,5000
2026-05-26,2615,98959,Dealer_Hedging,52091
2026-05-27,2615,4751717,Foreign_Investor,1946010
2026-05-27,2615,0,Foreign_Dealer_Self,0
2026-05-27,2615,0,Investment_Trust,7473
2026-05-27,2615,15025,Dealer_self,3000
2026-05-27,2615,239575,Dealer_Hedging,63917
2026-05-28,2615,2750140,Foreign_Investor,3466596
2026-05-28,2615,0,Foreign_Dealer_Self,0
2026-05-28,2615,1408,Investment_Trust,0
2026-05-28,2615,0,Dealer_self,8000
2026-05-28,2615,9498,Dealer_Hedging,50208
2026-05-29,2615,0,Foreign_Dealer_Self,0
2026-05-29,2615,30,Investment_Trust,4000
2026-05-29,2615,130000,Dealer_self,0
2026-05-29,2615,61712,Dealer_Hedging,25000
2026-05-29,2615,5849333,Foreign_Investor,4653220
2026-06-01,2615,8285300,Foreign_Investor,3761694
2026-06-01,2615,0,Foreign_Dealer_Self,0
2026-06-01,2615,1000,Investment_Trust,1737
2026-06-01,2615,41000,Dealer_self,7000
2026-06-01,2615,173378,Dealer_Hedging,21921
2026-06-02,2615,3308995,Foreign_Investor,3992767
2026-06-02,2615,0,Foreign_Dealer_Self,0
2026-06-02,2615,3000,Dealer_self,122000
2026-06-02,2615,394525,Dealer_Hedging,193475
2026-06-02,2615,0,Investment_Trust,6210
2026-06-03,2615,4291232,Foreign_Investor,4419408
2026-06-03,2615,0,Foreign_Dealer_Self,0
2026-06-03,2615,0,Investment_Trust,50473
2026-06-03,2615,77000,Dealer_self,8000
2026-06-03,2615,145389,Dealer_Hedging,146165
2026-06-04,2615,3776581,Foreign_Investor,4544520
2026-06-04,2615,0,Foreign_Dealer_Self,0
2026-06-04,2615,0,Investment_Trust,7946
2026-06-04,2615,83000,Dealer_self,0
2026-06-04,2615,122454,Dealer_Hedging,28570
2026-06-05,2615,14677263,Foreign_Investor,5071473
2026-06-05,2615,0,Foreign_Dealer_Self,0
2026-06-05,2615,0,Investment_Trust,17994
2026-06-05,2615,88000,Dealer_self,98000
2026-06-05,2615,509766,Dealer_Hedging,66200
2026-06-08,2615,9734086,Foreign_Investor,8241110
2026-06-08,2615,0,Foreign_Dealer_Self,0
2026-06-08,2615,0,Investment_Trust,5000
2026-06-08,2615,10000,Dealer_self,20000
2026-06-08,2615,190535,Dealer_Hedging,497062
2026-06-09,2615,4670041,Foreign_Investor,4942203
2026-06-09,2615,0,Foreign_Dealer_Self,0
2026-06-09,2615,0,Investment_Trust,7606
2026-06-09,2615,0,Dealer_self,69000
2026-06-09,2615,45363,Dealer_Hedging,232186
2026-06-10,2615,0,Foreign_Dealer_Self,0
2026-06-10,2615,4136444,Foreign_Investor,5374698
2026-06-10,2615,5,Investment_Trust,1925
2026-06-10,2615,56000,Dealer_self,83000
2026-06-10,2615,70216,Dealer_Hedging,82363
2026-06-11,2615,3368807,Foreign_Investor,3371508
2026-06-11,2615,0,Foreign_Dealer_Self,0
2026-06-11,2615,0,Investment_Trust,11000
2026-06-11,2615,72000,Dealer_self,0
2026-06-11,2615,120423,Dealer_Hedging,40362
2026-06-12,2615,0,Foreign_Dealer_Self,0
2026-06-12,2615,7232127,Foreign_Investor,1713777
2026-06-12,2615,0,Investment_Trust,44527
2026-06-12,2615,388445,Dealer_self,11000
2026-06-12,2615,380377,Dealer_Hedging,46000
2026-06-15,2615,3064406,Foreign_Investor,6626336
2026-06-15,2615,0,Foreign_Dealer_Self,0
2026-06-15,2615,0,Investment_Trust,6959
2026-06-15,2615,20000,Dealer_self,176025
2026-06-15,2615,108861,Dealer_Hedging,326775
2026-06-16,2615,0,Foreign_Dealer_Self,0
2026-06-16,2615,2754100,Foreign_Investor,5327715
2026-06-16,2615,416380,Investment_Trust,0
2026-06-16,2615,0,Dealer_self,145000
2026-06-16,2615,115000,Dealer_Hedging,237298
2026-06-17,2615,0,Foreign_Dealer_Self,0
2026-06-17,2615,4019066,Foreign_Investor,6630139
2026-06-17,2615,0,Investment_Trust,2112
2026-06-17,2615,645000,Dealer_self,84000
2026-06-17,2615,147362,Dealer_Hedging,145380
2026-06-18,2615,0,Foreign_Dealer_Self,0
2026-06-18,2615,4562824,Foreign_Investor,5714344
2026-06-18,2615,8000,Investment_Trust,55000
2026-06-18,2615,6000,Dealer_self,2000
2026-06-18,2615,54981,Dealer_Hedging,23073
2026-06-19,2615,0,Foreign_Dealer_Self,0
2026-06-19,2615,130000,Foreign_Investor,187000
2026-06-19,2615,0,Investment_Trust,0
2026-06-19,2615,0,Dealer_self,9000
2026-06-19,2615,0,Dealer_Hedging,3000
2026-06-22,2615,2678387,Foreign_Investor,3588274
2026-06-22,2615,0,Foreign_Dealer_Self,0
2026-06-22,2615,5633,Investment_Trust,1000
2026-06-22,2615,11025,Dealer_self,11000
2026-06-22,2615,14035,Dealer_Hedging,8153
2026-06-23,2615,2616700,Foreign_Investor,4599787
2026-06-23,2615,0,Foreign_Dealer_Self,0
2026-06-23,2615,5704,Investment_Trust,0
2026-06-23,2615,6000,Dealer_self,10000
2026-06-23,2615,84000,Dealer_Hedging,222358
2026-06-24,2615,2478591,Foreign_Investor,3065943
2026-06-24,2615,0,Foreign_Dealer_Self,0
2026-06-24,2615,28000,Dealer_self,33554
2026-06-24,2615,8133,Dealer_Hedging,37174
2026-06-24,2615,0,Investment_Trust,16296
2026-06-25,2615,0,Foreign_Dealer_Self,0
2026-06-25,2615,1908119,Foreign_Investor,3504586
2026-06-25,2615,3000,Investment_Trust,180000
2026-06-25,2615,0,Dealer_self,4000
2026-06-25,2615,14000,Dealer_Hedging,126068
2026-06-26,2615,0,Foreign_Dealer_Self,0
2026-06-26,2615,3633437,Foreign_Investor,4130407
2026-06-26,2615,7929,Investment_Trust,130000
2026-06-26,2615,3000,Dealer_self,22062
2026-06-26,2615,76000,Dealer_Hedging,246930
2026-06-29,2615,2827001,Foreign_Investor,2672096
2026-06-29,2615,0,Foreign_Dealer_Self,0
2026-06-29,2615,6112,Investment_Trust,42860
2026-06-29,2615,14000,Dealer_self,0
2026-06-29,2615,65727,Dealer_Hedging,34524
2026-06-30,2615,2509060,Foreign_Investor,2933294
2026-06-30,2615,0,Foreign_Dealer_Self,0
2026-06-30,2615,0,Investment_Trust,2437
2026-06-30,2615,0,Dealer_self,7000
2026-06-30,2615,30000,Dealer_Hedging,15380
2026-07-01,2615,2376146,Foreign_Investor,2847520
2026-07-01,2615,0,Foreign_Dealer_Self,0
2026-07-01,2615,114000,Investment_Trust,997
2026-07-01,2615,12000,Dealer_self,6000
2026-07-01,2615,27536,Dealer_Hedging,66954
2026-07-02,2615,1737934,Foreign_Investor,1978600
2026-07-02,2615,0,Foreign_Dealer_Self,0
2026-07-02,2615,270528,Investment_Trust,0
2026-07-02,2615,0,Dealer_self,0
2026-07-02,2615,19461,Dealer_Hedging,7519
2026-07-03,2615,0,Foreign_Dealer_Self,0
2026-07-03,2615,13670006,Foreign_Investor,3312491
2026-07-03,2615,161042,Investment_Trust,1966
2026-07-03,2615,88000,Dealer_self,34000
2026-07-03,2615,481253,Dealer_Hedging,43674
2026-07-06,2615,4001393,Foreign_Investor,4659500
2026-07-06,2615,0,Foreign_Dealer_Self,0
2026-07-06,2615,144000,Investment_Trust,13971
2026-07-06,2615,4000,Dealer_self,53000
2026-07-06,2615,121173,Dealer_Hedging,173973
2026-07-07,2615,1206312,Foreign_Investor,5328580
2026-07-07,2615,0,Foreign_Dealer_Self,0
2026-07-07,2615,148267,Investment_Trust,6822
2026-07-07,2615,8000,Dealer_self,40000
2026-07-07,2615,19000,Dealer_Hedging,266258
2026-07-08,2615,4917676,Foreign_Investor,1604591
2026-07-08,2615,0,Foreign_Dealer_Self,0
2026-07-08,2615,21125,Investment_Trust,0
2026-07-08,2615,11000,Dealer_self,15000
2026-07-08,2615,136466,Dealer_Hedging,7820
2026-07-09,2615,6715577,Foreign_Investor,2165049
2026-07-09,2615,0,Foreign_Dealer_Self,0
2026-07-09,2615,1408,Investment_Trust,14809
2026-07-09,2615,0,Dealer_self,24000
2026-07-09,2615,149555,Dealer_Hedging,12768
