date,stock_id,buy,name,sell
2024-07-01,2885,0,Foreign_Dealer_Self,0
2024-07-01,2885,101957,Investment_Trust,73173
2024-07-01,2885,69000,Dealer_self,912074
2024-07-01,2885,1555000,Dealer_Hedging,63000
2024-07-01,2885,8914265,Foreign_Investor,6104575
2024-07-02,2885,16518347,Foreign_Investor,8299774
2024-07-02,2885,0,Foreign_Dealer_Self,0
2024-07-02,2885,103228,Investment_Trust,163345
2024-07-02,2885,235000,Dealer_self,501249
2024-07-02,2885,1773000,Dealer_Hedging,151000
2024-07-03,2885,21953007,Foreign_Investor,6392000
2024-07-03,2885,0,Foreign_Dealer_Self,0
2024-07-03,2885,105000,Investment_Trust,495690
2024-07-03,2885,322000,Dealer_self,3605094
2024-07-03,2885,779000,Dealer_Hedging,182320
2024-07-04,2885,17747941,Foreign_Investor,5776076
2024-07-04,2885,0,Foreign_Dealer_Self,0
2024-07-04,2885,198000,Investment_Trust,3431
2024-07-04,2885,134000,Dealer_self,404000
2024-07-04,2885,653000,Dealer_Hedging,117000
2024-07-05,2885,0,Foreign_Dealer_Self,0
2024-07-05,2885,152000,Investment_Trust,134345
2024-07-05,2885,91000,Dealer_self,9352
2024-07-05,2885,617000,Dealer_Hedging,202468
2024-07-05,2885,5689759,Foreign_Investor,6214519
2024-07-08,2885,9492061,Foreign_Investor,7515100
2024-07-08,2885,0,Foreign_Dealer_Self,0
2024-07-08,2885,605000,Investment_Trust,237232
2024-07-08,2885,312000,Dealer_self,22280
2024-07-08,2885,603000,Dealer_Hedging,49074
2024-07-09,2885,0,Foreign_Dealer_Self,0
2024-07-09,2885,332000,Investment_Trust,168455
2024-07-09,2885,90000,Dealer_self,18799
2024-07-09,2885,1137630,Dealer_Hedging,74000
2024-07-09,2885,8161719,Foreign_Investor,8812430
2024-07-10,2885,0,Foreign_Dealer_Self,0
2024-07-10,2885,313000,Investment_Trust,144000
2024-07-10,2885,115000,Dealer_self,70000
2024-07-10,2885,216000,Dealer_Hedging,63000
2024-07-10,2885,13533000,Foreign_Investor,7837000
2024-07-11,2885,11355000,Foreign_Investor,11364200
2024-07-11,2885,0,Foreign_Dealer_Self,0
2024-07-11,2885,406000,Investment_Trust,337000
2024-07-11,2885,113086,Dealer_self,41000
2024-07-11,2885,298000,Dealer_Hedging,156000
2024-07-12,2885,13914000,Foreign_Investor,9341025
2024-07-12,2885,0,Foreign_Dealer_Self,0
2024-07-12,2885,253000,Investment_Trust,82000
2024-07-12,2885,30000,Dealer_self,20000
2024-07-12,2885,1141000,Dealer_Hedging,137000
2024-07-15,2885,8806248,Foreign_Investor,15604907
2024-07-15,2885,0,Foreign_Dealer_Self,0
2024-07-15,2885,210000,Investment_Trust,1623000
2024-07-15,2885,98000,Dealer_self,763790
2024-07-15,2885,1367000,Dealer_Hedging,107384
2024-07-16,2885,0,Foreign_Dealer_Self,0
2024-07-16,2885,1169000,Investment_Trust,8885000
2024-07-16,2885,6000,Dealer_self,93000
2024-07-16,2885,1434000,Dealer_Hedging,34000
2024-07-16,2885,13499514,Foreign_Investor,4648376
2024-07-17,2885,22844000,Foreign_Investor,8874871
2024-07-17,2885,0,Foreign_Dealer_Self,0
2024-07-17,2885,509000,Investment_Trust,9862000
2024-07-17,2885,40000,Dealer_self,376995
2024-07-17,2885,1320000,Dealer_Hedging,87000
2024-07-18,2885,29197510,Foreign_Investor,7207701
2024-07-18,2885,0,Foreign_Dealer_Self,0
2024-07-18,2885,519000,Investment_Trust,9584000
2024-07-18,2885,0,Dealer_self,440000
2024-07-18,2885,1169000,Dealer_Hedging,261000
2024-07-19,2885,18596546,Foreign_Investor,15618511
2024-07-19,2885,0,Foreign_Dealer_Self,0
2024-07-19,2885,610000,Investment_Trust,7415000
2024-07-19,2885,26000,Dealer_self,135476
2024-07-19,2885,1123770,Dealer_Hedging,110819
2024-07-22,2885,17293050,Foreign_Investor,5018536
2024-07-22,2885,0,Foreign_Dealer_Self,0
2024-07-22,2885,848998,Investment_Trust,7116000
2024-07-22,2885,423000,Dealer_self,37345
2024-07-22,2885,974000,Dealer_Hedging,56000
2024-07-23,2885,14804854,Foreign_Investor,2841590
2024-07-23,2885,0,Foreign_Dealer_Self,0
2024-07-23,2885,210000,Investment_Trust,257000
2024-07-23,2885,425000,Dealer_self,15000
2024-07-23,2885,747688,Dealer_Hedging,88109
2024-07-26,2885,15605098,Foreign_Investor,19308871
2024-07-26,2885,0,Foreign_Dealer_Self,0
2024-07-26,2885,1032446,Investment_Trust,81000
2024-07-26,2885,239000,Dealer_self,211087
2024-07-26,2885,1366000,Dealer_Hedging,153771
2024-07-29,2885,12921520,Foreign_Investor,6129397
2024-07-29,2885,0,Foreign_Dealer_Self,0
2024-07-29,2885,2258000,Investment_Trust,1000
2024-07-29,2885,9000,Dealer_self,27000
2024-07-29,2885,1059616,Dealer_Hedging,154409
2024-07-30,2885,6964040,Foreign_Investor,9409365
2024-07-30,2885,0,Foreign_Dealer_Self,0
2024-07-30,2885,2701477,Investment_Trust,0
2024-07-30,2885,52012,Dealer_self,207938
2024-07-30,2885,649000,Dealer_Hedging,89000
2024-07-31,2885,0,Foreign_Dealer_Self,0
2024-07-31,2885,286475,Investment_Trust,359000
2024-07-31,2885,97000,Dealer_self,160000
2024-07-31,2885,130000,Dealer_Hedging,65000
2024-07-31,2885,17013024,Foreign_Investor,4844278
2024-08-01,2885,12938000,Foreign_Investor,6330484
2024-08-01,2885,0,Foreign_Dealer_Self,0
2024-08-01,2885,86000,Dealer_self,104000
2024-08-01,2885,139000,Dealer_Hedging,135148
2024-08-01,2885,2335121,Investment_Trust,0
2024-08-02,2885,4172040,Foreign_Investor,12855773
2024-08-02,2885,0,Foreign_Dealer_Self,0
2024-08-02,2885,2941189,Investment_Trust,21000
2024-08-02,2885,295000,Dealer_self,868342
2024-08-02,2885,1420000,Dealer_Hedging,255645
2024-08-05,2885,12091126,Foreign_Investor,20941790
2024-08-05,2885,0,Foreign_Dealer_Self,0
2024-08-05,2885,5667358,Investment_Trust,30000
2024-08-05,2885,664000,Dealer_self,1969302
2024-08-05,2885,1323000,Dealer_Hedging,202026
2024-08-06,2885,19514100,Foreign_Investor,15860927
2024-08-06,2885,0,Foreign_Dealer_Self,0
2024-08-06,2885,4092320,Investment_Trust,0
2024-08-06,2885,357901,Dealer_self,311861
2024-08-06,2885,1029000,Dealer_Hedging,112481
2024-08-07,2885,11520228,Foreign_Investor,11164300
2024-08-07,2885,0,Foreign_Dealer_Self,0
2024-08-07,2885,1420083,Investment_Trust,195519
2024-08-07,2885,23923,Dealer_self,67957
2024-08-07,2885,199999,Dealer_Hedging,57000
2024-08-08,2885,12411446,Foreign_Investor,13761238
2024-08-08,2885,0,Foreign_Dealer_Self,0
2024-08-08,2885,2009564,Investment_Trust,10605
2024-08-08,2885,152000,Dealer_self,212086
2024-08-08,2885,371000,Dealer_Hedging,33350
2024-08-09,2885,22984914,Foreign_Investor,11326033
2024-08-09,2885,0,Foreign_Dealer_Self,0
2024-08-09,2885,1678800,Investment_Trust,10086
2024-08-09,2885,250453,Dealer_self,670283
2024-08-09,2885,214000,Dealer_Hedging,169000
2024-08-12,2885,8738949,Foreign_Investor,10262050
2024-08-12,2885,0,Foreign_Dealer_Self,0
2024-08-12,2885,1328906,Investment_Trust,8259
2024-08-12,2885,236000,Dealer_self,112279
2024-08-12,2885,375374,Dealer_Hedging,248990
2024-08-13,2885,8160880,Foreign_Investor,10590734
2024-08-13,2885,0,Foreign_Dealer_Self,0
2024-08-13,2885,1500130,Investment_Trust,0
2024-08-13,2885,73074,Dealer_self,120342
2024-08-13,2885,273000,Dealer_Hedging,39006
2024-08-14,2885,13932608,Foreign_Investor,8987480
2024-08-14,2885,0,Foreign_Dealer_Self,0
2024-08-14,2885,619846,Investment_Trust,353
2024-08-14,2885,132000,Dealer_self,259960
2024-08-14,2885,74000,Dealer_Hedging,112000
2024-08-15,2885,4271573,Foreign_Investor,12170620
2024-08-15,2885,0,Foreign_Dealer_Self,0
2024-08-15,2885,199372,Investment_Trust,905000
2024-08-15,2885,93000,Dealer_self,93672
2024-08-15,2885,343000,Dealer_Hedging,88000
2024-08-16,2885,11634020,Foreign_Investor,6504000
2024-08-16,2885,0,Foreign_Dealer_Self,0
2024-08-16,2885,905070,Investment_Trust,48866
2024-08-16,2885,193479,Dealer_self,159000
2024-08-16,2885,974000,Dealer_Hedging,128000
2024-08-19,2885,3284000,Foreign_Investor,5971360
2024-08-19,2885,0,Foreign_Dealer_Self,0
2024-08-19,2885,179984,Investment_Trust,119798
2024-08-19,2885,43000,Dealer_self,105260
2024-08-19,2885,190000,Dealer_Hedging,450983
2024-08-20,2885,6843126,Foreign_Investor,4790065
2024-08-20,2885,0,Foreign_Dealer_Self,0
2024-08-20,2885,385068,Investment_Trust,163177
2024-08-20,2885,135000,Dealer_self,86292
2024-08-20,2885,30000,Dealer_Hedging,109000
2024-08-21,2885,6812220,Foreign_Investor,6578174
2024-08-21,2885,0,Foreign_Dealer_Self,0
2024-08-21,2885,633870,Investment_Trust,36089
2024-08-21,2885,1000,Dealer_self,782924
2024-08-21,2885,387000,Dealer_Hedging,81000
2024-08-22,2885,5356890,Foreign_Investor,9702115
2024-08-22,2885,0,Foreign_Dealer_Self,0
2024-08-22,2885,692031,Investment_Trust,89
2024-08-22,2885,46000,Dealer_self,235702
2024-08-22,2885,60000,Dealer_Hedging,174000
2024-08-23,2885,0,Foreign_Dealer_Self,0
2024-08-23,2885,777269,Investment_Trust,15089
2024-08-23,2885,100092,Dealer_self,129751
2024-08-23,2885,225000,Dealer_Hedging,0
2024-08-23,2885,12773120,Foreign_Investor,18679849
2024-08-26,2885,12023633,Foreign_Investor,3549956
2024-08-26,2885,0,Foreign_Dealer_Self,0
2024-08-26,2885,280000,Investment_Trust,4089
2024-08-26,2885,53896,Dealer_self,31000
2024-08-26,2885,87554,Dealer_Hedging,97630
2024-08-27,2885,5499000,Foreign_Investor,6419615
2024-08-27,2885,0,Foreign_Dealer_Self,0
2024-08-27,2885,774000,Investment_Trust,89
2024-08-27,2885,1440,Dealer_self,174761
2024-08-27,2885,161000,Dealer_Hedging,112000
2024-08-28,2885,3684897,Foreign_Investor,4105150
2024-08-28,2885,0,Foreign_Dealer_Self,0
2024-08-28,2885,821914,Investment_Trust,89
2024-08-28,2885,5000,Dealer_self,2778
2024-08-28,2885,47000,Dealer_Hedging,30000
2024-08-29,2885,7000548,Foreign_Investor,8285289
2024-08-29,2885,0,Foreign_Dealer_Self,0
2024-08-29,2885,757278,Investment_Trust,4000
2024-08-29,2885,7000,Dealer_self,205258
2024-08-29,2885,179000,Dealer_Hedging,72000
2024-08-30,2885,20869660,Foreign_Investor,19675498
2024-08-30,2885,0,Foreign_Dealer_Self,0
2024-08-30,2885,289275,Investment_Trust,5600
2024-08-30,2885,52000,Dealer_self,66000
2024-08-30,2885,42000,Dealer_Hedging,70903
2024-09-02,2885,3007000,Foreign_Investor,5571000
2024-09-02,2885,0,Foreign_Dealer_Self,0
2024-09-02,2885,705275,Investment_Trust,16177
2024-09-02,2885,6000,Dealer_self,57727
2024-09-02,2885,64000,Dealer_Hedging,54000
2024-09-03,2885,0,Foreign_Dealer_Self,0
2024-09-03,2885,304637,Investment_Trust,10000
2024-09-03,2885,149000,Dealer_self,81424
2024-09-03,2885,180000,Dealer_Hedging,10527
2024-09-03,2885,4792030,Foreign_Investor,11942560
2024-09-04,2885,11955033,Foreign_Investor,28235360
2024-09-04,2885,0,Foreign_Dealer_Self,0
2024-09-04,2885,3321888,Investment_Trust,0
2024-09-04,2885,309000,Dealer_self,612989
2024-09-04,2885,1808000,Dealer_Hedging,144000
2024-09-05,2885,7581733,Foreign_Investor,9632579
2024-09-05,2885,0,Foreign_Dealer_Self,0
2024-09-05,2885,1825277,Investment_Trust,580589
2024-09-05,2885,11000,Dealer_self,223074
2024-09-05,2885,424000,Dealer_Hedging,106000
2024-09-06,2885,0,Foreign_Dealer_Self,0
2024-09-06,2885,1198601,Investment_Trust,9089
2024-09-06,2885,4000,Dealer_self,42526
2024-09-06,2885,275000,Dealer_Hedging,50997
2024-09-06,2885,5521100,Foreign_Investor,6959896
2024-09-09,2885,12097461,Foreign_Investor,41009224
2024-09-09,2885,0,Foreign_Dealer_Self,0
2024-09-09,2885,2316946,Investment_Trust,177
2024-09-09,2885,285000,Dealer_self,208000
2024-09-09,2885,711000,Dealer_Hedging,138009
2024-09-10,2885,0,Foreign_Dealer_Self,0
2024-09-10,2885,672634,Investment_Trust,177
2024-09-10,2885,58767,Dealer_self,58846
2024-09-10,2885,728995,Dealer_Hedging,36000
2024-09-10,2885,16204120,Foreign_Investor,9341007
2024-09-11,2885,5107100,Foreign_Investor,9963132
2024-09-11,2885,0,Foreign_Dealer_Self,0
2024-09-11,2885,1891690,Investment_Trust,0
2024-09-11,2885,87000,Dealer_self,84707
2024-09-11,2885,314669,Dealer_Hedging,40428
2024-09-12,2885,0,Foreign_Dealer_Self,0
2024-09-12,2885,730639,Investment_Trust,26177
2024-09-12,2885,45000,Dealer_self,40896
2024-09-12,2885,191000,Dealer_Hedging,5000
2024-09-12,2885,9655000,Foreign_Investor,13978550
2024-09-13,2885,0,Foreign_Dealer_Self,0
2024-09-13,2885,564280,Investment_Trust,0
2024-09-13,2885,52420,Dealer_self,24000
2024-09-13,2885,234000,Dealer_Hedging,16000
2024-09-13,2885,6736528,Foreign_Investor,5936625
2024-09-16,2885,0,Foreign_Dealer_Self,0
2024-09-16,2885,718000,Investment_Trust,1000089
2024-09-16,2885,9000,Dealer_self,32444
2024-09-16,2885,205000,Dealer_Hedging,29000
2024-09-16,2885,3842200,Foreign_Investor,3147729
2024-09-18,2885,5306080,Foreign_Investor,8201733
2024-09-18,2885,0,Foreign_Dealer_Self,0
2024-09-18,2885,546000,Investment_Trust,1036000
2024-09-18,2885,200000,Dealer_self,149418
2024-09-18,2885,582000,Dealer_Hedging,89923
2024-09-19,2885,8306244,Foreign_Investor,4842341
2024-09-19,2885,0,Foreign_Dealer_Self,0
2024-09-19,2885,479640,Investment_Trust,2502000
2024-09-19,2885,122000,Dealer_self,20522
2024-09-19,2885,144000,Dealer_Hedging,99996
2024-09-20,2885,12385559,Foreign_Investor,15934449
2024-09-20,2885,0,Foreign_Dealer_Self,0
2024-09-20,2885,4531640,Investment_Trust,84900
2024-09-20,2885,1000,Dealer_self,4879
2024-09-20,2885,89000,Dealer_Hedging,20000
2024-09-23,2885,4252902,Foreign_Investor,8404980
2024-09-23,2885,0,Foreign_Dealer_Self,0
2024-09-23,2885,4879000,Investment_Trust,26000
2024-09-23,2885,4000,Dealer_self,8600
2024-09-23,2885,276000,Dealer_Hedging,73000
2024-09-24,2885,8033977,Foreign_Investor,13150488
2024-09-24,2885,0,Foreign_Dealer_Self,0
2024-09-24,2885,4756920,Investment_Trust,64000
2024-09-24,2885,3000,Dealer_self,5084
2024-09-24,2885,298000,Dealer_Hedging,7999
2024-09-25,2885,12958462,Foreign_Investor,14992169
2024-09-25,2885,0,Foreign_Dealer_Self,0
2024-09-25,2885,4594000,Investment_Trust,6000
2024-09-25,2885,63201,Dealer_self,4000
2024-09-25,2885,41000,Dealer_Hedging,117600
2024-09-26,2885,6793097,Foreign_Investor,13542926
2024-09-26,2885,0,Foreign_Dealer_Self,0
2024-09-26,2885,4711000,Investment_Trust,13375
2024-09-26,2885,181000,Dealer_self,36803
2024-09-26,2885,260000,Dealer_Hedging,30533
2024-09-27,2885,9207262,Foreign_Investor,8336602
2024-09-27,2885,0,Foreign_Dealer_Self,0
2024-09-27,2885,360220,Investment_Trust,15000
2024-09-27,2885,67000,Dealer_self,55007
2024-09-27,2885,58000,Dealer_Hedging,20000
2024-09-30,2885,12584413,Foreign_Investor,12340218
2024-09-30,2885,0,Foreign_Dealer_Self,0
2024-09-30,2885,433287,Investment_Trust,132179
2024-09-30,2885,80,Dealer_self,17780
2024-09-30,2885,618000,Dealer_Hedging,26000
2024-10-01,2885,7478000,Foreign_Investor,10317389
2024-10-01,2885,0,Foreign_Dealer_Self,0
2024-10-01,2885,1047568,Investment_Trust,88000
2024-10-01,2885,10000,Dealer_self,18755
2024-10-01,2885,1553000,Dealer_Hedging,65216
2024-10-04,2885,0,Foreign_Dealer_Self,0
2024-10-04,2885,639924,Investment_Trust,170000
2024-10-04,2885,14000,Dealer_self,114254
2024-10-04,2885,2267000,Dealer_Hedging,42000
2024-10-04,2885,16086191,Foreign_Investor,15783162
2024-10-07,2885,13293092,Foreign_Investor,12298326
2024-10-07,2885,0,Foreign_Dealer_Self,0
2024-10-07,2885,1457669,Investment_Trust,0
2024-10-07,2885,289000,Dealer_self,16826
2024-10-07,2885,1173334,Dealer_Hedging,5000
2024-10-08,2885,0,Foreign_Dealer_Self,0
2024-10-08,2885,1118190,Investment_Trust,2000
2024-10-08,2885,43000,Dealer_self,216156
2024-10-08,2885,1412000,Dealer_Hedging,82000
2024-10-08,2885,11821945,Foreign_Investor,15775370
2024-10-09,2885,4935627,Foreign_Investor,5939682
2024-10-09,2885,0,Foreign_Dealer_Self,0
2024-10-09,2885,100000,Dealer_self,0
2024-10-09,2885,523425,Dealer_Hedging,16358
2024-10-09,2885,398729,Investment_Trust,73000
2024-10-11,2885,0,Foreign_Dealer_Self,0
2024-10-11,2885,165504,Investment_Trust,0
2024-10-11,2885,19000,Dealer_self,19066
2024-10-11,2885,710000,Dealer_Hedging,12000
2024-10-11,2885,6105068,Foreign_Investor,9314903
2024-10-14,2885,5932197,Foreign_Investor,7713278
2024-10-14,2885,0,Foreign_Dealer_Self,0
2024-10-14,2885,990207,Investment_Trust,0
2024-10-14,2885,63000,Dealer_self,0
2024-10-14,2885,1125000,Dealer_Hedging,12000
2024-10-15,2885,20538700,Foreign_Investor,7816769
2024-10-15,2885,0,Foreign_Dealer_Self,0
2024-10-15,2885,508252,Investment_Trust,0
2024-10-15,2885,292000,Dealer_self,0
2024-10-15,2885,833498,Dealer_Hedging,66000
2024-10-16,2885,9354625,Foreign_Investor,11285985
2024-10-16,2885,0,Foreign_Dealer_Self,0
2024-10-16,2885,724346,Investment_Trust,3232000
2024-10-16,2885,80000,Dealer_self,28000
2024-10-16,2885,3630588,Dealer_Hedging,203000
2024-10-17,2885,10375404,Foreign_Investor,9500686
2024-10-17,2885,0,Foreign_Dealer_Self,0
2024-10-17,2885,780835,Investment_Trust,1121000
2024-10-17,2885,156000,Dealer_self,18000
2024-10-17,2885,1891000,Dealer_Hedging,170000
2024-10-18,2885,20566977,Foreign_Investor,2554160
2024-10-18,2885,0,Foreign_Dealer_Self,0
2024-10-18,2885,2011288,Investment_Trust,1711000
2024-10-18,2885,474070,Dealer_self,70000
2024-10-18,2885,608970,Dealer_Hedging,285291
2024-10-21,2885,4037076,Foreign_Investor,13539120
2024-10-21,2885,0,Foreign_Dealer_Self,0
2024-10-21,2885,2672386,Investment_Trust,1384000
2024-10-21,2885,431000,Dealer_self,125709
2024-10-21,2885,138000,Dealer_Hedging,402810
2024-10-22,2885,8455000,Foreign_Investor,7569840
2024-10-22,2885,0,Foreign_Dealer_Self,0
2024-10-22,2885,6269174,Investment_Trust,2236000
2024-10-22,2885,18000,Dealer_self,136000
2024-10-22,2885,65997,Dealer_Hedging,124000
2024-10-23,2885,4044737,Foreign_Investor,8859000
2024-10-23,2885,0,Foreign_Dealer_Self,0
2024-10-23,2885,942940,Investment_Trust,810633
2024-10-23,2885,42000,Dealer_self,3355
2024-10-23,2885,810000,Dealer_Hedging,252873
2024-10-24,2885,4949643,Foreign_Investor,5323583
2024-10-24,2885,0,Foreign_Dealer_Self,0
2024-10-24,2885,775558,Investment_Trust,28000
2024-10-24,2885,0,Dealer_self,59000
2024-10-24,2885,1367000,Dealer_Hedging,158000
2024-10-25,2885,4458639,Foreign_Investor,2384681
2024-10-25,2885,0,Foreign_Dealer_Self,0
2024-10-25,2885,424929,Investment_Trust,617000
2024-10-25,2885,22000,Dealer_self,0
2024-10-25,2885,320500,Dealer_Hedging,12092
2024-10-28,2885,5248246,Foreign_Investor,6518300
2024-10-28,2885,0,Foreign_Dealer_Self,0
2024-10-28,2885,1644573,Investment_Trust,387000
2024-10-28,2885,112000,Dealer_self,720
2024-10-28,2885,486000,Dealer_Hedging,58000
2024-10-29,2885,4666150,Foreign_Investor,10086218
2024-10-29,2885,0,Foreign_Dealer_Self,0
2024-10-29,2885,11000,Dealer_self,219594
2024-10-29,2885,1935000,Dealer_Hedging,69104
2024-10-29,2885,2869786,Investment_Trust,6000
2024-10-30,2885,0,Foreign_Dealer_Self,0
2024-10-30,2885,1555498,Investment_Trust,0
2024-10-30,2885,52000,Dealer_self,56946
2024-10-30,2885,896000,Dealer_Hedging,13000
2024-10-30,2885,9049366,Foreign_Investor,13194402
2024-11-01,2885,14448187,Foreign_Investor,22057741
2024-11-01,2885,0,Foreign_Dealer_Self,0
2024-11-01,2885,1975000,Investment_Trust,6000
2024-11-01,2885,207000,Dealer_self,427905
2024-11-01,2885,1417000,Dealer_Hedging,156683
2024-11-04,2885,7305160,Foreign_Investor,6454428
2024-11-04,2885,0,Foreign_Dealer_Self,0
2024-11-04,2885,1912000,Investment_Trust,0
2024-11-04,2885,19000,Dealer_self,1000
2024-11-04,2885,457488,Dealer_Hedging,259428
2024-11-05,2885,3809125,Foreign_Investor,4244001
2024-11-05,2885,0,Foreign_Dealer_Self,0
2024-11-05,2885,1310000,Investment_Trust,1099969
2024-11-05,2885,15000,Dealer_self,71147
2024-11-05,2885,260000,Dealer_Hedging,113209
2024-11-06,2885,6543100,Foreign_Investor,9601953
2024-11-06,2885,0,Foreign_Dealer_Self,0
2024-11-06,2885,419000,Investment_Trust,1322000
2024-11-06,2885,39000,Dealer_self,43058
2024-11-06,2885,169000,Dealer_Hedging,92000
2024-11-07,2885,6657861,Foreign_Investor,9371766
2024-11-07,2885,0,Foreign_Dealer_Self,0
2024-11-07,2885,585000,Investment_Trust,1341218
2024-11-07,2885,11400,Dealer_self,7372
2024-11-07,2885,166999,Dealer_Hedging,68000
2024-11-08,2885,11536823,Foreign_Investor,4695908
2024-11-08,2885,0,Foreign_Dealer_Self,0
2024-11-08,2885,848000,Investment_Trust,6000
2024-11-08,2885,10000,Dealer_self,0
2024-11-08,2885,204100,Dealer_Hedging,168857
2024-11-11,2885,3025000,Foreign_Investor,5859140
2024-11-11,2885,0,Foreign_Dealer_Self,0
2024-11-11,2885,1606000,Investment_Trust,0
2024-11-11,2885,12000,Dealer_self,29639
2024-11-11,2885,666000,Dealer_Hedging,175000
2024-11-12,2885,12951593,Foreign_Investor,17103750
2024-11-12,2885,0,Foreign_Dealer_Self,0
2024-11-12,2885,3749000,Investment_Trust,15000
2024-11-12,2885,73000,Dealer_self,84632
2024-11-12,2885,2125000,Dealer_Hedging,17000
2024-11-13,2885,7296293,Foreign_Investor,16733687
2024-11-13,2885,0,Foreign_Dealer_Self,0
2024-11-13,2885,4464000,Investment_Trust,9000
2024-11-13,2885,56000,Dealer_self,446126
2024-11-13,2885,1290000,Dealer_Hedging,569276
2024-11-14,2885,8483505,Foreign_Investor,13439033
2024-11-14,2885,0,Foreign_Dealer_Self,0
2024-11-14,2885,5247000,Investment_Trust,1000
2024-11-14,2885,14000,Dealer_self,195989
2024-11-14,2885,2209000,Dealer_Hedging,385000
2024-11-15,2885,15198168,Foreign_Investor,8239115
2024-11-15,2885,0,Foreign_Dealer_Self,0
2024-11-15,2885,1108000,Investment_Trust,6943065
2024-11-15,2885,74000,Dealer_self,40944
2024-11-15,2885,1048283,Dealer_Hedging,379000
2024-11-18,2885,5876195,Foreign_Investor,7666184
2024-11-18,2885,0,Foreign_Dealer_Self,0
2024-11-18,2885,753000,Investment_Trust,0
2024-11-18,2885,311000,Dealer_self,267735
2024-11-18,2885,2095000,Dealer_Hedging,553094
2024-11-19,2885,29133240,Foreign_Investor,7271413
2024-11-19,2885,0,Foreign_Dealer_Self,0
2024-11-19,2885,536000,Investment_Trust,72000
2024-11-19,2885,300143,Dealer_self,34000
2024-11-19,2885,977680,Dealer_Hedging,271000
2024-11-20,2885,13255000,Foreign_Investor,12383739
2024-11-20,2885,0,Foreign_Dealer_Self,0
2024-11-20,2885,80000,Dealer_self,68000
2024-11-20,2885,1707000,Dealer_Hedging,333584
2024-11-20,2885,500000,Investment_Trust,5919507
2024-11-21,2885,10041016,Foreign_Investor,12082692
2024-11-21,2885,0,Foreign_Dealer_Self,0
2024-11-21,2885,702000,Investment_Trust,140000
2024-11-21,2885,79000,Dealer_self,142000
2024-11-21,2885,399855,Dealer_Hedging,213000
2024-11-22,2885,8420282,Foreign_Investor,8510118
2024-11-22,2885,0,Foreign_Dealer_Self,0
2024-11-22,2885,381000,Investment_Trust,20000
2024-11-22,2885,273000,Dealer_self,0
2024-11-22,2885,297000,Dealer_Hedging,132499
2024-11-25,2885,0,Foreign_Dealer_Self,0
2024-11-25,2885,377000,Investment_Trust,2128782
2024-11-25,2885,247000,Dealer_self,4432
2024-11-25,2885,342000,Dealer_Hedging,15000
2024-11-25,2885,49859144,Foreign_Investor,49403857
2024-11-26,2885,14814000,Foreign_Investor,9600343
2024-11-26,2885,0,Foreign_Dealer_Self,0
2024-11-26,2885,321000,Investment_Trust,33000
2024-11-26,2885,5000,Dealer_self,46000
2024-11-26,2885,307368,Dealer_Hedging,102000
2024-11-27,2885,10796000,Foreign_Investor,9631829
2024-11-27,2885,0,Foreign_Dealer_Self,0
2024-11-27,2885,854000,Investment_Trust,18338
2024-11-27,2885,6254,Dealer_self,24000
2024-11-27,2885,3030996,Dealer_Hedging,20000
2024-11-28,2885,6250812,Foreign_Investor,10076504
2024-11-28,2885,0,Foreign_Dealer_Self,0
2024-11-28,2885,844000,Investment_Trust,0
2024-11-28,2885,63000,Dealer_self,85000
2024-11-28,2885,1848000,Dealer_Hedging,523000
2024-11-29,2885,11050464,Foreign_Investor,16343618
2024-11-29,2885,0,Foreign_Dealer_Self,0
2024-11-29,2885,180000,Investment_Trust,9000
2024-11-29,2885,60000,Dealer_self,41000
2024-11-29,2885,679000,Dealer_Hedging,25000
2024-12-02,2885,0,Foreign_Dealer_Self,0
2024-12-02,2885,140000,Dealer_self,36000
2024-12-02,2885,385060,Dealer_Hedging,69345
2024-12-02,2885,13161500,Foreign_Investor,8382388
2024-12-02,2885,6514000,Investment_Trust,725000
2024-12-03,2885,20191362,Foreign_Investor,10621305
2024-12-03,2885,0,Foreign_Dealer_Self,0
2024-12-03,2885,1435000,Investment_Trust,22000
2024-12-03,2885,47000,Dealer_self,5000
2024-12-03,2885,827000,Dealer_Hedging,101000
2024-12-04,2885,7555929,Foreign_Investor,10899977
2024-12-04,2885,0,Foreign_Dealer_Self,0
2024-12-04,2885,883000,Investment_Trust,54676
2024-12-04,2885,352000,Dealer_self,1000
2024-12-04,2885,237000,Dealer_Hedging,188000
2024-12-05,2885,4133000,Foreign_Investor,5834346
2024-12-05,2885,0,Foreign_Dealer_Self,0
2024-12-05,2885,505000,Investment_Trust,116507
2024-12-05,2885,180000,Dealer_self,41000
2024-12-05,2885,182000,Dealer_Hedging,39000
2024-12-06,2885,6814264,Foreign_Investor,6007877
2024-12-06,2885,0,Foreign_Dealer_Self,0
2024-12-06,2885,1116000,Investment_Trust,17169
2024-12-06,2885,30000,Dealer_self,81000
2024-12-06,2885,291000,Dealer_Hedging,112000
2024-12-09,2885,8358046,Foreign_Investor,7626126
2024-12-09,2885,0,Foreign_Dealer_Self,0
2024-12-09,2885,524000,Investment_Trust,12000
2024-12-09,2885,54000,Dealer_self,2000
2024-12-09,2885,877437,Dealer_Hedging,21000
2024-12-10,2885,8075000,Foreign_Investor,8438486
2024-12-10,2885,0,Foreign_Dealer_Self,0
2024-12-10,2885,571000,Investment_Trust,63845
2024-12-10,2885,66000,Dealer_self,297560
2024-12-10,2885,770020,Dealer_Hedging,89000
2024-12-11,2885,9169118,Foreign_Investor,8252280
2024-12-11,2885,0,Foreign_Dealer_Self,0
2024-12-11,2885,34000,Dealer_self,13994
2024-12-11,2885,799000,Dealer_Hedging,8000
2024-12-11,2885,460000,Investment_Trust,15169
2024-12-12,2885,0,Foreign_Dealer_Self,0
2024-12-12,2885,446000,Investment_Trust,1000
2024-12-12,2885,20247,Dealer_self,2000
2024-12-12,2885,229000,Dealer_Hedging,57000
2024-12-12,2885,12760049,Foreign_Investor,8123285
2024-12-13,2885,4818000,Foreign_Investor,6907266
2024-12-13,2885,0,Foreign_Dealer_Self,0
2024-12-13,2885,722000,Investment_Trust,0
2024-12-13,2885,109000,Dealer_self,999
2024-12-13,2885,1174000,Dealer_Hedging,82257
2024-12-16,2885,11827584,Foreign_Investor,11173101
2024-12-16,2885,0,Foreign_Dealer_Self,0
2024-12-16,2885,492000,Investment_Trust,15000
2024-12-16,2885,76000,Dealer_self,6000
2024-12-16,2885,1724000,Dealer_Hedging,30000
2024-12-17,2885,14015328,Foreign_Investor,19087512
2024-12-17,2885,0,Foreign_Dealer_Self,0
2024-12-17,2885,1113000,Investment_Trust,226000
2024-12-17,2885,165000,Dealer_self,156822
2024-12-17,2885,1055000,Dealer_Hedging,73000
2024-12-18,2885,0,Foreign_Dealer_Self,0
2024-12-18,2885,679000,Investment_Trust,0
2024-12-18,2885,28000,Dealer_self,399166
2024-12-18,2885,340000,Dealer_Hedging,103000
2024-12-18,2885,10276808,Foreign_Investor,14399700
2024-12-19,2885,22723140,Foreign_Investor,20985429
2024-12-19,2885,0,Foreign_Dealer_Self,0
2024-12-19,2885,1266013,Investment_Trust,297000
2024-12-19,2885,1000,Dealer_self,88000
2024-12-19,2885,1156000,Dealer_Hedging,110000
2024-12-20,2885,81708295,Foreign_Investor,68646988
2024-12-20,2885,0,Foreign_Dealer_Self,0
2024-12-20,2885,1506750,Investment_Trust,29275000
2024-12-20,2885,257000,Dealer_self,217881
2024-12-20,2885,1149000,Dealer_Hedging,233000
2024-12-23,2885,23884098,Foreign_Investor,2149433
2024-12-23,2885,0,Foreign_Dealer_Self,0
2024-12-23,2885,91000,Investment_Trust,15734000
2024-12-23,2885,83267,Dealer_self,2000
2024-12-23,2885,220790,Dealer_Hedging,8059
2024-12-24,2885,21640172,Foreign_Investor,3931456
2024-12-24,2885,0,Foreign_Dealer_Self,0
2024-12-24,2885,700000,Investment_Trust,16157000
2024-12-24,2885,2000,Dealer_self,134000
2024-12-24,2885,27000,Dealer_Hedging,31000
2024-12-25,2885,13389942,Foreign_Investor,4857952
2024-12-25,2885,0,Foreign_Dealer_Self,0
2024-12-25,2885,554000,Investment_Trust,15425000
2024-12-25,2885,133000,Dealer_self,3381
2024-12-25,2885,296000,Dealer_Hedging,72100
2024-12-26,2885,16590000,Foreign_Investor,2243000
2024-12-26,2885,0,Foreign_Dealer_Self,0
2024-12-26,2885,268000,Investment_Trust,16382797
2024-12-26,2885,16000,Dealer_self,5887
2024-12-26,2885,47000,Dealer_Hedging,4049
2024-12-27,2885,8107000,Foreign_Investor,3722913
2024-12-27,2885,0,Foreign_Dealer_Self,0
2024-12-27,2885,28000,Investment_Trust,2937000
2024-12-27,2885,997,Dealer_self,13000
2024-12-27,2885,129200,Dealer_Hedging,68000
2024-12-30,2885,4998054,Foreign_Investor,5759047
2024-12-30,2885,0,Foreign_Dealer_Self,0
2024-12-30,2885,219029,Investment_Trust,75000
2024-12-30,2885,2000,Dealer_self,5000
2024-12-30,2885,635200,Dealer_Hedging,49000
2024-12-31,2885,4347100,Foreign_Investor,12177257
2024-12-31,2885,0,Foreign_Dealer_Self,0
2024-12-31,2885,725116,Investment_Trust,250000
2024-12-31,2885,325000,Dealer_self,41720
2024-12-31,2885,949000,Dealer_Hedging,74100
2025-01-02,2885,12620750,Foreign_Investor,7502000
2025-01-02,2885,0,Foreign_Dealer_Self,0
2025-01-02,2885,874000,Investment_Trust,50000
2025-01-02,2885,68520,Dealer_self,90008
2025-01-02,2885,1695000,Dealer_Hedging,87000
2025-01-03,2885,6686743,Foreign_Investor,4645000
2025-01-03,2885,0,Foreign_Dealer_Self,0
2025-01-03,2885,1273000,Investment_Trust,0
2025-01-03,2885,137000,Dealer_self,45000
2025-01-03,2885,1181000,Dealer_Hedging,126212
2025-01-06,2885,16513000,Foreign_Investor,3684022
2025-01-06,2885,0,Foreign_Dealer_Self,0
2025-01-06,2885,859000,Investment_Trust,50000
2025-01-06,2885,516000,Dealer_self,24000
2025-01-06,2885,695989,Dealer_Hedging,70000
2025-01-07,2885,13174992,Foreign_Investor,12510775
2025-01-07,2885,0,Foreign_Dealer_Self,0
2025-01-07,2885,375000,Investment_Trust,17000
2025-01-07,2885,107929,Dealer_self,50000
2025-01-07,2885,419050,Dealer_Hedging,68000
2025-01-08,2885,8692610,Foreign_Investor,10240209
2025-01-08,2885,0,Foreign_Dealer_Self,0
2025-01-08,2885,802000,Investment_Trust,123000
2025-01-08,2885,4000,Dealer_self,23000
2025-01-08,2885,504000,Dealer_Hedging,107010
2025-01-09,2885,6609000,Foreign_Investor,7147936
2025-01-09,2885,0,Foreign_Dealer_Self,0
2025-01-09,2885,28000,Investment_Trust,27000
2025-01-09,2885,4000,Dealer_self,39000
2025-01-09,2885,1797000,Dealer_Hedging,465000
2025-01-10,2885,7374833,Foreign_Investor,13167217
2025-01-10,2885,0,Foreign_Dealer_Self,0
2025-01-10,2885,1170709,Investment_Trust,0
2025-01-10,2885,36000,Dealer_self,418638
2025-01-10,2885,2289000,Dealer_Hedging,56307
2025-01-13,2885,8942755,Foreign_Investor,15839215
2025-01-13,2885,0,Foreign_Dealer_Self,0
2025-01-13,2885,3716000,Investment_Trust,0
2025-01-13,2885,64000,Dealer_self,223445
2025-01-13,2885,3554000,Dealer_Hedging,391459
2025-01-14,2885,0,Foreign_Dealer_Self,0
2025-01-14,2885,2372000,Investment_Trust,0
2025-01-14,2885,5000,Dealer_self,193127
2025-01-14,2885,1017000,Dealer_Hedging,42000
2025-01-14,2885,7247300,Foreign_Investor,10097965
2025-01-15,2885,4762267,Foreign_Investor,7225480
2025-01-15,2885,0,Foreign_Dealer_Self,0
2025-01-15,2885,294000,Investment_Trust,0
2025-01-15,2885,178000,Dealer_self,34404
2025-01-15,2885,2239000,Dealer_Hedging,199941
2025-01-16,2885,6324572,Foreign_Investor,5855780
2025-01-16,2885,0,Foreign_Dealer_Self,0
2025-01-16,2885,1313000,Investment_Trust,140000
2025-01-16,2885,71000,Dealer_self,6000
2025-01-16,2885,1244245,Dealer_Hedging,176129
2025-01-17,2885,4065109,Foreign_Investor,10014540
2025-01-17,2885,0,Foreign_Dealer_Self,0
2025-01-17,2885,1243000,Investment_Trust,7000
2025-01-17,2885,24000,Dealer_self,70152
2025-01-17,2885,2262000,Dealer_Hedging,87956
2025-01-20,2885,1982856,Foreign_Investor,6579227
2025-01-20,2885,0,Foreign_Dealer_Self,0
2025-01-20,2885,532000,Investment_Trust,2638000
2025-01-20,2885,21000,Dealer_self,12000
2025-01-20,2885,624000,Dealer_Hedging,70663
2025-01-21,2885,7998023,Foreign_Investor,5299337
2025-01-21,2885,0,Foreign_Dealer_Self,0
2025-01-21,2885,306940,Investment_Trust,1536000
2025-01-21,2885,15000,Dealer_self,10000
2025-01-21,2885,330000,Dealer_Hedging,87000
2025-01-22,2885,7948085,Foreign_Investor,9991508
2025-01-22,2885,0,Foreign_Dealer_Self,0
2025-01-22,2885,485000,Investment_Trust,50000
2025-01-22,2885,8000,Dealer_self,2000
2025-01-22,2885,320000,Dealer_Hedging,36000
2025-02-03,2885,14130201,Foreign_Investor,22809286
2025-02-03,2885,0,Foreign_Dealer_Self,0
2025-02-03,2885,4492000,Investment_Trust,0
2025-02-03,2885,173737,Dealer_self,397041
2025-02-03,2885,3067165,Dealer_Hedging,90000
2025-02-04,2885,4332144,Foreign_Investor,14079176
2025-02-04,2885,0,Foreign_Dealer_Self,0
2025-02-04,2885,1723000,Investment_Trust,863000
2025-02-04,2885,89000,Dealer_self,126954
2025-02-04,2885,1637026,Dealer_Hedging,246040
2025-02-05,2885,7016900,Foreign_Investor,14245633
2025-02-05,2885,0,Foreign_Dealer_Self,0
2025-02-05,2885,1245000,Investment_Trust,16000
2025-02-05,2885,70000,Dealer_self,30712
2025-02-05,2885,267000,Dealer_Hedging,36302
2025-02-06,2885,8656496,Foreign_Investor,10727429
2025-02-06,2885,0,Foreign_Dealer_Self,0
2025-02-06,2885,60462,Dealer_self,56000
2025-02-06,2885,532199,Dealer_Hedging,110000
2025-02-06,2885,1515000,Investment_Trust,19000
2025-02-07,2885,2947584,Foreign_Investor,13662216
2025-02-07,2885,0,Foreign_Dealer_Self,0
2025-02-07,2885,576000,Investment_Trust,39000
2025-02-07,2885,7000,Dealer_self,16038
2025-02-07,2885,243400,Dealer_Hedging,137180
2025-02-10,2885,7322000,Foreign_Investor,8114254
2025-02-10,2885,0,Foreign_Dealer_Self,0
2025-02-10,2885,1455000,Investment_Trust,46343
2025-02-10,2885,54638,Dealer_self,42000
2025-02-10,2885,264413,Dealer_Hedging,98000
2025-02-11,2885,5680082,Foreign_Investor,6644230
2025-02-11,2885,0,Foreign_Dealer_Self,0
2025-02-11,2885,1980000,Investment_Trust,26177
2025-02-11,2885,84000,Dealer_self,27000
2025-02-11,2885,311418,Dealer_Hedging,142290
2025-02-12,2885,6350850,Foreign_Investor,5207981
2025-02-12,2885,0,Foreign_Dealer_Self,0
2025-02-12,2885,699000,Investment_Trust,69189
2025-02-12,2885,14578,Dealer_self,101000
2025-02-12,2885,103806,Dealer_Hedging,54748
2025-02-13,2885,6940000,Foreign_Investor,9641560
2025-02-13,2885,0,Foreign_Dealer_Self,0
2025-02-13,2885,629000,Investment_Trust,6000
2025-02-13,2885,5000,Dealer_self,0
2025-02-13,2885,261000,Dealer_Hedging,138000
2025-02-14,2885,8476000,Foreign_Investor,5996237
2025-02-14,2885,0,Foreign_Dealer_Self,0
2025-02-14,2885,854000,Investment_Trust,60058
2025-02-14,2885,134,Dealer_self,9000
2025-02-14,2885,87000,Dealer_Hedging,162000
2025-02-17,2885,8440370,Foreign_Investor,6331200
2025-02-17,2885,0,Foreign_Dealer_Self,0
2025-02-17,2885,663000,Investment_Trust,604044
2025-02-17,2885,85000,Dealer_self,24000
2025-02-17,2885,269371,Dealer_Hedging,113000
2025-02-18,2885,4973663,Foreign_Investor,7284305
2025-02-18,2885,0,Foreign_Dealer_Self,0
2025-02-18,2885,713000,Investment_Trust,81015
2025-02-18,2885,192000,Dealer_self,44000
2025-02-18,2885,113489,Dealer_Hedging,198149
2025-02-19,2885,5915050,Foreign_Investor,5378000
2025-02-19,2885,0,Foreign_Dealer_Self,0
2025-02-19,2885,191000,Investment_Trust,3169000
2025-02-19,2885,44000,Dealer_self,28000
2025-02-19,2885,295000,Dealer_Hedging,104000
2025-02-20,2885,7679843,Foreign_Investor,4926963
2025-02-20,2885,0,Foreign_Dealer_Self,0
2025-02-20,2885,308000,Investment_Trust,133044
2025-02-20,2885,0,Dealer_self,0
2025-02-20,2885,498000,Dealer_Hedging,67000
2025-02-21,2885,8503461,Foreign_Investor,4955043
2025-02-21,2885,0,Foreign_Dealer_Self,0
2025-02-21,2885,201000,Investment_Trust,0
2025-02-21,2885,5000,Dealer_self,78174
2025-02-21,2885,111445,Dealer_Hedging,199224
2025-02-24,2885,0,Foreign_Dealer_Self,0
2025-02-24,2885,361000,Investment_Trust,579000
2025-02-24,2885,43000,Dealer_self,31599
2025-02-24,2885,374000,Dealer_Hedging,202490
2025-02-24,2885,8043679,Foreign_Investor,18086614
2025-02-25,2885,8019000,Foreign_Investor,8988649
2025-02-25,2885,0,Foreign_Dealer_Self,0
2025-02-25,2885,451000,Investment_Trust,9015
2025-02-25,2885,4000,Dealer_self,47199
2025-02-25,2885,215000,Dealer_Hedging,92000
2025-02-26,2885,0,Foreign_Dealer_Self,0
2025-02-26,2885,568000,Investment_Trust,758483
2025-02-26,2885,24000,Dealer_self,176000
2025-02-26,2885,347000,Dealer_Hedging,116803
2025-02-26,2885,7676290,Foreign_Investor,9831952
2025-02-27,2885,14710148,Foreign_Investor,17165081
2025-02-27,2885,0,Foreign_Dealer_Self,0
2025-02-27,2885,457247,Investment_Trust,131160
2025-02-27,2885,13000,Dealer_self,627
2025-02-27,2885,1120000,Dealer_Hedging,361000
2025-03-03,2885,10850964,Foreign_Investor,15037570
2025-03-03,2885,0,Foreign_Dealer_Self,0
2025-03-03,2885,3715000,Investment_Trust,9027
2025-03-03,2885,144000,Dealer_self,181786
2025-03-03,2885,1760000,Dealer_Hedging,3921
2025-03-04,2885,0,Foreign_Dealer_Self,0
2025-03-04,2885,3241000,Investment_Trust,0
2025-03-04,2885,79000,Dealer_self,44643
2025-03-04,2885,1294000,Dealer_Hedging,140030
2025-03-04,2885,12662538,Foreign_Investor,24181792
2025-03-05,2885,9411001,Foreign_Investor,8792673
2025-03-05,2885,0,Foreign_Dealer_Self,0
2025-03-05,2885,331000,Investment_Trust,46053
2025-03-05,2885,45000,Dealer_self,113819
2025-03-05,2885,144182,Dealer_Hedging,28197
2025-03-06,2885,12129632,Foreign_Investor,9042673
2025-03-06,2885,0,Foreign_Dealer_Self,0
2025-03-06,2885,588000,Investment_Trust,171053
2025-03-06,2885,3000,Dealer_self,2863
2025-03-06,2885,246000,Dealer_Hedging,173000
2025-03-07,2885,7485382,Foreign_Investor,22553457
2025-03-07,2885,0,Foreign_Dealer_Self,0
2025-03-07,2885,895000,Investment_Trust,137160
2025-03-07,2885,122000,Dealer_self,125787
2025-03-07,2885,459000,Dealer_Hedging,95203
2025-03-10,2885,11090018,Foreign_Investor,16259940
2025-03-10,2885,0,Foreign_Dealer_Self,0
2025-03-10,2885,2180000,Investment_Trust,116000
2025-03-10,2885,14000,Dealer_self,192378
2025-03-10,2885,700000,Dealer_Hedging,0
2025-03-11,2885,8374011,Foreign_Investor,22329558
2025-03-11,2885,0,Foreign_Dealer_Self,0
2025-03-11,2885,5102000,Investment_Trust,11000
2025-03-11,2885,369000,Dealer_self,273005
2025-03-11,2885,1993000,Dealer_Hedging,227857
2025-03-12,2885,10641225,Foreign_Investor,9844184
2025-03-12,2885,0,Foreign_Dealer_Self,0
2025-03-12,2885,571000,Investment_Trust,351053
2025-03-12,2885,19000,Dealer_self,42000
2025-03-12,2885,313292,Dealer_Hedging,241074
2025-03-13,2885,10646279,Foreign_Investor,15309901
2025-03-13,2885,0,Foreign_Dealer_Self,0
2025-03-13,2885,891000,Investment_Trust,18000
2025-03-13,2885,139000,Dealer_self,47633
2025-03-13,2885,928000,Dealer_Hedging,74940
2025-03-14,2885,11954805,Foreign_Investor,9801139
2025-03-14,2885,0,Foreign_Dealer_Self,0
2025-03-14,2885,3206000,Investment_Trust,0
2025-03-14,2885,28000,Dealer_self,88504
2025-03-14,2885,967000,Dealer_Hedging,136951
2025-03-17,2885,12261709,Foreign_Investor,15103296
2025-03-17,2885,0,Foreign_Dealer_Self,0
2025-03-17,2885,6973000,Investment_Trust,298000
2025-03-17,2885,209795,Dealer_self,68617
2025-03-17,2885,362773,Dealer_Hedging,44848
2025-03-18,2885,8783050,Foreign_Investor,19083144
2025-03-18,2885,0,Foreign_Dealer_Self,0
2025-03-18,2885,8483000,Investment_Trust,36000
2025-03-18,2885,188000,Dealer_self,168120
2025-03-18,2885,447708,Dealer_Hedging,117000
2025-03-19,2885,9289253,Foreign_Investor,11989647
2025-03-19,2885,0,Foreign_Dealer_Self,0
2025-03-19,2885,790000,Investment_Trust,17000
2025-03-19,2885,54000,Dealer_self,53832
2025-03-19,2885,1378835,Dealer_Hedging,100660
2025-03-20,2885,5731000,Foreign_Investor,3517217
2025-03-20,2885,0,Foreign_Dealer_Self,0
2025-03-20,2885,914000,Investment_Trust,38000
2025-03-20,2885,124000,Dealer_self,17723
2025-03-20,2885,129000,Dealer_Hedging,10475
2025-03-21,2885,15624985,Foreign_Investor,23355995
2025-03-21,2885,0,Foreign_Dealer_Self,0
2025-03-21,2885,5727000,Investment_Trust,679027
2025-03-21,2885,162000,Dealer_self,44751
2025-03-21,2885,322384,Dealer_Hedging,103000
2025-03-24,2885,4122000,Foreign_Investor,7748000
2025-03-24,2885,0,Foreign_Dealer_Self,0
2025-03-24,2885,5459000,Investment_Trust,302000
2025-03-24,2885,12000,Dealer_self,46186
2025-03-24,2885,911000,Dealer_Hedging,306257
2025-03-25,2885,4458433,Foreign_Investor,8292407
2025-03-25,2885,0,Foreign_Dealer_Self,0
2025-03-25,2885,4941000,Investment_Trust,841000
2025-03-25,2885,26000,Dealer_self,31084
2025-03-25,2885,833000,Dealer_Hedging,62775
2025-03-26,2885,9525789,Foreign_Investor,11779000
2025-03-26,2885,0,Foreign_Dealer_Self,0
2025-03-26,2885,4826000,Investment_Trust,304000
2025-03-26,2885,59000,Dealer_self,0
2025-03-26,2885,357000,Dealer_Hedging,62000
2025-03-27,2885,6094033,Foreign_Investor,17131353
2025-03-27,2885,0,Foreign_Dealer_Self,0
2025-03-27,2885,5872000,Investment_Trust,0
2025-03-27,2885,0,Dealer_self,6000
2025-03-27,2885,1405075,Dealer_Hedging,190000
2025-03-28,2885,6195819,Foreign_Investor,21353000
2025-03-28,2885,0,Foreign_Dealer_Self,0
2025-03-28,2885,2951000,Investment_Trust,26000
2025-03-28,2885,122000,Dealer_self,204757
2025-03-28,2885,3414150,Dealer_Hedging,89152
2025-03-31,2885,16984196,Foreign_Investor,45112262
2025-03-31,2885,0,Foreign_Dealer_Self,0
2025-03-31,2885,5075000,Investment_Trust,0
2025-03-31,2885,472000,Dealer_self,1387520
2025-03-31,2885,6036000,Dealer_Hedging,404408
2025-04-01,2885,7829190,Foreign_Investor,16971060
2025-04-01,2885,0,Foreign_Dealer_Self,0
2025-04-01,2885,4348000,Investment_Trust,330000
2025-04-01,2885,57000,Dealer_self,50407
2025-04-01,2885,1679601,Dealer_Hedging,108013
2025-04-02,2885,0,Foreign_Dealer_Self,0
2025-04-02,2885,1084000,Investment_Trust,0
2025-04-02,2885,5000,Dealer_self,32579
2025-04-02,2885,1613000,Dealer_Hedging,18500
2025-04-02,2885,7292076,Foreign_Investor,10181639
2025-04-07,2885,2270662,Foreign_Investor,1305696
2025-04-07,2885,0,Foreign_Dealer_Self,0
2025-04-07,2885,0,Investment_Trust,0
2025-04-07,2885,10000,Dealer_self,261959
2025-04-07,2885,4000,Dealer_Hedging,38000
2025-04-08,2885,0,Foreign_Dealer_Self,0
2025-04-08,2885,4974785,Investment_Trust,163000
2025-04-08,2885,407125,Dealer_self,658572
2025-04-08,2885,7445000,Dealer_Hedging,643000
2025-04-08,2885,22867960,Foreign_Investor,58329721
2025-04-09,2885,18448555,Foreign_Investor,53258241
2025-04-09,2885,0,Foreign_Dealer_Self,0
2025-04-09,2885,218000,Dealer_self,568743
2025-04-09,2885,9475000,Dealer_Hedging,866871
2025-04-09,2885,2988328,Investment_Trust,2376860
2025-04-10,2885,4053134,Foreign_Investor,4095866
2025-04-10,2885,0,Foreign_Dealer_Self,0
2025-04-10,2885,0,Investment_Trust,0
2025-04-10,2885,0,Dealer_self,6000
2025-04-10,2885,11947,Dealer_Hedging,2552
2025-04-11,2885,14704436,Foreign_Investor,29702761
2025-04-11,2885,0,Foreign_Dealer_Self,0
2025-04-11,2885,8637628,Investment_Trust,0
2025-04-11,2885,87000,Dealer_self,277024
2025-04-11,2885,1891955,Dealer_Hedging,263947
2025-04-14,2885,11798350,Foreign_Investor,16221554
2025-04-14,2885,0,Foreign_Dealer_Self,0
2025-04-14,2885,1198000,Investment_Trust,1520262
2025-04-14,2885,25999,Dealer_self,280841
2025-04-14,2885,501809,Dealer_Hedging,145372
2025-04-15,2885,17252770,Foreign_Investor,18473988
2025-04-15,2885,0,Foreign_Dealer_Self,0
2025-04-15,2885,690121,Investment_Trust,108000
2025-04-15,2885,10000,Dealer_self,85175
2025-04-15,2885,923000,Dealer_Hedging,108379
2025-04-16,2885,9438349,Foreign_Investor,17759723
2025-04-16,2885,0,Foreign_Dealer_Self,0
2025-04-16,2885,1480000,Investment_Trust,739619
2025-04-16,2885,130000,Dealer_self,46724
2025-04-16,2885,2557000,Dealer_Hedging,275000
2025-04-17,2885,7146475,Foreign_Investor,21036750
2025-04-17,2885,0,Foreign_Dealer_Self,0
2025-04-17,2885,525000,Investment_Trust,206000
2025-04-17,2885,41000,Dealer_self,36621
2025-04-17,2885,1210000,Dealer_Hedging,3050
2025-04-18,2885,5987700,Foreign_Investor,5579243
2025-04-18,2885,0,Foreign_Dealer_Self,0
2025-04-18,2885,387000,Investment_Trust,398193
2025-04-18,2885,11000,Dealer_self,11663
2025-04-18,2885,906178,Dealer_Hedging,44928
2025-04-21,2885,5619152,Foreign_Investor,5055000
2025-04-21,2885,0,Foreign_Dealer_Self,0
2025-04-21,2885,358000,Investment_Trust,0
2025-04-21,2885,13000,Dealer_self,623193
2025-04-21,2885,2344225,Dealer_Hedging,22000
2025-04-22,2885,4410114,Foreign_Investor,15077876
2025-04-22,2885,0,Foreign_Dealer_Self,0
2025-04-22,2885,417000,Investment_Trust,0
2025-04-22,2885,82000,Dealer_self,79558
2025-04-22,2885,3029375,Dealer_Hedging,4000
2025-04-23,2885,12038832,Foreign_Investor,10258432
2025-04-23,2885,0,Foreign_Dealer_Self,0
2025-04-23,2885,247000,Investment_Trust,3914597
2025-04-23,2885,13000,Dealer_self,6615
2025-04-23,2885,855000,Dealer_Hedging,126000
2025-04-24,2885,13129634,Foreign_Investor,18248550
2025-04-24,2885,0,Foreign_Dealer_Self,0
2025-04-24,2885,60000,Investment_Trust,2896440
2025-04-24,2885,16000,Dealer_self,7096
2025-04-24,2885,524000,Dealer_Hedging,145000
2025-04-25,2885,0,Foreign_Dealer_Self,0
2025-04-25,2885,1227000,Investment_Trust,252132
2025-04-25,2885,735000,Dealer_self,2000
2025-04-25,2885,177000,Dealer_Hedging,47536
2025-04-25,2885,17399235,Foreign_Investor,9266593
2025-04-28,2885,4606400,Foreign_Investor,7144444
2025-04-28,2885,0,Foreign_Dealer_Self,0
2025-04-28,2885,356000,Investment_Trust,160080
2025-04-28,2885,14000,Dealer_self,9427
2025-04-28,2885,398729,Dealer_Hedging,3000
2025-04-29,2885,0,Foreign_Dealer_Self,0
2025-04-29,2885,193000,Investment_Trust,166818
2025-04-29,2885,285000,Dealer_self,20811
2025-04-29,2885,16000,Dealer_Hedging,136357
2025-04-29,2885,16838929,Foreign_Investor,16155980
2025-04-30,2885,16561592,Foreign_Investor,12167242
2025-04-30,2885,0,Foreign_Dealer_Self,0
2025-04-30,2885,2280000,Investment_Trust,111107
2025-04-30,2885,1243000,Dealer_self,178502
2025-04-30,2885,71732,Dealer_Hedging,601644
2025-05-02,2885,7018920,Foreign_Investor,17963650
2025-05-02,2885,0,Foreign_Dealer_Self,0
2025-05-02,2885,16000,Investment_Trust,83185
2025-05-02,2885,60000,Dealer_self,12925
2025-05-02,2885,4000,Dealer_Hedging,340291
2025-05-05,2885,0,Foreign_Dealer_Self,0
2025-05-05,2885,133000,Investment_Trust,382077
2025-05-05,2885,133748,Dealer_self,30635
2025-05-05,2885,145000,Dealer_Hedging,260391
2025-05-05,2885,23827128,Foreign_Investor,14264712
2025-05-06,2885,0,Foreign_Dealer_Self,0
2025-05-06,2885,1195000,Investment_Trust,289053
2025-05-06,2885,52,Dealer_self,160
2025-05-06,2885,5000,Dealer_Hedging,994925
2025-05-06,2885,17637001,Foreign_Investor,20395340
2025-05-07,2885,0,Foreign_Dealer_Self,0
2025-05-07,2885,98427,Dealer_self,8468
2025-05-07,2885,46000,Dealer_Hedging,261654
2025-05-07,2885,19004404,Foreign_Investor,31447386
2025-05-07,2885,11000,Investment_Trust,1477234
2025-05-08,2885,0,Foreign_Dealer_Self,0
2025-05-08,2885,136000,Investment_Trust,69433
2025-05-08,2885,69000,Dealer_self,22932
2025-05-08,2885,329000,Dealer_Hedging,47264
2025-05-08,2885,11208234,Foreign_Investor,22949225
2025-05-09,2885,20721204,Foreign_Investor,17684073
2025-05-09,2885,0,Foreign_Dealer_Self,0
2025-05-09,2885,126000,Investment_Trust,33433
2025-05-09,2885,8000,Dealer_self,30000
2025-05-09,2885,110000,Dealer_Hedging,452000
2025-05-12,2885,11793000,Foreign_Investor,12058798
2025-05-12,2885,0,Foreign_Dealer_Self,0
2025-05-12,2885,3392,Dealer_self,8002
2025-05-12,2885,91000,Dealer_Hedging,28067
2025-05-12,2885,200000,Investment_Trust,41703
2025-05-13,2885,0,Foreign_Dealer_Self,0
2025-05-13,2885,110000,Dealer_self,4000
2025-05-13,2885,136000,Dealer_Hedging,102060
2025-05-13,2885,19557928,Foreign_Investor,19136694
2025-05-13,2885,285000,Investment_Trust,2980916
2025-05-14,2885,0,Foreign_Dealer_Self,0
2025-05-14,2885,148000,Investment_Trust,56944
2025-05-14,2885,10000,Dealer_self,24600
2025-05-14,2885,94679,Dealer_Hedging,233001
2025-05-14,2885,33839989,Foreign_Investor,21546681
2025-05-15,2885,0,Foreign_Dealer_Self,0
2025-05-15,2885,1002000,Investment_Trust,282944
2025-05-15,2885,0,Dealer_self,10000
2025-05-15,2885,42215,Dealer_Hedging,174000
2025-05-15,2885,22488077,Foreign_Investor,16990668
2025-05-16,2885,16621864,Foreign_Investor,17531731
2025-05-16,2885,0,Foreign_Dealer_Self,0
2025-05-16,2885,66000,Investment_Trust,144270
2025-05-16,2885,1530000,Dealer_self,125004
2025-05-16,2885,286332,Dealer_Hedging,238008
2025-05-19,2885,14583195,Foreign_Investor,16057302
2025-05-19,2885,0,Foreign_Dealer_Self,0
2025-05-19,2885,1924000,Investment_Trust,518404
2025-05-19,2885,113000,Dealer_self,15699
2025-05-19,2885,265000,Dealer_Hedging,247887
2025-05-20,2885,0,Foreign_Dealer_Self,0
2025-05-20,2885,1519000,Investment_Trust,1682002
2025-05-20,2885,6000,Dealer_self,696
2025-05-20,2885,133000,Dealer_Hedging,60413
2025-05-20,2885,17772786,Foreign_Investor,16248987
2025-05-21,2885,9421705,Foreign_Investor,14735020
2025-05-21,2885,0,Foreign_Dealer_Self,0
2025-05-21,2885,1731000,Investment_Trust,562972
2025-05-21,2885,733000,Dealer_self,19162
2025-05-21,2885,782445,Dealer_Hedging,185000
2025-05-22,2885,12027070,Foreign_Investor,17818594
2025-05-22,2885,0,Foreign_Dealer_Self,0
2025-05-22,2885,79000,Investment_Trust,245860
2025-05-22,2885,185000,Dealer_self,823
2025-05-22,2885,27000,Dealer_Hedging,309661
2025-05-23,2885,18355355,Foreign_Investor,11826902
2025-05-23,2885,0,Foreign_Dealer_Self,0
2025-05-23,2885,0,Investment_Trust,572944
2025-05-23,2885,2000,Dealer_self,12435
2025-05-23,2885,16000,Dealer_Hedging,319382
2025-05-26,2885,14256501,Foreign_Investor,15960550
2025-05-26,2885,0,Foreign_Dealer_Self,0
2025-05-26,2885,96000,Dealer_self,134235
2025-05-26,2885,129000,Dealer_Hedging,108433
2025-05-26,2885,120000,Investment_Trust,565688
2025-05-27,2885,15823067,Foreign_Investor,19290540
2025-05-27,2885,0,Foreign_Dealer_Self,0
2025-05-27,2885,0,Investment_Trust,7231000
2025-05-27,2885,671000,Dealer_self,258997
2025-05-27,2885,374000,Dealer_Hedging,23000
2025-05-28,2885,31412658,Foreign_Investor,14918588
2025-05-28,2885,0,Foreign_Dealer_Self,0
2025-05-28,2885,36000,Investment_Trust,11642000
2025-05-28,2885,49000,Dealer_self,44995
2025-05-28,2885,61000,Dealer_Hedging,27371
2025-05-29,2885,0,Foreign_Dealer_Self,0
2025-05-29,2885,1691,Investment_Trust,16894000
2025-05-29,2885,274000,Dealer_self,117539
2025-05-29,2885,64000,Dealer_Hedging,117453
2025-05-29,2885,49215358,Foreign_Investor,41673414
2025-06-02,2885,17303710,Foreign_Investor,22875234
2025-06-02,2885,0,Foreign_Dealer_Self,0
2025-06-02,2885,2031000,Investment_Trust,324778
2025-06-02,2885,0,Dealer_self,238574
2025-06-02,2885,795000,Dealer_Hedging,479993
2025-06-03,2885,15538917,Foreign_Investor,33381333
2025-06-03,2885,0,Foreign_Dealer_Self,0
2025-06-03,2885,27621000,Investment_Trust,687432
2025-06-03,2885,0,Dealer_self,144000
2025-06-03,2885,30829,Dealer_Hedging,270000
2025-06-04,2885,9113964,Foreign_Investor,18849092
2025-06-04,2885,0,Foreign_Dealer_Self,0
2025-06-04,2885,9938000,Investment_Trust,1691816
2025-06-04,2885,323000,Dealer_self,29000
2025-06-04,2885,16704,Dealer_Hedging,64040
2025-06-05,2885,5717797,Foreign_Investor,13323344
2025-06-05,2885,0,Foreign_Dealer_Self,0
2025-06-05,2885,20000,Dealer_self,14671
2025-06-05,2885,171000,Dealer_Hedging,155185
2025-06-05,2885,1014000,Investment_Trust,5413066
2025-06-06,2885,5634115,Foreign_Investor,13931031
2025-06-06,2885,0,Foreign_Dealer_Self,0
2025-06-06,2885,988000,Investment_Trust,641847
2025-06-06,2885,20000,Dealer_self,5000
2025-06-06,2885,334000,Dealer_Hedging,52415
2025-06-09,2885,6448080,Foreign_Investor,9584840
2025-06-09,2885,0,Foreign_Dealer_Self,0
2025-06-09,2885,560000,Investment_Trust,526310
2025-06-09,2885,113000,Dealer_self,5000
2025-06-09,2885,314250,Dealer_Hedging,64000
2025-06-10,2885,0,Foreign_Dealer_Self,0
2025-06-10,2885,0,Investment_Trust,151774
2025-06-10,2885,120000,Dealer_self,9317
2025-06-10,2885,684920,Dealer_Hedging,42000
2025-06-10,2885,11984831,Foreign_Investor,11474403
2025-06-11,2885,10571939,Foreign_Investor,15753321
2025-06-11,2885,0,Foreign_Dealer_Self,0
2025-06-11,2885,0,Investment_Trust,230908
2025-06-11,2885,235,Dealer_self,0
2025-06-11,2885,72573,Dealer_Hedging,21865
2025-06-12,2885,16807071,Foreign_Investor,8645573
2025-06-12,2885,0,Foreign_Dealer_Self,0
2025-06-12,2885,0,Investment_Trust,294081
2025-06-12,2885,285714,Dealer_self,39000
2025-06-12,2885,59491,Dealer_Hedging,403340
2025-06-13,2885,10147858,Foreign_Investor,11991056
2025-06-13,2885,0,Foreign_Dealer_Self,0
2025-06-13,2885,26000,Dealer_self,300000
2025-06-13,2885,106000,Dealer_Hedging,241250
2025-06-13,2885,30000,Investment_Trust,73939
2025-06-16,2885,12712151,Foreign_Investor,13168472
2025-06-16,2885,0,Foreign_Dealer_Self,0
2025-06-16,2885,2176000,Investment_Trust,43881
2025-06-16,2885,704563,Dealer_self,36000
2025-06-16,2885,282419,Dealer_Hedging,113000
2025-06-17,2885,14027567,Foreign_Investor,17217858
2025-06-17,2885,0,Foreign_Dealer_Self,0
2025-06-17,2885,2406028,Investment_Trust,55435
2025-06-17,2885,1632748,Dealer_self,524000
2025-06-17,2885,333402,Dealer_Hedging,159000
2025-06-18,2885,0,Foreign_Dealer_Self,0
2025-06-18,2885,3090000,Investment_Trust,77147
2025-06-18,2885,1596703,Dealer_self,12000
2025-06-18,2885,1456352,Dealer_Hedging,32024
2025-06-18,2885,12643925,Foreign_Investor,13467773
2025-06-19,2885,6129593,Foreign_Investor,13262998
2025-06-19,2885,0,Foreign_Dealer_Self,0
2025-06-19,2885,3233000,Investment_Trust,111054
2025-06-19,2885,1565000,Dealer_self,0
2025-06-19,2885,952000,Dealer_Hedging,134000
2025-06-20,2885,0,Foreign_Dealer_Self,0
2025-06-20,2885,17484000,Investment_Trust,17225739
2025-06-20,2885,1460000,Dealer_self,0
2025-06-20,2885,1171976,Dealer_Hedging,28000
2025-06-20,2885,48861176,Foreign_Investor,55848973
2025-06-23,2885,0,Foreign_Dealer_Self,0
2025-06-23,2885,17875000,Investment_Trust,611331
2025-06-23,2885,1533000,Dealer_self,0
2025-06-23,2885,1658372,Dealer_Hedging,14000
2025-06-23,2885,12430684,Foreign_Investor,26682423
2025-06-24,2885,0,Foreign_Dealer_Self,0
2025-06-24,2885,18765000,Investment_Trust,16000
2025-06-24,2885,1037000,Dealer_self,20000
2025-06-24,2885,704000,Dealer_Hedging,156055
2025-06-24,2885,12300805,Foreign_Investor,37090385
2025-06-25,2885,0,Foreign_Dealer_Self,0
2025-06-25,2885,16730000,Investment_Trust,118861
2025-06-25,2885,1451000,Dealer_self,40000
2025-06-25,2885,639477,Dealer_Hedging,83608
2025-06-25,2885,16907025,Foreign_Investor,25889289
2025-06-26,2885,0,Foreign_Dealer_Self,0
2025-06-26,2885,16320000,Investment_Trust,298272
2025-06-26,2885,278000,Dealer_self,69000
2025-06-26,2885,2249190,Dealer_Hedging,626293
2025-06-26,2885,14380832,Foreign_Investor,37147719
2025-06-27,2885,0,Foreign_Dealer_Self,0
2025-06-27,2885,7217000,Investment_Trust,192136
2025-06-27,2885,266000,Dealer_self,17251
2025-06-27,2885,864000,Dealer_Hedging,993738
2025-06-27,2885,10851625,Foreign_Investor,30424508
2025-06-30,2885,0,Foreign_Dealer_Self,0
2025-06-30,2885,102680674,Investment_Trust,2862000
2025-06-30,2885,569279,Dealer_self,576529
2025-06-30,2885,10516500,Dealer_Hedging,3653801
2025-06-30,2885,23972025,Foreign_Investor,109472519
2025-07-01,2885,0,Foreign_Dealer_Self,0
2025-07-01,2885,9048688,Investment_Trust,2540000
2025-07-01,2885,687000,Dealer_self,9137477
2025-07-01,2885,3369192,Dealer_Hedging,10378866
2025-07-01,2885,73423630,Foreign_Investor,33875586
2025-07-02,2885,14491390,Foreign_Investor,37561000
2025-07-02,2885,0,Foreign_Dealer_Self,0
2025-07-02,2885,18082000,Investment_Trust,112057
2025-07-02,2885,135000,Dealer_self,885437
2025-07-02,2885,1034000,Dealer_Hedging,178846
2025-07-03,2885,17191329,Foreign_Investor,15351500
2025-07-03,2885,0,Foreign_Dealer_Self,0
2025-07-03,2885,15380000,Investment_Trust,1482846
2025-07-03,2885,34000,Dealer_self,232096
2025-07-03,2885,207000,Dealer_Hedging,62723
2025-07-04,2885,5684209,Foreign_Investor,25094000
2025-07-04,2885,0,Foreign_Dealer_Self,0
2025-07-04,2885,12143000,Investment_Trust,2599585
2025-07-04,2885,97000,Dealer_self,394933
2025-07-04,2885,1054000,Dealer_Hedging,46659
2025-07-07,2885,10207384,Foreign_Investor,23335546
2025-07-07,2885,0,Foreign_Dealer_Self,0
2025-07-07,2885,12771000,Investment_Trust,2069000
2025-07-07,2885,98000,Dealer_self,97616
2025-07-07,2885,1800000,Dealer_Hedging,24099
2025-07-08,2885,25058374,Foreign_Investor,13429548
2025-07-08,2885,0,Foreign_Dealer_Self,0
2025-07-08,2885,709635,Investment_Trust,2014000
2025-07-08,2885,0,Dealer_self,2000
2025-07-08,2885,799676,Dealer_Hedging,64002
2025-07-09,2885,7088773,Foreign_Investor,11617814
2025-07-09,2885,0,Foreign_Dealer_Self,0
2025-07-09,2885,634000,Investment_Trust,2079270
2025-07-09,2885,100000,Dealer_self,153313
2025-07-09,2885,407000,Dealer_Hedging,42194
2025-07-10,2885,10810342,Foreign_Investor,4749000
2025-07-10,2885,0,Foreign_Dealer_Self,0
2025-07-10,2885,1732000,Investment_Trust,2399000
2025-07-10,2885,2000,Dealer_self,943998
2025-07-10,2885,171000,Dealer_Hedging,97000
2025-07-11,2885,39781666,Foreign_Investor,8875017
2025-07-11,2885,0,Foreign_Dealer_Self,0
2025-07-11,2885,1428000,Investment_Trust,3494000
2025-07-11,2885,0,Dealer_self,757000
2025-07-11,2885,75727,Dealer_Hedging,116219
2025-07-14,2885,15344417,Foreign_Investor,4159270
2025-07-14,2885,0,Foreign_Dealer_Self,0
2025-07-14,2885,685000,Investment_Trust,5901624
2025-07-14,2885,17000,Dealer_self,16892
2025-07-14,2885,1259000,Dealer_Hedging,72048
2025-07-15,2885,12636733,Foreign_Investor,5280171
2025-07-15,2885,0,Foreign_Dealer_Self,0
2025-07-15,2885,19000,Investment_Trust,1872158
2025-07-15,2885,78000,Dealer_self,205178
2025-07-15,2885,912000,Dealer_Hedging,61000
2025-07-16,2885,14253249,Foreign_Investor,4745704
2025-07-16,2885,0,Foreign_Dealer_Self,0
2025-07-16,2885,81414,Investment_Trust,1859000
2025-07-16,2885,0,Dealer_self,486000
2025-07-16,2885,2466749,Dealer_Hedging,72000
2025-07-17,2885,7868470,Foreign_Investor,6267709
2025-07-17,2885,0,Foreign_Dealer_Self,0
2025-07-17,2885,194117,Investment_Trust,2429438
2025-07-17,2885,14000,Dealer_self,18000
2025-07-17,2885,1017227,Dealer_Hedging,30775
2025-07-18,2885,6541900,Foreign_Investor,5774155
2025-07-18,2885,0,Foreign_Dealer_Self,0
2025-07-18,2885,0,Investment_Trust,1998586
2025-07-18,2885,2000,Dealer_self,0
2025-07-18,2885,1624000,Dealer_Hedging,548000
2025-07-21,2885,5958057,Foreign_Investor,5254248
2025-07-21,2885,0,Foreign_Dealer_Self,0
2025-07-21,2885,846000,Investment_Trust,4863000
2025-07-21,2885,59000,Dealer_self,57541
2025-07-21,2885,987000,Dealer_Hedging,105
2025-07-22,2885,10226100,Foreign_Investor,3651064
2025-07-22,2885,0,Foreign_Dealer_Self,0
2025-07-22,2885,258279,Investment_Trust,12973800
2025-07-22,2885,224000,Dealer_self,0
2025-07-22,2885,1167000,Dealer_Hedging,18771
2025-07-23,2885,10472693,Foreign_Investor,3555045
2025-07-23,2885,0,Foreign_Dealer_Self,0
2025-07-23,2885,0,Investment_Trust,4450000
2025-07-23,2885,69000,Dealer_self,6037
2025-07-23,2885,250000,Dealer_Hedging,51819
2025-07-24,2885,21310946,Foreign_Investor,7529788
2025-07-24,2885,0,Foreign_Dealer_Self,0
2025-07-24,2885,0,Investment_Trust,6814062
2025-07-24,2885,5000,Dealer_self,3095
2025-07-24,2885,202600,Dealer_Hedging,11000
2025-07-25,2885,9695680,Foreign_Investor,4106838
2025-07-25,2885,0,Foreign_Dealer_Self,0
2025-07-25,2885,1325000,Investment_Trust,552646
2025-07-25,2885,59000,Dealer_self,116975
2025-07-25,2885,102000,Dealer_Hedging,135613
2025-07-28,2885,7024587,Foreign_Investor,6710853
2025-07-28,2885,0,Foreign_Dealer_Self,0
2025-07-28,2885,2010000,Investment_Trust,481215
2025-07-28,2885,12000,Dealer_self,13000
2025-07-28,2885,143000,Dealer_Hedging,2286
2025-07-29,2885,5558590,Foreign_Investor,10829000
2025-07-29,2885,0,Foreign_Dealer_Self,0
2025-07-29,2885,2148000,Investment_Trust,349957
2025-07-29,2885,76000,Dealer_self,75014
2025-07-29,2885,872000,Dealer_Hedging,36064
2025-07-30,2885,10276965,Foreign_Investor,11188557
2025-07-30,2885,0,Foreign_Dealer_Self,0
2025-07-30,2885,2647000,Investment_Trust,278000
2025-07-30,2885,49000,Dealer_self,743486
2025-07-30,2885,642810,Dealer_Hedging,10141
2025-07-31,2885,6504184,Foreign_Investor,23243911
2025-07-31,2885,0,Foreign_Dealer_Self,0
2025-07-31,2885,3104000,Investment_Trust,644000
2025-07-31,2885,62000,Dealer_self,830381
2025-07-31,2885,91000,Dealer_Hedging,15535
2025-08-01,2885,6024050,Foreign_Investor,7797879
2025-08-01,2885,0,Foreign_Dealer_Self,0
2025-08-01,2885,3662000,Investment_Trust,732000
2025-08-01,2885,21000,Dealer_self,787767
2025-08-01,2885,228922,Dealer_Hedging,130000
2025-08-04,2885,9230597,Foreign_Investor,3014907
2025-08-04,2885,0,Foreign_Dealer_Self,0
2025-08-04,2885,3570000,Investment_Trust,40000
2025-08-04,2885,0,Dealer_self,39747
2025-08-04,2885,142711,Dealer_Hedging,106000
2025-08-05,2885,8575082,Foreign_Investor,5103911
2025-08-05,2885,0,Foreign_Dealer_Self,0
2025-08-05,2885,4114000,Investment_Trust,428008
2025-08-05,2885,15000,Dealer_self,15000
2025-08-05,2885,42545,Dealer_Hedging,267280
2025-08-06,2885,13124200,Foreign_Investor,9454378
2025-08-06,2885,0,Foreign_Dealer_Self,0
2025-08-06,2885,3649000,Investment_Trust,243370
2025-08-06,2885,0,Dealer_self,0
2025-08-06,2885,67436,Dealer_Hedging,192118
2025-08-07,2885,13336104,Foreign_Investor,5314033
2025-08-07,2885,0,Foreign_Dealer_Self,0
2025-08-07,2885,3138000,Investment_Trust,273816
2025-08-07,2885,80000,Dealer_self,0
2025-08-07,2885,133153,Dealer_Hedging,149206
2025-08-08,2885,5282527,Foreign_Investor,9764344
2025-08-08,2885,0,Foreign_Dealer_Self,0
2025-08-08,2885,2073000,Investment_Trust,713286
2025-08-08,2885,34095,Dealer_self,18592
2025-08-08,2885,63125,Dealer_Hedging,169943
2025-08-11,2885,16381999,Foreign_Investor,6793256
2025-08-11,2885,0,Foreign_Dealer_Self,0
2025-08-11,2885,0,Dealer_self,13888
2025-08-11,2885,135805,Dealer_Hedging,227329
2025-08-11,2885,603000,Investment_Trust,980834
2025-08-12,2885,11888317,Foreign_Investor,11538090
2025-08-12,2885,0,Foreign_Dealer_Self,0
2025-08-12,2885,843000,Investment_Trust,252285
2025-08-12,2885,24000,Dealer_self,28263
2025-08-12,2885,802600,Dealer_Hedging,184730
2025-08-13,2885,8463039,Foreign_Investor,9672668
2025-08-13,2885,0,Foreign_Dealer_Self,0
2025-08-13,2885,0,Investment_Trust,3930000
2025-08-13,2885,26000,Dealer_self,21220
2025-08-13,2885,54000,Dealer_Hedging,276311
2025-08-14,2885,11091621,Foreign_Investor,4663029
2025-08-14,2885,0,Foreign_Dealer_Self,0
2025-08-14,2885,568357,Investment_Trust,886000
2025-08-14,2885,1000,Dealer_self,0
2025-08-14,2885,591369,Dealer_Hedging,362634
2025-08-15,2885,3132420,Foreign_Investor,5676747
2025-08-15,2885,0,Foreign_Dealer_Self,0
2025-08-15,2885,135000,Investment_Trust,1104500
2025-08-15,2885,36000,Dealer_self,0
2025-08-15,2885,211000,Dealer_Hedging,242013
2025-08-18,2885,16963500,Foreign_Investor,5110500
2025-08-18,2885,0,Foreign_Dealer_Self,0
2025-08-18,2885,2544715,Investment_Trust,2180000
2025-08-18,2885,70000,Dealer_self,580
2025-08-18,2885,203522,Dealer_Hedging,112000
2025-08-19,2885,4857441,Foreign_Investor,5908998
2025-08-19,2885,0,Foreign_Dealer_Self,0
2025-08-19,2885,2357,Investment_Trust,1010000
2025-08-19,2885,77000,Dealer_self,0
2025-08-19,2885,23143,Dealer_Hedging,114477
2025-08-20,2885,5309350,Foreign_Investor,11202889
2025-08-20,2885,0,Foreign_Dealer_Self,0
2025-08-20,2885,2577715,Investment_Trust,194000
2025-08-20,2885,66000,Dealer_self,10000
2025-08-20,2885,4554132,Dealer_Hedging,77502
2025-08-21,2885,8602846,Foreign_Investor,1956180
2025-08-21,2885,0,Foreign_Dealer_Self,0
2025-08-21,2885,1119359,Investment_Trust,561000
2025-08-21,2885,4000,Dealer_self,0
2025-08-21,2885,364313,Dealer_Hedging,47000
2025-08-22,2885,6555718,Foreign_Investor,4949939
2025-08-22,2885,0,Foreign_Dealer_Self,0
2025-08-22,2885,1100000,Investment_Trust,364000
2025-08-22,2885,0,Dealer_self,32000
2025-08-22,2885,241344,Dealer_Hedging,21000
2025-08-25,2885,11085686,Foreign_Investor,8965916
2025-08-25,2885,0,Foreign_Dealer_Self,0
2025-08-25,2885,5236,Investment_Trust,156000
2025-08-25,2885,25000,Dealer_self,21000
2025-08-25,2885,253377,Dealer_Hedging,68058
2025-08-26,2885,27021210,Foreign_Investor,31206650
2025-08-26,2885,0,Foreign_Dealer_Self,0
2025-08-26,2885,454,Investment_Trust,128000
2025-08-26,2885,79000,Dealer_self,7286
2025-08-26,2885,170000,Dealer_Hedging,59522
2025-08-27,2885,10037502,Foreign_Investor,7399460
2025-08-27,2885,0,Foreign_Dealer_Self,0
2025-08-27,2885,2000,Investment_Trust,495000
2025-08-27,2885,11000,Dealer_self,1102273
2025-08-27,2885,9114,Dealer_Hedging,77530
2025-08-28,2885,13700185,Foreign_Investor,8125997
2025-08-28,2885,0,Foreign_Dealer_Self,0
2025-08-28,2885,4000,Investment_Trust,318800
2025-08-28,2885,14040,Dealer_self,66000
2025-08-28,2885,75218,Dealer_Hedging,133421
2025-08-29,2885,7678763,Foreign_Investor,7229425
2025-08-29,2885,0,Foreign_Dealer_Self,0
2025-08-29,2885,30000,Dealer_self,0
2025-08-29,2885,133204,Dealer_Hedging,88942
2025-08-29,2885,120000,Investment_Trust,597000
2025-09-01,2885,8622038,Foreign_Investor,3539000
2025-09-01,2885,0,Foreign_Dealer_Self,0
2025-09-01,2885,168571,Investment_Trust,827600
2025-09-01,2885,0,Dealer_self,0
2025-09-01,2885,282386,Dealer_Hedging,142735
2025-09-02,2885,6323935,Foreign_Investor,3443945
2025-09-02,2885,0,Foreign_Dealer_Self,0
2025-09-02,2885,800000,Investment_Trust,385000
2025-09-02,2885,0,Dealer_self,0
2025-09-02,2885,501171,Dealer_Hedging,250000
2025-09-03,2885,4481656,Foreign_Investor,3233000
2025-09-03,2885,0,Foreign_Dealer_Self,0
2025-09-03,2885,0,Investment_Trust,255000
2025-09-03,2885,35000,Dealer_self,0
2025-09-03,2885,135233,Dealer_Hedging,178828
2025-09-04,2885,11986020,Foreign_Investor,9878520
2025-09-04,2885,0,Foreign_Dealer_Self,0
2025-09-04,2885,8000,Investment_Trust,235686
2025-09-04,2885,44000,Dealer_self,31000
2025-09-04,2885,17080,Dealer_Hedging,74000
2025-09-05,2885,11623291,Foreign_Investor,4123402
2025-09-05,2885,0,Foreign_Dealer_Self,0
2025-09-05,2885,0,Investment_Trust,421000
2025-09-05,2885,0,Dealer_self,0
2025-09-05,2885,126412,Dealer_Hedging,304591
2025-09-08,2885,3814740,Foreign_Investor,6450716
2025-09-08,2885,0,Foreign_Dealer_Self,0
2025-09-08,2885,0,Investment_Trust,705057
2025-09-08,2885,1000,Dealer_self,0
2025-09-08,2885,5000,Dealer_Hedging,387742
2025-09-09,2885,7156041,Foreign_Investor,3998700
2025-09-09,2885,0,Foreign_Dealer_Self,0
2025-09-09,2885,46000,Investment_Trust,585686
2025-09-09,2885,0,Dealer_self,0
2025-09-09,2885,2775,Dealer_Hedging,1006003
2025-09-10,2885,6380618,Foreign_Investor,3489000
2025-09-10,2885,0,Foreign_Dealer_Self,0
2025-09-10,2885,0,Investment_Trust,1861686
2025-09-10,2885,17879,Dealer_self,1000
2025-09-10,2885,42315,Dealer_Hedging,1861710
2025-09-11,2885,15304305,Foreign_Investor,11358000
2025-09-11,2885,0,Foreign_Dealer_Self,0
2025-09-11,2885,727000,Investment_Trust,825686
2025-09-11,2885,337970,Dealer_self,67000
2025-09-11,2885,82143,Dealer_Hedging,1433720
2025-09-12,2885,0,Foreign_Dealer_Self,0
2025-09-12,2885,629000,Investment_Trust,714686
2025-09-12,2885,80467,Dealer_self,71000
2025-09-12,2885,130828,Dealer_Hedging,1003389
2025-09-12,2885,21896597,Foreign_Investor,7272840
2025-09-15,2885,11488565,Foreign_Investor,8752639
2025-09-15,2885,0,Foreign_Dealer_Self,0
2025-09-15,2885,887000,Investment_Trust,1253686
2025-09-15,2885,360000,Dealer_self,5000
2025-09-15,2885,246080,Dealer_Hedging,695759
2025-09-16,2885,11386915,Foreign_Investor,8547555
2025-09-16,2885,0,Foreign_Dealer_Self,0
2025-09-16,2885,250070,Investment_Trust,1746000
2025-09-16,2885,9000,Dealer_self,5000
2025-09-16,2885,453598,Dealer_Hedging,595561
2025-09-17,2885,15520027,Foreign_Investor,9811674
2025-09-17,2885,0,Foreign_Dealer_Self,0
2025-09-17,2885,57000,Investment_Trust,1112908
2025-09-17,2885,12000,Dealer_self,12000
2025-09-17,2885,143000,Dealer_Hedging,319532
2025-09-18,2885,15138155,Foreign_Investor,10115051
2025-09-18,2885,0,Foreign_Dealer_Self,0
2025-09-18,2885,6000,Investment_Trust,1178000
2025-09-18,2885,2000,Dealer_self,0
2025-09-18,2885,15000,Dealer_Hedging,602000
2025-09-19,2885,0,Foreign_Dealer_Self,0
2025-09-19,2885,9037285,Investment_Trust,1395106
2025-09-19,2885,13000,Dealer_self,0
2025-09-19,2885,45673,Dealer_Hedging,535000
2025-09-19,2885,19154151,Foreign_Investor,22254497
2025-09-22,2885,0,Foreign_Dealer_Self,0
2025-09-22,2885,6843000,Investment_Trust,573021
2025-09-22,2885,73015,Dealer_self,0
2025-09-22,2885,64146,Dealer_Hedging,381000
2025-09-22,2885,9175280,Foreign_Investor,11496578
2025-09-23,2885,9121585,Foreign_Investor,12366963
2025-09-23,2885,0,Foreign_Dealer_Self,0
2025-09-23,2885,7180000,Investment_Trust,1252683
2025-09-23,2885,5000,Dealer_self,30000
2025-09-23,2885,166331,Dealer_Hedging,831281
2025-09-24,2885,5197413,Foreign_Investor,11934547
2025-09-24,2885,0,Foreign_Dealer_Self,0
2025-09-24,2885,6964000,Investment_Trust,1955601
2025-09-24,2885,86000,Dealer_self,0
2025-09-24,2885,234658,Dealer_Hedging,410140
2025-09-25,2885,11025591,Foreign_Investor,23442320
2025-09-25,2885,0,Foreign_Dealer_Self,0
2025-09-25,2885,6889000,Investment_Trust,209683
2025-09-25,2885,28000,Dealer_self,2122
2025-09-25,2885,332000,Dealer_Hedging,1296666
2025-09-26,2885,0,Foreign_Dealer_Self,0
2025-09-26,2885,2560000,Investment_Trust,92683
2025-09-26,2885,5000,Dealer_self,2207
2025-09-26,2885,664000,Dealer_Hedging,76501
2025-09-26,2885,8382519,Foreign_Investor,10491031
2025-09-30,2885,0,Foreign_Dealer_Self,0
2025-09-30,2885,2720674,Investment_Trust,15000
2025-09-30,2885,123000,Dealer_self,4000
2025-09-30,2885,204743,Dealer_Hedging,100000
2025-09-30,2885,16125606,Foreign_Investor,17896576
2025-10-01,2885,8148715,Foreign_Investor,13440908
2025-10-01,2885,0,Foreign_Dealer_Self,0
2025-10-01,2885,4517000,Investment_Trust,326683
2025-10-01,2885,91000,Dealer_self,19000
2025-10-01,2885,339860,Dealer_Hedging,194486
2025-10-02,2885,4474000,Foreign_Investor,15177618
2025-10-02,2885,0,Foreign_Dealer_Self,0
2025-10-02,2885,2089433,Investment_Trust,469683
2025-10-02,2885,173000,Dealer_self,72000
2025-10-02,2885,163000,Dealer_Hedging,32460
2025-10-03,2885,4714912,Foreign_Investor,7426640
2025-10-03,2885,0,Foreign_Dealer_Self,0
2025-10-03,2885,59000,Investment_Trust,504000
2025-10-03,2885,2000,Dealer_self,69
2025-10-03,2885,32000,Dealer_Hedging,29249
2025-10-07,2885,0,Foreign_Dealer_Self,0
2025-10-07,2885,0,Investment_Trust,1265097
2025-10-07,2885,134000,Dealer_self,15294
2025-10-07,2885,326000,Dealer_Hedging,543000
2025-10-07,2885,11053020,Foreign_Investor,9210327
2025-10-08,2885,6516423,Foreign_Investor,5475608
2025-10-08,2885,0,Foreign_Dealer_Self,0
2025-10-08,2885,205000,Investment_Trust,1577364
2025-10-08,2885,1000,Dealer_self,16000
2025-10-08,2885,197393,Dealer_Hedging,84773
2025-10-09,2885,6395130,Foreign_Investor,10416548
2025-10-09,2885,0,Foreign_Dealer_Self,0
2025-10-09,2885,62000,Investment_Trust,354736
2025-10-09,2885,0,Dealer_self,12000
2025-10-09,2885,95000,Dealer_Hedging,147029
2025-10-13,2885,10708164,Foreign_Investor,17626923
2025-10-13,2885,0,Foreign_Dealer_Self,0
2025-10-13,2885,1314000,Investment_Trust,115094
2025-10-13,2885,80000,Dealer_self,80704
2025-10-13,2885,2958000,Dealer_Hedging,20366
2025-10-14,2885,13297673,Foreign_Investor,16027023
2025-10-14,2885,0,Foreign_Dealer_Self,0
2025-10-14,2885,1215190,Investment_Trust,304901
2025-10-14,2885,147000,Dealer_self,66000
2025-10-14,2885,2471874,Dealer_Hedging,41440
2025-10-15,2885,8693156,Foreign_Investor,14060807
2025-10-15,2885,0,Foreign_Dealer_Self,0
2025-10-15,2885,404000,Investment_Trust,193000
2025-10-15,2885,8000,Dealer_self,24242
2025-10-15,2885,1909715,Dealer_Hedging,112710
2025-10-16,2885,5590057,Foreign_Investor,11880408
2025-10-16,2885,0,Foreign_Dealer_Self,0
2025-10-16,2885,1115000,Investment_Trust,976000
2025-10-16,2885,94000,Dealer_self,51346
2025-10-16,2885,338301,Dealer_Hedging,49219
2025-10-17,2885,6805144,Foreign_Investor,9409786
2025-10-17,2885,0,Foreign_Dealer_Self,0
2025-10-17,2885,696000,Investment_Trust,3146000
2025-10-17,2885,62000,Dealer_self,29908
2025-10-17,2885,331000,Dealer_Hedging,1249182
2025-10-20,2885,7245667,Foreign_Investor,6731666
2025-10-20,2885,0,Foreign_Dealer_Self,0
2025-10-20,2885,93000,Investment_Trust,1414000
2025-10-20,2885,26000,Dealer_self,2000
2025-10-20,2885,505000,Dealer_Hedging,68411
2025-10-21,2885,11434535,Foreign_Investor,4421048
2025-10-21,2885,0,Foreign_Dealer_Self,0
2025-10-21,2885,1310000,Investment_Trust,1291000
2025-10-21,2885,0,Dealer_self,2000
2025-10-21,2885,390569,Dealer_Hedging,99556
2025-10-22,2885,6206000,Foreign_Investor,5383961
2025-10-22,2885,0,Foreign_Dealer_Self,0
2025-10-22,2885,2216000,Investment_Trust,1190727
2025-10-22,2885,12000,Dealer_self,0
2025-10-22,2885,1709646,Dealer_Hedging,66000
2025-10-23,2885,3707488,Foreign_Investor,3874017
2025-10-23,2885,0,Foreign_Dealer_Self,0
2025-10-23,2885,1002000,Investment_Trust,0
2025-10-23,2885,6000,Dealer_self,150
2025-10-23,2885,2228000,Dealer_Hedging,98208
2025-10-27,2885,9960149,Foreign_Investor,5957796
2025-10-27,2885,0,Foreign_Dealer_Self,0
2025-10-27,2885,1184000,Investment_Trust,6928695
2025-10-27,2885,250000,Dealer_self,0
2025-10-27,2885,273569,Dealer_Hedging,155863
2025-10-28,2885,5509598,Foreign_Investor,7977661
2025-10-28,2885,0,Foreign_Dealer_Self,0
2025-10-28,2885,1177000,Investment_Trust,1729000
2025-10-28,2885,27000,Dealer_self,6675
2025-10-28,2885,165000,Dealer_Hedging,58746
2025-10-29,2885,8455135,Foreign_Investor,4929100
2025-10-29,2885,0,Foreign_Dealer_Self,0
2025-10-29,2885,281000,Investment_Trust,1359000
2025-10-29,2885,66000,Dealer_self,28000
2025-10-29,2885,86,Dealer_Hedging,1558894
2025-10-30,2885,8826501,Foreign_Investor,9448532
2025-10-30,2885,0,Foreign_Dealer_Self,0
2025-10-30,2885,9000,Investment_Trust,345727
2025-10-30,2885,3000,Dealer_self,16587
2025-10-30,2885,416303,Dealer_Hedging,581000
2025-10-31,2885,13447246,Foreign_Investor,8832302
2025-10-31,2885,0,Foreign_Dealer_Self,0
2025-10-31,2885,0,Investment_Trust,674638
2025-10-31,2885,66000,Dealer_self,59000
2025-10-31,2885,212452,Dealer_Hedging,784000
2025-11-03,2885,8887637,Foreign_Investor,8811652
2025-11-03,2885,0,Foreign_Dealer_Self,0
2025-11-03,2885,114000,Investment_Trust,259277
2025-11-03,2885,20000,Dealer_self,131000
2025-11-03,2885,578049,Dealer_Hedging,410413
2025-11-04,2885,10554800,Foreign_Investor,5817827
2025-11-04,2885,0,Foreign_Dealer_Self,0
2025-11-04,2885,447300,Investment_Trust,122727
2025-11-04,2885,301,Dealer_self,43000
2025-11-04,2885,222689,Dealer_Hedging,433184
2025-11-05,2885,27482789,Foreign_Investor,9621896
2025-11-05,2885,0,Foreign_Dealer_Self,0
2025-11-05,2885,126000,Investment_Trust,355277
2025-11-05,2885,253222,Dealer_self,101000
2025-11-05,2885,917644,Dealer_Hedging,734433
2025-11-06,2885,19811523,Foreign_Investor,13982577
2025-11-06,2885,0,Foreign_Dealer_Self,0
2025-11-06,2885,47000,Investment_Trust,212000
2025-11-06,2885,94000,Dealer_self,32000
2025-11-06,2885,464907,Dealer_Hedging,422726
2025-11-07,2885,8525604,Foreign_Investor,7408118
2025-11-07,2885,0,Foreign_Dealer_Self,0
2025-11-07,2885,0,Investment_Trust,758000
2025-11-07,2885,8000,Dealer_self,10
2025-11-07,2885,543481,Dealer_Hedging,223519
2025-11-10,2885,7604497,Foreign_Investor,8656610
2025-11-10,2885,0,Foreign_Dealer_Self,0
2025-11-10,2885,16383,Investment_Trust,200000
2025-11-10,2885,43000,Dealer_self,492
2025-11-10,2885,377700,Dealer_Hedging,124134
2025-11-11,2885,14017636,Foreign_Investor,13372639
2025-11-11,2885,0,Foreign_Dealer_Self,0
2025-11-11,2885,0,Investment_Trust,470454
2025-11-11,2885,27000,Dealer_self,63000
2025-11-11,2885,132000,Dealer_Hedging,20000
2025-11-12,2885,0,Foreign_Dealer_Self,0
2025-11-12,2885,0,Investment_Trust,414454
2025-11-12,2885,4457,Dealer_self,50000
2025-11-12,2885,375496,Dealer_Hedging,75002
2025-11-12,2885,22128040,Foreign_Investor,8683968
2025-11-13,2885,11056033,Foreign_Investor,11520258
2025-11-13,2885,0,Foreign_Dealer_Self,0
2025-11-13,2885,0,Investment_Trust,515763
2025-11-13,2885,62000,Dealer_self,4000
2025-11-13,2885,241673,Dealer_Hedging,44128
2025-11-14,2885,12662320,Foreign_Investor,9119537
2025-11-14,2885,0,Foreign_Dealer_Self,0
2025-11-14,2885,0,Investment_Trust,3293000
2025-11-14,2885,2000,Dealer_self,46811
2025-11-14,2885,1484931,Dealer_Hedging,99488
2025-11-17,2885,15343161,Foreign_Investor,11011319
2025-11-17,2885,0,Foreign_Dealer_Self,0
2025-11-17,2885,4767,Investment_Trust,5577919
2025-11-17,2885,5000,Dealer_self,116910
2025-11-17,2885,2523782,Dealer_Hedging,86100
2025-11-18,2885,18608795,Foreign_Investor,23408461
2025-11-18,2885,0,Foreign_Dealer_Self,0
2025-11-18,2885,11348000,Investment_Trust,6725000
2025-11-18,2885,152000,Dealer_self,422000
2025-11-18,2885,4531000,Dealer_Hedging,93104
2025-11-19,2885,29488120,Foreign_Investor,29643167
2025-11-19,2885,0,Foreign_Dealer_Self,0
2025-11-19,2885,12043383,Investment_Trust,7647000
2025-11-19,2885,14360,Dealer_self,26000
2025-11-19,2885,2225789,Dealer_Hedging,336020
2025-11-20,2885,31117789,Foreign_Investor,15202312
2025-11-20,2885,0,Foreign_Dealer_Self,0
2025-11-20,2885,11913765,Investment_Trust,8453000
2025-11-20,2885,1306,Dealer_self,1000
2025-11-20,2885,361237,Dealer_Hedging,90000
2025-11-21,2885,24049263,Foreign_Investor,23459018
2025-11-21,2885,0,Foreign_Dealer_Self,0
2025-11-21,2885,12047000,Investment_Trust,9138000
2025-11-21,2885,308114,Dealer_self,26000
2025-11-21,2885,2866279,Dealer_Hedging,67543
2025-11-24,2885,0,Foreign_Dealer_Self,0
2025-11-24,2885,9020000,Investment_Trust,10842642
2025-11-24,2885,125000,Dealer_self,0
2025-11-24,2885,1447622,Dealer_Hedging,191563
2025-11-24,2885,44455984,Foreign_Investor,38006808
2025-11-25,2885,0,Foreign_Dealer_Self,0
2025-11-25,2885,2222000,Investment_Trust,12931000
2025-11-25,2885,13000,Dealer_self,184533
2025-11-25,2885,388000,Dealer_Hedging,285064
2025-11-25,2885,18912326,Foreign_Investor,20818813
2025-11-26,2885,0,Foreign_Dealer_Self,0
2025-11-26,2885,38383,Investment_Trust,5742128
2025-11-26,2885,73000,Dealer_self,10000
2025-11-26,2885,242713,Dealer_Hedging,157213
2025-11-26,2885,21598157,Foreign_Investor,8084000
2025-11-27,2885,23470779,Foreign_Investor,8439197
2025-11-27,2885,0,Foreign_Dealer_Self,0
2025-11-27,2885,61000,Investment_Trust,3181178
2025-11-27,2885,38000,Dealer_self,214000
2025-11-27,2885,264396,Dealer_Hedging,185883
2025-11-28,2885,11228000,Foreign_Investor,14441290
2025-11-28,2885,0,Foreign_Dealer_Self,0
2025-11-28,2885,13000,Investment_Trust,699000
2025-11-28,2885,130000,Dealer_self,2000
2025-11-28,2885,34993,Dealer_Hedging,271820
2025-12-01,2885,7620120,Foreign_Investor,10182537
2025-12-01,2885,0,Foreign_Dealer_Self,0
2025-12-01,2885,62000,Investment_Trust,422000
2025-12-01,2885,120200,Dealer_self,2009
2025-12-01,2885,157022,Dealer_Hedging,59917
2025-12-02,2885,29089257,Foreign_Investor,15780193
2025-12-02,2885,0,Foreign_Dealer_Self,0
2025-12-02,2885,26000,Investment_Trust,101000
2025-12-02,2885,101000,Dealer_self,0
2025-12-02,2885,178563,Dealer_Hedging,191000
2025-12-03,2885,14240096,Foreign_Investor,13284898
2025-12-03,2885,0,Foreign_Dealer_Self,0
2025-12-03,2885,2428000,Investment_Trust,162000
2025-12-03,2885,410000,Dealer_self,148000
2025-12-03,2885,0,Dealer_Hedging,96192
2025-12-04,2885,29273037,Foreign_Investor,18148675
2025-12-04,2885,0,Foreign_Dealer_Self,0
2025-12-04,2885,40000,Investment_Trust,608000
2025-12-04,2885,969553,Dealer_self,12000
2025-12-04,2885,362645,Dealer_Hedging,203000
2025-12-05,2885,14080603,Foreign_Investor,11597107
2025-12-05,2885,0,Foreign_Dealer_Self,0
2025-12-05,2885,46000,Investment_Trust,71000
2025-12-05,2885,124475,Dealer_self,24000
2025-12-05,2885,130572,Dealer_Hedging,361049
2025-12-08,2885,0,Foreign_Dealer_Self,0
2025-12-08,2885,306000,Investment_Trust,330638
2025-12-08,2885,358000,Dealer_self,4000
2025-12-08,2885,25000,Dealer_Hedging,126561
2025-12-08,2885,12331592,Foreign_Investor,17353780
2025-12-09,2885,0,Foreign_Dealer_Self,0
2025-12-09,2885,53000,Investment_Trust,558000
2025-12-09,2885,455047,Dealer_self,42000
2025-12-09,2885,338363,Dealer_Hedging,140219
2025-12-09,2885,23636225,Foreign_Investor,16630718
2025-12-10,2885,0,Foreign_Dealer_Self,0
2025-12-10,2885,128,Investment_Trust,3422918
2025-12-10,2885,68000,Dealer_self,10474
2025-12-10,2885,48000,Dealer_Hedging,400567
2025-12-10,2885,17224823,Foreign_Investor,19037026
2025-12-11,2885,16376634,Foreign_Investor,10555253
2025-12-11,2885,0,Foreign_Dealer_Self,0
2025-12-11,2885,0,Investment_Trust,4496561
2025-12-11,2885,19000,Dealer_self,18000
2025-12-11,2885,128000,Dealer_Hedging,59038
2025-12-12,2885,13659690,Foreign_Investor,5362040
2025-12-12,2885,0,Foreign_Dealer_Self,0
2025-12-12,2885,1700000,Investment_Trust,3440277
2025-12-12,2885,303000,Dealer_self,165412
2025-12-12,2885,273285,Dealer_Hedging,21786
2025-12-15,2885,14031953,Foreign_Investor,10515945
2025-12-15,2885,0,Foreign_Dealer_Self,0
2025-12-15,2885,80000,Investment_Trust,4560000
2025-12-15,2885,504444,Dealer_self,341000
2025-12-15,2885,661625,Dealer_Hedging,78286
2025-12-16,2885,22620037,Foreign_Investor,21553734
2025-12-16,2885,0,Foreign_Dealer_Self,0
2025-12-16,2885,579000,Investment_Trust,3899000
2025-12-16,2885,126000,Dealer_self,782000
2025-12-16,2885,2384251,Dealer_Hedging,650655
2025-12-17,2885,21339010,Foreign_Investor,22964797
2025-12-17,2885,0,Foreign_Dealer_Self,0
2025-12-17,2885,0,Investment_Trust,3074726
2025-12-17,2885,154000,Dealer_self,198000
2025-12-17,2885,877220,Dealer_Hedging,465903
2025-12-18,2885,15471609,Foreign_Investor,20140050
2025-12-18,2885,0,Foreign_Dealer_Self,0
2025-12-18,2885,100000,Investment_Trust,4252000
2025-12-18,2885,241000,Dealer_self,305000
2025-12-18,2885,1234029,Dealer_Hedging,375137
2025-12-19,2885,0,Foreign_Dealer_Self,0
2025-12-19,2885,1154276,Investment_Trust,13659300
2025-12-19,2885,370799,Dealer_self,126000
2025-12-19,2885,291237,Dealer_Hedging,42824
2025-12-19,2885,31380443,Foreign_Investor,19840594
2025-12-22,2885,17592313,Foreign_Investor,8200915
2025-12-22,2885,0,Foreign_Dealer_Self,0
2025-12-22,2885,34000,Investment_Trust,14230726
2025-12-22,2885,17000,Dealer_self,16000
2025-12-22,2885,80656,Dealer_Hedging,291246
2025-12-23,2885,25850797,Foreign_Investor,4946444
2025-12-23,2885,0,Foreign_Dealer_Self,0
2025-12-23,2885,30000,Investment_Trust,13431000
2025-12-23,2885,66207,Dealer_self,122755
2025-12-23,2885,630683,Dealer_Hedging,118376
2025-12-24,2885,15386394,Foreign_Investor,2776000
2025-12-24,2885,0,Foreign_Dealer_Self,0
2025-12-24,2885,35000,Dealer_self,40000
2025-12-24,2885,487593,Dealer_Hedging,246596
2025-12-24,2885,873000,Investment_Trust,15549739
2025-12-26,2885,17655447,Foreign_Investor,2525000
2025-12-26,2885,0,Foreign_Dealer_Self,0
2025-12-26,2885,0,Investment_Trust,15094000
2025-12-26,2885,15000,Dealer_self,4471
2025-12-26,2885,400561,Dealer_Hedging,89971
2025-12-29,2885,11423587,Foreign_Investor,2606600
2025-12-29,2885,0,Foreign_Dealer_Self,0
2025-12-29,2885,129000,Investment_Trust,8268077
2025-12-29,2885,107000,Dealer_self,45
2025-12-29,2885,177295,Dealer_Hedging,25469
2025-12-30,2885,0,Foreign_Dealer_Self,0
2025-12-30,2885,0,Investment_Trust,24641000
2025-12-30,2885,3000,Dealer_self,4000
2025-12-30,2885,653824,Dealer_Hedging,159130
2025-12-30,2885,27479263,Foreign_Investor,2931028
2025-12-31,2885,43535220,Foreign_Investor,3387590
2025-12-31,2885,0,Foreign_Dealer_Self,0
2025-12-31,2885,336000,Dealer_self,327078
2025-12-31,2885,77000,Dealer_Hedging,296277
2025-12-31,2885,354000,Investment_Trust,42083262
2026-01-02,2885,40586326,Foreign_Investor,5233815
2026-01-02,2885,0,Foreign_Dealer_Self,0
2026-01-02,2885,2414,Investment_Trust,35777000
2026-01-02,2885,556000,Dealer_self,29000
2026-01-02,2885,95330,Dealer_Hedging,25502
2026-01-05,2885,38671427,Foreign_Investor,8176128
2026-01-05,2885,0,Foreign_Dealer_Self,0
2026-01-05,2885,26000,Investment_Trust,36572297
2026-01-05,2885,41116,Dealer_self,42122
2026-01-05,2885,235397,Dealer_Hedging,30108
2026-01-06,2885,0,Foreign_Dealer_Self,0
2026-01-06,2885,53000,Investment_Trust,7338000
2026-01-06,2885,729000,Dealer_self,98000
2026-01-06,2885,518575,Dealer_Hedging,300993
2026-01-06,2885,28017464,Foreign_Investor,11214063
2026-01-07,2885,22749329,Foreign_Investor,15605756
2026-01-07,2885,0,Foreign_Dealer_Self,0
2026-01-07,2885,17000,Investment_Trust,10113477
2026-01-07,2885,251000,Dealer_self,51111
2026-01-07,2885,386323,Dealer_Hedging,1426265
2026-01-08,2885,21876202,Foreign_Investor,14130795
2026-01-08,2885,0,Foreign_Dealer_Self,0
2026-01-08,2885,0,Investment_Trust,574633
2026-01-08,2885,2234056,Dealer_self,20000
2026-01-08,2885,668690,Dealer_Hedging,30200
2026-01-09,2885,7666676,Foreign_Investor,5644514
2026-01-09,2885,0,Foreign_Dealer_Self,0
2026-01-09,2885,45000,Investment_Trust,1644882
2026-01-09,2885,37000,Dealer_self,0
2026-01-09,2885,370190,Dealer_Hedging,324132
2026-01-12,2885,7134611,Foreign_Investor,7229223
2026-01-12,2885,0,Foreign_Dealer_Self,0
2026-01-12,2885,12000,Investment_Trust,4086837
2026-01-12,2885,50000,Dealer_self,493706
2026-01-12,2885,69000,Dealer_Hedging,69501
2026-01-13,2885,0,Foreign_Dealer_Self,0
2026-01-13,2885,26100,Investment_Trust,953684
2026-01-13,2885,544000,Dealer_self,74804
2026-01-13,2885,176448,Dealer_Hedging,185209
2026-01-13,2885,7283247,Foreign_Investor,10962272
2026-01-14,2885,8159185,Foreign_Investor,8996740
2026-01-14,2885,0,Foreign_Dealer_Self,0
2026-01-14,2885,25000,Dealer_self,51000
2026-01-14,2885,281748,Dealer_Hedging,130185
2026-01-14,2885,4553200,Investment_Trust,1401899
2026-01-15,2885,15199443,Foreign_Investor,12881842
2026-01-15,2885,0,Foreign_Dealer_Self,0
2026-01-15,2885,2232000,Investment_Trust,312266
2026-01-15,2885,648000,Dealer_self,225000
2026-01-15,2885,680359,Dealer_Hedging,147389
2026-01-16,2885,5177698,Foreign_Investor,10221689
2026-01-16,2885,0,Foreign_Dealer_Self,0
2026-01-16,2885,17000,Investment_Trust,740669
2026-01-16,2885,275000,Dealer_self,189
2026-01-16,2885,152749,Dealer_Hedging,474575
2026-01-19,2885,8532030,Foreign_Investor,12816132
2026-01-19,2885,0,Foreign_Dealer_Self,0
2026-01-19,2885,9438500,Investment_Trust,3732317
2026-01-19,2885,210000,Dealer_self,40348
2026-01-19,2885,248883,Dealer_Hedging,220811
2026-01-20,2885,5648005,Foreign_Investor,8518141
2026-01-20,2885,0,Foreign_Dealer_Self,0
2026-01-20,2885,129000,Investment_Trust,3243925
2026-01-20,2885,50000,Dealer_self,1308078
2026-01-20,2885,211000,Dealer_Hedging,154630
2026-01-21,2885,12219299,Foreign_Investor,10382100
2026-01-21,2885,0,Foreign_Dealer_Self,0
2026-01-21,2885,60000,Investment_Trust,6855028
2026-01-21,2885,152000,Dealer_self,66062
2026-01-21,2885,1439035,Dealer_Hedging,202784
2026-01-22,2885,8376677,Foreign_Investor,9293120
2026-01-22,2885,0,Foreign_Dealer_Self,0
2026-01-22,2885,8000,Investment_Trust,416256
2026-01-22,2885,0,Dealer_self,30000
2026-01-22,2885,452607,Dealer_Hedging,10000
2026-01-23,2885,0,Foreign_Dealer_Self,0
2026-01-23,2885,123800,Investment_Trust,879553
2026-01-23,2885,14000,Dealer_self,9961
2026-01-23,2885,527744,Dealer_Hedging,311186
2026-01-23,2885,13902928,Foreign_Investor,16207698
2026-01-26,2885,12736020,Foreign_Investor,4709964
2026-01-26,2885,0,Foreign_Dealer_Self,0
2026-01-26,2885,92000,Investment_Trust,2108302
2026-01-26,2885,852000,Dealer_self,10779
2026-01-26,2885,387249,Dealer_Hedging,1967099
2026-01-27,2885,8302550,Foreign_Investor,11731982
2026-01-27,2885,0,Foreign_Dealer_Self,0
2026-01-27,2885,55000,Investment_Trust,2566839
2026-01-27,2885,207000,Dealer_self,605
2026-01-27,2885,515585,Dealer_Hedging,1574162
2026-01-28,2885,8414460,Foreign_Investor,14096862
2026-01-28,2885,0,Foreign_Dealer_Self,0
2026-01-28,2885,0,Investment_Trust,396628
2026-01-28,2885,156000,Dealer_self,101065
2026-01-28,2885,413621,Dealer_Hedging,867846
2026-01-29,2885,0,Foreign_Dealer_Self,0
2026-01-29,2885,8000,Investment_Trust,3052000
2026-01-29,2885,706000,Dealer_self,0
2026-01-29,2885,586348,Dealer_Hedging,388574
2026-01-29,2885,13938135,Foreign_Investor,18542119
2026-01-30,2885,0,Foreign_Dealer_Self,0
2026-01-30,2885,4677000,Investment_Trust,2328000
2026-01-30,2885,201292,Dealer_self,4000
2026-01-30,2885,478687,Dealer_Hedging,463749
2026-01-30,2885,17095768,Foreign_Investor,27131264
2026-02-02,2885,6519357,Foreign_Investor,16848229
2026-02-02,2885,0,Foreign_Dealer_Self,0
2026-02-02,2885,1560000,Investment_Trust,1044553
2026-02-02,2885,217000,Dealer_self,162000
2026-02-02,2885,350328,Dealer_Hedging,159641
2026-02-03,2885,7199695,Foreign_Investor,14265501
2026-02-03,2885,0,Foreign_Dealer_Self,0
2026-02-03,2885,621000,Investment_Trust,700699
2026-02-03,2885,207000,Dealer_self,1217081
2026-02-03,2885,149525,Dealer_Hedging,422513
2026-02-04,2885,0,Foreign_Dealer_Self,0
2026-02-04,2885,716800,Investment_Trust,675000
2026-02-04,2885,81000,Dealer_self,22000
2026-02-04,2885,396942,Dealer_Hedging,26699
2026-02-04,2885,8968398,Foreign_Investor,10868175
2026-02-05,2885,8075914,Foreign_Investor,8156660
2026-02-05,2885,0,Foreign_Dealer_Self,0
2026-02-05,2885,982000,Investment_Trust,74628
2026-02-05,2885,25000,Dealer_self,574329
2026-02-05,2885,480923,Dealer_Hedging,376898
2026-02-06,2885,8460307,Foreign_Investor,11181402
2026-02-06,2885,0,Foreign_Dealer_Self,0
2026-02-06,2885,713000,Investment_Trust,14000
2026-02-06,2885,57000,Dealer_self,76787
2026-02-06,2885,476924,Dealer_Hedging,456143
2026-02-09,2885,12623829,Foreign_Investor,14383645
2026-02-09,2885,0,Foreign_Dealer_Self,0
2026-02-09,2885,897000,Investment_Trust,1317000
2026-02-09,2885,72240,Dealer_self,123000
2026-02-09,2885,723126,Dealer_Hedging,1155203
2026-02-10,2885,7381723,Foreign_Investor,17018035
2026-02-10,2885,0,Foreign_Dealer_Self,0
2026-02-10,2885,230000,Dealer_self,34000
2026-02-10,2885,217170,Dealer_Hedging,2047871
2026-02-10,2885,1814000,Investment_Trust,213628
2026-02-11,2885,10408361,Foreign_Investor,12679229
2026-02-11,2885,0,Foreign_Dealer_Self,0
2026-02-11,2885,550000,Investment_Trust,965000
2026-02-11,2885,268000,Dealer_self,124000
2026-02-11,2885,695143,Dealer_Hedging,2709090
2026-02-23,2885,0,Foreign_Dealer_Self,0
2026-02-23,2885,2012000,Investment_Trust,2046256
2026-02-23,2885,121000,Dealer_self,1011241
2026-02-23,2885,1128665,Dealer_Hedging,2244621
2026-02-23,2885,31016164,Foreign_Investor,33725144
2026-02-24,2885,20640464,Foreign_Investor,21117654
2026-02-24,2885,0,Foreign_Dealer_Self,0
2026-02-24,2885,1620700,Investment_Trust,1014181
2026-02-24,2885,59000,Dealer_self,377000
2026-02-24,2885,851667,Dealer_Hedging,1716452
2026-02-25,2885,16704983,Foreign_Investor,20077246
2026-02-25,2885,0,Foreign_Dealer_Self,0
2026-02-25,2885,4600000,Investment_Trust,4408256
2026-02-25,2885,316574,Dealer_self,810326
2026-02-25,2885,1129874,Dealer_Hedging,1718958
2026-02-26,2885,28620154,Foreign_Investor,38254965
2026-02-26,2885,0,Foreign_Dealer_Self,0
2026-02-26,2885,11961000,Investment_Trust,3532266
2026-02-26,2885,185374,Dealer_self,107433
2026-02-26,2885,654122,Dealer_Hedging,702731
2026-03-02,2885,0,Foreign_Dealer_Self,0
2026-03-02,2885,4165000,Investment_Trust,1163248
2026-03-02,2885,526000,Dealer_self,2017140
2026-03-02,2885,522332,Dealer_Hedging,398166
2026-03-02,2885,9507422,Foreign_Investor,25130507
2026-03-03,2885,11285921,Foreign_Investor,10291492
2026-03-03,2885,0,Foreign_Dealer_Self,0
2026-03-03,2885,1733000,Investment_Trust,908000
2026-03-03,2885,175000,Dealer_self,655919
2026-03-03,2885,761411,Dealer_Hedging,207119
2026-03-04,2885,16127843,Foreign_Investor,23042319
2026-03-04,2885,0,Foreign_Dealer_Self,0
2026-03-04,2885,2129000,Investment_Trust,634000
2026-03-04,2885,481631,Dealer_self,508805
2026-03-04,2885,1480765,Dealer_Hedging,229674
2026-03-05,2885,9908262,Foreign_Investor,13675661
2026-03-05,2885,0,Foreign_Dealer_Self,0
2026-03-05,2885,2059000,Investment_Trust,2306000
2026-03-05,2885,69000,Dealer_self,106633
2026-03-05,2885,522080,Dealer_Hedging,74406
2026-03-06,2885,9447419,Foreign_Investor,7772534
2026-03-06,2885,0,Foreign_Dealer_Self,0
2026-03-06,2885,838000,Investment_Trust,115000
2026-03-06,2885,14000,Dealer_self,10559
2026-03-06,2885,700395,Dealer_Hedging,3479
2026-03-09,2885,15079012,Foreign_Investor,23189730
2026-03-09,2885,0,Foreign_Dealer_Self,0
2026-03-09,2885,2339416,Investment_Trust,23000
2026-03-09,2885,368000,Dealer_self,701381
2026-03-09,2885,4057566,Dealer_Hedging,607184
2026-03-10,2885,0,Foreign_Dealer_Self,0
2026-03-10,2885,886417,Investment_Trust,1395000
2026-03-10,2885,163000,Dealer_self,128987
2026-03-10,2885,627478,Dealer_Hedging,224477
2026-03-10,2885,9058460,Foreign_Investor,16083710
2026-03-11,2885,7669745,Foreign_Investor,7618190
2026-03-11,2885,0,Foreign_Dealer_Self,0
2026-03-11,2885,104000,Investment_Trust,299528
2026-03-11,2885,40000,Dealer_self,16219
2026-03-11,2885,474374,Dealer_Hedging,481783
2026-03-12,2885,0,Foreign_Dealer_Self,0
2026-03-12,2885,554000,Investment_Trust,153528
2026-03-12,2885,98000,Dealer_self,100819
2026-03-12,2885,145128,Dealer_Hedging,173647
2026-03-12,2885,12765281,Foreign_Investor,16905352
2026-03-13,2885,8885698,Foreign_Investor,16789810
2026-03-13,2885,0,Foreign_Dealer_Self,0
2026-03-13,2885,62000,Dealer_self,45949
2026-03-13,2885,64765,Dealer_Hedging,378495
2026-03-13,2885,411000,Investment_Trust,794000
2026-03-16,2885,13757588,Foreign_Investor,14096111
2026-03-16,2885,0,Foreign_Dealer_Self,0
2026-03-16,2885,250071,Investment_Trust,1531000
2026-03-16,2885,46000,Dealer_self,75226
2026-03-16,2885,467565,Dealer_Hedging,534291
2026-03-17,2885,13394304,Foreign_Investor,14697812
2026-03-17,2885,0,Foreign_Dealer_Self,0
2026-03-17,2885,0,Investment_Trust,5017910
2026-03-17,2885,59000,Dealer_self,43523
2026-03-17,2885,758353,Dealer_Hedging,261423
2026-03-18,2885,0,Foreign_Dealer_Self,0
2026-03-18,2885,53419,Investment_Trust,228528
2026-03-18,2885,98000,Dealer_self,24053
2026-03-18,2885,314296,Dealer_Hedging,250507
2026-03-18,2885,9047686,Foreign_Investor,11892830
2026-03-19,2885,12080589,Foreign_Investor,19234434
2026-03-19,2885,0,Foreign_Dealer_Self,0
2026-03-19,2885,26000,Investment_Trust,6000
2026-03-19,2885,111000,Dealer_self,336497
2026-03-19,2885,364000,Dealer_Hedging,41471
2026-03-20,2885,0,Foreign_Dealer_Self,0
2026-03-20,2885,619805,Investment_Trust,2582520
2026-03-20,2885,24000,Dealer_self,15306
2026-03-20,2885,333294,Dealer_Hedging,107903
2026-03-20,2885,21468344,Foreign_Investor,20581787
2026-03-23,2885,15282257,Foreign_Investor,17426226
2026-03-23,2885,0,Foreign_Dealer_Self,0
2026-03-23,2885,38000,Dealer_self,90561
2026-03-23,2885,2298951,Dealer_Hedging,50199
2026-03-23,2885,857980,Investment_Trust,528451
2026-03-24,2885,27618829,Foreign_Investor,18305985
2026-03-24,2885,0,Foreign_Dealer_Self,0
2026-03-24,2885,15000,Dealer_self,53000
2026-03-24,2885,893499,Dealer_Hedging,188142
2026-03-24,2885,311000,Investment_Trust,312000
2026-03-25,2885,18827098,Foreign_Investor,18214462
2026-03-25,2885,0,Foreign_Dealer_Self,0
2026-03-25,2885,4924000,Investment_Trust,0
2026-03-25,2885,60000,Dealer_self,12000
2026-03-25,2885,590407,Dealer_Hedging,298250
2026-03-26,2885,16454694,Foreign_Investor,10558726
2026-03-26,2885,0,Foreign_Dealer_Self,0
2026-03-26,2885,0,Investment_Trust,7000
2026-03-26,2885,20000,Dealer_self,2258
2026-03-26,2885,243213,Dealer_Hedging,215258
2026-03-27,2885,8277315,Foreign_Investor,15161637
2026-03-27,2885,0,Foreign_Dealer_Self,0
2026-03-27,2885,207000,Investment_Trust,3000
2026-03-27,2885,116000,Dealer_self,58507
2026-03-27,2885,1154566,Dealer_Hedging,88839
2026-03-30,2885,0,Foreign_Dealer_Self,0
2026-03-30,2885,146000,Dealer_self,187547
2026-03-30,2885,2583566,Dealer_Hedging,138713
2026-03-30,2885,18494273,Foreign_Investor,27031644
2026-03-30,2885,579451,Investment_Trust,100000
2026-03-31,2885,0,Foreign_Dealer_Self,0
2026-03-31,2885,2858500,Investment_Trust,430000
2026-03-31,2885,158000,Dealer_self,86149
2026-03-31,2885,4441998,Dealer_Hedging,204960
2026-03-31,2885,25941708,Foreign_Investor,24783058
2026-04-01,2885,0,Foreign_Dealer_Self,0
2026-04-01,2885,3740451,Investment_Trust,0
2026-04-01,2885,271000,Dealer_self,180912
2026-04-01,2885,410099,Dealer_Hedging,118439
2026-04-01,2885,22303044,Foreign_Investor,16395388
2026-04-02,2885,12265306,Foreign_Investor,22195445
2026-04-02,2885,0,Foreign_Dealer_Self,0
2026-04-02,2885,1845366,Investment_Trust,125000
2026-04-02,2885,173000,Dealer_self,492808
2026-04-02,2885,2902000,Dealer_Hedging,259694
2026-04-07,2885,9059199,Foreign_Investor,8996934
2026-04-07,2885,0,Foreign_Dealer_Self,0
2026-04-07,2885,483000,Dealer_self,56304
2026-04-07,2885,1117177,Dealer_Hedging,96517
2026-04-07,2885,3087675,Investment_Trust,33123
2026-04-08,2885,0,Foreign_Dealer_Self,0
2026-04-08,2885,3114403,Investment_Trust,98000
2026-04-08,2885,300000,Dealer_self,194000
2026-04-08,2885,109069,Dealer_Hedging,192840
2026-04-08,2885,15278130,Foreign_Investor,13459035
2026-04-09,2885,23114585,Foreign_Investor,20165245
2026-04-09,2885,0,Foreign_Dealer_Self,0
2026-04-09,2885,3609173,Investment_Trust,347000
2026-04-09,2885,386000,Dealer_self,107000
2026-04-09,2885,161970,Dealer_Hedging,522761
2026-04-10,2885,14398171,Foreign_Investor,13018103
2026-04-10,2885,0,Foreign_Dealer_Self,0
2026-04-10,2885,1316289,Investment_Trust,2145000
2026-04-10,2885,6000,Dealer_self,5000
2026-04-10,2885,338078,Dealer_Hedging,204132
2026-04-13,2885,8597545,Foreign_Investor,7839886
2026-04-13,2885,0,Foreign_Dealer_Self,0
2026-04-13,2885,8000,Dealer_self,37000
2026-04-13,2885,16993,Dealer_Hedging,315606
2026-04-13,2885,178577,Investment_Trust,3486200
2026-04-14,2885,23988087,Foreign_Investor,15638055
2026-04-14,2885,0,Foreign_Dealer_Self,0
2026-04-14,2885,26000,Dealer_self,2250
2026-04-14,2885,344409,Dealer_Hedging,480786
2026-04-14,2885,825497,Investment_Trust,4939473
2026-04-15,2885,22258637,Foreign_Investor,9225595
2026-04-15,2885,0,Foreign_Dealer_Self,0
2026-04-15,2885,155363,Investment_Trust,7905000
2026-04-15,2885,1119000,Dealer_self,176000
2026-04-15,2885,337471,Dealer_Hedging,939254
2026-04-16,2885,16181427,Foreign_Investor,9041666
2026-04-16,2885,0,Foreign_Dealer_Self,0
2026-04-16,2885,262526,Investment_Trust,8516000
2026-04-16,2885,252000,Dealer_self,216563
2026-04-16,2885,219836,Dealer_Hedging,614885
2026-04-17,2885,13852682,Foreign_Investor,11227035
2026-04-17,2885,0,Foreign_Dealer_Self,0
2026-04-17,2885,217021,Investment_Trust,2705669
2026-04-17,2885,164000,Dealer_self,19000
2026-04-17,2885,143697,Dealer_Hedging,481415
2026-04-20,2885,12331489,Foreign_Investor,12469540
2026-04-20,2885,0,Foreign_Dealer_Self,0
2026-04-20,2885,6860462,Investment_Trust,1798500
2026-04-20,2885,243000,Dealer_self,33005
2026-04-20,2885,365928,Dealer_Hedging,134350
2026-04-21,2885,10356540,Foreign_Investor,15563725
2026-04-21,2885,0,Foreign_Dealer_Self,0
2026-04-21,2885,286000,Dealer_self,96228
2026-04-21,2885,92940,Dealer_Hedging,250040
2026-04-21,2885,7526141,Investment_Trust,2899000
2026-04-22,2885,11378934,Foreign_Investor,17124416
2026-04-22,2885,0,Foreign_Dealer_Self,0
2026-04-22,2885,5755044,Investment_Trust,2965288
2026-04-22,2885,141000,Dealer_self,128071
2026-04-22,2885,307000,Dealer_Hedging,31953
2026-04-23,2885,15049348,Foreign_Investor,19910837
2026-04-23,2885,0,Foreign_Dealer_Self,0
2026-04-23,2885,5443528,Investment_Trust,2268236
2026-04-23,2885,2000,Dealer_self,891
2026-04-23,2885,866413,Dealer_Hedging,38310
2026-04-24,2885,8171580,Foreign_Investor,17245710
2026-04-24,2885,0,Foreign_Dealer_Self,0
2026-04-24,2885,5668201,Investment_Trust,2522446
2026-04-24,2885,461000,Dealer_self,4844
2026-04-24,2885,73557,Dealer_Hedging,553190
2026-04-27,2885,20047493,Foreign_Investor,19685000
2026-04-27,2885,0,Foreign_Dealer_Self,0
2026-04-27,2885,107030,Dealer_self,38000
2026-04-27,2885,343463,Dealer_Hedging,1948077
2026-04-27,2885,1923000,Investment_Trust,1623496
2026-04-28,2885,19912030,Foreign_Investor,12270000
2026-04-28,2885,0,Foreign_Dealer_Self,0
2026-04-28,2885,183979,Dealer_self,26000
2026-04-28,2885,651091,Dealer_Hedging,1656316
2026-04-28,2885,274000,Investment_Trust,2531441
2026-04-29,2885,10330808,Foreign_Investor,17135447
2026-04-29,2885,0,Foreign_Dealer_Self,0
2026-04-29,2885,400000,Investment_Trust,2805000
2026-04-29,2885,39000,Dealer_self,316
2026-04-29,2885,65065,Dealer_Hedging,495333
2026-04-30,2885,12560158,Foreign_Investor,25654679
2026-04-30,2885,0,Foreign_Dealer_Self,0
2026-04-30,2885,0,Investment_Trust,1469400
2026-04-30,2885,275000,Dealer_self,9000
2026-04-30,2885,325269,Dealer_Hedging,543541
2026-05-04,2885,9818361,Foreign_Investor,12950516
2026-05-04,2885,0,Foreign_Dealer_Self,0
2026-05-04,2885,100000,Investment_Trust,896421
2026-05-04,2885,7000,Dealer_self,28086
2026-05-04,2885,355769,Dealer_Hedging,705709
2026-05-05,2885,9895833,Foreign_Investor,17098213
2026-05-05,2885,0,Foreign_Dealer_Self,0
2026-05-05,2885,48000,Investment_Trust,715784
2026-05-05,2885,918000,Dealer_self,9000
2026-05-05,2885,484473,Dealer_Hedging,796257
2026-05-06,2885,13013123,Foreign_Investor,13765138
2026-05-06,2885,0,Foreign_Dealer_Self,0
2026-05-06,2885,700000,Investment_Trust,522000
2026-05-06,2885,283676,Dealer_self,15088
2026-05-06,2885,325198,Dealer_Hedging,740138
2026-05-07,2885,0,Foreign_Dealer_Self,0
2026-05-07,2885,604000,Investment_Trust,436884
2026-05-07,2885,129224,Dealer_self,78867
2026-05-07,2885,356447,Dealer_Hedging,159822
2026-05-07,2885,14541418,Foreign_Investor,19280481
2026-05-08,2885,0,Foreign_Dealer_Self,0
2026-05-08,2885,1100000,Investment_Trust,811900
2026-05-08,2885,197000,Dealer_self,14388
2026-05-08,2885,326002,Dealer_Hedging,396747
2026-05-08,2885,16460924,Foreign_Investor,11959680
2026-05-11,2885,11817349,Foreign_Investor,12950584
2026-05-11,2885,0,Foreign_Dealer_Self,0
2026-05-11,2885,30000,Dealer_self,34312
2026-05-11,2885,229283,Dealer_Hedging,863972
2026-05-11,2885,0,Investment_Trust,731420
2026-05-12,2885,11221693,Foreign_Investor,19619928
2026-05-12,2885,0,Foreign_Dealer_Self,0
2026-05-12,2885,483000,Dealer_self,193116
2026-05-12,2885,181000,Dealer_Hedging,1219477
2026-05-12,2885,0,Investment_Trust,3908713
2026-05-13,2885,12218635,Foreign_Investor,9449535
2026-05-13,2885,0,Foreign_Dealer_Self,0
2026-05-13,2885,0,Investment_Trust,614000
2026-05-13,2885,3000,Dealer_self,19831
2026-05-13,2885,111293,Dealer_Hedging,728000
2026-05-14,2885,9156647,Foreign_Investor,15859768
2026-05-14,2885,0,Foreign_Dealer_Self,0
2026-05-14,2885,123000,Dealer_self,299767
2026-05-14,2885,299202,Dealer_Hedging,608378
2026-05-14,2885,0,Investment_Trust,1410400
2026-05-15,2885,10919718,Foreign_Investor,12015247
2026-05-15,2885,0,Foreign_Dealer_Self,0
2026-05-15,2885,34000,Investment_Trust,516919
2026-05-15,2885,109999,Dealer_self,94163
2026-05-15,2885,326000,Dealer_Hedging,337724
2026-05-18,2885,14659144,Foreign_Investor,13800291
2026-05-18,2885,0,Foreign_Dealer_Self,0
2026-05-18,2885,0,Investment_Trust,4672000
2026-05-18,2885,126000,Dealer_self,114872
2026-05-18,2885,347000,Dealer_Hedging,88896
2026-05-19,2885,0,Foreign_Dealer_Self,0
2026-05-19,2885,172000,Investment_Trust,10371000
2026-05-19,2885,208000,Dealer_self,6014
2026-05-19,2885,780670,Dealer_Hedging,143000
2026-05-19,2885,24286447,Foreign_Investor,12058097
2026-05-20,2885,14772432,Foreign_Investor,14340930
2026-05-20,2885,0,Foreign_Dealer_Self,0
2026-05-20,2885,168000,Investment_Trust,1846000
2026-05-20,2885,82000,Dealer_self,131225
2026-05-20,2885,300619,Dealer_Hedging,464916
2026-05-21,2885,0,Foreign_Dealer_Self,0
2026-05-21,2885,40000,Dealer_self,274973
2026-05-21,2885,56240,Dealer_Hedging,763547
2026-05-21,2885,14652926,Foreign_Investor,13876422
2026-05-21,2885,177000,Investment_Trust,9205000
2026-05-22,2885,19483168,Foreign_Investor,8923995
2026-05-22,2885,0,Foreign_Dealer_Self,0
2026-05-22,2885,12000,Dealer_self,310968
2026-05-22,2885,69722,Dealer_Hedging,684595
2026-05-22,2885,610000,Investment_Trust,10472890
2026-05-25,2885,22048223,Foreign_Investor,7799000
2026-05-25,2885,0,Foreign_Dealer_Self,0
2026-05-25,2885,584000,Investment_Trust,12365900
2026-05-25,2885,3000,Dealer_self,2000
2026-05-25,2885,135457,Dealer_Hedging,197000
2026-05-26,2885,26653330,Foreign_Investor,15332348
2026-05-26,2885,0,Foreign_Dealer_Self,0
2026-05-26,2885,19000,Investment_Trust,9797400
2026-05-26,2885,2064,Dealer_self,65000
2026-05-26,2885,172160,Dealer_Hedging,270046
2026-05-27,2885,29117164,Foreign_Investor,16800353
2026-05-27,2885,0,Foreign_Dealer_Self,0
2026-05-27,2885,250000,Investment_Trust,10113801
2026-05-27,2885,52611,Dealer_self,5000
2026-05-27,2885,204026,Dealer_Hedging,371358
2026-05-28,2885,25716669,Foreign_Investor,20725826
2026-05-28,2885,0,Foreign_Dealer_Self,0
2026-05-28,2885,218980,Investment_Trust,7435000
2026-05-28,2885,64000,Dealer_self,20000
2026-05-28,2885,310023,Dealer_Hedging,176635
2026-05-29,2885,0,Foreign_Dealer_Self,0
2026-05-29,2885,390475,Investment_Trust,6853000
2026-05-29,2885,45000,Dealer_self,32610
2026-05-29,2885,102407,Dealer_Hedging,396786
2026-05-29,2885,84913958,Foreign_Investor,77338884
2026-06-01,2885,15389041,Foreign_Investor,12788082
2026-06-01,2885,0,Foreign_Dealer_Self,0
2026-06-01,2885,485000,Investment_Trust,7947400
2026-06-01,2885,69000,Dealer_self,105035
2026-06-01,2885,332290,Dealer_Hedging,285307
2026-06-02,2885,22784596,Foreign_Investor,10445566
2026-06-02,2885,0,Foreign_Dealer_Self,0
2026-06-02,2885,9000,Dealer_self,42397
2026-06-02,2885,185476,Dealer_Hedging,374387
2026-06-02,2885,120000,Investment_Trust,14925701
2026-06-03,2885,22708684,Foreign_Investor,17970060
2026-06-03,2885,0,Foreign_Dealer_Self,0
2026-06-03,2885,5251000,Investment_Trust,10454088
2026-06-03,2885,443415,Dealer_self,64863
2026-06-03,2885,495044,Dealer_Hedging,148602
2026-06-04,2885,19578331,Foreign_Investor,12755958
2026-06-04,2885,0,Foreign_Dealer_Self,0
2026-06-04,2885,2636000,Investment_Trust,7254588
2026-06-04,2885,247000,Dealer_self,1562
2026-06-04,2885,656076,Dealer_Hedging,288484
2026-06-05,2885,0,Foreign_Dealer_Self,0
2026-06-05,2885,693000,Investment_Trust,5585250
2026-06-05,2885,473000,Dealer_self,432933
2026-06-05,2885,556954,Dealer_Hedging,497040
2026-06-05,2885,23178997,Foreign_Investor,15603140
2026-06-08,2885,21402523,Foreign_Investor,25163345
2026-06-08,2885,0,Foreign_Dealer_Self,0
2026-06-08,2885,1455000,Investment_Trust,149000
2026-06-08,2885,54000,Dealer_self,554085
2026-06-08,2885,720660,Dealer_Hedging,277924
2026-06-09,2885,18548029,Foreign_Investor,19623161
2026-06-09,2885,0,Foreign_Dealer_Self,0
2026-06-09,2885,1489000,Investment_Trust,867522
2026-06-09,2885,7000,Dealer_self,64116
2026-06-09,2885,402196,Dealer_Hedging,283889
2026-06-10,2885,0,Foreign_Dealer_Self,0
2026-06-10,2885,14176776,Foreign_Investor,21285582
2026-06-10,2885,938066,Investment_Trust,460421
2026-06-10,2885,152000,Dealer_self,197628
2026-06-10,2885,915588,Dealer_Hedging,470975
2026-06-11,2885,15016346,Foreign_Investor,18182837
2026-06-11,2885,0,Foreign_Dealer_Self,0
2026-06-11,2885,1531264,Investment_Trust,4903000
2026-06-11,2885,81000,Dealer_self,70061
2026-06-11,2885,1539733,Dealer_Hedging,119494
2026-06-12,2885,0,Foreign_Dealer_Self,0
2026-06-12,2885,13300968,Foreign_Investor,11165598
2026-06-12,2885,104000,Investment_Trust,918199
2026-06-12,2885,10000,Dealer_self,4000
2026-06-12,2885,105363,Dealer_Hedging,158463
2026-06-15,2885,10736165,Foreign_Investor,7734235
2026-06-15,2885,0,Foreign_Dealer_Self,0
2026-06-15,2885,52000,Investment_Trust,975670
2026-06-15,2885,39000,Dealer_self,1000
2026-06-15,2885,217059,Dealer_Hedging,281078
2026-06-16,2885,0,Foreign_Dealer_Self,0
2026-06-16,2885,19536472,Foreign_Investor,15259299
2026-06-16,2885,121000,Investment_Trust,3071291
2026-06-16,2885,7000,Dealer_self,1000
2026-06-16,2885,142443,Dealer_Hedging,82153
2026-06-17,2885,0,Foreign_Dealer_Self,0
2026-06-17,2885,18901812,Foreign_Investor,9777915
2026-06-17,2885,2292000,Investment_Trust,7955047
2026-06-17,2885,7000,Dealer_self,444000
2026-06-17,2885,486272,Dealer_Hedging,557638
2026-06-18,2885,0,Foreign_Dealer_Self,0
2026-06-18,2885,32609574,Foreign_Investor,22018188
2026-06-18,2885,2892000,Investment_Trust,12647828
2026-06-18,2885,0,Dealer_self,737043
2026-06-18,2885,229612,Dealer_Hedging,187366
2026-06-19,2885,0,Foreign_Dealer_Self,0
2026-06-19,2885,3768000,Foreign_Investor,7195000
2026-06-19,2885,0,Investment_Trust,0
2026-06-19,2885,16000,Dealer_self,4000
2026-06-19,2885,391000,Dealer_Hedging,340000
2026-06-22,2885,0,Foreign_Dealer_Self,0
2026-06-22,2885,310953,Investment_Trust,12784000
2026-06-22,2885,171000,Dealer_self,4903
2026-06-22,2885,245047,Dealer_Hedging,118868
2026-06-22,2885,23386188,Foreign_Investor,19225268
2026-06-23,2885,19178433,Foreign_Investor,17673325
2026-06-23,2885,0,Foreign_Dealer_Self,0
2026-06-23,2885,456785,Investment_Trust,14639000
2026-06-23,2885,61000,Dealer_self,787441
2026-06-23,2885,348840,Dealer_Hedging,141428
2026-06-24,2885,21422817,Foreign_Investor,29778167
2026-06-24,2885,0,Foreign_Dealer_Self,0
2026-06-24,2885,67000,Dealer_self,1489000
2026-06-24,2885,673845,Dealer_Hedging,202171
2026-06-24,2885,365000,Investment_Trust,13718063
2026-06-25,2885,0,Foreign_Dealer_Self,0
2026-06-25,2885,23357098,Foreign_Investor,11276504
2026-06-25,2885,410000,Investment_Trust,13643000
2026-06-25,2885,9000,Dealer_self,11487
2026-06-25,2885,133784,Dealer_Hedging,31408
2026-06-26,2885,0,Foreign_Dealer_Self,0
2026-06-26,2885,20454326,Foreign_Investor,13123606
2026-06-26,2885,776575,Investment_Trust,11068000
2026-06-26,2885,3000,Dealer_self,64142
2026-06-26,2885,1441728,Dealer_Hedging,246547
2026-06-29,2885,20881747,Foreign_Investor,14529374
2026-06-29,2885,0,Foreign_Dealer_Self,0
2026-06-29,2885,598909,Investment_Trust,9967728
2026-06-29,2885,2000,Dealer_self,0
2026-06-29,2885,543903,Dealer_Hedging,95859
2026-06-30,2885,0,Foreign_Dealer_Self,0
2026-06-30,2885,457000,Investment_Trust,1373768
2026-06-30,2885,139000,Dealer_self,190116
2026-06-30,2885,52000,Dealer_Hedging,27566
2026-06-30,2885,18239755,Foreign_Investor,26827042
2026-07-01,2885,0,Foreign_Dealer_Self,0
2026-07-01,2885,2271000,Investment_Trust,2929133
2026-07-01,2885,459000,Dealer_self,29177
2026-07-01,2885,226561,Dealer_Hedging,52577
2026-07-01,2885,9119015,Foreign_Investor,12061400
2026-07-02,2885,14470224,Foreign_Investor,17446668
2026-07-02,2885,0,Foreign_Dealer_Self,0
2026-07-02,2885,2710756,Investment_Trust,753100
2026-07-02,2885,11000,Dealer_self,3118
2026-07-02,2885,737483,Dealer_Hedging,3661
2026-07-03,2885,0,Foreign_Dealer_Self,0
2026-07-03,2885,13751717,Foreign_Investor,6965672
2026-07-03,2885,2387742,Investment_Trust,54233
2026-07-03,2885,0,Dealer_self,2000
2026-07-03,2885,507886,Dealer_Hedging,49048
2026-07-06,2885,9237842,Foreign_Investor,5059308
2026-07-06,2885,0,Foreign_Dealer_Self,0
2026-07-06,2885,1987925,Investment_Trust,127238
2026-07-06,2885,33000,Dealer_self,17000
2026-07-06,2885,595219,Dealer_Hedging,69428
2026-07-07,2885,0,Foreign_Dealer_Self,0
2026-07-07,2885,1742838,Investment_Trust,112748
2026-07-07,2885,40000,Dealer_self,14000
2026-07-07,2885,1486254,Dealer_Hedging,58488
2026-07-07,2885,26920860,Foreign_Investor,20582979
2026-07-08,2885,14050680,Foreign_Investor,17880658
2026-07-08,2885,0,Foreign_Dealer_Self,0
2026-07-08,2885,1283877,Investment_Trust,38000
2026-07-08,2885,0,Dealer_self,45000
2026-07-08,2885,543027,Dealer_Hedging,308109
2026-07-09,2885,10723421,Foreign_Investor,20709453
2026-07-09,2885,0,Foreign_Dealer_Self,0
2026-07-09,2885,0,Dealer_self,105000
2026-07-09,2885,213209,Dealer_Hedging,143694
2026-07-09,2885,92138,Investment_Trust,529733
