date,stock_id,buy,name,sell
2024-07-01,2330,0,Foreign_Dealer_Self,0
2024-07-01,2330,465000,Dealer_self,281000
2024-07-01,2330,180597,Dealer_Hedging,245138
2024-07-01,2330,9053253,Foreign_Investor,9915816
2024-07-01,2330,221313,Investment_Trust,139957
2024-07-02,2330,0,Foreign_Dealer_Self,0
2024-07-02,2330,139000,Dealer_self,176000
2024-07-02,2330,147090,Dealer_Hedging,547401
2024-07-02,2330,17354348,Foreign_Investor,17576008
2024-07-02,2330,212000,Investment_Trust,22914
2024-07-03,2330,0,Foreign_Dealer_Self,0
2024-07-03,2330,667000,Investment_Trust,362734
2024-07-03,2330,966000,Dealer_self,80000
2024-07-03,2330,390190,Dealer_Hedging,109082
2024-07-03,2330,14726198,Foreign_Investor,8603590
2024-07-04,2330,0,Foreign_Dealer_Self,0
2024-07-04,2330,738000,Dealer_self,84000
2024-07-04,2330,1121701,Dealer_Hedging,145597
2024-07-04,2330,26469979,Foreign_Investor,14556790
2024-07-04,2330,338207,Investment_Trust,94893
2024-07-05,2330,0,Foreign_Dealer_Self,0
2024-07-05,2330,204500,Dealer_self,102500
2024-07-05,2330,74798,Dealer_Hedging,479987
2024-07-05,2330,8724620,Foreign_Investor,13941958
2024-07-05,2330,660400,Investment_Trust,199879
2024-07-08,2330,0,Foreign_Dealer_Self,0
2024-07-08,2330,347000,Dealer_self,335100
2024-07-08,2330,715246,Dealer_Hedging,809486
2024-07-08,2330,19149109,Foreign_Investor,23306371
2024-07-08,2330,553688,Investment_Trust,298719
2024-07-09,2330,0,Foreign_Dealer_Self,0
2024-07-09,2330,229000,Dealer_self,261300
2024-07-09,2330,1209297,Dealer_Hedging,1110147
2024-07-09,2330,26135728,Foreign_Investor,39396859
2024-07-09,2330,1033100,Investment_Trust,266634
2024-07-10,2330,0,Foreign_Dealer_Self,0
2024-07-10,2330,317000,Dealer_self,599499
2024-07-10,2330,445768,Dealer_Hedging,264287
2024-07-10,2330,25833402,Foreign_Investor,34481798
2024-07-10,2330,800000,Investment_Trust,150100
2024-07-11,2330,0,Foreign_Dealer_Self,0
2024-07-11,2330,447000,Dealer_self,320101
2024-07-11,2330,477346,Dealer_Hedging,221498
2024-07-11,2330,25999574,Foreign_Investor,27654798
2024-07-11,2330,931312,Investment_Trust,236000
2024-07-12,2330,0,Foreign_Dealer_Self,0
2024-07-12,2330,523000,Dealer_self,569600
2024-07-12,2330,1175159,Dealer_Hedging,873077
2024-07-12,2330,30487510,Foreign_Investor,57865016
2024-07-12,2330,904513,Investment_Trust,94850
2024-07-15,2330,0,Foreign_Dealer_Self,0
2024-07-15,2330,187000,Dealer_self,377112
2024-07-15,2330,581405,Dealer_Hedging,128948
2024-07-15,2330,20191525,Foreign_Investor,28687520
2024-07-15,2330,409838,Investment_Trust,358500
2024-07-16,2330,0,Foreign_Dealer_Self,0
2024-07-16,2330,248000,Dealer_self,743088
2024-07-16,2330,172372,Dealer_Hedging,331315
2024-07-16,2330,17084250,Foreign_Investor,16904472
2024-07-16,2330,2356000,Investment_Trust,156500
2024-07-17,2330,0,Foreign_Dealer_Self,0
2024-07-17,2330,858500,Dealer_self,2874693
2024-07-17,2330,995884,Dealer_Hedging,1552193
2024-07-17,2330,22175393,Foreign_Investor,42620611
2024-07-17,2330,974680,Investment_Trust,185000
2024-07-18,2330,0,Foreign_Dealer_Self,0
2024-07-18,2330,2165261,Investment_Trust,103000
2024-07-18,2330,1004300,Dealer_self,297157
2024-07-18,2330,1216104,Dealer_Hedging,571466
2024-07-18,2330,30559421,Foreign_Investor,65686476
2024-07-19,2330,0,Foreign_Dealer_Self,0
2024-07-19,2330,546250,Dealer_self,1205086
2024-07-19,2330,687223,Dealer_Hedging,2849046
2024-07-19,2330,27395168,Foreign_Investor,65400523
2024-07-19,2330,519110,Investment_Trust,101000
2024-07-22,2330,0,Foreign_Dealer_Self,0
2024-07-22,2330,3040800,Dealer_self,767951
2024-07-22,2330,1360267,Dealer_Hedging,921862
2024-07-22,2330,34700881,Foreign_Investor,40102810
2024-07-22,2330,1606969,Investment_Trust,47000
2024-07-23,2330,0,Foreign_Dealer_Self,0
2024-07-23,2330,596050,Dealer_self,1029350
2024-07-23,2330,386999,Dealer_Hedging,459469
2024-07-23,2330,33555858,Foreign_Investor,26612106
2024-07-23,2330,1107866,Investment_Trust,11000
2024-07-26,2330,0,Foreign_Dealer_Self,0
2024-07-26,2330,350000,Dealer_self,1816083
2024-07-26,2330,1232380,Dealer_Hedging,2105292
2024-07-26,2330,27243716,Foreign_Investor,70904523
2024-07-26,2330,1372315,Investment_Trust,536000
2024-07-29,2330,0,Foreign_Dealer_Self,0
2024-07-29,2330,118500,Dealer_self,1341206
2024-07-29,2330,356000,Dealer_Hedging,438477
2024-07-29,2330,28746656,Foreign_Investor,19384116
2024-07-29,2330,1695224,Investment_Trust,79000
2024-07-30,2330,0,Foreign_Dealer_Self,0
2024-07-30,2330,778000,Dealer_self,1221900
2024-07-30,2330,799651,Dealer_Hedging,598575
2024-07-30,2330,24766580,Foreign_Investor,33663613
2024-07-30,2330,1142168,Investment_Trust,17000
2024-07-31,2330,0,Foreign_Dealer_Self,0
2024-07-31,2330,326864,Investment_Trust,72000
2024-07-31,2330,192350,Dealer_self,568688
2024-07-31,2330,171072,Dealer_Hedging,505984
2024-07-31,2330,30528699,Foreign_Investor,36724299
2024-08-01,2330,0,Foreign_Dealer_Self,0
2024-08-01,2330,215000,Dealer_self,537050
2024-08-01,2330,331199,Dealer_Hedging,596214
2024-08-01,2330,30918785,Foreign_Investor,28937491
2024-08-01,2330,666493,Investment_Trust,34000
2024-08-02,2330,0,Foreign_Dealer_Self,0
2024-08-02,2330,672000,Dealer_self,3574058
2024-08-02,2330,1578588,Dealer_Hedging,3348378
2024-08-02,2330,15481903,Foreign_Investor,58701597
2024-08-02,2330,1768049,Investment_Trust,27000
2024-08-05,2330,0,Foreign_Dealer_Self,0
2024-08-05,2330,1414000,Dealer_self,6374979
2024-08-05,2330,4720172,Dealer_Hedging,9166394
2024-08-05,2330,40662136,Foreign_Investor,84962062
2024-08-05,2330,1829173,Investment_Trust,28000
2024-08-06,2330,0,Foreign_Dealer_Self,0
2024-08-06,2330,1641986,Dealer_self,2555241
2024-08-06,2330,1250300,Dealer_Hedging,1040545
2024-08-06,2330,71473090,Foreign_Investor,40882462
2024-08-06,2330,4367602,Investment_Trust,40850
2024-08-07,2330,0,Foreign_Dealer_Self,0
2024-08-07,2330,555994,Dealer_self,656500
2024-08-07,2330,689777,Dealer_Hedging,487370
2024-08-07,2330,36573920,Foreign_Investor,28835343
2024-08-07,2330,1292000,Investment_Trust,39316
2024-08-08,2330,0,Foreign_Dealer_Self,0
2024-08-08,2330,1110000,Dealer_self,1764659
2024-08-08,2330,360387,Dealer_Hedging,800041
2024-08-08,2330,15565934,Foreign_Investor,24769560
2024-08-08,2330,567100,Investment_Trust,56902
2024-08-09,2330,0,Foreign_Dealer_Self,0
2024-08-09,2330,160630,Investment_Trust,14986
2024-08-09,2330,444344,Dealer_self,2624690
2024-08-09,2330,555514,Dealer_Hedging,867421
2024-08-09,2330,35496206,Foreign_Investor,19135381
2024-08-12,2330,0,Foreign_Dealer_Self,0
2024-08-12,2330,510000,Investment_Trust,153558
2024-08-12,2330,118996,Dealer_self,2398633
2024-08-12,2330,99038,Dealer_Hedging,866306
2024-08-12,2330,26187227,Foreign_Investor,14917930
2024-08-13,2330,0,Foreign_Dealer_Self,0
2024-08-13,2330,241000,Dealer_self,222000
2024-08-13,2330,199878,Dealer_Hedging,291092
2024-08-13,2330,18124907,Foreign_Investor,15172217
2024-08-13,2330,412128,Investment_Trust,122315
2024-08-14,2330,0,Foreign_Dealer_Self,0
2024-08-14,2330,790000,Investment_Trust,144371
2024-08-14,2330,316000,Dealer_self,1204000
2024-08-14,2330,271435,Dealer_Hedging,332299
2024-08-14,2330,26500909,Foreign_Investor,18510001
2024-08-15,2330,0,Foreign_Dealer_Self,0
2024-08-15,2330,351070,Investment_Trust,689221
2024-08-15,2330,301000,Dealer_self,843000
2024-08-15,2330,42056,Dealer_Hedging,777309
2024-08-15,2330,12651755,Foreign_Investor,11692345
2024-08-16,2330,0,Foreign_Dealer_Self,0
2024-08-16,2330,866922,Investment_Trust,202487
2024-08-16,2330,751000,Dealer_self,371000
2024-08-16,2330,945083,Dealer_Hedging,238454
2024-08-16,2330,36323790,Foreign_Investor,18491827
2024-08-19,2330,0,Foreign_Dealer_Self,0
2024-08-19,2330,177000,Investment_Trust,268696
2024-08-19,2330,107000,Dealer_self,2602044
2024-08-19,2330,248176,Dealer_Hedging,919568
2024-08-19,2330,11690680,Foreign_Investor,9720336
2024-08-20,2330,0,Foreign_Dealer_Self,0
2024-08-20,2330,203000,Dealer_self,1849656
2024-08-20,2330,209189,Dealer_Hedging,850475
2024-08-20,2330,13690962,Foreign_Investor,12320886
2024-08-20,2330,295000,Investment_Trust,273001
2024-08-21,2330,0,Foreign_Dealer_Self,0
2024-08-21,2330,201000,Investment_Trust,30000
2024-08-21,2330,248107,Dealer_Hedging,1480507
2024-08-21,2330,14161117,Foreign_Investor,17098611
2024-08-21,2330,609000,Dealer_self,3908000
2024-08-22,2330,0,Foreign_Dealer_Self,0
2024-08-22,2330,114000,Investment_Trust,47000
2024-08-22,2330,246000,Dealer_self,370400
2024-08-22,2330,336085,Dealer_Hedging,259817
2024-08-22,2330,12688538,Foreign_Investor,16863837
2024-08-23,2330,0,Foreign_Dealer_Self,0
2024-08-23,2330,1247000,Dealer_self,347988
2024-08-23,2330,593253,Dealer_Hedging,121963
2024-08-23,2330,16105750,Foreign_Investor,20499772
2024-08-23,2330,289000,Investment_Trust,61434
2024-08-26,2330,0,Foreign_Dealer_Self,0
2024-08-26,2330,540000,Investment_Trust,20000
2024-08-26,2330,309000,Dealer_self,146000
2024-08-26,2330,643422,Dealer_Hedging,231031
2024-08-26,2330,13354391,Foreign_Investor,18579890
2024-08-27,2330,0,Foreign_Dealer_Self,0
2024-08-27,2330,85000,Investment_Trust,34300
2024-08-27,2330,303005,Dealer_self,275105
2024-08-27,2330,654137,Dealer_Hedging,343946
2024-08-27,2330,8922369,Foreign_Investor,14053269
2024-08-28,2330,0,Foreign_Dealer_Self,0
2024-08-28,2330,229303,Investment_Trust,32000
2024-08-28,2330,280000,Dealer_self,104000
2024-08-28,2330,569724,Dealer_Hedging,198282
2024-08-28,2330,18725862,Foreign_Investor,19422606
2024-08-29,2330,0,Foreign_Dealer_Self,0
2024-08-29,2330,217000,Dealer_self,874000
2024-08-29,2330,346385,Dealer_Hedging,457889
2024-08-29,2330,13691095,Foreign_Investor,35478755
2024-08-29,2330,1048000,Investment_Trust,1000
2024-08-30,2330,0,Foreign_Dealer_Self,0
2024-08-30,2330,483000,Dealer_self,310000
2024-08-30,2330,493888,Dealer_Hedging,88711
2024-08-30,2330,64074052,Foreign_Investor,64044593
2024-08-30,2330,514400,Investment_Trust,30000
2024-09-02,2330,0,Foreign_Dealer_Self,0
2024-09-02,2330,125000,Investment_Trust,289001
2024-09-02,2330,238000,Dealer_self,198000
2024-09-02,2330,282189,Dealer_Hedging,394194
2024-09-02,2330,10314662,Foreign_Investor,10253666
2024-09-03,2330,0,Foreign_Dealer_Self,0
2024-09-03,2330,151469,Investment_Trust,15850
2024-09-03,2330,65000,Dealer_self,121000
2024-09-03,2330,232749,Dealer_Hedging,197775
2024-09-03,2330,12975729,Foreign_Investor,13757075
2024-09-04,2330,0,Foreign_Dealer_Self,0
2024-09-04,2330,621000,Dealer_self,4039010
2024-09-04,2330,1232715,Dealer_Hedging,2902809
2024-09-04,2330,18580689,Foreign_Investor,67606404
2024-09-04,2330,766261,Investment_Trust,44000
2024-09-05,2330,0,Foreign_Dealer_Self,0
2024-09-05,2330,742892,Investment_Trust,79001
2024-09-05,2330,63000,Dealer_self,1639419
2024-09-05,2330,245576,Dealer_Hedging,1126278
2024-09-05,2330,19674011,Foreign_Investor,16580092
2024-09-06,2330,0,Foreign_Dealer_Self,0
2024-09-06,2330,285000,Dealer_self,842000
2024-09-06,2330,379807,Dealer_Hedging,587336
2024-09-06,2330,16885664,Foreign_Investor,12383795
2024-09-06,2330,468665,Investment_Trust,34000
2024-09-09,2330,0,Foreign_Dealer_Self,0
2024-09-09,2330,580924,Investment_Trust,22001
2024-09-09,2330,489000,Dealer_self,792149
2024-09-09,2330,1153161,Dealer_Hedging,549545
2024-09-09,2330,10301743,Foreign_Investor,30979138
2024-09-10,2330,0,Foreign_Dealer_Self,0
2024-09-10,2330,406992,Dealer_self,175000
2024-09-10,2330,644022,Dealer_Hedging,285600
2024-09-10,2330,17950098,Foreign_Investor,21553735
2024-09-10,2330,452000,Investment_Trust,37001
2024-09-11,2330,0,Foreign_Dealer_Self,0
2024-09-11,2330,660261,Investment_Trust,2000
2024-09-11,2330,632000,Dealer_self,377000
2024-09-11,2330,62033,Dealer_Hedging,137907
2024-09-11,2330,9982912,Foreign_Investor,12114459
2024-09-12,2330,0,Foreign_Dealer_Self,0
2024-09-12,2330,96629,Investment_Trust,26001
2024-09-12,2330,1006037,Dealer_self,325000
2024-09-12,2330,909046,Dealer_Hedging,322910
2024-09-12,2330,34161075,Foreign_Investor,12591316
2024-09-13,2330,0,Foreign_Dealer_Self,0
2024-09-13,2330,39000,Dealer_self,330000
2024-09-13,2330,129966,Dealer_Hedging,243179
2024-09-13,2330,21855359,Foreign_Investor,14893683
2024-09-13,2330,56470,Investment_Trust,7000
2024-09-16,2330,0,Foreign_Dealer_Self,0
2024-09-16,2330,36400,Dealer_self,244000
2024-09-16,2330,29400,Dealer_Hedging,271680
2024-09-16,2330,8389462,Foreign_Investor,7670591
2024-09-16,2330,486315,Investment_Trust,114000
2024-09-18,2330,0,Foreign_Dealer_Self,0
2024-09-18,2330,197000,Dealer_self,2877000
2024-09-18,2330,165379,Dealer_Hedging,1100399
2024-09-18,2330,17701897,Foreign_Investor,18160184
2024-09-18,2330,625931,Investment_Trust,87000
2024-09-19,2330,0,Foreign_Dealer_Self,0
2024-09-19,2330,458000,Investment_Trust,71305
2024-09-19,2330,2364443,Dealer_self,98010
2024-09-19,2330,1280423,Dealer_Hedging,49000
2024-09-19,2330,24389137,Foreign_Investor,17046657
2024-09-20,2330,0,Foreign_Dealer_Self,0
2024-09-20,2330,635000,Investment_Trust,258781
2024-09-20,2330,505114,Dealer_self,515000
2024-09-20,2330,560749,Dealer_Hedging,629742
2024-09-20,2330,55453371,Foreign_Investor,36041545
2024-09-23,2330,0,Foreign_Dealer_Self,0
2024-09-23,2330,787883,Dealer_self,138714
2024-09-23,2330,399223,Dealer_Hedging,270000
2024-09-23,2330,9450145,Foreign_Investor,7324878
2024-09-23,2330,203000,Investment_Trust,132000
2024-09-24,2330,21314664,Foreign_Investor,11880698
2024-09-24,2330,0,Foreign_Dealer_Self,0
2024-09-24,2330,173001,Dealer_self,347000
2024-09-24,2330,342630,Dealer_Hedging,199198
2024-09-24,2330,85000,Investment_Trust,158447
2024-09-25,2330,0,Foreign_Dealer_Self,0
2024-09-25,2330,229000,Investment_Trust,52846
2024-09-25,2330,2316070,Dealer_self,208000
2024-09-25,2330,490421,Dealer_Hedging,347187
2024-09-25,2330,23802353,Foreign_Investor,13945040
2024-09-26,2330,0,Foreign_Dealer_Self,0
2024-09-26,2330,241000,Investment_Trust,127815
2024-09-26,2330,1454578,Dealer_self,130001
2024-09-26,2330,955335,Dealer_Hedging,259549
2024-09-26,2330,27340721,Foreign_Investor,14913380
2024-09-27,2330,0,Foreign_Dealer_Self,0
2024-09-27,2330,723365,Dealer_self,255000
2024-09-27,2330,186371,Dealer_Hedging,189050
2024-09-27,2330,22002881,Foreign_Investor,17893681
2024-09-27,2330,217000,Investment_Trust,165602
2024-09-30,2330,0,Foreign_Dealer_Self,0
2024-09-30,2330,712068,Dealer_self,334194
2024-09-30,2330,626600,Dealer_Hedging,1049794
2024-09-30,2330,23793433,Foreign_Investor,44066713
2024-09-30,2330,100000,Investment_Trust,191400
2024-10-01,2330,0,Foreign_Dealer_Self,0
2024-10-01,2330,155080,Dealer_self,411578
2024-10-01,2330,483101,Dealer_Hedging,238829
2024-10-01,2330,15055543,Foreign_Investor,13570031
2024-10-01,2330,136000,Investment_Trust,142996
2024-10-04,2330,0,Foreign_Dealer_Self,0
2024-10-04,2330,232000,Investment_Trust,397753
2024-10-04,2330,287115,Dealer_self,1016575
2024-10-04,2330,299392,Dealer_Hedging,190550
2024-10-04,2330,30015423,Foreign_Investor,26938064
2024-10-07,2330,0,Foreign_Dealer_Self,0
2024-10-07,2330,1528439,Dealer_self,77009
2024-10-07,2330,1127983,Dealer_Hedging,149000
2024-10-07,2330,28391818,Foreign_Investor,17422567
2024-10-07,2330,759000,Investment_Trust,27000
2024-10-08,2330,0,Foreign_Dealer_Self,0
2024-10-08,2330,209776,Dealer_self,716000
2024-10-08,2330,285592,Dealer_Hedging,556732
2024-10-08,2330,23050525,Foreign_Investor,20501737
2024-10-08,2330,152000,Investment_Trust,62379
2024-10-09,2330,0,Foreign_Dealer_Self,0
2024-10-09,2330,393368,Dealer_self,501500
2024-10-09,2330,596959,Dealer_Hedging,335098
2024-10-09,2330,30535705,Foreign_Investor,15870112
2024-10-09,2330,158000,Investment_Trust,174041
2024-10-11,2330,0,Foreign_Dealer_Self,0
2024-10-11,2330,554068,Dealer_self,322000
2024-10-11,2330,546672,Dealer_Hedging,375422
2024-10-11,2330,30018974,Foreign_Investor,15148287
2024-10-11,2330,379306,Investment_Trust,160190
2024-10-14,2330,0,Foreign_Dealer_Self,0
2024-10-14,2330,537900,Dealer_self,140000
2024-10-14,2330,425767,Dealer_Hedging,107769
2024-10-14,2330,12320117,Foreign_Investor,18407671
2024-10-14,2330,781000,Investment_Trust,152689
2024-10-15,2330,0,Foreign_Dealer_Self,0
2024-10-15,2330,545400,Dealer_self,113500
2024-10-15,2330,675200,Dealer_Hedging,232184
2024-10-15,2330,33017605,Foreign_Investor,21953073
2024-10-15,2330,367000,Investment_Trust,116879
2024-10-16,2330,0,Foreign_Dealer_Self,0
2024-10-16,2330,1423000,Dealer_self,169500
2024-10-16,2330,730484,Dealer_Hedging,681447
2024-10-16,2330,24014383,Foreign_Investor,40951741
2024-10-16,2330,372000,Investment_Trust,595637
2024-10-17,2330,0,Foreign_Dealer_Self,0
2024-10-17,2330,3193798,Dealer_self,37000
2024-10-17,2330,1200765,Dealer_Hedging,189999
2024-10-17,2330,22641620,Foreign_Investor,35631258
2024-10-17,2330,888000,Investment_Trust,301200
2024-10-18,2330,0,Foreign_Dealer_Self,0
2024-10-18,2330,2354532,Dealer_self,461001
2024-10-18,2330,1286750,Dealer_Hedging,735000
2024-10-18,2330,57383966,Foreign_Investor,22985852
2024-10-18,2330,405000,Investment_Trust,540379
2024-10-21,2330,0,Foreign_Dealer_Self,0
2024-10-21,2330,970000,Dealer_self,333000
2024-10-21,2330,288152,Dealer_Hedging,586312
2024-10-21,2330,30035134,Foreign_Investor,23457815
2024-10-21,2330,330000,Investment_Trust,1581989
2024-10-22,2330,0,Foreign_Dealer_Self,0
2024-10-22,2330,325000,Dealer_self,207000
2024-10-22,2330,184492,Dealer_Hedging,220916
2024-10-22,2330,20126754,Foreign_Investor,26892293
2024-10-22,2330,688000,Investment_Trust,767689
2024-10-23,2330,0,Foreign_Dealer_Self,0
2024-10-23,2330,138000,Dealer_self,982000
2024-10-23,2330,139086,Dealer_Hedging,252969
2024-10-23,2330,14959874,Foreign_Investor,16054049
2024-10-23,2330,292000,Investment_Trust,396947
2024-10-24,2330,0,Foreign_Dealer_Self,0
2024-10-24,2330,522704,Investment_Trust,66539
2024-10-24,2330,123500,Dealer_self,313500
2024-10-24,2330,314176,Dealer_Hedging,626805
2024-10-24,2330,22262197,Foreign_Investor,16031594
2024-10-25,2330,0,Foreign_Dealer_Self,0
2024-10-25,2330,311704,Investment_Trust,766689
2024-10-25,2330,61100,Dealer_self,130600
2024-10-25,2330,158021,Dealer_Hedging,57399
2024-10-25,2330,13846012,Foreign_Investor,8301905
2024-10-28,2330,0,Foreign_Dealer_Self,0
2024-10-28,2330,954000,Dealer_self,395223
2024-10-28,2330,173082,Dealer_Hedging,240341
2024-10-28,2330,19672853,Foreign_Investor,16452822
2024-10-28,2330,546407,Investment_Trust,147851
2024-10-29,2330,0,Foreign_Dealer_Self,0
2024-10-29,2330,384476,Dealer_self,768076
2024-10-29,2330,283185,Dealer_Hedging,610646
2024-10-29,2330,21886480,Foreign_Investor,23841814
2024-10-29,2330,1480415,Investment_Trust,406663
2024-10-30,2330,0,Foreign_Dealer_Self,0
2024-10-30,2330,283000,Dealer_self,137000
2024-10-30,2330,167180,Dealer_Hedging,259216
2024-10-30,2330,23358445,Foreign_Investor,26261438
2024-10-30,2330,773000,Investment_Trust,56064
2024-11-01,2330,0,Foreign_Dealer_Self,0
2024-11-01,2330,462314,Investment_Trust,10000
2024-11-01,2330,251130,Dealer_self,524500
2024-11-01,2330,802100,Dealer_Hedging,573425
2024-11-01,2330,32957242,Foreign_Investor,41269302
2024-11-04,2330,0,Foreign_Dealer_Self,0
2024-11-04,2330,420819,Investment_Trust,4000
2024-11-04,2330,103000,Dealer_self,257830
2024-11-04,2330,205053,Dealer_Hedging,234128
2024-11-04,2330,11423888,Foreign_Investor,12416331
2024-11-05,2330,0,Foreign_Dealer_Self,0
2024-11-05,2330,281700,Dealer_self,865692
2024-11-05,2330,129896,Dealer_Hedging,394116
2024-11-05,2330,14962987,Foreign_Investor,14946965
2024-11-05,2330,453000,Investment_Trust,28000
2024-11-06,2330,0,Foreign_Dealer_Self,0
2024-11-06,2330,346640,Dealer_self,894800
2024-11-06,2330,401238,Dealer_Hedging,1180051
2024-11-06,2330,19393694,Foreign_Investor,27134159
2024-11-06,2330,716000,Investment_Trust,105535
2024-11-07,2330,0,Foreign_Dealer_Self,0
2024-11-07,2330,625077,Dealer_self,137000
2024-11-07,2330,529502,Dealer_Hedging,77988
2024-11-07,2330,17762603,Foreign_Investor,30046669
2024-11-07,2330,358619,Investment_Trust,13611
2024-11-08,2330,0,Foreign_Dealer_Self,0
2024-11-08,2330,643823,Dealer_self,290423
2024-11-08,2330,363446,Dealer_Hedging,238700
2024-11-08,2330,14729829,Foreign_Investor,11680004
2024-11-08,2330,405000,Investment_Trust,16200
2024-11-11,2330,0,Foreign_Dealer_Self,0
2024-11-11,2330,241000,Dealer_self,3448499
2024-11-11,2330,256475,Dealer_Hedging,349971
2024-11-11,2330,16969056,Foreign_Investor,16947843
2024-11-11,2330,394000,Investment_Trust,145000
2024-11-12,2330,0,Foreign_Dealer_Self,0
2024-11-12,2330,183500,Dealer_self,1118460
2024-11-12,2330,103200,Dealer_Hedging,1004931
2024-11-12,2330,22723959,Foreign_Investor,39613517
2024-11-12,2330,401611,Investment_Trust,236500
2024-11-13,2330,0,Foreign_Dealer_Self,0
2024-11-13,2330,303005,Dealer_self,1551505
2024-11-13,2330,257886,Dealer_Hedging,429509
2024-11-13,2330,15871592,Foreign_Investor,31593174
2024-11-13,2330,773821,Investment_Trust,419896
2024-11-14,2330,0,Foreign_Dealer_Self,0
2024-11-14,2330,840611,Investment_Trust,354000
2024-11-14,2330,185000,Dealer_self,1680999
2024-11-14,2330,115032,Dealer_Hedging,502738
2024-11-14,2330,28800448,Foreign_Investor,32344177
2024-11-15,2330,0,Foreign_Dealer_Self,0
2024-11-15,2330,108000,Dealer_self,104500
2024-11-15,2330,134024,Dealer_Hedging,248472
2024-11-15,2330,22994449,Foreign_Investor,24992045
2024-11-15,2330,42105,Investment_Trust,424000
2024-11-18,2330,0,Foreign_Dealer_Self,0
2024-11-18,2330,445000,Dealer_self,770900
2024-11-18,2330,69200,Dealer_Hedging,438601
2024-11-18,2330,15755629,Foreign_Investor,18036017
2024-11-18,2330,1097708,Investment_Trust,382262
2024-11-19,2330,0,Foreign_Dealer_Self,0
2024-11-19,2330,1044000,Dealer_self,94000
2024-11-19,2330,306672,Dealer_Hedging,99630
2024-11-19,2330,14959349,Foreign_Investor,12404016
2024-11-19,2330,782847,Investment_Trust,304648
2024-11-20,2330,0,Foreign_Dealer_Self,0
2024-11-20,2330,782753,Investment_Trust,20000
2024-11-20,2330,1602130,Dealer_self,288500
2024-11-20,2330,550500,Dealer_Hedging,535661
2024-11-20,2330,14057387,Foreign_Investor,29908445
2024-11-21,2330,0,Foreign_Dealer_Self,0
2024-11-21,2330,1045570,Investment_Trust,499000
2024-11-21,2330,435000,Dealer_self,250500
2024-11-21,2330,647100,Dealer_Hedging,232471
2024-11-21,2330,17063865,Foreign_Investor,29830397
2024-11-22,2330,0,Foreign_Dealer_Self,0
2024-11-22,2330,693000,Investment_Trust,213000
2024-11-22,2330,540506,Dealer_self,47108
2024-11-22,2330,228201,Dealer_Hedging,67669
2024-11-22,2330,21589923,Foreign_Investor,14154449
2024-11-25,2330,0,Foreign_Dealer_Self,0
2024-11-25,2330,1411000,Dealer_self,236000
2024-11-25,2330,182423,Dealer_Hedging,68456
2024-11-25,2330,39013708,Foreign_Investor,46185883
2024-11-25,2330,1727071,Investment_Trust,264493
2024-11-26,2330,0,Foreign_Dealer_Self,0
2024-11-26,2330,224000,Dealer_self,311000
2024-11-26,2330,204200,Dealer_Hedging,275357
2024-11-26,2330,9395777,Foreign_Investor,20291829
2024-11-26,2330,421126,Investment_Trust,311611
2024-11-27,2330,0,Foreign_Dealer_Self,0
2024-11-27,2330,269000,Investment_Trust,294902
2024-11-27,2330,219000,Dealer_self,650900
2024-11-27,2330,144651,Dealer_Hedging,480310
2024-11-27,2330,7071138,Foreign_Investor,16685179
2024-11-28,2330,0,Foreign_Dealer_Self,0
2024-11-28,2330,1104055,Investment_Trust,58378
2024-11-28,2330,308000,Dealer_self,329498
2024-11-28,2330,434746,Dealer_Hedging,495641
2024-11-28,2330,15692801,Foreign_Investor,17945046
2024-11-29,2330,0,Foreign_Dealer_Self,0
2024-11-29,2330,529000,Investment_Trust,85148
2024-11-29,2330,390000,Dealer_self,711000
2024-11-29,2330,489014,Dealer_Hedging,87970
2024-11-29,2330,21689184,Foreign_Investor,30093599
2024-12-02,2330,0,Foreign_Dealer_Self,0
2024-12-02,2330,383305,Investment_Trust,35196
2024-12-02,2330,541270,Dealer_self,529000
2024-12-02,2330,83985,Dealer_Hedging,217200
2024-12-02,2330,22853421,Foreign_Investor,11904333
2024-12-03,2330,0,Foreign_Dealer_Self,0
2024-12-03,2330,367000,Investment_Trust,19000
2024-12-03,2330,312730,Dealer_self,277628
2024-12-03,2330,416943,Dealer_Hedging,429837
2024-12-03,2330,32756611,Foreign_Investor,23019609
2024-12-04,2330,0,Foreign_Dealer_Self,0
2024-12-04,2330,134000,Dealer_self,266000
2024-12-04,2330,213966,Dealer_Hedging,417650
2024-12-04,2330,24730635,Foreign_Investor,13608524
2024-12-04,2330,75000,Investment_Trust,23179
2024-12-05,2330,0,Foreign_Dealer_Self,0
2024-12-05,2330,60000,Investment_Trust,66622
2024-12-05,2330,58320,Dealer_self,210320
2024-12-05,2330,68000,Dealer_Hedging,73000
2024-12-05,2330,31312564,Foreign_Investor,21580595
2024-12-06,2330,0,Foreign_Dealer_Self,0
2024-12-06,2330,95000,Dealer_self,103000
2024-12-06,2330,191474,Dealer_Hedging,279756
2024-12-06,2330,14959475,Foreign_Investor,18308534
2024-12-06,2330,0,Investment_Trust,161305
2024-12-09,2330,0,Foreign_Dealer_Self,0
2024-12-09,2330,61000,Dealer_self,93000
2024-12-09,2330,88468,Dealer_Hedging,61400
2024-12-09,2330,23709527,Foreign_Investor,18957022
2024-12-09,2330,0,Investment_Trust,308000
2024-12-10,2330,0,Foreign_Dealer_Self,0
2024-12-10,2330,108000,Dealer_self,218000
2024-12-10,2330,26000,Dealer_Hedging,167522
2024-12-10,2330,20104586,Foreign_Investor,22317093
2024-12-10,2330,60000,Investment_Trust,78407
2024-12-11,2330,0,Foreign_Dealer_Self,0
2024-12-11,2330,426000,Dealer_self,765160
2024-12-11,2330,135500,Dealer_Hedging,204575
2024-12-11,2330,11076963,Foreign_Investor,18353941
2024-12-11,2330,528270,Investment_Trust,101590
2024-12-12,2330,0,Foreign_Dealer_Self,0
2024-12-12,2330,22000,Investment_Trust,179844
2024-12-12,2330,54000,Dealer_self,176000
2024-12-12,2330,116600,Dealer_Hedging,87900
2024-12-12,2330,16779573,Foreign_Investor,17414604
2024-12-13,2330,0,Foreign_Dealer_Self,0
2024-12-13,2330,4000,Investment_Trust,182626
2024-12-13,2330,111000,Dealer_self,813000
2024-12-13,2330,23100,Dealer_Hedging,184300
2024-12-13,2330,13431533,Foreign_Investor,14327474
2024-12-16,2330,0,Foreign_Dealer_Self,0
2024-12-16,2330,9000,Investment_Trust,117650
2024-12-16,2330,188498,Dealer_self,713500
2024-12-16,2330,89400,Dealer_Hedging,483088
2024-12-16,2330,33095026,Foreign_Investor,14328479
2024-12-17,2330,0,Foreign_Dealer_Self,0
2024-12-17,2330,287500,Dealer_self,402000
2024-12-17,2330,323500,Dealer_Hedging,257037
2024-12-17,2330,25567640,Foreign_Investor,22817656
2024-12-17,2330,227000,Investment_Trust,400490
2024-12-18,2330,0,Foreign_Dealer_Self,0
2024-12-18,2330,777000,Dealer_self,1503000
2024-12-18,2330,249310,Dealer_Hedging,431310
2024-12-18,2330,35131470,Foreign_Investor,22567706
2024-12-18,2330,368698,Investment_Trust,558792
2024-12-19,2330,0,Foreign_Dealer_Self,0
2024-12-19,2330,520000,Investment_Trust,95309
2024-12-19,2330,309000,Dealer_self,238000
2024-12-19,2330,337810,Dealer_Hedging,93496
2024-12-19,2330,22711709,Foreign_Investor,28907882
2024-12-20,2330,0,Foreign_Dealer_Self,0
2024-12-20,2330,579220,Dealer_self,230000
2024-12-20,2330,243770,Dealer_Hedging,93493
2024-12-20,2330,23385055,Foreign_Investor,45590263
2024-12-20,2330,780000,Investment_Trust,776586
2024-12-23,2330,0,Foreign_Dealer_Self,0
2024-12-23,2330,619000,Investment_Trust,66200
2024-12-23,2330,640000,Dealer_self,338000
2024-12-23,2330,655352,Dealer_Hedging,95140
2024-12-23,2330,24870177,Foreign_Investor,7168901
2024-12-24,2330,0,Foreign_Dealer_Self,0
2024-12-24,2330,357980,Dealer_self,80000
2024-12-24,2330,434717,Dealer_Hedging,180650
2024-12-24,2330,20288883,Foreign_Investor,14176139
2024-12-24,2330,286000,Investment_Trust,298360
2024-12-25,2330,0,Foreign_Dealer_Self,0
2024-12-25,2330,1239900,Dealer_self,102000
2024-12-25,2330,269913,Dealer_Hedging,107000
2024-12-25,2330,6527189,Foreign_Investor,2728700
2024-12-25,2330,127000,Investment_Trust,76500
2024-12-26,2330,7617695,Foreign_Investor,3425448
2024-12-26,2330,0,Foreign_Dealer_Self,0
2024-12-26,2330,187000,Investment_Trust,139540
2024-12-26,2330,102000,Dealer_self,58000
2024-12-26,2330,53999,Dealer_Hedging,14900
2024-12-27,2330,0,Foreign_Dealer_Self,0
2024-12-27,2330,197460,Dealer_self,170000
2024-12-27,2330,148157,Dealer_Hedging,81000
2024-12-27,2330,13304475,Foreign_Investor,6529275
2024-12-27,2330,61000,Investment_Trust,145655
2024-12-30,2330,0,Foreign_Dealer_Self,0
2024-12-30,2330,34000,Dealer_self,259796
2024-12-30,2330,248999,Dealer_Hedging,256000
2024-12-30,2330,18143446,Foreign_Investor,15533742
2024-12-30,2330,112000,Investment_Trust,142756
2024-12-31,2330,0,Foreign_Dealer_Self,0
2024-12-31,2330,640000,Investment_Trust,731474
2024-12-31,2330,488300,Dealer_self,431204
2024-12-31,2330,227900,Dealer_Hedging,123018
2024-12-31,2330,12621736,Foreign_Investor,19506880
2025-01-02,2330,0,Foreign_Dealer_Self,0
2025-01-02,2330,403000,Investment_Trust,97180
2025-01-02,2330,450400,Dealer_self,1903000
2025-01-02,2330,350420,Dealer_Hedging,380016
2025-01-02,2330,8735695,Foreign_Investor,21187815
2025-01-03,2330,0,Foreign_Dealer_Self,0
2025-01-03,2330,220000,Dealer_self,233000
2025-01-03,2330,296968,Dealer_Hedging,320042
2025-01-03,2330,16070364,Foreign_Investor,10766017
2025-01-03,2330,419000,Investment_Trust,55000
2025-01-06,2330,0,Foreign_Dealer_Self,0
2025-01-06,2330,1955967,Dealer_self,253495
2025-01-06,2330,1235359,Dealer_Hedging,137430
2025-01-06,2330,41115655,Foreign_Investor,11709171
2025-01-06,2330,266000,Investment_Trust,153000
2025-01-07,2330,0,Foreign_Dealer_Self,0
2025-01-07,2330,708448,Dealer_self,55159
2025-01-07,2330,436356,Dealer_Hedging,416037
2025-01-07,2330,25940088,Foreign_Investor,30209899
2025-01-07,2330,4000,Investment_Trust,295100
2025-01-08,2330,0,Foreign_Dealer_Self,0
2025-01-08,2330,808250,Dealer_self,143600
2025-01-08,2330,465969,Dealer_Hedging,140999
2025-01-08,2330,17921114,Foreign_Investor,30818896
2025-01-08,2330,64000,Investment_Trust,359560
2025-01-09,2330,0,Foreign_Dealer_Self,0
2025-01-09,2330,89000,Investment_Trust,66686
2025-01-09,2330,330000,Dealer_self,188000
2025-01-09,2330,124000,Dealer_Hedging,263680
2025-01-09,2330,11616705,Foreign_Investor,18180319
2025-01-10,2330,0,Foreign_Dealer_Self,0
2025-01-10,2330,200000,Dealer_self,360000
2025-01-10,2330,279500,Dealer_Hedging,157106
2025-01-10,2330,12208453,Foreign_Investor,17225621
2025-01-10,2330,46000,Investment_Trust,249000
2025-01-13,2330,0,Foreign_Dealer_Self,0
2025-01-13,2330,1093480,Dealer_self,946993
2025-01-13,2330,609618,Dealer_Hedging,379595
2025-01-13,2330,21121356,Foreign_Investor,36861246
2025-01-13,2330,1497000,Investment_Trust,108400
2025-01-14,2330,0,Foreign_Dealer_Self,0
2025-01-14,2330,136000,Dealer_self,348000
2025-01-14,2330,196421,Dealer_Hedging,119561
2025-01-14,2330,15034830,Foreign_Investor,15779888
2025-01-14,2330,866000,Investment_Trust,204900
2025-01-15,2330,0,Foreign_Dealer_Self,0
2025-01-15,2330,524000,Investment_Trust,52000
2025-01-15,2330,300100,Dealer_self,455589
2025-01-15,2330,305100,Dealer_Hedging,306191
2025-01-15,2330,11663597,Foreign_Investor,23357520
2025-01-16,2330,0,Foreign_Dealer_Self,0
2025-01-16,2330,812462,Investment_Trust,2631500
2025-01-16,2330,1975000,Dealer_self,1110000
2025-01-16,2330,783942,Dealer_Hedging,155794
2025-01-16,2330,25082344,Foreign_Investor,12144726
2025-01-17,2330,0,Foreign_Dealer_Self,0
2025-01-17,2330,320000,Dealer_self,344000
2025-01-17,2330,155932,Dealer_Hedging,308879
2025-01-17,2330,35417730,Foreign_Investor,22072055
2025-01-17,2330,156000,Investment_Trust,304250
2025-01-20,2330,0,Foreign_Dealer_Self,0
2025-01-20,2330,200100,Dealer_self,99500
2025-01-20,2330,154400,Dealer_Hedging,54643
2025-01-20,2330,17833303,Foreign_Investor,13672835
2025-01-20,2330,52500,Investment_Trust,468164
2025-01-21,2330,0,Foreign_Dealer_Self,0
2025-01-21,2330,184000,Dealer_self,142000
2025-01-21,2330,138132,Dealer_Hedging,135018
2025-01-21,2330,15090460,Foreign_Investor,12718729
2025-01-21,2330,439000,Investment_Trust,94698
2025-01-22,2330,0,Foreign_Dealer_Self,0
2025-01-22,2330,198000,Investment_Trust,123309
2025-01-22,2330,791465,Dealer_self,109965
2025-01-22,2330,216651,Dealer_Hedging,56782
2025-01-22,2330,29772698,Foreign_Investor,22913144
2025-02-03,2330,0,Foreign_Dealer_Self,0
2025-02-03,2330,1088000,Dealer_self,1182218
2025-02-03,2330,2524750,Dealer_Hedging,761871
2025-02-03,2330,47776919,Foreign_Investor,78075175
2025-02-03,2330,3505180,Investment_Trust,731713
2025-02-04,2330,0,Foreign_Dealer_Self,0
2025-02-04,2330,95100,Dealer_self,703233
2025-02-04,2330,183120,Dealer_Hedging,619078
2025-02-04,2330,39847215,Foreign_Investor,27652709
2025-02-04,2330,758000,Investment_Trust,405926
2025-02-05,2330,0,Foreign_Dealer_Self,0
2025-02-05,2330,268000,Dealer_self,256600
2025-02-05,2330,449703,Dealer_Hedging,172145
2025-02-05,2330,28142639,Foreign_Investor,22142942
2025-02-05,2330,173000,Investment_Trust,127800
2025-02-06,2330,0,Foreign_Dealer_Self,0
2025-02-06,2330,394588,Investment_Trust,57000
2025-02-06,2330,135008,Dealer_self,28500
2025-02-06,2330,150962,Dealer_Hedging,159598
2025-02-06,2330,19667799,Foreign_Investor,19715763
2025-02-07,2330,0,Foreign_Dealer_Self,0
2025-02-07,2330,74000,Investment_Trust,59417
2025-02-07,2330,30000,Dealer_self,46000
2025-02-07,2330,150637,Dealer_Hedging,96353
2025-02-07,2330,16877688,Foreign_Investor,13833003
2025-02-10,2330,0,Foreign_Dealer_Self,0
2025-02-10,2330,261000,Dealer_self,658594
2025-02-10,2330,259470,Dealer_Hedging,341020
2025-02-10,2330,12837520,Foreign_Investor,15108548
2025-02-10,2330,391176,Investment_Trust,522834
2025-02-11,2330,0,Foreign_Dealer_Self,0
2025-02-11,2330,14000,Dealer_self,244240
2025-02-11,2330,114907,Dealer_Hedging,176759
2025-02-11,2330,11395442,Foreign_Investor,10166463
2025-02-11,2330,19000,Investment_Trust,372250
2025-02-12,2330,0,Foreign_Dealer_Self,0
2025-02-12,2330,105000,Dealer_self,313000
2025-02-12,2330,102211,Dealer_Hedging,241037
2025-02-12,2330,15541702,Foreign_Investor,15328920
2025-02-12,2330,232000,Investment_Trust,251000
2025-02-13,2330,0,Foreign_Dealer_Self,0
2025-02-13,2330,933588,Investment_Trust,479346
2025-02-13,2330,795000,Dealer_self,199000
2025-02-13,2330,705870,Dealer_Hedging,184500
2025-02-13,2330,12821913,Foreign_Investor,23706862
2025-02-14,2330,0,Foreign_Dealer_Self,0
2025-02-14,2330,464000,Dealer_self,585149
2025-02-14,2330,391424,Dealer_Hedging,235771
2025-02-14,2330,19727342,Foreign_Investor,40698052
2025-02-14,2330,533588,Investment_Trust,625000
2025-02-17,2330,0,Foreign_Dealer_Self,0
2025-02-17,2330,385000,Dealer_self,398000
2025-02-17,2330,429705,Dealer_Hedging,156374
2025-02-17,2330,21009222,Foreign_Investor,11329436
2025-02-17,2330,399588,Investment_Trust,700250
2025-02-18,2330,0,Foreign_Dealer_Self,0
2025-02-18,2330,139905,Dealer_self,254600
2025-02-18,2330,94500,Dealer_Hedging,227268
2025-02-18,2330,13881146,Foreign_Investor,9351755
2025-02-18,2330,127000,Investment_Trust,501969
2025-02-19,2330,0,Foreign_Dealer_Self,0
2025-02-19,2330,163000,Investment_Trust,194000
2025-02-19,2330,195000,Dealer_self,1459044
2025-02-19,2330,202278,Dealer_Hedging,569562
2025-02-19,2330,16638805,Foreign_Investor,16936796
2025-02-20,2330,0,Foreign_Dealer_Self,0
2025-02-20,2330,150000,Investment_Trust,281186
2025-02-20,2330,468000,Dealer_self,276000
2025-02-20,2330,115772,Dealer_Hedging,127101
2025-02-20,2330,12711083,Foreign_Investor,17207198
2025-02-21,2330,0,Foreign_Dealer_Self,0
2025-02-21,2330,210000,Dealer_self,267050
2025-02-21,2330,224260,Dealer_Hedging,119097
2025-02-21,2330,17688059,Foreign_Investor,16326170
2025-02-21,2330,277000,Investment_Trust,161000
2025-02-24,2330,0,Foreign_Dealer_Self,0
2025-02-24,2330,194000,Dealer_self,104000
2025-02-24,2330,306132,Dealer_Hedging,294629
2025-02-24,2330,12842624,Foreign_Investor,22627964
2025-02-24,2330,475000,Investment_Trust,342250
2025-02-25,2330,0,Foreign_Dealer_Self,0
2025-02-25,2330,459530,Dealer_self,862927
2025-02-25,2330,357348,Dealer_Hedging,123705
2025-02-25,2330,15360381,Foreign_Investor,37521378
2025-02-25,2330,866480,Investment_Trust,306817
2025-02-26,2330,0,Foreign_Dealer_Self,0
2025-02-26,2330,428000,Dealer_self,398000
2025-02-26,2330,209300,Dealer_Hedging,181879
2025-02-26,2330,22120886,Foreign_Investor,29431372
2025-02-26,2330,921480,Investment_Trust,53617
2025-02-27,2330,0,Foreign_Dealer_Self,0
2025-02-27,2330,869050,Dealer_self,209150
2025-02-27,2330,226151,Dealer_Hedging,557001
2025-02-27,2330,30711122,Foreign_Investor,48156636
2025-02-27,2330,184480,Investment_Trust,61127
2025-03-03,2330,0,Foreign_Dealer_Self,0
2025-03-03,2330,983600,Dealer_self,522998
2025-03-03,2330,1902224,Dealer_Hedging,513099
2025-03-03,2330,30409065,Foreign_Investor,50137494
2025-03-03,2330,3087402,Investment_Trust,761500
2025-03-04,2330,0,Foreign_Dealer_Self,0
2025-03-04,2330,603000,Dealer_self,729384
2025-03-04,2330,783373,Dealer_Hedging,272141
2025-03-04,2330,19664351,Foreign_Investor,46928993
2025-03-04,2330,1559480,Investment_Trust,374031
2025-03-05,2330,0,Foreign_Dealer_Self,0
2025-03-05,2330,311000,Dealer_self,563605
2025-03-05,2330,31000,Dealer_Hedging,416839
2025-03-05,2330,21601409,Foreign_Investor,25280462
2025-03-05,2330,960000,Investment_Trust,47250
2025-03-06,2330,0,Foreign_Dealer_Self,0
2025-03-06,2330,719000,Investment_Trust,38500
2025-03-06,2330,370000,Dealer_self,256000
2025-03-06,2330,352857,Dealer_Hedging,210480
2025-03-06,2330,20351532,Foreign_Investor,29327753
2025-03-07,2330,0,Foreign_Dealer_Self,0
2025-03-07,2330,7000,Dealer_self,189000
2025-03-07,2330,89735,Dealer_Hedging,130544
2025-03-07,2330,24932813,Foreign_Investor,33130585
2025-03-07,2330,457000,Investment_Trust,172000
2025-03-10,2330,0,Foreign_Dealer_Self,0
2025-03-10,2330,169000,Dealer_self,1120278
2025-03-10,2330,643424,Dealer_Hedging,868586
2025-03-10,2330,21250480,Foreign_Investor,34195302
2025-03-10,2330,787480,Investment_Trust,89999
2025-03-11,2330,0,Foreign_Dealer_Self,0
2025-03-11,2330,738000,Dealer_self,1746772
2025-03-11,2330,1605277,Dealer_Hedging,1396095
2025-03-11,2330,18086196,Foreign_Investor,36813324
2025-03-11,2330,1159440,Investment_Trust,192000
2025-03-12,2330,0,Foreign_Dealer_Self,0
2025-03-12,2330,648771,Dealer_self,2289887
2025-03-12,2330,144082,Dealer_Hedging,862167
2025-03-12,2330,20631277,Foreign_Investor,19857987
2025-03-12,2330,1478000,Investment_Trust,72491
2025-03-13,2330,0,Foreign_Dealer_Self,0
2025-03-13,2330,299000,Dealer_self,249645
2025-03-13,2330,648288,Dealer_Hedging,291890
2025-03-13,2330,16999198,Foreign_Investor,24842460
2025-03-13,2330,387500,Investment_Trust,82500
2025-03-14,2330,0,Foreign_Dealer_Self,0
2025-03-14,2330,558139,Dealer_self,316353
2025-03-14,2330,1219569,Dealer_Hedging,544249
2025-03-14,2330,20612080,Foreign_Investor,27434774
2025-03-14,2330,721479,Investment_Trust,105000
2025-03-17,2330,0,Foreign_Dealer_Self,0
2025-03-17,2330,967005,Investment_Trust,340250
2025-03-17,2330,170498,Dealer_self,576959
2025-03-17,2330,917614,Dealer_Hedging,50468
2025-03-17,2330,22733066,Foreign_Investor,23736613
2025-03-18,2330,0,Foreign_Dealer_Self,0
2025-03-18,2330,204594,Dealer_self,92200
2025-03-18,2330,747378,Dealer_Hedging,79962
2025-03-18,2330,16537550,Foreign_Investor,20151060
2025-03-18,2330,175000,Investment_Trust,604343
2025-03-19,2330,0,Foreign_Dealer_Self,0
2025-03-19,2330,962000,Dealer_self,1136784
2025-03-19,2330,1763962,Dealer_Hedging,763467
2025-03-19,2330,19405256,Foreign_Investor,33087823
2025-03-19,2330,456100,Investment_Trust,466249
2025-03-20,2330,0,Foreign_Dealer_Self,0
2025-03-20,2330,601485,Dealer_self,333900
2025-03-20,2330,506584,Dealer_Hedging,117542
2025-03-20,2330,24339354,Foreign_Investor,12637829
2025-03-20,2330,145000,Investment_Trust,431249
2025-03-21,2330,0,Foreign_Dealer_Self,0
2025-03-21,2330,72000,Investment_Trust,862492
2025-03-21,2330,363999,Dealer_self,131000
2025-03-21,2330,102600,Dealer_Hedging,106856
2025-03-21,2330,35888719,Foreign_Investor,40038955
2025-03-24,2330,0,Foreign_Dealer_Self,0
2025-03-24,2330,343000,Investment_Trust,59997
2025-03-24,2330,119000,Dealer_self,97970
2025-03-24,2330,255287,Dealer_Hedging,50353
2025-03-24,2330,10546832,Foreign_Investor,9465519
2025-03-25,2330,0,Foreign_Dealer_Self,0
2025-03-25,2330,164000,Dealer_self,98200
2025-03-25,2330,263821,Dealer_Hedging,167527
2025-03-25,2330,20792329,Foreign_Investor,11526676
2025-03-25,2330,144000,Investment_Trust,70249
2025-03-26,2330,0,Foreign_Dealer_Self,0
2025-03-26,2330,479000,Investment_Trust,113000
2025-03-26,2330,458500,Dealer_self,83640
2025-03-26,2330,669449,Dealer_Hedging,102803
2025-03-26,2330,15910648,Foreign_Investor,21173133
2025-03-27,2330,0,Foreign_Dealer_Self,0
2025-03-27,2330,410194,Investment_Trust,93000
2025-03-27,2330,263000,Dealer_self,201360
2025-03-27,2330,486709,Dealer_Hedging,139674
2025-03-27,2330,20198244,Foreign_Investor,39529783
2025-03-28,2330,0,Foreign_Dealer_Self,0
2025-03-28,2330,290200,Dealer_self,537589
2025-03-28,2330,511026,Dealer_Hedging,617016
2025-03-28,2330,22002931,Foreign_Investor,28412340
2025-03-28,2330,282000,Investment_Trust,441000
2025-03-31,2330,0,Foreign_Dealer_Self,0
2025-03-31,2330,1028000,Dealer_self,1321188
2025-03-31,2330,946831,Dealer_Hedging,986065
2025-03-31,2330,20556010,Foreign_Investor,43887874
2025-03-31,2330,1181187,Investment_Trust,170000
2025-04-01,2330,0,Foreign_Dealer_Self,0
2025-04-01,2330,100899,Dealer_self,843200
2025-04-01,2330,184893,Dealer_Hedging,182220
2025-04-01,2330,19693461,Foreign_Investor,17444536
2025-04-01,2330,1248000,Investment_Trust,15000
2025-04-02,2330,0,Foreign_Dealer_Self,0
2025-04-02,2330,299000,Investment_Trust,18872
2025-04-02,2330,223700,Dealer_self,435500
2025-04-02,2330,300947,Dealer_Hedging,191148
2025-04-02,2330,19226757,Foreign_Investor,18879753
2025-04-07,2330,0,Foreign_Dealer_Self,0
2025-04-07,2330,0,Investment_Trust,133000
2025-04-07,2330,31000,Dealer_self,101355
2025-04-07,2330,23623,Dealer_Hedging,833966
2025-04-07,2330,21451182,Foreign_Investor,19829609
2025-04-08,2330,0,Foreign_Dealer_Self,0
2025-04-08,2330,1634636,Dealer_self,1753919
2025-04-08,2330,4275356,Dealer_Hedging,3810455
2025-04-08,2330,45106751,Foreign_Investor,81404763
2025-04-08,2330,2035734,Investment_Trust,678000
2025-04-09,2330,0,Foreign_Dealer_Self,0
2025-04-09,2330,834000,Dealer_self,2583313
2025-04-09,2330,4148094,Dealer_Hedging,2487403
2025-04-09,2330,35612680,Foreign_Investor,68765674
2025-04-09,2330,877306,Investment_Trust,504250
2025-04-10,2330,0,Foreign_Dealer_Self,0
2025-04-10,2330,0,Investment_Trust,34745
2025-04-10,2330,53050,Dealer_self,40000
2025-04-10,2330,299186,Dealer_Hedging,10000
2025-04-10,2330,13600226,Foreign_Investor,12369682
2025-04-11,2330,0,Foreign_Dealer_Self,0
2025-04-11,2330,881522,Dealer_self,1772349
2025-04-11,2330,937815,Dealer_Hedging,1159819
2025-04-11,2330,44706306,Foreign_Investor,30016351
2025-04-11,2330,2087088,Investment_Trust,141000
2025-04-14,2330,0,Foreign_Dealer_Self,0
2025-04-14,2330,116000,Dealer_self,5134395
2025-04-14,2330,1942620,Dealer_Hedging,2707799
2025-04-14,2330,26321692,Foreign_Investor,38898232
2025-04-14,2330,688000,Investment_Trust,308586
2025-04-15,2330,0,Foreign_Dealer_Self,0
2025-04-15,2330,103000,Dealer_self,1639100
2025-04-15,2330,348000,Dealer_Hedging,850925
2025-04-15,2330,23973743,Foreign_Investor,20146178
2025-04-15,2330,703000,Investment_Trust,80868
2025-04-16,2330,0,Foreign_Dealer_Self,0
2025-04-16,2330,230000,Investment_Trust,245960
2025-04-16,2330,332000,Dealer_self,4054795
2025-04-16,2330,582192,Dealer_Hedging,1944900
2025-04-16,2330,23078593,Foreign_Investor,30537009
2025-04-17,2330,0,Foreign_Dealer_Self,0
2025-04-17,2330,437000,Dealer_self,96340
2025-04-17,2330,615100,Dealer_Hedging,317441
2025-04-17,2330,18540927,Foreign_Investor,27660428
2025-04-17,2330,348000,Investment_Trust,722000
2025-04-18,2330,0,Foreign_Dealer_Self,0
2025-04-18,2330,534000,Investment_Trust,609000
2025-04-18,2330,117000,Dealer_self,121067
2025-04-18,2330,305560,Dealer_Hedging,315057
2025-04-18,2330,8513283,Foreign_Investor,15636662
2025-04-21,2330,0,Foreign_Dealer_Self,0
2025-04-21,2330,40000,Dealer_self,321950
2025-04-21,2330,618260,Dealer_Hedging,666368
2025-04-21,2330,7126946,Foreign_Investor,8648609
2025-04-21,2330,466000,Investment_Trust,455000
2025-04-22,2330,0,Foreign_Dealer_Self,0
2025-04-22,2330,175000,Dealer_self,223686
2025-04-22,2330,462445,Dealer_Hedging,563848
2025-04-22,2330,11915675,Foreign_Investor,19072114
2025-04-22,2330,588000,Investment_Trust,844000
2025-04-23,2330,0,Foreign_Dealer_Self,0
2025-04-23,2330,347000,Investment_Trust,318444
2025-04-23,2330,251000,Dealer_self,956625
2025-04-23,2330,319367,Dealer_Hedging,414712
2025-04-23,2330,31541847,Foreign_Investor,14018818
2025-04-24,2330,0,Foreign_Dealer_Self,0
2025-04-24,2330,239500,Dealer_self,1103552
2025-04-24,2330,125142,Dealer_Hedging,497817
2025-04-24,2330,21899715,Foreign_Investor,17774795
2025-04-24,2330,177500,Investment_Trust,334265
2025-04-25,2330,0,Foreign_Dealer_Self,0
2025-04-25,2330,832000,Investment_Trust,25707
2025-04-25,2330,77000,Dealer_self,387800
2025-04-25,2330,844390,Dealer_Hedging,310316
2025-04-25,2330,25326314,Foreign_Investor,13760129
2025-04-28,2330,0,Foreign_Dealer_Self,0
2025-04-28,2330,313000,Investment_Trust,34596
2025-04-28,2330,32300,Dealer_self,298000
2025-04-28,2330,262776,Dealer_Hedging,247121
2025-04-28,2330,19540754,Foreign_Investor,10865532
2025-04-29,2330,0,Foreign_Dealer_Self,0
2025-04-29,2330,49600,Dealer_self,133197
2025-04-29,2330,304457,Dealer_Hedging,282705
2025-04-29,2330,25006470,Foreign_Investor,17602553
2025-04-29,2330,165000,Investment_Trust,60679
2025-04-30,2330,0,Foreign_Dealer_Self,0
2025-04-30,2330,168000,Investment_Trust,171750
2025-04-30,2330,8200,Dealer_self,1652200
2025-04-30,2330,151201,Dealer_Hedging,969816
2025-04-30,2330,33772748,Foreign_Investor,21999940
2025-05-02,2330,0,Foreign_Dealer_Self,0
2025-05-02,2330,335000,Investment_Trust,52580
2025-05-02,2330,186500,Dealer_self,502000
2025-05-02,2330,237870,Dealer_Hedging,325025
2025-05-02,2330,36677357,Foreign_Investor,10965427
2025-05-05,2330,0,Foreign_Dealer_Self,0
2025-05-05,2330,144000,Investment_Trust,325047
2025-05-05,2330,89381,Dealer_self,1811579
2025-05-05,2330,61881,Dealer_Hedging,2025356
2025-05-05,2330,38808060,Foreign_Investor,25164908
2025-05-06,2330,0,Foreign_Dealer_Self,0
2025-05-06,2330,119000,Dealer_self,2388192
2025-05-06,2330,142758,Dealer_Hedging,1336454
2025-05-06,2330,25087001,Foreign_Investor,28005729
2025-05-06,2330,666000,Investment_Trust,295078
2025-05-07,2330,0,Foreign_Dealer_Self,0
2025-05-07,2330,111006,Dealer_self,2280716
2025-05-07,2330,87853,Dealer_Hedging,1068795
2025-05-07,2330,26289229,Foreign_Investor,21271552
2025-05-07,2330,237000,Investment_Trust,137480
2025-05-08,2330,0,Foreign_Dealer_Self,0
2025-05-08,2330,148000,Dealer_self,849400
2025-05-08,2330,206615,Dealer_Hedging,439391
2025-05-08,2330,17339367,Foreign_Investor,20394965
2025-05-08,2330,69000,Investment_Trust,148205
2025-05-09,2330,0,Foreign_Dealer_Self,0
2025-05-09,2330,396000,Investment_Trust,37741
2025-05-09,2330,124690,Dealer_self,508000
2025-05-09,2330,277859,Dealer_Hedging,418720
2025-05-09,2330,30568161,Foreign_Investor,16063341
2025-05-12,2330,0,Foreign_Dealer_Self,0
2025-05-12,2330,360000,Investment_Trust,55196
2025-05-12,2330,326646,Dealer_self,1457500
2025-05-12,2330,50837,Dealer_Hedging,482869
2025-05-12,2330,16490454,Foreign_Investor,11888911
2025-05-13,2330,0,Foreign_Dealer_Self,0
2025-05-13,2330,542983,Dealer_self,823095
2025-05-13,2330,522071,Dealer_Hedging,317104
2025-05-13,2330,33746984,Foreign_Investor,27016895
2025-05-13,2330,343500,Investment_Trust,75866
2025-05-14,2330,0,Foreign_Dealer_Self,0
2025-05-14,2330,402000,Investment_Trust,79000
2025-05-14,2330,1725010,Dealer_self,303300
2025-05-14,2330,2872090,Dealer_Hedging,238306
2025-05-14,2330,39691793,Foreign_Investor,22163747
2025-05-15,2330,0,Foreign_Dealer_Self,0
2025-05-15,2330,563616,Investment_Trust,72054
2025-05-15,2330,37000,Dealer_self,86135
2025-05-15,2330,20628,Dealer_Hedging,310688
2025-05-15,2330,19967036,Foreign_Investor,18363366
2025-05-16,2330,0,Foreign_Dealer_Self,0
2025-05-16,2330,44000,Dealer_self,146030
2025-05-16,2330,138921,Dealer_Hedging,332680
2025-05-16,2330,12264722,Foreign_Investor,11182381
2025-05-16,2330,210000,Investment_Trust,76382
2025-05-19,2330,0,Foreign_Dealer_Self,0
2025-05-19,2330,186100,Dealer_self,106145
2025-05-19,2330,396073,Dealer_Hedging,624273
2025-05-19,2330,11136943,Foreign_Investor,14278072
2025-05-19,2330,128341,Investment_Trust,208407
2025-05-20,2330,0,Foreign_Dealer_Self,0
2025-05-20,2330,566000,Dealer_self,232239
2025-05-20,2330,838815,Dealer_Hedging,226959
2025-05-20,2330,15379557,Foreign_Investor,14135771
2025-05-20,2330,425000,Investment_Trust,319662
2025-05-21,2330,0,Foreign_Dealer_Self,0
2025-05-21,2330,329000,Investment_Trust,72000
2025-05-21,2330,805000,Dealer_self,307050
2025-05-21,2330,732326,Dealer_Hedging,391892
2025-05-21,2330,20064877,Foreign_Investor,10979772
2025-05-22,2330,0,Foreign_Dealer_Self,0
2025-05-22,2330,84000,Investment_Trust,161302
2025-05-22,2330,63097,Dealer_self,862015
2025-05-22,2330,14207,Dealer_Hedging,964105
2025-05-22,2330,10797433,Foreign_Investor,9656712
2025-05-23,2330,0,Foreign_Dealer_Self,0
2025-05-23,2330,63000,Dealer_self,864863
2025-05-23,2330,18499,Dealer_Hedging,644776
2025-05-23,2330,14985354,Foreign_Investor,10919056
2025-05-23,2330,66000,Investment_Trust,47700
2025-05-26,2330,0,Foreign_Dealer_Self,0
2025-05-26,2330,68000,Investment_Trust,185063
2025-05-26,2330,58000,Dealer_self,2287646
2025-05-26,2330,18500,Dealer_Hedging,566261
2025-05-26,2330,16089152,Foreign_Investor,7286520
2025-05-27,2330,0,Foreign_Dealer_Self,0
2025-05-27,2330,37000,Investment_Trust,47572
2025-05-27,2330,169081,Dealer_self,1928427
2025-05-27,2330,415533,Dealer_Hedging,912149
2025-05-27,2330,14342151,Foreign_Investor,15137867
2025-05-28,2330,0,Foreign_Dealer_Self,0
2025-05-28,2330,194115,Dealer_self,229005
2025-05-28,2330,158795,Dealer_Hedging,37212
2025-05-28,2330,23562171,Foreign_Investor,16374333
2025-05-28,2330,49000,Investment_Trust,75000
2025-05-29,2330,0,Foreign_Dealer_Self,0
2025-05-29,2330,1526934,Dealer_self,158498
2025-05-29,2330,946994,Dealer_Hedging,57469
2025-05-29,2330,50008999,Foreign_Investor,52834429
2025-05-29,2330,110000,Investment_Trust,127250
2025-06-02,2330,0,Foreign_Dealer_Self,0
2025-06-02,2330,277015,Dealer_self,985000
2025-06-02,2330,414460,Dealer_Hedging,292608
2025-06-02,2330,19313953,Foreign_Investor,32510453
2025-06-02,2330,99000,Investment_Trust,75403
2025-06-03,2330,0,Foreign_Dealer_Self,0
2025-06-03,2330,165200,Dealer_self,301007
2025-06-03,2330,29697,Dealer_Hedging,247585
2025-06-03,2330,19040962,Foreign_Investor,19696805
2025-06-03,2330,184000,Investment_Trust,37916
2025-06-04,2330,0,Foreign_Dealer_Self,0
2025-06-04,2330,513000,Investment_Trust,34432
2025-06-04,2330,498000,Dealer_self,369016
2025-06-04,2330,437942,Dealer_Hedging,104505
2025-06-04,2330,32197785,Foreign_Investor,16370656
2025-06-05,2330,0,Foreign_Dealer_Self,0
2025-06-05,2330,101000,Dealer_self,620009
2025-06-05,2330,146913,Dealer_Hedging,353147
2025-06-05,2330,19467932,Foreign_Investor,9644458
2025-06-05,2330,708000,Investment_Trust,18519
2025-06-06,2330,0,Foreign_Dealer_Self,0
2025-06-06,2330,250000,Investment_Trust,12250
2025-06-06,2330,183500,Dealer_self,111001
2025-06-06,2330,168859,Dealer_Hedging,76270
2025-06-06,2330,13605758,Foreign_Investor,12601567
2025-06-09,2330,0,Foreign_Dealer_Self,0
2025-06-09,2330,311000,Investment_Trust,37172
2025-06-09,2330,346103,Dealer_self,196000
2025-06-09,2330,267015,Dealer_Hedging,127001
2025-06-09,2330,13932383,Foreign_Investor,8243126
2025-06-10,2330,0,Foreign_Dealer_Self,0
2025-06-10,2330,1614051,Dealer_self,799500
2025-06-10,2330,579570,Dealer_Hedging,307888
2025-06-10,2330,40746458,Foreign_Investor,16344124
2025-06-10,2330,778954,Investment_Trust,87663
2025-06-11,2330,0,Foreign_Dealer_Self,0
2025-06-11,2330,509400,Dealer_self,387001
2025-06-11,2330,215984,Dealer_Hedging,375937
2025-06-11,2330,34349251,Foreign_Investor,22347564
2025-06-11,2330,50000,Investment_Trust,141362
2025-06-12,2330,0,Foreign_Dealer_Self,0
2025-06-12,2330,77000,Dealer_self,110000
2025-06-12,2330,110481,Dealer_Hedging,171463
2025-06-12,2330,20264290,Foreign_Investor,18783627
2025-06-12,2330,112000,Investment_Trust,455448
2025-06-13,2330,0,Foreign_Dealer_Self,0
2025-06-13,2330,132000,Dealer_self,2194000
2025-06-13,2330,202897,Dealer_Hedging,827010
2025-06-13,2330,20652968,Foreign_Investor,17681420
2025-06-13,2330,50182,Investment_Trust,73346
2025-06-16,2330,0,Foreign_Dealer_Self,0
2025-06-16,2330,28628,Investment_Trust,431388
2025-06-16,2330,460000,Dealer_self,246000
2025-06-16,2330,161721,Dealer_Hedging,220526
2025-06-16,2330,17511902,Foreign_Investor,18132181
2025-06-17,2330,0,Foreign_Dealer_Self,0
2025-06-17,2330,23000,Dealer_self,1177060
2025-06-17,2330,243445,Dealer_Hedging,576956
2025-06-17,2330,19393426,Foreign_Investor,15549310
2025-06-17,2330,55000,Investment_Trust,286234
2025-06-18,2330,0,Foreign_Dealer_Self,0
2025-06-18,2330,141000,Investment_Trust,66137
2025-06-18,2330,100000,Dealer_self,2652000
2025-06-18,2330,515354,Dealer_Hedging,363245
2025-06-18,2330,25679897,Foreign_Investor,16667816
2025-06-19,2330,0,Foreign_Dealer_Self,0
2025-06-19,2330,17000,Investment_Trust,117268
2025-06-19,2330,86400,Dealer_self,512600
2025-06-19,2330,347542,Dealer_Hedging,313648
2025-06-19,2330,13911379,Foreign_Investor,14743965
2025-06-20,2330,0,Foreign_Dealer_Self,0
2025-06-20,2330,4060000,Investment_Trust,110546
2025-06-20,2330,242957,Dealer_self,423000
2025-06-20,2330,261042,Dealer_Hedging,638967
2025-06-20,2330,52890000,Foreign_Investor,51060604
2025-06-23,2330,0,Foreign_Dealer_Self,0
2025-06-23,2330,110000,Investment_Trust,133881
2025-06-23,2330,463000,Dealer_self,341657
2025-06-23,2330,608686,Dealer_Hedging,347832
2025-06-23,2330,10651648,Foreign_Investor,18943839
2025-06-24,2330,0,Foreign_Dealer_Self,0
2025-06-24,2330,329012,Dealer_self,118000
2025-06-24,2330,239581,Dealer_Hedging,356591
2025-06-24,2330,19244531,Foreign_Investor,8069721
2025-06-24,2330,116000,Investment_Trust,84692
2025-06-25,2330,0,Foreign_Dealer_Self,0
2025-06-25,2330,144000,Investment_Trust,134817
2025-06-25,2330,75988,Dealer_self,174000
2025-06-25,2330,241477,Dealer_Hedging,323786
2025-06-25,2330,34590317,Foreign_Investor,11031772
2025-06-26,2330,0,Foreign_Dealer_Self,0
2025-06-26,2330,145000,Investment_Trust,126581
2025-06-26,2330,140000,Dealer_self,1341000
2025-06-26,2330,122406,Dealer_Hedging,610404
2025-06-26,2330,33032969,Foreign_Investor,13860056
2025-06-27,2330,0,Foreign_Dealer_Self,0
2025-06-27,2330,87000,Dealer_self,2218754
2025-06-27,2330,185396,Dealer_Hedging,310955
2025-06-27,2330,24888993,Foreign_Investor,12601474
2025-06-27,2330,32000,Investment_Trust,719470
2025-06-30,2330,0,Foreign_Dealer_Self,0
2025-06-30,2330,585995,Dealer_self,609000
2025-06-30,2330,393447,Dealer_Hedging,230308
2025-06-30,2330,20881818,Foreign_Investor,21773266
2025-06-30,2330,87326,Investment_Trust,317940
2025-07-01,2330,0,Foreign_Dealer_Self,0
2025-07-01,2330,493000,Dealer_self,262000
2025-07-01,2330,708612,Dealer_Hedging,316034
2025-07-01,2330,35404573,Foreign_Investor,17932224
2025-07-01,2330,136336,Investment_Trust,340873
2025-07-02,2330,0,Foreign_Dealer_Self,0
2025-07-02,2330,39000,Investment_Trust,279000
2025-07-02,2330,95998,Dealer_self,265000
2025-07-02,2330,85475,Dealer_Hedging,200359
2025-07-02,2330,14768425,Foreign_Investor,13904857
2025-07-03,2330,0,Foreign_Dealer_Self,0
2025-07-03,2330,438999,Dealer_self,234000
2025-07-03,2330,248083,Dealer_Hedging,141748
2025-07-03,2330,21751613,Foreign_Investor,17204674
2025-07-03,2330,147000,Investment_Trust,219856
2025-07-04,2330,0,Foreign_Dealer_Self,0
2025-07-04,2330,237000,Investment_Trust,156518
2025-07-04,2330,155000,Dealer_self,82000
2025-07-04,2330,130024,Dealer_Hedging,143050
2025-07-04,2330,11272178,Foreign_Investor,10675301
2025-07-07,2330,0,Foreign_Dealer_Self,0
2025-07-07,2330,86000,Dealer_self,69000
2025-07-07,2330,471168,Dealer_Hedging,121060
2025-07-07,2330,11040647,Foreign_Investor,11420986
2025-07-07,2330,7513,Investment_Trust,15692
2025-07-08,2330,0,Foreign_Dealer_Self,0
2025-07-08,2330,589900,Dealer_self,26000
2025-07-08,2330,591908,Dealer_Hedging,201188
2025-07-08,2330,16957011,Foreign_Investor,17241139
2025-07-08,2330,103819,Investment_Trust,455500
2025-07-09,2330,0,Foreign_Dealer_Self,0
2025-07-09,2330,163000,Dealer_self,238000
2025-07-09,2330,372919,Dealer_Hedging,260060
2025-07-09,2330,13676464,Foreign_Investor,12869010
2025-07-09,2330,23000,Investment_Trust,93530
2025-07-10,2330,0,Foreign_Dealer_Self,0
2025-07-10,2330,10000,Investment_Trust,1310077
2025-07-10,2330,34000,Dealer_self,386000
2025-07-10,2330,248520,Dealer_Hedging,465315
2025-07-10,2330,13771712,Foreign_Investor,7871134
2025-07-11,2330,0,Foreign_Dealer_Self,0
2025-07-11,2330,84000,Investment_Trust,1278031
2025-07-11,2330,114000,Dealer_self,9000
2025-07-11,2330,162945,Dealer_Hedging,239265
2025-07-11,2330,19510980,Foreign_Investor,15245620
2025-07-14,2330,0,Foreign_Dealer_Self,0
2025-07-14,2330,4000,Investment_Trust,156137
2025-07-14,2330,247102,Dealer_self,2235102
2025-07-14,2330,266355,Dealer_Hedging,217890
2025-07-14,2330,15522245,Foreign_Investor,14371448
2025-07-15,2330,0,Foreign_Dealer_Self,0
2025-07-15,2330,676003,Dealer_self,256300
2025-07-15,2330,820266,Dealer_Hedging,327293
2025-07-15,2330,22276467,Foreign_Investor,12351335
2025-07-15,2330,359000,Investment_Trust,440584
2025-07-16,2330,0,Foreign_Dealer_Self,0
2025-07-16,2330,503700,Investment_Trust,376019
2025-07-16,2330,733000,Dealer_self,723000
2025-07-16,2330,496057,Dealer_Hedging,228637
2025-07-16,2330,21653970,Foreign_Investor,10307081
2025-07-17,2330,0,Foreign_Dealer_Self,0
2025-07-17,2330,892210,Dealer_self,95000
2025-07-17,2330,1288960,Dealer_Hedging,218398
2025-07-17,2330,18116617,Foreign_Investor,20881656
2025-07-17,2330,414488,Investment_Trust,437059
2025-07-18,2330,0,Foreign_Dealer_Self,0
2025-07-18,2330,816498,Dealer_self,932000
2025-07-18,2330,670781,Dealer_Hedging,272191
2025-07-18,2330,33298897,Foreign_Investor,14004773
2025-07-18,2330,219000,Investment_Trust,432655
2025-07-21,2330,0,Foreign_Dealer_Self,0
2025-07-21,2330,19580,Dealer_self,229448
2025-07-21,2330,335330,Dealer_Hedging,359164
2025-07-21,2330,19241156,Foreign_Investor,17087193
2025-07-21,2330,345000,Investment_Trust,178700
2025-07-22,2330,0,Foreign_Dealer_Self,0
2025-07-22,2330,295084,Dealer_self,103000
2025-07-22,2330,547828,Dealer_Hedging,376633
2025-07-22,2330,26169792,Foreign_Investor,21809408
2025-07-22,2330,65622,Investment_Trust,1000891
2025-07-23,2330,0,Foreign_Dealer_Self,0
2025-07-23,2330,2092990,Dealer_self,172010
2025-07-23,2330,611691,Dealer_Hedging,285441
2025-07-23,2330,14663357,Foreign_Investor,15234792
2025-07-23,2330,14000,Investment_Trust,655200
2025-07-24,2330,0,Foreign_Dealer_Self,0
2025-07-24,2330,99000,Investment_Trust,567288
2025-07-24,2330,151000,Dealer_self,57000
2025-07-24,2330,228911,Dealer_Hedging,175127
2025-07-24,2330,8903592,Foreign_Investor,7752305
2025-07-25,2330,0,Foreign_Dealer_Self,0
2025-07-25,2330,133000,Dealer_self,390000
2025-07-25,2330,266977,Dealer_Hedging,230544
2025-07-25,2330,14406869,Foreign_Investor,9493887
2025-07-25,2330,57000,Investment_Trust,1424000
2025-07-28,2330,0,Foreign_Dealer_Self,0
2025-07-28,2330,151000,Dealer_self,21000
2025-07-28,2330,409776,Dealer_Hedging,81545
2025-07-28,2330,12774987,Foreign_Investor,10344821
2025-07-28,2330,144000,Investment_Trust,472788
2025-07-29,2330,0,Foreign_Dealer_Self,0
2025-07-29,2330,273113,Dealer_self,153113
2025-07-29,2330,614425,Dealer_Hedging,509526
2025-07-29,2330,22109227,Foreign_Investor,21535205
2025-07-29,2330,158000,Investment_Trust,622821
2025-07-30,2330,0,Foreign_Dealer_Self,0
2025-07-30,2330,738000,Dealer_self,385000
2025-07-30,2330,674148,Dealer_Hedging,435022
2025-07-30,2330,22113956,Foreign_Investor,9281830
2025-07-30,2330,217000,Investment_Trust,569000
2025-07-31,2330,0,Foreign_Dealer_Self,0
2025-07-31,2330,1120000,Dealer_self,236000
2025-07-31,2330,965197,Dealer_Hedging,237361
2025-07-31,2330,24314236,Foreign_Investor,15274589
2025-07-31,2330,203000,Investment_Trust,1495952
2025-08-01,2330,0,Foreign_Dealer_Self,0
2025-08-01,2330,416000,Investment_Trust,558092
2025-08-01,2330,468000,Dealer_self,320500
2025-08-01,2330,1190443,Dealer_Hedging,625846
2025-08-01,2330,15245960,Foreign_Investor,19038212
2025-08-04,2330,0,Foreign_Dealer_Self,0
2025-08-04,2330,108000,Investment_Trust,437415
2025-08-04,2330,207000,Dealer_self,779998
2025-08-04,2330,199546,Dealer_Hedging,409573
2025-08-04,2330,13627109,Foreign_Investor,6529164
2025-08-05,2330,0,Foreign_Dealer_Self,0
2025-08-05,2330,131000,Investment_Trust,326078
2025-08-05,2330,116000,Dealer_self,698500
2025-08-05,2330,220768,Dealer_Hedging,167838
2025-08-05,2330,13190066,Foreign_Investor,11451924
2025-08-06,2330,0,Foreign_Dealer_Self,0
2025-08-06,2330,171000,Dealer_self,170500
2025-08-06,2330,255190,Dealer_Hedging,345230
2025-08-06,2330,8193538,Foreign_Investor,13980993
2025-08-06,2330,82000,Investment_Trust,819029
2025-08-07,2330,0,Foreign_Dealer_Self,0
2025-08-07,2330,253145,Investment_Trust,174504
2025-08-07,2330,463925,Dealer_self,342000
2025-08-07,2330,1568417,Dealer_Hedging,664503
2025-08-07,2330,34654464,Foreign_Investor,11504163
2025-08-08,2330,0,Foreign_Dealer_Self,0
2025-08-08,2330,102000,Investment_Trust,471427
2025-08-08,2330,105500,Dealer_self,314000
2025-08-08,2330,288957,Dealer_Hedging,531082
2025-08-08,2330,10405835,Foreign_Investor,13812180
2025-08-11,2330,0,Foreign_Dealer_Self,0
2025-08-11,2330,314000,Investment_Trust,580356
2025-08-11,2330,570000,Dealer_self,280000
2025-08-11,2330,576305,Dealer_Hedging,603073
2025-08-11,2330,7481102,Foreign_Investor,9779597
2025-08-12,2330,0,Foreign_Dealer_Self,0
2025-08-12,2330,154000,Dealer_self,74000
2025-08-12,2330,343698,Dealer_Hedging,361077
2025-08-12,2330,11529096,Foreign_Investor,12991299
2025-08-12,2330,359533,Investment_Trust,100130
2025-08-13,2330,0,Foreign_Dealer_Self,0
2025-08-13,2330,272000,Investment_Trust,101078
2025-08-13,2330,260000,Dealer_self,51000
2025-08-13,2330,571593,Dealer_Hedging,613679
2025-08-13,2330,16891475,Foreign_Investor,12317009
2025-08-14,2330,0,Foreign_Dealer_Self,0
2025-08-14,2330,479000,Dealer_self,37000
2025-08-14,2330,796275,Dealer_Hedging,519620
2025-08-14,2330,12239766,Foreign_Investor,22602274
2025-08-14,2330,310160,Investment_Trust,281477
2025-08-15,2330,0,Foreign_Dealer_Self,0
2025-08-15,2330,605000,Dealer_self,94000
2025-08-15,2330,968441,Dealer_Hedging,135678
2025-08-15,2330,9940584,Foreign_Investor,11258771
2025-08-15,2330,212000,Investment_Trust,991921
2025-08-18,2330,0,Foreign_Dealer_Self,0
2025-08-18,2330,370257,Investment_Trust,326369
2025-08-18,2330,598000,Dealer_self,66000
2025-08-18,2330,188722,Dealer_Hedging,176032
2025-08-18,2330,13546302,Foreign_Investor,13625410
2025-08-19,2330,0,Foreign_Dealer_Self,0
2025-08-19,2330,285238,Dealer_self,122000
2025-08-19,2330,150220,Dealer_Hedging,231000
2025-08-19,2330,16086293,Foreign_Investor,13383223
2025-08-19,2330,368628,Investment_Trust,527252
2025-08-20,2330,0,Foreign_Dealer_Self,0
2025-08-20,2330,217257,Investment_Trust,88252
2025-08-20,2330,4075000,Dealer_self,990838
2025-08-20,2330,2698895,Dealer_Hedging,1520320
2025-08-20,2330,14591601,Foreign_Investor,46931419
2025-08-21,2330,0,Foreign_Dealer_Self,0
2025-08-21,2330,274500,Dealer_self,128000
2025-08-21,2330,933929,Dealer_Hedging,263893
2025-08-21,2330,10296795,Foreign_Investor,15358982
2025-08-21,2330,297630,Investment_Trust,207252
2025-08-22,2330,0,Foreign_Dealer_Self,0
2025-08-22,2330,88000,Investment_Trust,229900
2025-08-22,2330,135000,Dealer_self,140000
2025-08-22,2330,161452,Dealer_Hedging,166783
2025-08-22,2330,9460958,Foreign_Investor,13631196
2025-08-25,2330,0,Foreign_Dealer_Self,0
2025-08-25,2330,670617,Investment_Trust,101870
2025-08-25,2330,165000,Dealer_self,132000
2025-08-25,2330,540834,Dealer_Hedging,351792
2025-08-25,2330,13360430,Foreign_Investor,10022864
2025-08-26,2330,0,Foreign_Dealer_Self,0
2025-08-26,2330,368811,Investment_Trust,303600
2025-08-26,2330,66000,Dealer_self,135000
2025-08-26,2330,266507,Dealer_Hedging,122612
2025-08-26,2330,23381523,Foreign_Investor,27716652
2025-08-27,2330,0,Foreign_Dealer_Self,0
2025-08-27,2330,538000,Investment_Trust,105500
2025-08-27,2330,253000,Dealer_self,90000
2025-08-27,2330,460922,Dealer_Hedging,185318
2025-08-27,2330,12691789,Foreign_Investor,9018908
2025-08-28,2330,0,Foreign_Dealer_Self,0
2025-08-28,2330,430000,Investment_Trust,1072412
2025-08-28,2330,199000,Dealer_self,40000
2025-08-28,2330,77747,Dealer_Hedging,81806
2025-08-28,2330,10111822,Foreign_Investor,11420487
2025-08-29,2330,0,Foreign_Dealer_Self,0
2025-08-29,2330,226000,Dealer_self,154000
2025-08-29,2330,252504,Dealer_Hedging,244635
2025-08-29,2330,13919498,Foreign_Investor,13530371
2025-08-29,2330,403000,Investment_Trust,997300
2025-09-01,2330,0,Foreign_Dealer_Self,0
2025-09-01,2330,145000,Dealer_self,259000
2025-09-01,2330,213955,Dealer_Hedging,333436
2025-09-01,2330,10666498,Foreign_Investor,8252935
2025-09-01,2330,460776,Investment_Trust,332000
2025-09-02,2330,0,Foreign_Dealer_Self,0
2025-09-02,2330,72000,Dealer_self,43000
2025-09-02,2330,349499,Dealer_Hedging,307964
2025-09-02,2330,6825613,Foreign_Investor,5672869
2025-09-02,2330,73500,Investment_Trust,235800
2025-09-03,2330,0,Foreign_Dealer_Self,0
2025-09-03,2330,43880,Dealer_self,212000
2025-09-03,2330,248371,Dealer_Hedging,360480
2025-09-03,2330,10021010,Foreign_Investor,8878170
2025-09-03,2330,20000,Investment_Trust,154400
2025-09-04,2330,0,Foreign_Dealer_Self,0
2025-09-04,2330,220000,Dealer_self,236880
2025-09-04,2330,201679,Dealer_Hedging,286015
2025-09-04,2330,16559556,Foreign_Investor,9707219
2025-09-04,2330,31000,Investment_Trust,134133
2025-09-05,2330,0,Foreign_Dealer_Self,0
2025-09-05,2330,302000,Investment_Trust,449052
2025-09-05,2330,352000,Dealer_self,43000
2025-09-05,2330,188694,Dealer_Hedging,149120
2025-09-05,2330,19257373,Foreign_Investor,7369868
2025-09-08,2330,0,Foreign_Dealer_Self,0
2025-09-08,2330,221500,Dealer_self,144500
2025-09-08,2330,274855,Dealer_Hedging,224559
2025-09-08,2330,17611259,Foreign_Investor,5211057
2025-09-08,2330,290000,Investment_Trust,259057
2025-09-09,2330,0,Foreign_Dealer_Self,0
2025-09-09,2330,221000,Investment_Trust,317660
2025-09-09,2330,670778,Dealer_self,181000
2025-09-09,2330,711654,Dealer_Hedging,225102
2025-09-09,2330,25685277,Foreign_Investor,11876929
2025-09-10,2330,0,Foreign_Dealer_Self,0
2025-09-10,2330,1437500,Dealer_self,669500
2025-09-10,2330,1070215,Dealer_Hedging,267332
2025-09-10,2330,27148022,Foreign_Investor,12495487
2025-09-10,2330,276000,Investment_Trust,413363
2025-09-11,2330,0,Foreign_Dealer_Self,0
2025-09-11,2330,398000,Dealer_self,705000
2025-09-11,2330,414082,Dealer_Hedging,1017158
2025-09-11,2330,24160251,Foreign_Investor,14124579
2025-09-11,2330,10500,Investment_Trust,606454
2025-09-12,2330,0,Foreign_Dealer_Self,0
2025-09-12,2330,745993,Dealer_self,344000
2025-09-12,2330,745649,Dealer_Hedging,429571
2025-09-12,2330,20289491,Foreign_Investor,9475044
2025-09-12,2330,33000,Investment_Trust,357071
2025-09-15,2330,0,Foreign_Dealer_Self,0
2025-09-15,2330,665000,Dealer_self,94000
2025-09-15,2330,168089,Dealer_Hedging,201981
2025-09-15,2330,13983371,Foreign_Investor,14819556
2025-09-15,2330,31000,Investment_Trust,676217
2025-09-16,2330,0,Foreign_Dealer_Self,0
2025-09-16,2330,329000,Dealer_self,653000
2025-09-16,2330,322420,Dealer_Hedging,719800
2025-09-16,2330,27161671,Foreign_Investor,13490854
2025-09-16,2330,47164,Investment_Trust,946570
2025-09-17,2330,0,Foreign_Dealer_Self,0
2025-09-17,2330,29000,Investment_Trust,590477
2025-09-17,2330,960000,Dealer_self,320600
2025-09-17,2330,163819,Dealer_Hedging,222645
2025-09-17,2330,21159953,Foreign_Investor,25527402
2025-09-18,2330,0,Foreign_Dealer_Self,0
2025-09-18,2330,98000,Investment_Trust,189166
2025-09-18,2330,657000,Dealer_self,120000
2025-09-18,2330,429284,Dealer_Hedging,50598
2025-09-18,2330,16406225,Foreign_Investor,15499207
2025-09-19,2330,0,Foreign_Dealer_Self,0
2025-09-19,2330,73000,Investment_Trust,1399051
2025-09-19,2330,489000,Dealer_self,162000
2025-09-19,2330,540296,Dealer_Hedging,178422
2025-09-19,2330,31118268,Foreign_Investor,39691542
2025-09-22,2330,0,Foreign_Dealer_Self,0
2025-09-22,2330,1055000,Dealer_self,226000
2025-09-22,2330,698675,Dealer_Hedging,282335
2025-09-22,2330,17776546,Foreign_Investor,15031393
2025-09-22,2330,16000,Investment_Trust,320010
2025-09-23,2330,0,Foreign_Dealer_Self,0
2025-09-23,2330,639905,Dealer_self,329000
2025-09-23,2330,476423,Dealer_Hedging,351602
2025-09-23,2330,17702486,Foreign_Investor,14391271
2025-09-23,2330,377000,Investment_Trust,335336
2025-09-24,2330,0,Foreign_Dealer_Self,0
2025-09-24,2330,1782319,Dealer_self,214000
2025-09-24,2330,1070176,Dealer_Hedging,516790
2025-09-24,2330,20329777,Foreign_Investor,25073830
2025-09-24,2330,187000,Investment_Trust,585370
2025-09-25,2330,0,Foreign_Dealer_Self,0
2025-09-25,2330,1668000,Dealer_self,203300
2025-09-25,2330,818847,Dealer_Hedging,224503
2025-09-25,2330,10972931,Foreign_Investor,19085527
2025-09-25,2330,186000,Investment_Trust,353500
2025-09-26,2330,0,Foreign_Dealer_Self,0
2025-09-26,2330,787000,Dealer_self,199271
2025-09-26,2330,930086,Dealer_Hedging,329991
2025-09-26,2330,11975366,Foreign_Investor,14976986
2025-09-26,2330,147000,Investment_Trust,288500
2025-09-30,2330,0,Foreign_Dealer_Self,0
2025-09-30,2330,1134971,Dealer_self,94281
2025-09-30,2330,683374,Dealer_Hedging,75181
2025-09-30,2330,32876060,Foreign_Investor,32203294
2025-09-30,2330,623067,Investment_Trust,82000
2025-10-01,2330,0,Foreign_Dealer_Self,0
2025-10-01,2330,1123966,Dealer_self,168183
2025-10-01,2330,466761,Dealer_Hedging,288630
2025-10-01,2330,23456408,Foreign_Investor,15008385
2025-10-01,2330,746000,Investment_Trust,259163
2025-10-02,2330,0,Foreign_Dealer_Self,0
2025-10-02,2330,1645501,Dealer_self,52000
2025-10-02,2330,379510,Dealer_Hedging,68063
2025-10-02,2330,18271987,Foreign_Investor,11347092
2025-10-02,2330,291597,Investment_Trust,289300
2025-10-03,2330,0,Foreign_Dealer_Self,0
2025-10-03,2330,746213,Dealer_self,25000
2025-10-03,2330,511887,Dealer_Hedging,337094
2025-10-03,2330,14438323,Foreign_Investor,13575665
2025-10-03,2330,64000,Investment_Trust,475908
2025-10-07,2330,0,Foreign_Dealer_Self,0
2025-10-07,2330,1856700,Dealer_self,250000
2025-10-07,2330,755281,Dealer_Hedging,18299
2025-10-07,2330,18053314,Foreign_Investor,30279123
2025-10-07,2330,436000,Investment_Trust,459500
2025-10-08,2330,0,Foreign_Dealer_Self,0
2025-10-08,2330,1375500,Dealer_self,210005
2025-10-08,2330,548950,Dealer_Hedging,107187
2025-10-08,2330,9865139,Foreign_Investor,19775403
2025-10-08,2330,293000,Investment_Trust,267201
2025-10-09,2330,0,Foreign_Dealer_Self,0
2025-10-09,2330,1421300,Dealer_self,59495
2025-10-09,2330,326194,Dealer_Hedging,54700
2025-10-09,2330,19636515,Foreign_Investor,21138780
2025-10-09,2330,191000,Investment_Trust,259380
2025-10-13,2330,0,Foreign_Dealer_Self,0
2025-10-13,2330,1280000,Dealer_self,246999
2025-10-13,2330,2610530,Dealer_Hedging,920230
2025-10-13,2330,16063713,Foreign_Investor,35042301
2025-10-13,2330,1013000,Investment_Trust,75178
2025-10-14,2330,0,Foreign_Dealer_Self,0
2025-10-14,2330,572000,Dealer_self,448000
2025-10-14,2330,275608,Dealer_Hedging,711543
2025-10-14,2330,21510832,Foreign_Investor,22673285
2025-10-14,2330,288580,Investment_Trust,75478
2025-10-15,2330,0,Foreign_Dealer_Self,0
2025-10-15,2330,1798731,Dealer_Hedging,279403
2025-10-15,2330,25526165,Foreign_Investor,25405147
2025-10-15,2330,200000,Investment_Trust,588328
2025-10-15,2330,1311299,Dealer_self,272000
2025-10-16,2330,0,Foreign_Dealer_Self,0
2025-10-16,2330,1271446,Dealer_Hedging,219586
2025-10-16,2330,16483943,Foreign_Investor,23467306
2025-10-16,2330,2078000,Investment_Trust,379633
2025-10-16,2330,2017500,Dealer_self,1066000
2025-10-17,2330,0,Foreign_Dealer_Self,0
2025-10-17,2330,560400,Dealer_self,669999
2025-10-17,2330,599356,Dealer_Hedging,510341
2025-10-17,2330,13239092,Foreign_Investor,25920946
2025-10-17,2330,1272000,Investment_Trust,707550
2025-10-20,2330,0,Foreign_Dealer_Self,0
2025-10-20,2330,373000,Dealer_self,332000
2025-10-20,2330,751138,Dealer_Hedging,226240
2025-10-20,2330,19093134,Foreign_Investor,13269870
2025-10-20,2330,1395000,Investment_Trust,319683
2025-10-21,2330,0,Foreign_Dealer_Self,0
2025-10-21,2330,541000,Dealer_self,431125
2025-10-21,2330,950429,Dealer_Hedging,824013
2025-10-21,2330,16654515,Foreign_Investor,16954693
2025-10-21,2330,1694000,Investment_Trust,110945
2025-10-22,2330,0,Foreign_Dealer_Self,0
2025-10-22,2330,775207,Investment_Trust,42781
2025-10-22,2330,590000,Dealer_self,160000
2025-10-22,2330,1362912,Dealer_Hedging,220367
2025-10-22,2330,6464379,Foreign_Investor,21416222
2025-10-23,2330,0,Foreign_Dealer_Self,0
2025-10-23,2330,53000,Dealer_self,95999
2025-10-23,2330,1022236,Dealer_Hedging,433545
2025-10-23,2330,8879328,Foreign_Investor,17370174
2025-10-23,2330,692000,Investment_Trust,592700
2025-10-27,2330,0,Foreign_Dealer_Self,0
2025-10-27,2330,451000,Investment_Trust,752033
2025-10-27,2330,1351000,Dealer_self,189000
2025-10-27,2330,1277471,Dealer_Hedging,93931
2025-10-27,2330,19298932,Foreign_Investor,18320179
2025-10-28,2330,0,Foreign_Dealer_Self,0
2025-10-28,2330,621000,Dealer_self,132963
2025-10-28,2330,678833,Dealer_Hedging,399323
2025-10-28,2330,17645555,Foreign_Investor,25943186
2025-10-28,2330,286000,Investment_Trust,74000
2025-10-29,2330,0,Foreign_Dealer_Self,0
2025-10-29,2330,271000,Investment_Trust,50423
2025-10-29,2330,431000,Dealer_self,124000
2025-10-29,2330,517293,Dealer_Hedging,266882
2025-10-29,2330,18189353,Foreign_Investor,11980539
2025-10-30,2330,0,Foreign_Dealer_Self,0
2025-10-30,2330,82000,Dealer_self,147000
2025-10-30,2330,578110,Dealer_Hedging,591325
2025-10-30,2330,16749096,Foreign_Investor,18661985
2025-10-30,2330,173000,Investment_Trust,344000
2025-10-31,2330,0,Foreign_Dealer_Self,0
2025-10-31,2330,347100,Investment_Trust,54634
2025-10-31,2330,2362200,Dealer_self,195000
2025-10-31,2330,933542,Dealer_Hedging,42658
2025-10-31,2330,16494186,Foreign_Investor,24220556
2025-11-03,2330,0,Foreign_Dealer_Self,0
2025-11-03,2330,667026,Investment_Trust,170265
2025-11-03,2330,215000,Dealer_self,555000
2025-11-03,2330,1343550,Dealer_Hedging,220332
2025-11-03,2330,14372120,Foreign_Investor,10844120
2025-11-04,2330,0,Foreign_Dealer_Self,0
2025-11-04,2330,531000,Dealer_self,663000
2025-11-04,2330,684135,Dealer_Hedging,625430
2025-11-04,2330,18525084,Foreign_Investor,15618377
2025-11-04,2330,1017411,Investment_Trust,78501
2025-11-05,2330,0,Foreign_Dealer_Self,0
2025-11-05,2330,1253700,Dealer_self,271000
2025-11-05,2330,2472540,Dealer_Hedging,1424380
2025-11-05,2330,12678211,Foreign_Investor,43479628
2025-11-05,2330,693047,Investment_Trust,154693
2025-11-06,2330,0,Foreign_Dealer_Self,0
2025-11-06,2330,508879,Investment_Trust,50000
2025-11-06,2330,808000,Dealer_self,44000
2025-11-06,2330,547928,Dealer_Hedging,228535
2025-11-06,2330,16271819,Foreign_Investor,18368492
2025-11-07,2330,0,Foreign_Dealer_Self,0
2025-11-07,2330,61000,Dealer_self,123999
2025-11-07,2330,265098,Dealer_Hedging,500391
2025-11-07,2330,12215478,Foreign_Investor,15468726
2025-11-07,2330,138819,Investment_Trust,37250
2025-11-10,2330,0,Foreign_Dealer_Self,0
2025-11-10,2330,511000,Dealer_self,121000
2025-11-10,2330,726981,Dealer_Hedging,197806
2025-11-10,2330,14630439,Foreign_Investor,18541403
2025-11-10,2330,259220,Investment_Trust,53000
2025-11-11,2330,0,Foreign_Dealer_Self,0
2025-11-11,2330,497000,Dealer_self,483000
2025-11-11,2330,461744,Dealer_Hedging,518814
2025-11-11,2330,9796522,Foreign_Investor,15531714
2025-11-11,2330,271705,Investment_Trust,84250
2025-11-12,2330,0,Foreign_Dealer_Self,0
2025-11-12,2330,90000,Dealer_self,117000
2025-11-12,2330,699495,Dealer_Hedging,236951
2025-11-12,2330,17131806,Foreign_Investor,18773985
2025-11-12,2330,413000,Investment_Trust,77650
2025-11-13,2330,0,Foreign_Dealer_Self,0
2025-11-13,2330,262300,Investment_Trust,465000
2025-11-13,2330,176300,Dealer_self,203000
2025-11-13,2330,296385,Dealer_Hedging,293308
2025-11-13,2330,10216466,Foreign_Investor,18148824
2025-11-14,2330,0,Foreign_Dealer_Self,0
2025-11-14,2330,501393,Investment_Trust,21250
2025-11-14,2330,166000,Dealer_self,361000
2025-11-14,2330,911428,Dealer_Hedging,278369
2025-11-14,2330,7181658,Foreign_Investor,24202116
2025-11-17,2330,0,Foreign_Dealer_Self,0
2025-11-17,2330,55000,Dealer_self,1053000
2025-11-17,2330,119060,Dealer_Hedging,738147
2025-11-17,2330,26902050,Foreign_Investor,20639032
2025-11-17,2330,696128,Investment_Trust,3162663
2025-11-18,2330,0,Foreign_Dealer_Self,0
2025-11-18,2330,459000,Dealer_self,822500
2025-11-18,2330,1909591,Dealer_Hedging,797764
2025-11-18,2330,17031894,Foreign_Investor,32699966
2025-11-18,2330,761200,Investment_Trust,284104
2025-11-19,2330,0,Foreign_Dealer_Self,0
2025-11-19,2330,332961,Investment_Trust,178832
2025-11-19,2330,336000,Dealer_self,220694
2025-11-19,2330,1387251,Dealer_Hedging,486099
2025-11-19,2330,26997205,Foreign_Investor,32423358
2025-11-20,2330,0,Foreign_Dealer_Self,0
2025-11-20,2330,374631,Dealer_self,322000
2025-11-20,2330,695280,Dealer_Hedging,211668
2025-11-20,2330,16976025,Foreign_Investor,10272493
2025-11-20,2330,442007,Investment_Trust,154250
2025-11-21,2330,0,Foreign_Dealer_Self,0
2025-11-21,2330,279897,Investment_Trust,163000
2025-11-21,2330,1393000,Dealer_self,553995
2025-11-21,2330,4132722,Dealer_Hedging,1003413
2025-11-21,2330,16835566,Foreign_Investor,51460980
2025-11-24,2330,0,Foreign_Dealer_Self,0
2025-11-24,2330,429000,Investment_Trust,16990
2025-11-24,2330,934000,Dealer_self,412480
2025-11-24,2330,1910964,Dealer_Hedging,164872
2025-11-24,2330,58560843,Foreign_Investor,77493724
2025-11-25,2330,0,Foreign_Dealer_Self,0
2025-11-25,2330,162000,Dealer_self,226003
2025-11-25,2330,172154,Dealer_Hedging,199797
2025-11-25,2330,22153406,Foreign_Investor,15695607
2025-11-25,2330,182000,Investment_Trust,234169
2025-11-26,2330,0,Foreign_Dealer_Self,0
2025-11-26,2330,5376563,Investment_Trust,55000
2025-11-26,2330,731000,Dealer_self,280600
2025-11-26,2330,1627556,Dealer_Hedging,1434870
2025-11-26,2330,15353932,Foreign_Investor,16459350
2025-11-27,2330,0,Foreign_Dealer_Self,0
2025-11-27,2330,1203000,Investment_Trust,576041
2025-11-27,2330,359000,Dealer_self,324000
2025-11-27,2330,323034,Dealer_Hedging,452895
2025-11-27,2330,11776758,Foreign_Investor,13408226
2025-11-28,2330,0,Foreign_Dealer_Self,0
2025-11-28,2330,1306000,Investment_Trust,158000
2025-11-28,2330,1200000,Dealer_self,47000
2025-11-28,2330,896402,Dealer_Hedging,301315
2025-11-28,2330,14459976,Foreign_Investor,16759427
2025-12-01,2330,0,Foreign_Dealer_Self,0
2025-12-01,2330,1858100,Investment_Trust,362001
2025-12-01,2330,628000,Dealer_self,319000
2025-12-01,2330,892621,Dealer_Hedging,393147
2025-12-01,2330,12796506,Foreign_Investor,19000872
2025-12-02,2330,0,Foreign_Dealer_Self,0
2025-12-02,2330,316000,Dealer_self,134631
2025-12-02,2330,799843,Dealer_Hedging,535281
2025-12-02,2330,19671052,Foreign_Investor,14471452
2025-12-02,2330,410091,Investment_Trust,124653
2025-12-03,2330,0,Foreign_Dealer_Self,0
2025-12-03,2330,322000,Investment_Trust,191250
2025-12-03,2330,364000,Dealer_self,178000
2025-12-03,2330,186585,Dealer_Hedging,151948
2025-12-03,2330,17853366,Foreign_Investor,13615794
2025-12-04,2330,0,Foreign_Dealer_Self,0
2025-12-04,2330,464000,Investment_Trust,137000
2025-12-04,2330,502000,Dealer_self,30000
2025-12-04,2330,492698,Dealer_Hedging,274573
2025-12-04,2330,12185339,Foreign_Investor,10447433
2025-12-05,2330,0,Foreign_Dealer_Self,0
2025-12-05,2330,42000,Investment_Trust,87610
2025-12-05,2330,911000,Dealer_self,331000
2025-12-05,2330,263294,Dealer_Hedging,116062
2025-12-05,2330,15719061,Foreign_Investor,6759079
2025-12-08,2330,0,Foreign_Dealer_Self,0
2025-12-08,2330,683000,Investment_Trust,138017
2025-12-08,2330,257395,Dealer_self,181000
2025-12-08,2330,413386,Dealer_Hedging,162735
2025-12-08,2330,16305429,Foreign_Investor,8778536
2025-12-09,2330,0,Foreign_Dealer_Self,0
2025-12-09,2330,750283,Dealer_self,18000
2025-12-09,2330,779645,Dealer_Hedging,162623
2025-12-09,2330,14617075,Foreign_Investor,20033989
2025-12-09,2330,549000,Investment_Trust,96669
2025-12-10,2330,0,Foreign_Dealer_Self,0
2025-12-10,2330,1120000,Investment_Trust,155814
2025-12-10,2330,1240000,Dealer_self,152000
2025-12-10,2330,512262,Dealer_Hedging,274321
2025-12-10,2330,17268432,Foreign_Investor,9701064
2025-12-11,2330,0,Foreign_Dealer_Self,0
2025-12-11,2330,617000,Investment_Trust,116307
2025-12-11,2330,528691,Dealer_self,49000
2025-12-11,2330,1011614,Dealer_Hedging,595030
2025-12-11,2330,11559223,Foreign_Investor,15738178
2025-12-12,2330,0,Foreign_Dealer_Self,0
2025-12-12,2330,888000,Investment_Trust,6277
2025-12-12,2330,848800,Dealer_self,231000
2025-12-12,2330,667630,Dealer_Hedging,364287
2025-12-12,2330,15800268,Foreign_Investor,13601035
2025-12-15,2330,0,Foreign_Dealer_Self,0
2025-12-15,2330,714500,Investment_Trust,2742
2025-12-15,2330,981000,Dealer_self,310000
2025-12-15,2330,428828,Dealer_Hedging,30099
2025-12-15,2330,10311054,Foreign_Investor,22261673
2025-12-16,2330,0,Foreign_Dealer_Self,0
2025-12-16,2330,1200683,Dealer_self,812000
2025-12-16,2330,1177812,Dealer_Hedging,320304
2025-12-16,2330,12301721,Foreign_Investor,24966800
2025-12-16,2330,2575000,Investment_Trust,82931
2025-12-17,2330,0,Foreign_Dealer_Self,0
2025-12-17,2330,1918575,Dealer_Hedging,416033
2025-12-17,2330,13036594,Foreign_Investor,22412376
2025-12-17,2330,572000,Investment_Trust,300199
2025-12-17,2330,2874640,Dealer_self,185000
2025-12-18,2330,0,Foreign_Dealer_Self,0
2025-12-18,2330,2565800,Dealer_self,259207
2025-12-18,2330,634986,Dealer_Hedging,8141
2025-12-18,2330,15555147,Foreign_Investor,18797088
2025-12-18,2330,1728000,Investment_Trust,28200
2025-12-19,2330,0,Foreign_Dealer_Self,0
2025-12-19,2330,968600,Dealer_self,98793
2025-12-19,2330,335070,Dealer_Hedging,123880
2025-12-19,2330,28401719,Foreign_Investor,26754635
2025-12-19,2330,581000,Investment_Trust,3054232
2025-12-22,2330,0,Foreign_Dealer_Self,0
2025-12-22,2330,866000,Dealer_self,161000
2025-12-22,2330,356512,Dealer_Hedging,291542
2025-12-22,2330,15142571,Foreign_Investor,7629516
2025-12-22,2330,727500,Investment_Trust,695247
2025-12-23,2330,0,Foreign_Dealer_Self,0
2025-12-23,2330,254000,Investment_Trust,4000
2025-12-23,2330,733995,Dealer_self,320000
2025-12-23,2330,235931,Dealer_Hedging,517377
2025-12-23,2330,10640099,Foreign_Investor,5910150
2025-12-24,2330,2786143,Foreign_Investor,4930585
2025-12-24,2330,0,Foreign_Dealer_Self,0
2025-12-24,2330,97110,Investment_Trust,221000
2025-12-24,2330,115000,Dealer_self,84000
2025-12-24,2330,105799,Dealer_Hedging,319461
2025-12-26,2330,0,Foreign_Dealer_Self,0
2025-12-26,2330,520000,Investment_Trust,114000
2025-12-26,2330,689998,Dealer_self,441000
2025-12-26,2330,404865,Dealer_Hedging,166231
2025-12-26,2330,4821316,Foreign_Investor,2745010
2025-12-29,2330,0,Foreign_Dealer_Self,0
2025-12-29,2330,396000,Investment_Trust,23565
2025-12-29,2330,895405,Dealer_self,194000
2025-12-29,2330,417725,Dealer_Hedging,204983
2025-12-29,2330,8654650,Foreign_Investor,5563462
2025-12-30,2330,0,Foreign_Dealer_Self,0
2025-12-30,2330,157100,Dealer_self,92000
2025-12-30,2330,116043,Dealer_Hedging,23664
2025-12-30,2330,7423760,Foreign_Investor,9604430
2025-12-30,2330,384003,Investment_Trust,1664896
2025-12-31,2330,0,Foreign_Dealer_Self,0
2025-12-31,2330,668004,Investment_Trust,364604
2025-12-31,2330,563517,Dealer_self,318691
2025-12-31,2330,341601,Dealer_Hedging,800767
2025-12-31,2330,13648721,Foreign_Investor,10882660
2026-01-02,2330,0,Foreign_Dealer_Self,0
2026-01-02,2330,792459,Investment_Trust,80024
2026-01-02,2330,979188,Dealer_self,186000
2026-01-02,2330,633497,Dealer_Hedging,64145
2026-01-02,2330,14449737,Foreign_Investor,18848494
2026-01-05,2330,0,Foreign_Dealer_Self,0
2026-01-05,2330,671000,Dealer_self,132048
2026-01-05,2330,2264214,Dealer_Hedging,782636
2026-01-05,2330,31108877,Foreign_Investor,36652231
2026-01-05,2330,3508000,Investment_Trust,71362
2026-01-06,2330,0,Foreign_Dealer_Self,0
2026-01-06,2330,248400,Dealer_self,234240
2026-01-06,2330,354190,Dealer_Hedging,505200
2026-01-06,2330,27713625,Foreign_Investor,35703537
2026-01-06,2330,1259001,Investment_Trust,302294
2026-01-07,2330,0,Foreign_Dealer_Self,0
2026-01-07,2330,451240,Dealer_self,289006
2026-01-07,2330,668215,Dealer_Hedging,425341
2026-01-07,2330,14023158,Foreign_Investor,40839704
2026-01-07,2330,1416600,Investment_Trust,472655
2026-01-08,2330,0,Foreign_Dealer_Self,0
2026-01-08,2330,739200,Investment_Trust,172418
2026-01-08,2330,80000,Dealer_self,96800
2026-01-08,2330,242227,Dealer_Hedging,423366
2026-01-08,2330,12519537,Foreign_Investor,16697682
2026-01-09,2330,0,Foreign_Dealer_Self,0
2026-01-09,2330,251000,Dealer_self,96600
2026-01-09,2330,676617,Dealer_Hedging,158799
2026-01-09,2330,14767040,Foreign_Investor,26221186
2026-01-09,2330,499000,Investment_Trust,832398
2026-01-12,2330,0,Foreign_Dealer_Self,0
2026-01-12,2330,364400,Investment_Trust,344457
2026-01-12,2330,81241,Dealer_self,35000
2026-01-12,2330,477516,Dealer_Hedging,335510
2026-01-12,2330,15697949,Foreign_Investor,25953578
2026-01-13,2330,0,Foreign_Dealer_Self,0
2026-01-13,2330,241100,Dealer_self,369000
2026-01-13,2330,628553,Dealer_Hedging,383068
2026-01-13,2330,15938502,Foreign_Investor,19020920
2026-01-13,2330,313000,Investment_Trust,448174
2026-01-14,2330,0,Foreign_Dealer_Self,0
2026-01-14,2330,435000,Dealer_self,224000
2026-01-14,2330,1299279,Dealer_Hedging,568800
2026-01-14,2330,15209999,Foreign_Investor,21054359
2026-01-14,2330,1188000,Investment_Trust,129835
2026-01-15,2330,0,Foreign_Dealer_Self,0
2026-01-15,2330,516000,Dealer_self,377881
2026-01-15,2330,1283632,Dealer_Hedging,249699
2026-01-15,2330,18172969,Foreign_Investor,28523399
2026-01-15,2330,1431000,Investment_Trust,149874
2026-01-16,2330,0,Foreign_Dealer_Self,0
2026-01-16,2330,625700,Investment_Trust,417480
2026-01-16,2330,206082,Dealer_self,666751
2026-01-16,2330,856141,Dealer_Hedging,1528515
2026-01-16,2330,28497209,Foreign_Investor,18391522
2026-01-19,2330,0,Foreign_Dealer_Self,0
2026-01-19,2330,93250,Dealer_self,537718
2026-01-19,2330,291080,Dealer_Hedging,1663115
2026-01-19,2330,9342773,Foreign_Investor,17364116
2026-01-19,2330,269000,Investment_Trust,1332639
2026-01-20,2330,0,Foreign_Dealer_Self,0
2026-01-20,2330,166200,Dealer_self,527600
2026-01-20,2330,492526,Dealer_Hedging,967164
2026-01-20,2330,17891695,Foreign_Investor,23283957
2026-01-20,2330,480000,Investment_Trust,502024
2026-01-21,2330,0,Foreign_Dealer_Self,0
2026-01-21,2330,1061651,Dealer_Hedging,1117400
2026-01-21,2330,16846828,Foreign_Investor,34876284
2026-01-21,2330,715000,Investment_Trust,4347892
2026-01-21,2330,521350,Dealer_self,647900
2026-01-22,2330,0,Foreign_Dealer_Self,0
2026-01-22,2330,73000,Dealer_self,147000
2026-01-22,2330,1633685,Dealer_Hedging,249165
2026-01-22,2330,17101310,Foreign_Investor,22451597
2026-01-22,2330,686300,Investment_Trust,265546
2026-01-23,2330,0,Foreign_Dealer_Self,0
2026-01-23,2330,43000,Dealer_self,137500
2026-01-23,2330,560065,Dealer_Hedging,235180
2026-01-23,2330,14969025,Foreign_Investor,19887167
2026-01-23,2330,3653000,Investment_Trust,288961
2026-01-26,2330,0,Foreign_Dealer_Self,0
2026-01-26,2330,270700,Investment_Trust,669444
2026-01-26,2330,59400,Dealer_self,84000
2026-01-26,2330,667133,Dealer_Hedging,621232
2026-01-26,2330,8887628,Foreign_Investor,12893472
2026-01-27,2330,0,Foreign_Dealer_Self,0
2026-01-27,2330,116301,Dealer_self,104000
2026-01-27,2330,796846,Dealer_Hedging,527899
2026-01-27,2330,23956134,Foreign_Investor,17252527
2026-01-27,2330,577350,Investment_Trust,862270
2026-01-28,2330,0,Foreign_Dealer_Self,0
2026-01-28,2330,123300,Dealer_self,126001
2026-01-28,2330,663997,Dealer_Hedging,275592
2026-01-28,2330,20965596,Foreign_Investor,13252017
2026-01-28,2330,915601,Investment_Trust,251609
2026-01-29,2330,0,Foreign_Dealer_Self,0
2026-01-29,2330,732000,Investment_Trust,716869
2026-01-29,2330,226000,Dealer_self,314294
2026-01-29,2330,745357,Dealer_Hedging,377181
2026-01-29,2330,18214850,Foreign_Investor,26844240
2026-01-30,2330,0,Foreign_Dealer_Self,0
2026-01-30,2330,171000,Dealer_self,153853
2026-01-30,2330,249131,Dealer_Hedging,382965
2026-01-30,2330,21250741,Foreign_Investor,34968766
2026-01-30,2330,850926,Investment_Trust,400708
2026-02-02,2330,0,Foreign_Dealer_Self,0
2026-02-02,2330,2298000,Investment_Trust,252622
2026-02-02,2330,236000,Dealer_self,274099
2026-02-02,2330,677592,Dealer_Hedging,453885
2026-02-02,2330,8957320,Foreign_Investor,18802251
2026-02-03,2330,0,Foreign_Dealer_Self,0
2026-02-03,2330,140000,Dealer_self,234101
2026-02-03,2330,242374,Dealer_Hedging,159768
2026-02-03,2330,15564667,Foreign_Investor,18488288
2026-02-03,2330,1262733,Investment_Trust,180188
2026-02-04,2330,0,Foreign_Dealer_Self,0
2026-02-04,2330,83000,Dealer_self,75600
2026-02-04,2330,548091,Dealer_Hedging,127087
2026-02-04,2330,11790955,Foreign_Investor,21436231
2026-02-04,2330,1007021,Investment_Trust,166700
2026-02-05,2330,0,Foreign_Dealer_Self,0
2026-02-05,2330,74192,Dealer_self,273600
2026-02-05,2330,391068,Dealer_Hedging,728977
2026-02-05,2330,9963715,Foreign_Investor,19632073
2026-02-05,2330,1379087,Investment_Trust,143180
2026-02-06,2330,0,Foreign_Dealer_Self,0
2026-02-06,2330,290000,Dealer_self,871398
2026-02-06,2330,298348,Dealer_Hedging,788831
2026-02-06,2330,16700789,Foreign_Investor,23275238
2026-02-06,2330,1257514,Investment_Trust,295199
2026-02-09,2330,0,Foreign_Dealer_Self,0
2026-02-09,2330,102020,Dealer_self,139100
2026-02-09,2330,239165,Dealer_Hedging,195505
2026-02-09,2330,26070743,Foreign_Investor,23151442
2026-02-09,2330,395841,Investment_Trust,128600
2026-02-10,2330,0,Foreign_Dealer_Self,0
2026-02-10,2330,289679,Dealer_self,482599
2026-02-10,2330,426836,Dealer_Hedging,665265
2026-02-10,2330,32089194,Foreign_Investor,19455207
2026-02-10,2330,567500,Investment_Trust,326858
2026-02-11,2330,0,Foreign_Dealer_Self,0
2026-02-11,2330,1009431,Dealer_self,62505
2026-02-11,2330,593253,Dealer_Hedging,282423
2026-02-11,2330,24488073,Foreign_Investor,29429534
2026-02-11,2330,1362000,Investment_Trust,221170
2026-02-23,2330,0,Foreign_Dealer_Self,0
2026-02-23,2330,1734000,Dealer_self,1434823
2026-02-23,2330,2237042,Dealer_Hedging,628213
2026-02-23,2330,45833236,Foreign_Investor,63391912
2026-02-23,2330,2997125,Investment_Trust,675458
2026-02-24,2330,0,Foreign_Dealer_Self,0
2026-02-24,2330,413400,Dealer_self,55000
2026-02-24,2330,1105071,Dealer_Hedging,281818
2026-02-24,2330,30950813,Foreign_Investor,24063518
2026-02-24,2330,1650270,Investment_Trust,164151
2026-02-25,2330,0,Foreign_Dealer_Self,0
2026-02-25,2330,234000,Dealer_self,139500
2026-02-25,2330,1577657,Dealer_Hedging,802013
2026-02-25,2330,26970999,Foreign_Investor,31163268
2026-02-25,2330,3307000,Investment_Trust,563238
2026-02-26,2330,0,Foreign_Dealer_Self,0
2026-02-26,2330,104000,Dealer_self,25000
2026-02-26,2330,1680429,Dealer_Hedging,495089
2026-02-26,2330,47543864,Foreign_Investor,65680858
2026-02-26,2330,1838400,Investment_Trust,636764
2026-03-02,2330,0,Foreign_Dealer_Self,0
2026-03-02,2330,437000,Dealer_self,333000
2026-03-02,2330,1292518,Dealer_Hedging,882482
2026-03-02,2330,24476647,Foreign_Investor,44015440
2026-03-02,2330,2710000,Investment_Trust,86031
2026-03-03,2330,0,Foreign_Dealer_Self,0
2026-03-03,2330,256000,Dealer_self,388099
2026-03-03,2330,1757835,Dealer_Hedging,729054
2026-03-03,2330,15794889,Foreign_Investor,36990343
2026-03-03,2330,1713000,Investment_Trust,434029
2026-03-04,2330,0,Foreign_Dealer_Self,0
2026-03-04,2330,1123000,Dealer_self,2253299
2026-03-04,2330,3731869,Dealer_Hedging,1802441
2026-03-04,2330,22375376,Foreign_Investor,49729787
2026-03-04,2330,1820000,Investment_Trust,353285
2026-03-05,2330,0,Foreign_Dealer_Self,0
2026-03-05,2330,512000,Dealer_self,1178300
2026-03-05,2330,1428246,Dealer_Hedging,644378
2026-03-05,2330,26576071,Foreign_Investor,36331595
2026-03-05,2330,1657000,Investment_Trust,163484
2026-03-06,2330,0,Foreign_Dealer_Self,0
2026-03-06,2330,271000,Dealer_self,76800
2026-03-06,2330,937054,Dealer_Hedging,264826
2026-03-06,2330,12827300,Foreign_Investor,23754504
2026-03-06,2330,1037000,Investment_Trust,91000
2026-03-09,2330,0,Foreign_Dealer_Self,0
2026-03-09,2330,895000,Dealer_self,3323318
2026-03-09,2330,5484652,Dealer_Hedging,4683290
2026-03-09,2330,18978641,Foreign_Investor,56815435
2026-03-09,2330,2673458,Investment_Trust,12029
2026-03-10,2330,0,Foreign_Dealer_Self,0
2026-03-10,2330,717000,Dealer_self,580647
2026-03-10,2330,745277,Dealer_Hedging,1141890
2026-03-10,2330,21822430,Foreign_Investor,22791338
2026-03-10,2330,644459,Investment_Trust,122000
2026-03-11,2330,0,Foreign_Dealer_Self,0
2026-03-11,2330,836000,Dealer_self,426000
2026-03-11,2330,462062,Dealer_Hedging,102241
2026-03-11,2330,21628539,Foreign_Investor,16601233
2026-03-11,2330,133000,Investment_Trust,169400
2026-03-12,2330,0,Foreign_Dealer_Self,0
2026-03-12,2330,485000,Investment_Trust,202179
2026-03-12,2330,454283,Dealer_self,509000
2026-03-12,2330,426207,Dealer_Hedging,115077
2026-03-12,2330,12716773,Foreign_Investor,31762895
2026-03-13,2330,0,Foreign_Dealer_Self,0
2026-03-13,2330,251000,Dealer_self,582300
2026-03-13,2330,528401,Dealer_Hedging,550372
2026-03-13,2330,13441995,Foreign_Investor,26185117
2026-03-13,2330,343000,Investment_Trust,476279
2026-03-16,2330,0,Foreign_Dealer_Self,0
2026-03-16,2330,264000,Dealer_self,319200
2026-03-16,2330,843748,Dealer_Hedging,128019
2026-03-16,2330,10239956,Foreign_Investor,26414181
2026-03-16,2330,457169,Investment_Trust,1259000
2026-03-17,2330,0,Foreign_Dealer_Self,0
2026-03-17,2330,380000,Dealer_self,157999
2026-03-17,2330,874729,Dealer_Hedging,191361
2026-03-17,2330,15841729,Foreign_Investor,16072161
2026-03-17,2330,545000,Investment_Trust,1037057
2026-03-18,2330,0,Foreign_Dealer_Self,0
2026-03-18,2330,493585,Dealer_self,214000
2026-03-18,2330,702559,Dealer_Hedging,260845
2026-03-18,2330,13621144,Foreign_Investor,13247687
2026-03-18,2330,121460,Investment_Trust,265889
2026-03-19,2330,0,Foreign_Dealer_Self,0
2026-03-19,2330,160000,Investment_Trust,259637
2026-03-19,2330,184420,Dealer_self,171808
2026-03-19,2330,637228,Dealer_Hedging,198786
2026-03-19,2330,5845437,Foreign_Investor,28635405
2026-03-20,2330,0,Foreign_Dealer_Self,0
2026-03-20,2330,261000,Investment_Trust,4289408
2026-03-20,2330,132000,Dealer_self,403000
2026-03-20,2330,455495,Dealer_Hedging,220595
2026-03-20,2330,33892182,Foreign_Investor,40661063
2026-03-23,2330,10503839,Foreign_Investor,25809375
2026-03-23,2330,0,Foreign_Dealer_Self,0
2026-03-23,2330,305000,Dealer_self,888000
2026-03-23,2330,1553845,Dealer_Hedging,246819
2026-03-23,2330,1884511,Investment_Trust,23627
2026-03-24,2330,0,Foreign_Dealer_Self,0
2026-03-24,2330,702001,Investment_Trust,11000
2026-03-24,2330,499150,Dealer_self,202999
2026-03-24,2330,767035,Dealer_Hedging,621064
2026-03-24,2330,14867777,Foreign_Investor,20045868
2026-03-25,2330,0,Foreign_Dealer_Self,0
2026-03-25,2330,713000,Dealer_self,393000
2026-03-25,2330,531235,Dealer_Hedging,150746
2026-03-25,2330,32980026,Foreign_Investor,32001358
2026-03-25,2330,283001,Investment_Trust,17700
2026-03-26,2330,0,Foreign_Dealer_Self,0
2026-03-26,2330,622000,Investment_Trust,74400
2026-03-26,2330,338000,Dealer_self,110100
2026-03-26,2330,110041,Dealer_Hedging,194910
2026-03-26,2330,12905442,Foreign_Investor,18096189
2026-03-27,2330,0,Foreign_Dealer_Self,0
2026-03-27,2330,442000,Investment_Trust,60540
2026-03-27,2330,226000,Dealer_self,29000
2026-03-27,2330,597818,Dealer_Hedging,82762
2026-03-27,2330,15271101,Foreign_Investor,26406954
2026-03-30,2330,0,Foreign_Dealer_Self,0
2026-03-30,2330,687380,Investment_Trust,129611
2026-03-30,2330,313000,Dealer_self,1001100
2026-03-30,2330,710167,Dealer_Hedging,460855
2026-03-30,2330,15512820,Foreign_Investor,31472435
2026-03-31,2330,0,Foreign_Dealer_Self,0
2026-03-31,2330,775700,Dealer_self,223852
2026-03-31,2330,2618877,Dealer_Hedging,438754
2026-03-31,2330,40199842,Foreign_Investor,60637620
2026-03-31,2330,1453700,Investment_Trust,33000
2026-04-01,2330,0,Foreign_Dealer_Self,0
2026-04-01,2330,814380,Investment_Trust,181000
2026-04-01,2330,1514500,Dealer_self,245000
2026-04-01,2330,1356357,Dealer_Hedging,163066
2026-04-01,2330,32698191,Foreign_Investor,26516909
2026-04-02,2330,0,Foreign_Dealer_Self,0
2026-04-02,2330,355229,Investment_Trust,548000
2026-04-02,2330,357000,Dealer_self,90000
2026-04-02,2330,247504,Dealer_Hedging,378475
2026-04-02,2330,10910818,Foreign_Investor,20296421
2026-04-07,2330,0,Foreign_Dealer_Self,0
2026-04-07,2330,59000,Dealer_self,95136
2026-04-07,2330,344561,Dealer_Hedging,217077
2026-04-07,2330,13401937,Foreign_Investor,7521487
2026-04-07,2330,474851,Investment_Trust,54000
2026-04-08,2330,0,Foreign_Dealer_Self,0
2026-04-08,2330,1252000,Dealer_self,158000
2026-04-08,2330,893776,Dealer_Hedging,276545
2026-04-08,2330,34485923,Foreign_Investor,16092438
2026-04-08,2330,561553,Investment_Trust,109894
2026-04-09,2330,0,Foreign_Dealer_Self,0
2026-04-09,2330,112200,Dealer_self,366400
2026-04-09,2330,127225,Dealer_Hedging,370446
2026-04-09,2330,23398275,Foreign_Investor,22676385
2026-04-09,2330,195274,Investment_Trust,298909
2026-04-10,2330,0,Foreign_Dealer_Self,0
2026-04-10,2330,340600,Dealer_self,234000
2026-04-10,2330,559848,Dealer_Hedging,291764
2026-04-10,2330,25486225,Foreign_Investor,17326284
2026-04-10,2330,277922,Investment_Trust,453311
2026-04-13,2330,0,Foreign_Dealer_Self,0
2026-04-13,2330,240000,Dealer_self,77000
2026-04-13,2330,245049,Dealer_Hedging,354756
2026-04-13,2330,15951429,Foreign_Investor,17226816
2026-04-13,2330,689684,Investment_Trust,5513074
2026-04-14,2330,0,Foreign_Dealer_Self,0
2026-04-14,2330,348000,Dealer_self,107100
2026-04-14,2330,1153894,Dealer_Hedging,741305
2026-04-14,2330,32090833,Foreign_Investor,13136172
2026-04-14,2330,898365,Investment_Trust,283235
2026-04-15,2330,0,Foreign_Dealer_Self,0
2026-04-15,2330,258353,Dealer_self,402200
2026-04-15,2330,1137205,Dealer_Hedging,749609
2026-04-15,2330,31651129,Foreign_Investor,26825169
2026-04-15,2330,454695,Investment_Trust,593117
2026-04-16,2330,0,Foreign_Dealer_Self,0
2026-04-16,2330,362847,Dealer_self,88550
2026-04-16,2330,1177134,Dealer_Hedging,367557
2026-04-16,2330,19097134,Foreign_Investor,21486969
2026-04-16,2330,707494,Investment_Trust,401355
2026-04-17,2330,0,Foreign_Dealer_Self,0
2026-04-17,2330,453000,Dealer_self,812000
2026-04-17,2330,350687,Dealer_Hedging,261547
2026-04-17,2330,15452539,Foreign_Investor,24835310
2026-04-17,2330,652645,Investment_Trust,2838308
2026-04-20,2330,0,Foreign_Dealer_Self,0
2026-04-20,2330,41000,Dealer_self,117000
2026-04-20,2330,265029,Dealer_Hedging,259148
2026-04-20,2330,16900879,Foreign_Investor,19933694
2026-04-20,2330,1143681,Investment_Trust,483177
2026-04-21,2330,0,Foreign_Dealer_Self,0
2026-04-21,2330,1472758,Investment_Trust,776600
2026-04-21,2330,111000,Dealer_self,112000
2026-04-21,2330,140145,Dealer_Hedging,216368
2026-04-21,2330,17300175,Foreign_Investor,15090012
2026-04-22,2330,0,Foreign_Dealer_Self,0
2026-04-22,2330,118000,Dealer_self,315201
2026-04-22,2330,186008,Dealer_Hedging,314933
2026-04-22,2330,14012121,Foreign_Investor,16144334
2026-04-22,2330,756989,Investment_Trust,1498898
2026-04-23,2330,0,Foreign_Dealer_Self,0
2026-04-23,2330,1155000,Investment_Trust,400635
2026-04-23,2330,278000,Dealer_self,1113300
2026-04-23,2330,545886,Dealer_Hedging,1089614
2026-04-23,2330,32304325,Foreign_Investor,25110997
2026-04-24,2330,0,Foreign_Dealer_Self,0
2026-04-24,2330,1792000,Investment_Trust,623844
2026-04-24,2330,389000,Dealer_self,303030
2026-04-24,2330,924715,Dealer_Hedging,754957
2026-04-24,2330,29417275,Foreign_Investor,21111683
2026-04-27,2330,0,Foreign_Dealer_Self,0
2026-04-27,2330,452000,Dealer_self,366190
2026-04-27,2330,942546,Dealer_Hedging,780090
2026-04-27,2330,28464159,Foreign_Investor,47404324
2026-04-27,2330,5553520,Investment_Trust,269712
2026-04-28,2330,0,Foreign_Dealer_Self,0
2026-04-28,2330,167000,Dealer_self,122000
2026-04-28,2330,1247920,Dealer_Hedging,792695
2026-04-28,2330,21082296,Foreign_Investor,43195885
2026-04-28,2330,1097000,Investment_Trust,235746
2026-04-29,2330,0,Foreign_Dealer_Self,0
2026-04-29,2330,84000,Dealer_self,350070
2026-04-29,2330,250692,Dealer_Hedging,342724
2026-04-29,2330,20221325,Foreign_Investor,36003961
2026-04-29,2330,1109470,Investment_Trust,107336
2026-04-30,2330,0,Foreign_Dealer_Self,0
2026-04-30,2330,347050,Dealer_self,261953
2026-04-30,2330,772973,Dealer_Hedging,743518
2026-04-30,2330,26725954,Foreign_Investor,47908603
2026-04-30,2330,753000,Investment_Trust,156958
2026-05-04,2330,0,Foreign_Dealer_Self,0
2026-05-04,2330,300200,Dealer_self,202000
2026-05-04,2330,686287,Dealer_Hedging,406834
2026-05-04,2330,29478943,Foreign_Investor,20366975
2026-05-04,2330,918500,Investment_Trust,109413
2026-05-05,2330,0,Foreign_Dealer_Self,0
2026-05-05,2330,71000,Dealer_self,83250
2026-05-05,2330,266101,Dealer_Hedging,448947
2026-05-05,2330,10898954,Foreign_Investor,19479938
2026-05-05,2330,1905561,Investment_Trust,409884
2026-05-06,2330,0,Foreign_Dealer_Self,0
2026-05-06,2330,2028426,Investment_Trust,93251
2026-05-06,2330,154171,Dealer_self,532071
2026-05-06,2330,661304,Dealer_Hedging,496034
2026-05-06,2330,20936222,Foreign_Investor,25256686
2026-05-07,2330,0,Foreign_Dealer_Self,0
2026-05-07,2330,1449418,Investment_Trust,16185
2026-05-07,2330,180000,Dealer_self,364000
2026-05-07,2330,861508,Dealer_Hedging,529356
2026-05-07,2330,28367463,Foreign_Investor,24482421
2026-05-08,2330,0,Foreign_Dealer_Self,0
2026-05-08,2330,362000,Dealer_self,455200
2026-05-08,2330,497603,Dealer_Hedging,296757
2026-05-08,2330,18585696,Foreign_Investor,19443369
2026-05-08,2330,1451008,Investment_Trust,182016
2026-05-11,2330,0,Foreign_Dealer_Self,0
2026-05-11,2330,114000,Dealer_self,183500
2026-05-11,2330,508842,Dealer_Hedging,446695
2026-05-11,2330,14557734,Foreign_Investor,32311439
2026-05-11,2330,870000,Investment_Trust,923695
2026-05-12,2330,0,Foreign_Dealer_Self,0
2026-05-12,2330,9561000,Investment_Trust,681311
2026-05-12,2330,124000,Dealer_self,855556
2026-05-12,2330,2245368,Dealer_Hedging,1089289
2026-05-12,2330,28493986,Foreign_Investor,37731251
2026-05-13,2330,0,Foreign_Dealer_Self,0
2026-05-13,2330,55000,Dealer_self,422000
2026-05-13,2330,1198411,Dealer_Hedging,1420022
2026-05-13,2330,17904819,Foreign_Investor,29875791
2026-05-13,2330,5873621,Investment_Trust,399918
2026-05-14,2330,0,Foreign_Dealer_Self,0
2026-05-14,2330,198913,Dealer_self,719000
2026-05-14,2330,298645,Dealer_Hedging,1067064
2026-05-14,2330,25905144,Foreign_Investor,25304660
2026-05-14,2330,6480000,Investment_Trust,623177
2026-05-15,2330,0,Foreign_Dealer_Self,0
2026-05-15,2330,3698502,Investment_Trust,312710
2026-05-15,2330,124087,Dealer_self,198500
2026-05-15,2330,399409,Dealer_Hedging,345748
2026-05-15,2330,14428451,Foreign_Investor,17826976
2026-05-18,2330,0,Foreign_Dealer_Self,0
2026-05-18,2330,6500000,Investment_Trust,70500
2026-05-18,2330,49200,Dealer_self,170000
2026-05-18,2330,1071553,Dealer_Hedging,430455
2026-05-18,2330,14699399,Foreign_Investor,24221226
2026-05-19,2330,0,Foreign_Dealer_Self,0
2026-05-19,2330,26000,Dealer_self,116500
2026-05-19,2330,1125825,Dealer_Hedging,835728
2026-05-19,2330,19745896,Foreign_Investor,36992837
2026-05-19,2330,4917991,Investment_Trust,773613
2026-05-20,2330,0,Foreign_Dealer_Self,0
2026-05-20,2330,2565000,Investment_Trust,376355
2026-05-20,2330,601700,Dealer_self,753513
2026-05-20,2330,124947,Dealer_Hedging,685134
2026-05-20,2330,18232856,Foreign_Investor,29264321
2026-05-21,2330,0,Foreign_Dealer_Self,0
2026-05-21,2330,175000,Dealer_self,63300
2026-05-21,2330,523688,Dealer_Hedging,211891
2026-05-21,2330,14264994,Foreign_Investor,13250656
2026-05-21,2330,503000,Investment_Trust,336000
2026-05-22,2330,0,Foreign_Dealer_Self,0
2026-05-22,2330,448400,Dealer_self,416000
2026-05-22,2330,287566,Dealer_Hedging,132302
2026-05-22,2330,16780717,Foreign_Investor,16047743
2026-05-22,2330,22000,Investment_Trust,486848
2026-05-25,2330,14339258,Foreign_Investor,10293667
2026-05-25,2330,0,Foreign_Dealer_Self,0
2026-05-25,2330,4426000,Investment_Trust,297500
2026-05-25,2330,195400,Dealer_self,68000
2026-05-25,2330,328225,Dealer_Hedging,358127
2026-05-26,2330,0,Foreign_Dealer_Self,0
2026-05-26,2330,154000,Dealer_self,249000
2026-05-26,2330,298379,Dealer_Hedging,105608
2026-05-26,2330,14493132,Foreign_Investor,22241691
2026-05-26,2330,124160,Investment_Trust,721449
2026-05-27,2330,0,Foreign_Dealer_Self,0
2026-05-27,2330,312733,Investment_Trust,311501
2026-05-27,2330,490300,Dealer_self,294450
2026-05-27,2330,219859,Dealer_Hedging,44498
2026-05-27,2330,28374078,Foreign_Investor,19563156
2026-05-28,2330,0,Foreign_Dealer_Self,0
2026-05-28,2330,765061,Investment_Trust,300000
2026-05-28,2330,409000,Dealer_self,459000
2026-05-28,2330,870981,Dealer_Hedging,354530
2026-05-28,2330,18552994,Foreign_Investor,25631609
2026-05-29,2330,0,Foreign_Dealer_Self,0
2026-05-29,2330,467249,Investment_Trust,118000
2026-05-29,2330,588000,Dealer_self,291000
2026-05-29,2330,274966,Dealer_Hedging,151825
2026-05-29,2330,91663164,Foreign_Investor,78378892
2026-06-01,2330,0,Foreign_Dealer_Self,0
2026-06-01,2330,722215,Investment_Trust,264000
2026-06-01,2330,530000,Dealer_self,354600
2026-06-01,2330,1010926,Dealer_Hedging,264326
2026-06-01,2330,41380366,Foreign_Investor,44692029
2026-06-02,2330,0,Foreign_Dealer_Self,0
2026-06-02,2330,264700,Dealer_self,257000
2026-06-02,2330,571220,Dealer_Hedging,117181
2026-06-02,2330,28251522,Foreign_Investor,27860228
2026-06-02,2330,506208,Investment_Trust,574105
2026-06-03,2330,0,Foreign_Dealer_Self,0
2026-06-03,2330,407000,Dealer_self,241000
2026-06-03,2330,213837,Dealer_Hedging,152951
2026-06-03,2330,17487849,Foreign_Investor,17591676
2026-06-03,2330,885898,Investment_Trust,237923
2026-06-04,2330,0,Foreign_Dealer_Self,0
2026-06-04,2330,677526,Investment_Trust,139688
2026-06-04,2330,150000,Dealer_self,138999
2026-06-04,2330,1321270,Dealer_Hedging,233207
2026-06-04,2330,13795418,Foreign_Investor,25051470
2026-06-05,2330,0,Foreign_Dealer_Self,0
2026-06-05,2330,598500,Dealer_self,963900
2026-06-05,2330,1568504,Dealer_Hedging,686294
2026-06-05,2330,3142206,Investment_Trust,241778
2026-06-05,2330,14565767,Foreign_Investor,32405348
2026-06-08,2330,0,Foreign_Dealer_Self,0
2026-06-08,2330,773000,Investment_Trust,43000
2026-06-08,2330,236100,Dealer_self,945000
2026-06-08,2330,2268825,Dealer_Hedging,1774292
2026-06-08,2330,11957129,Foreign_Investor,32421778
2026-06-09,2330,0,Foreign_Dealer_Self,0
2026-06-09,2330,160000,Dealer_self,1191000
2026-06-09,2330,330911,Dealer_Hedging,553539
2026-06-09,2330,15648460,Foreign_Investor,30656852
2026-06-09,2330,2705000,Investment_Trust,44913
2026-06-10,2330,0,Foreign_Dealer_Self,0
2026-06-10,2330,22444418,Foreign_Investor,37987280
2026-06-10,2330,116156,Investment_Trust,119953
2026-06-10,2330,984100,Dealer_self,1810454
2026-06-10,2330,3181528,Dealer_Hedging,3086088
2026-06-11,2330,0,Foreign_Dealer_Self,0
2026-06-11,2330,576046,Dealer_self,236000
2026-06-11,2330,3986816,Dealer_Hedging,1417593
2026-06-11,2330,24199349,Foreign_Investor,29103633
2026-06-11,2330,949489,Investment_Trust,337000
2026-06-12,2330,0,Foreign_Dealer_Self,0
2026-06-12,2330,19306946,Foreign_Investor,15379522
2026-06-12,2330,173000,Investment_Trust,322460
2026-06-12,2330,215200,Dealer_self,315000
2026-06-12,2330,294283,Dealer_Hedging,375060
2026-06-15,2330,0,Foreign_Dealer_Self,0
2026-06-15,2330,257006,Dealer_self,169000
2026-06-15,2330,340269,Dealer_Hedging,320956
2026-06-15,2330,23238768,Foreign_Investor,13591782
2026-06-15,2330,115121,Investment_Trust,29600
2026-06-16,2330,24206273,Foreign_Investor,24588364
2026-06-16,2330,0,Foreign_Dealer_Self,0
2026-06-16,2330,4150246,Investment_Trust,301570
2026-06-16,2330,25000,Dealer_self,69000
2026-06-16,2330,617963,Dealer_Hedging,731686
2026-06-17,2330,0,Foreign_Dealer_Self,0
2026-06-17,2330,15268364,Foreign_Investor,22145224
2026-06-17,2330,70000,Investment_Trust,387313
2026-06-17,2330,563000,Dealer_self,828300
2026-06-17,2330,1389295,Dealer_Hedging,228803
2026-06-18,2330,38296328,Foreign_Investor,30780433
2026-06-18,2330,0,Foreign_Dealer_Self,0
2026-06-18,2330,465116,Investment_Trust,7733465
2026-06-18,2330,186000,Dealer_self,360000
2026-06-18,2330,384818,Dealer_Hedging,173903
2026-06-19,2330,0,Foreign_Dealer_Self,0
2026-06-19,2330,8317600,Foreign_Investor,13320902
2026-06-19,2330,0,Investment_Trust,559000
2026-06-19,2330,79000,Dealer_self,22000
2026-06-19,2330,105000,Dealer_Hedging,13000
2026-06-22,2330,0,Foreign_Dealer_Self,0
2026-06-22,2330,810876,Dealer_self,263000
2026-06-22,2330,725182,Dealer_Hedging,127431
2026-06-22,2330,29849998,Foreign_Investor,15488900
2026-06-22,2330,560696,Investment_Trust,762350
2026-06-23,2330,0,Foreign_Dealer_Self,0
2026-06-23,2330,320913,Investment_Trust,155816
2026-06-23,2330,390000,Dealer_self,381000
2026-06-23,2330,1613452,Dealer_Hedging,430407
2026-06-23,2330,24698966,Foreign_Investor,27425264
2026-06-24,2330,0,Foreign_Dealer_Self,0
2026-06-24,2330,500200,Dealer_self,728000
2026-06-24,2330,2308198,Dealer_Hedging,1002313
2026-06-24,2330,16769354,Foreign_Investor,55219528
2026-06-24,2330,746000,Investment_Trust,88469
2026-06-25,2330,0,Foreign_Dealer_Self,0
2026-06-25,2330,26592649,Foreign_Investor,32696321
2026-06-25,2330,375613,Investment_Trust,196553
2026-06-25,2330,231300,Dealer_self,362500
2026-06-25,2330,504848,Dealer_Hedging,684086
2026-06-26,2330,0,Foreign_Dealer_Self,0
2026-06-26,2330,1034258,Investment_Trust,299860
2026-06-26,2330,226100,Dealer_self,769604
2026-06-26,2330,3424484,Dealer_Hedging,1871612
2026-06-26,2330,22676018,Foreign_Investor,36957173
2026-06-29,2330,0,Foreign_Dealer_Self,0
2026-06-29,2330,406000,Dealer_self,298000
2026-06-29,2330,947401,Dealer_Hedging,58551
2026-06-29,2330,26335534,Foreign_Investor,28248024
2026-06-29,2330,1287446,Investment_Trust,368230
2026-06-30,2330,0,Foreign_Dealer_Self,0
2026-06-30,2330,609000,Dealer_self,250090
2026-06-30,2330,358857,Dealer_Hedging,65312
2026-06-30,2330,34038986,Foreign_Investor,35464760
2026-06-30,2330,133405,Investment_Trust,223000
2026-07-01,2330,0,Foreign_Dealer_Self,0
2026-07-01,2330,196998,Dealer_self,138000
2026-07-01,2330,193968,Dealer_Hedging,639204
2026-07-01,2330,23132958,Foreign_Investor,15733335
2026-07-01,2330,4989844,Investment_Trust,247247
2026-07-02,2330,0,Foreign_Dealer_Self,0
2026-07-02,2330,1229949,Investment_Trust,204100
2026-07-02,2330,195700,Dealer_self,90000
2026-07-02,2330,346041,Dealer_Hedging,235002
2026-07-02,2330,16678234,Foreign_Investor,28931760
2026-07-03,2330,0,Foreign_Dealer_Self,0
2026-07-03,2330,14563276,Foreign_Investor,27099801
2026-07-03,2330,961988,Investment_Trust,141000
2026-07-03,2330,184200,Dealer_self,305000
2026-07-03,2330,904855,Dealer_Hedging,131181
2026-07-06,2330,0,Foreign_Dealer_Self,0
2026-07-06,2330,243000,Dealer_self,210000
2026-07-06,2330,341926,Dealer_Hedging,255580
2026-07-06,2330,11455022,Foreign_Investor,11696111
2026-07-06,2330,672005,Investment_Trust,292140
2026-07-07,2330,0,Foreign_Dealer_Self,0
2026-07-07,2330,196500,Dealer_self,443000
2026-07-07,2330,564091,Dealer_Hedging,554955
2026-07-07,2330,17674721,Foreign_Investor,17591579
2026-07-07,2330,713754,Investment_Trust,174850
2026-07-08,2330,0,Foreign_Dealer_Self,0
2026-07-08,2330,278520,Dealer_self,247800
2026-07-08,2330,885077,Dealer_Hedging,447354
2026-07-08,2330,14584929,Foreign_Investor,18740101
2026-07-08,2330,963545,Investment_Trust,233673
2026-07-09,2330,0,Foreign_Dealer_Self,0
2026-07-09,2330,392405,Dealer_self,391500
2026-07-09,2330,636358,Dealer_Hedging,547400
2026-07-09,2330,16267509,Foreign_Investor,29016050
2026-07-09,2330,361457,Investment_Trust,318232
