date,stock_id,buy,name,sell
2024-07-01,3008,291323,Foreign_Investor,305015
2024-07-01,3008,0,Foreign_Dealer_Self,0
2024-07-01,3008,4000,Investment_Trust,5000
2024-07-01,3008,3000,Dealer_self,19100
2024-07-01,3008,3795,Dealer_Hedging,17213
2024-07-02,3008,0,Foreign_Dealer_Self,0
2024-07-02,3008,13000,Investment_Trust,0
2024-07-02,3008,24200,Dealer_self,25100
2024-07-02,3008,9989,Dealer_Hedging,18410
2024-07-02,3008,375767,Foreign_Investor,458400
2024-07-03,3008,185018,Foreign_Investor,314062
2024-07-03,3008,0,Foreign_Dealer_Self,0
2024-07-03,3008,34000,Investment_Trust,0
2024-07-03,3008,11150,Dealer_self,29022
2024-07-03,3008,4387,Dealer_Hedging,2712
2024-07-04,3008,929664,Foreign_Investor,765261
2024-07-04,3008,0,Foreign_Dealer_Self,0
2024-07-04,3008,237000,Investment_Trust,0
2024-07-04,3008,98015,Dealer_self,23042
2024-07-04,3008,159304,Dealer_Hedging,103694
2024-07-05,3008,851658,Foreign_Investor,698920
2024-07-05,3008,0,Foreign_Dealer_Self,0
2024-07-05,3008,112500,Investment_Trust,20290
2024-07-05,3008,75938,Dealer_self,6138
2024-07-05,3008,60194,Dealer_Hedging,43207
2024-07-08,3008,978593,Foreign_Investor,881489
2024-07-08,3008,0,Foreign_Dealer_Self,0
2024-07-08,3008,31531,Dealer_self,59525
2024-07-08,3008,115733,Dealer_Hedging,68181
2024-07-08,3008,364500,Investment_Trust,1245
2024-07-09,3008,777858,Foreign_Investor,794116
2024-07-09,3008,0,Foreign_Dealer_Self,0
2024-07-09,3008,285500,Investment_Trust,8000
2024-07-09,3008,51927,Dealer_self,76635
2024-07-09,3008,59393,Dealer_Hedging,40841
2024-07-10,3008,452960,Foreign_Investor,575659
2024-07-10,3008,0,Foreign_Dealer_Self,0
2024-07-10,3008,19963,Dealer_self,34200
2024-07-10,3008,15093,Dealer_Hedging,25289
2024-07-10,3008,68700,Investment_Trust,0
2024-07-11,3008,370743,Foreign_Investor,449232
2024-07-11,3008,0,Foreign_Dealer_Self,0
2024-07-11,3008,83000,Investment_Trust,0
2024-07-11,3008,49670,Dealer_self,32193
2024-07-11,3008,70982,Dealer_Hedging,21150
2024-07-12,3008,1411999,Foreign_Investor,1460891
2024-07-12,3008,0,Foreign_Dealer_Self,0
2024-07-12,3008,79000,Dealer_self,63385
2024-07-12,3008,51908,Dealer_Hedging,76298
2024-07-12,3008,262378,Investment_Trust,11000
2024-07-15,3008,506650,Foreign_Investor,547664
2024-07-15,3008,0,Foreign_Dealer_Self,0
2024-07-15,3008,51126,Investment_Trust,10000
2024-07-15,3008,24636,Dealer_self,29751
2024-07-15,3008,21849,Dealer_Hedging,16413
2024-07-16,3008,245436,Foreign_Investor,236988
2024-07-16,3008,0,Foreign_Dealer_Self,0
2024-07-16,3008,64000,Investment_Trust,21000
2024-07-16,3008,4253,Dealer_self,20253
2024-07-16,3008,5226,Dealer_Hedging,19276
2024-07-17,3008,281638,Foreign_Investor,356580
2024-07-17,3008,0,Foreign_Dealer_Self,0
2024-07-17,3008,30252,Investment_Trust,29000
2024-07-17,3008,26000,Dealer_self,15100
2024-07-17,3008,4236,Dealer_Hedging,41475
2024-07-18,3008,550825,Foreign_Investor,543269
2024-07-18,3008,0,Foreign_Dealer_Self,0
2024-07-18,3008,21631,Investment_Trust,17000
2024-07-18,3008,54797,Dealer_self,28128
2024-07-18,3008,24612,Dealer_Hedging,14960
2024-07-19,3008,957828,Foreign_Investor,827140
2024-07-19,3008,0,Foreign_Dealer_Self,0
2024-07-19,3008,49000,Dealer_self,106732
2024-07-19,3008,45209,Dealer_Hedging,80504
2024-07-19,3008,90000,Investment_Trust,142000
2024-07-22,3008,734258,Foreign_Investor,561393
2024-07-22,3008,0,Foreign_Dealer_Self,0
2024-07-22,3008,47788,Dealer_self,107900
2024-07-22,3008,34553,Dealer_Hedging,34342
2024-07-22,3008,68000,Investment_Trust,47000
2024-07-23,3008,221100,Foreign_Investor,197944
2024-07-23,3008,0,Foreign_Dealer_Self,0
2024-07-23,3008,6127,Investment_Trust,76000
2024-07-23,3008,21278,Dealer_self,21120
2024-07-23,3008,13750,Dealer_Hedging,6348
2024-07-26,3008,459207,Foreign_Investor,543087
2024-07-26,3008,0,Foreign_Dealer_Self,0
2024-07-26,3008,9330,Dealer_self,33830
2024-07-26,3008,22500,Dealer_Hedging,16094
2024-07-26,3008,32800,Investment_Trust,17000
2024-07-29,3008,652463,Foreign_Investor,487337
2024-07-29,3008,0,Foreign_Dealer_Self,0
2024-07-29,3008,29000,Dealer_self,22100
2024-07-29,3008,12066,Dealer_Hedging,31308
2024-07-29,3008,74000,Investment_Trust,93276
2024-07-30,3008,538867,Foreign_Investor,611936
2024-07-30,3008,0,Foreign_Dealer_Self,0
2024-07-30,3008,99000,Investment_Trust,4299
2024-07-30,3008,16450,Dealer_self,13000
2024-07-30,3008,48983,Dealer_Hedging,6490
2024-07-31,3008,624951,Foreign_Investor,955484
2024-07-31,3008,0,Foreign_Dealer_Self,0
2024-07-31,3008,39000,Dealer_self,10200
2024-07-31,3008,18631,Dealer_Hedging,31456
2024-07-31,3008,69127,Investment_Trust,18000
2024-08-01,3008,730152,Foreign_Investor,638435
2024-08-01,3008,0,Foreign_Dealer_Self,0
2024-08-01,3008,41780,Investment_Trust,19000
2024-08-01,3008,25000,Dealer_self,2538
2024-08-01,3008,25988,Dealer_Hedging,9705
2024-08-02,3008,468364,Foreign_Investor,503050
2024-08-02,3008,0,Foreign_Dealer_Self,0
2024-08-02,3008,14753,Investment_Trust,0
2024-08-02,3008,24000,Dealer_self,35657
2024-08-02,3008,26437,Dealer_Hedging,47539
2024-08-05,3008,735240,Foreign_Investor,623420
2024-08-05,3008,0,Foreign_Dealer_Self,0
2024-08-05,3008,24304,Dealer_self,106803
2024-08-05,3008,27695,Dealer_Hedging,70824
2024-08-05,3008,107507,Investment_Trust,9000
2024-08-06,3008,718577,Foreign_Investor,772488
2024-08-06,3008,0,Foreign_Dealer_Self,0
2024-08-06,3008,110880,Investment_Trust,0
2024-08-06,3008,74000,Dealer_self,46100
2024-08-06,3008,45276,Dealer_Hedging,31184
2024-08-07,3008,444946,Foreign_Investor,511407
2024-08-07,3008,0,Foreign_Dealer_Self,0
2024-08-07,3008,26000,Investment_Trust,0
2024-08-07,3008,43000,Dealer_self,35000
2024-08-07,3008,34007,Dealer_Hedging,7840
2024-08-08,3008,330877,Foreign_Investor,427778
2024-08-08,3008,0,Foreign_Dealer_Self,0
2024-08-08,3008,10000,Investment_Trust,4500
2024-08-08,3008,18028,Dealer_self,37228
2024-08-08,3008,8882,Dealer_Hedging,17868
2024-08-09,3008,377618,Foreign_Investor,453771
2024-08-09,3008,0,Foreign_Dealer_Self,0
2024-08-09,3008,8000,Investment_Trust,15000
2024-08-09,3008,16217,Dealer_self,18742
2024-08-09,3008,11121,Dealer_Hedging,12717
2024-08-12,3008,378240,Foreign_Investor,419699
2024-08-12,3008,0,Foreign_Dealer_Self,0
2024-08-12,3008,34000,Investment_Trust,14000
2024-08-12,3008,25010,Dealer_self,5210
2024-08-12,3008,6297,Dealer_Hedging,7397
2024-08-13,3008,378439,Foreign_Investor,440623
2024-08-13,3008,0,Foreign_Dealer_Self,0
2024-08-13,3008,23253,Investment_Trust,0
2024-08-13,3008,11000,Dealer_self,7240
2024-08-13,3008,25235,Dealer_Hedging,2578
2024-08-14,3008,534040,Foreign_Investor,480495
2024-08-14,3008,0,Foreign_Dealer_Self,0
2024-08-14,3008,25000,Investment_Trust,0
2024-08-14,3008,6500,Dealer_self,24600
2024-08-14,3008,52027,Dealer_Hedging,13292
2024-08-15,3008,735602,Foreign_Investor,1204030
2024-08-15,3008,0,Foreign_Dealer_Self,0
2024-08-15,3008,55000,Dealer_self,21193
2024-08-15,3008,35138,Dealer_Hedging,71168
2024-08-15,3008,66000,Investment_Trust,81000
2024-08-16,3008,416218,Foreign_Investor,331993
2024-08-16,3008,0,Foreign_Dealer_Self,0
2024-08-16,3008,6113,Investment_Trust,45000
2024-08-16,3008,47418,Dealer_self,20007
2024-08-16,3008,38221,Dealer_Hedging,17136
2024-08-19,3008,479904,Foreign_Investor,568100
2024-08-19,3008,0,Foreign_Dealer_Self,0
2024-08-19,3008,30000,Dealer_self,44000
2024-08-19,3008,15162,Dealer_Hedging,8532
2024-08-19,3008,46000,Investment_Trust,1123
2024-08-20,3008,450041,Foreign_Investor,645358
2024-08-20,3008,0,Foreign_Dealer_Self,0
2024-08-20,3008,74000,Investment_Trust,1544
2024-08-20,3008,42981,Dealer_self,52000
2024-08-20,3008,36798,Dealer_Hedging,29135
2024-08-21,3008,631152,Foreign_Investor,509645
2024-08-21,3008,0,Foreign_Dealer_Self,0
2024-08-21,3008,5100,Dealer_self,139005
2024-08-21,3008,10444,Dealer_Hedging,41849
2024-08-21,3008,26000,Investment_Trust,15000
2024-08-22,3008,196461,Foreign_Investor,234959
2024-08-22,3008,0,Foreign_Dealer_Self,0
2024-08-22,3008,3000,Investment_Trust,8000
2024-08-22,3008,33000,Dealer_self,24000
2024-08-22,3008,6529,Dealer_Hedging,13574
2024-08-23,3008,360802,Foreign_Investor,246550
2024-08-23,3008,0,Foreign_Dealer_Self,0
2024-08-23,3008,2000,Investment_Trust,6000
2024-08-23,3008,29019,Dealer_self,15000
2024-08-23,3008,37269,Dealer_Hedging,13610
2024-08-26,3008,204174,Foreign_Investor,352581
2024-08-26,3008,0,Foreign_Dealer_Self,0
2024-08-26,3008,35000,Investment_Trust,6000
2024-08-26,3008,14000,Dealer_self,14000
2024-08-26,3008,11508,Dealer_Hedging,9228
2024-08-27,3008,190000,Foreign_Investor,262828
2024-08-27,3008,0,Foreign_Dealer_Self,0
2024-08-27,3008,20000,Investment_Trust,0
2024-08-27,3008,8050,Dealer_self,4000
2024-08-27,3008,8205,Dealer_Hedging,6334
2024-08-28,3008,361828,Foreign_Investor,606358
2024-08-28,3008,0,Foreign_Dealer_Self,0
2024-08-28,3008,21000,Investment_Trust,14000
2024-08-28,3008,38163,Dealer_self,28484
2024-08-28,3008,25170,Dealer_Hedging,16349
2024-08-29,3008,1133542,Foreign_Investor,655584
2024-08-29,3008,0,Foreign_Dealer_Self,0
2024-08-29,3008,250300,Investment_Trust,11000
2024-08-29,3008,45269,Dealer_self,29458
2024-08-29,3008,113936,Dealer_Hedging,86054
2024-08-30,3008,476494,Foreign_Investor,930513
2024-08-30,3008,0,Foreign_Dealer_Self,0
2024-08-30,3008,133000,Investment_Trust,5000
2024-08-30,3008,32329,Dealer_self,44100
2024-08-30,3008,10112,Dealer_Hedging,35865
2024-09-02,3008,361923,Foreign_Investor,528393
2024-09-02,3008,0,Foreign_Dealer_Self,0
2024-09-02,3008,174000,Investment_Trust,1000
2024-09-02,3008,48007,Dealer_self,21110
2024-09-02,3008,10984,Dealer_Hedging,8153
2024-09-03,3008,307896,Foreign_Investor,290203
2024-09-03,3008,0,Foreign_Dealer_Self,0
2024-09-03,3008,48000,Investment_Trust,6000
2024-09-03,3008,21093,Dealer_self,19093
2024-09-03,3008,8094,Dealer_Hedging,10425
2024-09-04,3008,622731,Foreign_Investor,912276
2024-09-04,3008,0,Foreign_Dealer_Self,0
2024-09-04,3008,25057,Dealer_self,68624
2024-09-04,3008,17198,Dealer_Hedging,33577
2024-09-04,3008,76560,Investment_Trust,15000
2024-09-05,3008,323428,Foreign_Investor,558334
2024-09-05,3008,0,Foreign_Dealer_Self,0
2024-09-05,3008,24000,Investment_Trust,21000
2024-09-05,3008,15169,Dealer_self,44563
2024-09-05,3008,9797,Dealer_Hedging,16586
2024-09-06,3008,1185158,Foreign_Investor,1522596
2024-09-06,3008,0,Foreign_Dealer_Self,0
2024-09-06,3008,21030,Dealer_self,109613
2024-09-06,3008,52213,Dealer_Hedging,111180
2024-09-06,3008,187223,Investment_Trust,284502
2024-09-09,3008,660331,Foreign_Investor,620877
2024-09-09,3008,0,Foreign_Dealer_Self,0
2024-09-09,3008,3368,Investment_Trust,11500
2024-09-09,3008,23000,Dealer_self,27556
2024-09-09,3008,22203,Dealer_Hedging,25710
2024-09-10,3008,487190,Foreign_Investor,589758
2024-09-10,3008,0,Foreign_Dealer_Self,0
2024-09-10,3008,46000,Investment_Trust,166000
2024-09-10,3008,15000,Dealer_self,90544
2024-09-10,3008,30359,Dealer_Hedging,63328
2024-09-11,3008,0,Foreign_Dealer_Self,0
2024-09-11,3008,49000,Investment_Trust,66000
2024-09-11,3008,6000,Dealer_self,12030
2024-09-11,3008,7229,Dealer_Hedging,14724
2024-09-11,3008,480360,Foreign_Investor,308151
2024-09-12,3008,312009,Foreign_Investor,569741
2024-09-12,3008,0,Foreign_Dealer_Self,0
2024-09-12,3008,51400,Investment_Trust,81000
2024-09-12,3008,55000,Dealer_self,6000
2024-09-12,3008,21170,Dealer_Hedging,29071
2024-09-13,3008,152397,Foreign_Investor,175915
2024-09-13,3008,0,Foreign_Dealer_Self,0
2024-09-13,3008,42000,Investment_Trust,72500
2024-09-13,3008,13000,Dealer_self,10000
2024-09-13,3008,4440,Dealer_Hedging,3489
2024-09-16,3008,214054,Foreign_Investor,253007
2024-09-16,3008,0,Foreign_Dealer_Self,0
2024-09-16,3008,1000,Investment_Trust,177224
2024-09-16,3008,10000,Dealer_self,12000
2024-09-16,3008,16096,Dealer_Hedging,31117
2024-09-18,3008,0,Foreign_Dealer_Self,0
2024-09-18,3008,12634,Dealer_self,115784
2024-09-18,3008,19547,Dealer_Hedging,119921
2024-09-18,3008,829583,Foreign_Investor,464490
2024-09-18,3008,1000,Investment_Trust,501800
2024-09-19,3008,488384,Foreign_Investor,606018
2024-09-19,3008,0,Foreign_Dealer_Self,0
2024-09-19,3008,3000,Investment_Trust,2000
2024-09-19,3008,32000,Dealer_self,10000
2024-09-19,3008,29402,Dealer_Hedging,1638
2024-09-20,3008,564688,Foreign_Investor,671455
2024-09-20,3008,0,Foreign_Dealer_Self,0
2024-09-20,3008,3000,Investment_Trust,20000
2024-09-20,3008,23000,Dealer_self,14000
2024-09-20,3008,13643,Dealer_Hedging,35166
2024-09-23,3008,336043,Foreign_Investor,293916
2024-09-23,3008,0,Foreign_Dealer_Self,0
2024-09-23,3008,19000,Investment_Trust,3000
2024-09-23,3008,10000,Dealer_self,3000
2024-09-23,3008,10777,Dealer_Hedging,8985
2024-09-24,3008,234281,Foreign_Investor,318361
2024-09-24,3008,0,Foreign_Dealer_Self,0
2024-09-24,3008,0,Investment_Trust,176302
2024-09-24,3008,61001,Dealer_self,3000
2024-09-24,3008,18058,Dealer_Hedging,17514
2024-09-25,3008,0,Foreign_Dealer_Self,0
2024-09-25,3008,3000,Investment_Trust,31100
2024-09-25,3008,41583,Dealer_self,10000
2024-09-25,3008,34204,Dealer_Hedging,2831
2024-09-25,3008,397474,Foreign_Investor,584104
2024-09-26,3008,326573,Foreign_Investor,439042
2024-09-26,3008,0,Foreign_Dealer_Self,0
2024-09-26,3008,5000,Investment_Trust,102293
2024-09-26,3008,19000,Dealer_self,31101
2024-09-26,3008,6645,Dealer_Hedging,18750
2024-09-27,3008,0,Foreign_Dealer_Self,0
2024-09-27,3008,3000,Investment_Trust,135000
2024-09-27,3008,17000,Dealer_self,12100
2024-09-27,3008,5539,Dealer_Hedging,10560
2024-09-27,3008,588879,Foreign_Investor,643594
2024-09-30,3008,800554,Foreign_Investor,757976
2024-09-30,3008,0,Foreign_Dealer_Self,0
2024-09-30,3008,0,Investment_Trust,90200
2024-09-30,3008,20000,Dealer_self,12397
2024-09-30,3008,19918,Dealer_Hedging,22788
2024-10-01,3008,517833,Foreign_Investor,356908
2024-10-01,3008,0,Foreign_Dealer_Self,0
2024-10-01,3008,0,Investment_Trust,61000
2024-10-01,3008,9100,Dealer_self,9000
2024-10-01,3008,20637,Dealer_Hedging,4020
2024-10-04,3008,0,Foreign_Dealer_Self,0
2024-10-04,3008,0,Investment_Trust,51000
2024-10-04,3008,31000,Dealer_self,14089
2024-10-04,3008,17706,Dealer_Hedging,25999
2024-10-04,3008,443030,Foreign_Investor,735844
2024-10-07,3008,565416,Foreign_Investor,772062
2024-10-07,3008,0,Foreign_Dealer_Self,0
2024-10-07,3008,6000,Investment_Trust,116600
2024-10-07,3008,28000,Dealer_self,47000
2024-10-07,3008,22854,Dealer_Hedging,18504
2024-10-08,3008,358005,Foreign_Investor,484099
2024-10-08,3008,0,Foreign_Dealer_Self,0
2024-10-08,3008,1000,Investment_Trust,197549
2024-10-08,3008,9000,Dealer_self,20000
2024-10-08,3008,35130,Dealer_Hedging,40737
2024-10-09,3008,0,Foreign_Dealer_Self,0
2024-10-09,3008,21000,Dealer_self,36000
2024-10-09,3008,13643,Dealer_Hedging,11805
2024-10-09,3008,537922,Foreign_Investor,617505
2024-10-09,3008,0,Investment_Trust,261294
2024-10-11,3008,531045,Foreign_Investor,668063
2024-10-11,3008,0,Foreign_Dealer_Self,0
2024-10-11,3008,1000,Investment_Trust,14998
2024-10-11,3008,23000,Dealer_self,28999
2024-10-11,3008,28704,Dealer_Hedging,28761
2024-10-14,3008,290592,Foreign_Investor,327929
2024-10-14,3008,0,Foreign_Dealer_Self,0
2024-10-14,3008,6000,Investment_Trust,39049
2024-10-14,3008,16100,Dealer_self,19000
2024-10-14,3008,20901,Dealer_Hedging,6624
2024-10-15,3008,223429,Foreign_Investor,323361
2024-10-15,3008,0,Foreign_Dealer_Self,0
2024-10-15,3008,6900,Investment_Trust,27000
2024-10-15,3008,6000,Dealer_self,8000
2024-10-15,3008,11091,Dealer_Hedging,5051
2024-10-16,3008,0,Foreign_Dealer_Self,0
2024-10-16,3008,1000,Investment_Trust,5300
2024-10-16,3008,17000,Dealer_self,15824
2024-10-16,3008,18280,Dealer_Hedging,21709
2024-10-16,3008,282286,Foreign_Investor,405207
2024-10-17,3008,0,Foreign_Dealer_Self,0
2024-10-17,3008,6000,Investment_Trust,5000
2024-10-17,3008,15500,Dealer_self,6300
2024-10-17,3008,17219,Dealer_Hedging,3630
2024-10-17,3008,494851,Foreign_Investor,494334
2024-10-18,3008,0,Foreign_Dealer_Self,0
2024-10-18,3008,10000,Investment_Trust,318300
2024-10-18,3008,75829,Dealer_self,45778
2024-10-18,3008,135102,Dealer_Hedging,148850
2024-10-18,3008,953487,Foreign_Investor,1806625
2024-10-21,3008,819811,Foreign_Investor,561342
2024-10-21,3008,0,Foreign_Dealer_Self,0
2024-10-21,3008,36000,Investment_Trust,20000
2024-10-21,3008,99600,Dealer_self,18000
2024-10-21,3008,22462,Dealer_Hedging,4155
2024-10-22,3008,260161,Foreign_Investor,293772
2024-10-22,3008,0,Foreign_Dealer_Self,0
2024-10-22,3008,42000,Investment_Trust,6000
2024-10-22,3008,4100,Dealer_self,15200
2024-10-22,3008,2200,Dealer_Hedging,3847
2024-10-23,3008,167000,Foreign_Investor,182830
2024-10-23,3008,0,Foreign_Dealer_Self,0
2024-10-23,3008,17000,Investment_Trust,0
2024-10-23,3008,1000,Dealer_self,11000
2024-10-23,3008,0,Dealer_Hedging,3623
2024-10-24,3008,241551,Foreign_Investor,292600
2024-10-24,3008,0,Foreign_Dealer_Self,0
2024-10-24,3008,3123,Investment_Trust,3000
2024-10-24,3008,5033,Dealer_self,4400
2024-10-24,3008,9295,Dealer_Hedging,15582
2024-10-25,3008,349835,Foreign_Investor,476741
2024-10-25,3008,0,Foreign_Dealer_Self,0
2024-10-25,3008,1123,Investment_Trust,5000
2024-10-25,3008,3346,Dealer_self,12779
2024-10-25,3008,6320,Dealer_Hedging,10208
2024-10-28,3008,359410,Foreign_Investor,619082
2024-10-28,3008,0,Foreign_Dealer_Self,0
2024-10-28,3008,6246,Investment_Trust,3000
2024-10-28,3008,10000,Dealer_self,5302
2024-10-28,3008,8909,Dealer_Hedging,8981
2024-10-29,3008,541331,Foreign_Investor,709726
2024-10-29,3008,0,Foreign_Dealer_Self,0
2024-10-29,3008,6369,Investment_Trust,2000
2024-10-29,3008,2000,Dealer_self,97000
2024-10-29,3008,10352,Dealer_Hedging,12970
2024-10-30,3008,0,Foreign_Dealer_Self,0
2024-10-30,3008,3500,Investment_Trust,17306
2024-10-30,3008,5024,Dealer_self,6438
2024-10-30,3008,12439,Dealer_Hedging,12081
2024-10-30,3008,500164,Foreign_Investor,653775
2024-11-01,3008,717025,Foreign_Investor,671776
2024-11-01,3008,0,Foreign_Dealer_Self,0
2024-11-01,3008,20323,Investment_Trust,7000
2024-11-01,3008,2114,Dealer_self,6314
2024-11-01,3008,9586,Dealer_Hedging,8696
2024-11-04,3008,359167,Foreign_Investor,310809
2024-11-04,3008,0,Foreign_Dealer_Self,0
2024-11-04,3008,12388,Dealer_self,1100
2024-11-04,3008,3438,Dealer_Hedging,7406
2024-11-04,3008,14115,Investment_Trust,1000
2024-11-05,3008,86530,Foreign_Investor,176891
2024-11-05,3008,0,Foreign_Dealer_Self,0
2024-11-05,3008,1000,Dealer_self,15789
2024-11-05,3008,2123,Dealer_Hedging,8549
2024-11-05,3008,3000,Investment_Trust,2000
2024-11-06,3008,199145,Foreign_Investor,234500
2024-11-06,3008,0,Foreign_Dealer_Self,0
2024-11-06,3008,10409,Investment_Trust,7000
2024-11-06,3008,8000,Dealer_self,2091
2024-11-06,3008,4203,Dealer_Hedging,1991
2024-11-07,3008,81000,Foreign_Investor,149704
2024-11-07,3008,0,Foreign_Dealer_Self,0
2024-11-07,3008,2123,Investment_Trust,2000
2024-11-07,3008,1000,Dealer_self,7224
2024-11-07,3008,1263,Dealer_Hedging,4703
2024-11-08,3008,101851,Foreign_Investor,206505
2024-11-08,3008,0,Foreign_Dealer_Self,0
2024-11-08,3008,2000,Investment_Trust,7000
2024-11-08,3008,1000,Dealer_self,6085
2024-11-08,3008,11080,Dealer_Hedging,12619
2024-11-11,3008,122214,Foreign_Investor,137850
2024-11-11,3008,0,Foreign_Dealer_Self,0
2024-11-11,3008,0,Dealer_self,17200
2024-11-11,3008,8274,Dealer_Hedging,7984
2024-11-11,3008,1000,Investment_Trust,11000
2024-11-12,3008,132570,Foreign_Investor,261083
2024-11-12,3008,0,Foreign_Dealer_Self,0
2024-11-12,3008,2000,Investment_Trust,11000
2024-11-12,3008,571,Dealer_self,10200
2024-11-12,3008,26142,Dealer_Hedging,31226
2024-11-13,3008,535132,Foreign_Investor,414300
2024-11-13,3008,0,Foreign_Dealer_Self,0
2024-11-13,3008,4738,Investment_Trust,0
2024-11-13,3008,19764,Dealer_self,14000
2024-11-13,3008,20343,Dealer_Hedging,15332
2024-11-14,3008,200820,Foreign_Investor,343656
2024-11-14,3008,0,Foreign_Dealer_Self,0
2024-11-14,3008,18000,Investment_Trust,0
2024-11-14,3008,25000,Dealer_self,23548
2024-11-14,3008,6082,Dealer_Hedging,9190
2024-11-15,3008,0,Foreign_Dealer_Self,0
2024-11-15,3008,5369,Investment_Trust,0
2024-11-15,3008,12360,Dealer_self,6500
2024-11-15,3008,46833,Dealer_Hedging,14348
2024-11-15,3008,699698,Foreign_Investor,291841
2024-11-18,3008,319204,Foreign_Investor,622773
2024-11-18,3008,0,Foreign_Dealer_Self,0
2024-11-18,3008,47246,Investment_Trust,0
2024-11-18,3008,11166,Dealer_self,21000
2024-11-18,3008,5730,Dealer_Hedging,17993
2024-11-19,3008,300050,Foreign_Investor,264015
2024-11-19,3008,0,Foreign_Dealer_Self,0
2024-11-19,3008,9101,Investment_Trust,1230
2024-11-19,3008,17452,Dealer_self,9440
2024-11-19,3008,9017,Dealer_Hedging,4217
2024-11-20,3008,142012,Foreign_Investor,362611
2024-11-20,3008,0,Foreign_Dealer_Self,0
2024-11-20,3008,6443,Investment_Trust,0
2024-11-20,3008,17000,Dealer_self,11301
2024-11-20,3008,20148,Dealer_Hedging,45000
2024-11-21,3008,185000,Foreign_Investor,118090
2024-11-21,3008,0,Foreign_Dealer_Self,0
2024-11-21,3008,6120,Investment_Trust,3000
2024-11-21,3008,20000,Dealer_self,456
2024-11-21,3008,10117,Dealer_Hedging,35
2024-11-22,3008,296757,Foreign_Investor,334430
2024-11-22,3008,0,Foreign_Dealer_Self,0
2024-11-22,3008,6000,Investment_Trust,0
2024-11-22,3008,89000,Dealer_self,3000
2024-11-22,3008,20878,Dealer_Hedging,3721
2024-11-25,3008,868461,Foreign_Investor,742995
2024-11-25,3008,0,Foreign_Dealer_Self,0
2024-11-25,3008,84248,Investment_Trust,5
2024-11-25,3008,82350,Dealer_self,9050
2024-11-25,3008,53283,Dealer_Hedging,41738
2024-11-26,3008,381761,Foreign_Investor,443271
2024-11-26,3008,0,Foreign_Dealer_Self,0
2024-11-26,3008,75000,Investment_Trust,99
2024-11-26,3008,22000,Dealer_self,8000
2024-11-26,3008,35319,Dealer_Hedging,25885
2024-11-27,3008,282397,Foreign_Investor,335827
2024-11-27,3008,0,Foreign_Dealer_Self,0
2024-11-27,3008,6000,Investment_Trust,21047
2024-11-27,3008,7000,Dealer_self,51600
2024-11-27,3008,2370,Dealer_Hedging,24793
2024-11-28,3008,276170,Foreign_Investor,206286
2024-11-28,3008,0,Foreign_Dealer_Self,0
2024-11-28,3008,5240,Investment_Trust,170
2024-11-28,3008,7015,Dealer_self,20815
2024-11-28,3008,9793,Dealer_Hedging,2365
2024-11-29,3008,243846,Foreign_Investor,304475
2024-11-29,3008,0,Foreign_Dealer_Self,0
2024-11-29,3008,3000,Investment_Trust,342
2024-11-29,3008,13218,Dealer_self,14422
2024-11-29,3008,8854,Dealer_Hedging,1404
2024-12-02,3008,280329,Foreign_Investor,249813
2024-12-02,3008,0,Foreign_Dealer_Self,0
2024-12-02,3008,23000,Investment_Trust,13045
2024-12-02,3008,9600,Dealer_self,25000
2024-12-02,3008,16765,Dealer_Hedging,13441
2024-12-03,3008,0,Foreign_Dealer_Self,0
2024-12-03,3008,59000,Investment_Trust,0
2024-12-03,3008,24936,Dealer_self,18030
2024-12-03,3008,12676,Dealer_Hedging,15209
2024-12-03,3008,225093,Foreign_Investor,320926
2024-12-04,3008,259088,Foreign_Investor,116014
2024-12-04,3008,0,Foreign_Dealer_Self,0
2024-12-04,3008,5000,Investment_Trust,35044
2024-12-04,3008,19957,Dealer_self,8632
2024-12-04,3008,6995,Dealer_Hedging,4632
2024-12-05,3008,237008,Foreign_Investor,325392
2024-12-05,3008,0,Foreign_Dealer_Self,0
2024-12-05,3008,21000,Investment_Trust,47
2024-12-05,3008,29000,Dealer_self,9262
2024-12-05,3008,8908,Dealer_Hedging,4657
2024-12-06,3008,403744,Foreign_Investor,247439
2024-12-06,3008,0,Foreign_Dealer_Self,0
2024-12-06,3008,0,Investment_Trust,55000
2024-12-06,3008,2000,Dealer_self,33385
2024-12-06,3008,5232,Dealer_Hedging,3410
2024-12-09,3008,210096,Foreign_Investor,299117
2024-12-09,3008,0,Foreign_Dealer_Self,0
2024-12-09,3008,0,Investment_Trust,116000
2024-12-09,3008,3059,Dealer_self,8732
2024-12-09,3008,2407,Dealer_Hedging,8036
2024-12-10,3008,280951,Foreign_Investor,253991
2024-12-10,3008,0,Foreign_Dealer_Self,0
2024-12-10,3008,4000,Investment_Trust,2240
2024-12-10,3008,3160,Dealer_self,25850
2024-12-10,3008,4773,Dealer_Hedging,6179
2024-12-11,3008,179697,Foreign_Investor,141082
2024-12-11,3008,0,Foreign_Dealer_Self,0
2024-12-11,3008,4000,Investment_Trust,3094
2024-12-11,3008,7045,Dealer_self,12200
2024-12-11,3008,13264,Dealer_Hedging,3342
2024-12-12,3008,0,Foreign_Dealer_Self,0
2024-12-12,3008,26500,Dealer_self,7010
2024-12-12,3008,28782,Dealer_Hedging,20841
2024-12-12,3008,345232,Foreign_Investor,228124
2024-12-12,3008,75000,Investment_Trust,1047
2024-12-13,3008,0,Foreign_Dealer_Self,0
2024-12-13,3008,4275,Dealer_self,15100
2024-12-13,3008,11283,Dealer_Hedging,20249
2024-12-13,3008,333587,Foreign_Investor,459423
2024-12-13,3008,187000,Investment_Trust,47
2024-12-16,3008,212871,Foreign_Investor,391675
2024-12-16,3008,0,Foreign_Dealer_Self,0
2024-12-16,3008,47000,Investment_Trust,167
2024-12-16,3008,2331,Dealer_self,16358
2024-12-16,3008,6625,Dealer_Hedging,15937
2024-12-17,3008,191464,Foreign_Investor,367949
2024-12-17,3008,0,Foreign_Dealer_Self,0
2024-12-17,3008,104619,Investment_Trust,2361
2024-12-17,3008,10998,Dealer_self,15344
2024-12-17,3008,2899,Dealer_Hedging,7357
2024-12-18,3008,406615,Foreign_Investor,382193
2024-12-18,3008,0,Foreign_Dealer_Self,0
2024-12-18,3008,105000,Investment_Trust,114
2024-12-18,3008,46490,Dealer_self,19064
2024-12-18,3008,37635,Dealer_Hedging,37348
2024-12-19,3008,206221,Foreign_Investor,535172
2024-12-19,3008,0,Foreign_Dealer_Self,0
2024-12-19,3008,129000,Investment_Trust,0
2024-12-19,3008,19115,Dealer_self,5641
2024-12-19,3008,14599,Dealer_Hedging,13449
2024-12-20,3008,0,Foreign_Dealer_Self,0
2024-12-20,3008,87000,Investment_Trust,96057
2024-12-20,3008,6000,Dealer_self,15002
2024-12-20,3008,3231,Dealer_Hedging,13876
2024-12-20,3008,681730,Foreign_Investor,700185
2024-12-23,3008,187783,Foreign_Investor,104000
2024-12-23,3008,0,Foreign_Dealer_Self,0
2024-12-23,3008,84000,Investment_Trust,0
2024-12-23,3008,5100,Dealer_self,15000
2024-12-23,3008,4211,Dealer_Hedging,2000
2024-12-24,3008,49151,Foreign_Investor,62095
2024-12-24,3008,0,Foreign_Dealer_Self,0
2024-12-24,3008,38000,Investment_Trust,55
2024-12-24,3008,1544,Dealer_self,7034
2024-12-24,3008,3337,Dealer_Hedging,3190
2024-12-25,3008,150566,Foreign_Investor,68558
2024-12-25,3008,0,Foreign_Dealer_Self,0
2024-12-25,3008,46000,Investment_Trust,0
2024-12-25,3008,11922,Dealer_self,16000
2024-12-25,3008,12908,Dealer_Hedging,2460
2024-12-26,3008,490942,Foreign_Investor,454468
2024-12-26,3008,0,Foreign_Dealer_Self,0
2024-12-26,3008,146000,Investment_Trust,47
2024-12-26,3008,45817,Dealer_self,10000
2024-12-26,3008,64443,Dealer_Hedging,29599
2024-12-27,3008,101036,Foreign_Investor,261715
2024-12-27,3008,0,Foreign_Dealer_Self,0
2024-12-27,3008,37000,Investment_Trust,1000
2024-12-27,3008,7318,Dealer_self,25000
2024-12-27,3008,14644,Dealer_Hedging,38688
2024-12-30,3008,171024,Foreign_Investor,260170
2024-12-30,3008,0,Foreign_Dealer_Self,0
2024-12-30,3008,11145,Dealer_self,5090
2024-12-30,3008,23498,Dealer_Hedging,11227
2024-12-30,3008,131000,Investment_Trust,172
2024-12-31,3008,166203,Foreign_Investor,310461
2024-12-31,3008,0,Foreign_Dealer_Self,0
2024-12-31,3008,52718,Investment_Trust,0
2024-12-31,3008,32323,Dealer_self,8077
2024-12-31,3008,24741,Dealer_Hedging,9946
2025-01-02,3008,182080,Foreign_Investor,227361
2025-01-02,3008,0,Foreign_Dealer_Self,0
2025-01-02,3008,2000,Investment_Trust,114
2025-01-02,3008,7261,Dealer_self,19161
2025-01-02,3008,9576,Dealer_Hedging,17155
2025-01-03,3008,360198,Foreign_Investor,466948
2025-01-03,3008,0,Foreign_Dealer_Self,0
2025-01-03,3008,20000,Investment_Trust,51000
2025-01-03,3008,11216,Dealer_self,17445
2025-01-03,3008,11320,Dealer_Hedging,11220
2025-01-06,3008,537906,Foreign_Investor,483526
2025-01-06,3008,0,Foreign_Dealer_Self,0
2025-01-06,3008,54000,Investment_Trust,27000
2025-01-06,3008,26119,Dealer_self,13430
2025-01-06,3008,49525,Dealer_Hedging,7776
2025-01-07,3008,481724,Foreign_Investor,314203
2025-01-07,3008,0,Foreign_Dealer_Self,0
2025-01-07,3008,0,Investment_Trust,44000
2025-01-07,3008,19599,Dealer_self,11150
2025-01-07,3008,16574,Dealer_Hedging,37861
2025-01-08,3008,254000,Foreign_Investor,505212
2025-01-08,3008,0,Foreign_Dealer_Self,0
2025-01-08,3008,0,Investment_Trust,17570
2025-01-08,3008,24894,Dealer_self,6500
2025-01-08,3008,9026,Dealer_Hedging,21735
2025-01-09,3008,385830,Foreign_Investor,467138
2025-01-09,3008,0,Foreign_Dealer_Self,0
2025-01-09,3008,37317,Dealer_self,17345
2025-01-09,3008,27173,Dealer_Hedging,11779
2025-01-09,3008,2105,Investment_Trust,57
2025-01-10,3008,1854292,Foreign_Investor,1221404
2025-01-10,3008,0,Foreign_Dealer_Self,0
2025-01-10,3008,68040,Dealer_self,132203
2025-01-10,3008,75929,Dealer_Hedging,56849
2025-01-10,3008,46400,Investment_Trust,77000
2025-01-13,3008,584010,Foreign_Investor,1117667
2025-01-13,3008,0,Foreign_Dealer_Self,0
2025-01-13,3008,25000,Investment_Trust,17000
2025-01-13,3008,36787,Dealer_self,38640
2025-01-13,3008,57628,Dealer_Hedging,63112
2025-01-14,3008,332259,Foreign_Investor,287231
2025-01-14,3008,0,Foreign_Dealer_Self,0
2025-01-14,3008,14449,Dealer_self,24200
2025-01-14,3008,20478,Dealer_Hedging,11193
2025-01-14,3008,26000,Investment_Trust,50000
2025-01-15,3008,483632,Foreign_Investor,467120
2025-01-15,3008,0,Foreign_Dealer_Self,0
2025-01-15,3008,44000,Investment_Trust,34000
2025-01-15,3008,55454,Dealer_self,12000
2025-01-15,3008,32094,Dealer_Hedging,24121
2025-01-16,3008,596836,Foreign_Investor,418652
2025-01-16,3008,0,Foreign_Dealer_Self,0
2025-01-16,3008,48560,Dealer_self,17000
2025-01-16,3008,20727,Dealer_Hedging,11304
2025-01-16,3008,41393,Investment_Trust,21000
2025-01-17,3008,653857,Foreign_Investor,398903
2025-01-17,3008,0,Foreign_Dealer_Self,0
2025-01-17,3008,20000,Investment_Trust,123105
2025-01-17,3008,20713,Dealer_self,18030
2025-01-17,3008,8247,Dealer_Hedging,37729
2025-01-20,3008,372731,Foreign_Investor,278580
2025-01-20,3008,0,Foreign_Dealer_Self,0
2025-01-20,3008,10015,Dealer_self,27356
2025-01-20,3008,13336,Dealer_Hedging,6773
2025-01-20,3008,3000,Investment_Trust,9500
2025-01-21,3008,506577,Foreign_Investor,452324
2025-01-21,3008,0,Foreign_Dealer_Self,0
2025-01-21,3008,6000,Investment_Trust,52
2025-01-21,3008,15001,Dealer_self,15401
2025-01-21,3008,23682,Dealer_Hedging,17239
2025-01-22,3008,424415,Foreign_Investor,418070
2025-01-22,3008,0,Foreign_Dealer_Self,0
2025-01-22,3008,29000,Investment_Trust,0
2025-01-22,3008,24299,Dealer_self,10154
2025-01-22,3008,1730,Dealer_Hedging,11980
2025-02-03,3008,877776,Foreign_Investor,750566
2025-02-03,3008,0,Foreign_Dealer_Self,0
2025-02-03,3008,203241,Investment_Trust,0
2025-02-03,3008,27273,Dealer_self,16469
2025-02-03,3008,59830,Dealer_Hedging,15518
2025-02-04,3008,352528,Foreign_Investor,668465
2025-02-04,3008,0,Foreign_Dealer_Self,0
2025-02-04,3008,52300,Investment_Trust,410
2025-02-04,3008,35075,Dealer_self,10216
2025-02-04,3008,19222,Dealer_Hedging,27251
2025-02-05,3008,459721,Foreign_Investor,402517
2025-02-05,3008,0,Foreign_Dealer_Self,0
2025-02-05,3008,10000,Investment_Trust,0
2025-02-05,3008,12496,Dealer_self,22346
2025-02-05,3008,39028,Dealer_Hedging,14080
2025-02-06,3008,710971,Foreign_Investor,597085
2025-02-06,3008,0,Foreign_Dealer_Self,0
2025-02-06,3008,4121,Investment_Trust,3000
2025-02-06,3008,21497,Dealer_self,20859
2025-02-06,3008,6146,Dealer_Hedging,26150
2025-02-07,3008,336980,Foreign_Investor,365841
2025-02-07,3008,0,Foreign_Dealer_Self,0
2025-02-07,3008,0,Investment_Trust,4000
2025-02-07,3008,9378,Dealer_self,10100
2025-02-07,3008,4557,Dealer_Hedging,13068
2025-02-10,3008,354041,Foreign_Investor,507116
2025-02-10,3008,0,Foreign_Dealer_Self,0
2025-02-10,3008,3241,Investment_Trust,35666
2025-02-10,3008,26148,Dealer_self,33497
2025-02-10,3008,28318,Dealer_Hedging,32491
2025-02-11,3008,221812,Foreign_Investor,131390
2025-02-11,3008,0,Foreign_Dealer_Self,0
2025-02-11,3008,16561,Dealer_self,28685
2025-02-11,3008,9781,Dealer_Hedging,9076
2025-02-11,3008,6000,Investment_Trust,45105
2025-02-12,3008,197044,Foreign_Investor,184613
2025-02-12,3008,0,Foreign_Dealer_Self,0
2025-02-12,3008,2000,Investment_Trust,69000
2025-02-12,3008,7129,Dealer_self,22772
2025-02-12,3008,5522,Dealer_Hedging,15280
2025-02-13,3008,235458,Foreign_Investor,243472
2025-02-13,3008,0,Foreign_Dealer_Self,0
2025-02-13,3008,14121,Investment_Trust,10000
2025-02-13,3008,11100,Dealer_self,2050
2025-02-13,3008,14076,Dealer_Hedging,3217
2025-02-14,3008,239765,Foreign_Investor,365084
2025-02-14,3008,0,Foreign_Dealer_Self,0
2025-02-14,3008,2121,Investment_Trust,18000
2025-02-14,3008,3000,Dealer_self,5300
2025-02-14,3008,8052,Dealer_Hedging,13733
2025-02-17,3008,511687,Foreign_Investor,361911
2025-02-17,3008,0,Foreign_Dealer_Self,0
2025-02-17,3008,6121,Investment_Trust,2105
2025-02-17,3008,6200,Dealer_self,21684
2025-02-17,3008,23215,Dealer_Hedging,6192
2025-02-18,3008,181570,Foreign_Investor,258637
2025-02-18,3008,0,Foreign_Dealer_Self,0
2025-02-18,3008,0,Investment_Trust,3033
2025-02-18,3008,11353,Dealer_self,4300
2025-02-18,3008,4098,Dealer_Hedging,20623
2025-02-19,3008,158240,Foreign_Investor,178149
2025-02-19,3008,0,Foreign_Dealer_Self,0
2025-02-19,3008,0,Investment_Trust,6000
2025-02-19,3008,1250,Dealer_self,17471
2025-02-19,3008,4996,Dealer_Hedging,32306
2025-02-20,3008,318899,Foreign_Investor,222163
2025-02-20,3008,0,Foreign_Dealer_Self,0
2025-02-20,3008,1000,Investment_Trust,1057
2025-02-20,3008,16100,Dealer_self,0
2025-02-20,3008,17669,Dealer_Hedging,4224
2025-02-21,3008,215085,Foreign_Investor,319889
2025-02-21,3008,0,Foreign_Dealer_Self,0
2025-02-21,3008,0,Investment_Trust,71000
2025-02-21,3008,7350,Dealer_self,12185
2025-02-21,3008,5125,Dealer_Hedging,15288
2025-02-24,3008,186448,Foreign_Investor,129452
2025-02-24,3008,0,Foreign_Dealer_Self,0
2025-02-24,3008,3000,Investment_Trust,105
2025-02-24,3008,0,Dealer_self,13000
2025-02-24,3008,1609,Dealer_Hedging,4070
2025-02-25,3008,0,Foreign_Dealer_Self,0
2025-02-25,3008,8000,Dealer_self,30551
2025-02-25,3008,7187,Dealer_Hedging,19744
2025-02-25,3008,244409,Foreign_Investor,383561
2025-02-25,3008,4118,Investment_Trust,34000
2025-02-26,3008,352074,Foreign_Investor,247815
2025-02-26,3008,0,Foreign_Dealer_Self,0
2025-02-26,3008,5118,Investment_Trust,28000
2025-02-26,3008,5000,Dealer_self,3000
2025-02-26,3008,9254,Dealer_Hedging,57
2025-02-27,3008,0,Foreign_Dealer_Self,0
2025-02-27,3008,2123,Investment_Trust,27000
2025-02-27,3008,15250,Dealer_self,14816
2025-02-27,3008,13645,Dealer_Hedging,20543
2025-02-27,3008,401108,Foreign_Investor,651707
2025-03-03,3008,335315,Foreign_Investor,287293
2025-03-03,3008,0,Foreign_Dealer_Self,0
2025-03-03,3008,19591,Investment_Trust,61000
2025-03-03,3008,8000,Dealer_self,6050
2025-03-03,3008,10512,Dealer_Hedging,9202
2025-03-04,3008,471757,Foreign_Investor,485407
2025-03-04,3008,0,Foreign_Dealer_Self,0
2025-03-04,3008,8118,Investment_Trust,79059
2025-03-04,3008,39720,Dealer_self,10100
2025-03-04,3008,17548,Dealer_Hedging,9451
2025-03-05,3008,417174,Foreign_Investor,205126
2025-03-05,3008,0,Foreign_Dealer_Self,0
2025-03-05,3008,5000,Investment_Trust,26105
2025-03-05,3008,13161,Dealer_self,10070
2025-03-05,3008,17975,Dealer_Hedging,14188
2025-03-06,3008,268700,Foreign_Investor,242429
2025-03-06,3008,0,Foreign_Dealer_Self,0
2025-03-06,3008,2000,Investment_Trust,3210
2025-03-06,3008,10664,Dealer_self,6000
2025-03-06,3008,7672,Dealer_Hedging,21527
2025-03-07,3008,136188,Foreign_Investor,269656
2025-03-07,3008,0,Foreign_Dealer_Self,0
2025-03-07,3008,3000,Investment_Trust,23419
2025-03-07,3008,27200,Dealer_self,6302
2025-03-07,3008,2452,Dealer_Hedging,21890
2025-03-10,3008,219941,Foreign_Investor,407913
2025-03-10,3008,0,Foreign_Dealer_Self,0
2025-03-10,3008,8118,Investment_Trust,31419
2025-03-10,3008,33000,Dealer_self,12249
2025-03-10,3008,26533,Dealer_Hedging,24426
2025-03-11,3008,352820,Foreign_Investor,549207
2025-03-11,3008,0,Foreign_Dealer_Self,0
2025-03-11,3008,7355,Investment_Trust,45000
2025-03-11,3008,49000,Dealer_self,43899
2025-03-11,3008,32597,Dealer_Hedging,30217
2025-03-12,3008,285030,Foreign_Investor,223752
2025-03-12,3008,0,Foreign_Dealer_Self,0
2025-03-12,3008,6445,Investment_Trust,101139
2025-03-12,3008,27000,Dealer_self,11100
2025-03-12,3008,9738,Dealer_Hedging,14477
2025-03-13,3008,401782,Foreign_Investor,745961
2025-03-13,3008,0,Foreign_Dealer_Self,0
2025-03-13,3008,3000,Investment_Trust,445210
2025-03-13,3008,60500,Dealer_self,33812
2025-03-13,3008,94169,Dealer_Hedging,106076
2025-03-14,3008,450646,Foreign_Investor,287791
2025-03-14,3008,0,Foreign_Dealer_Self,0
2025-03-14,3008,8506,Investment_Trust,180000
2025-03-14,3008,19000,Dealer_self,18047
2025-03-14,3008,19094,Dealer_Hedging,18144
2025-03-17,3008,435533,Foreign_Investor,235351
2025-03-17,3008,0,Foreign_Dealer_Self,0
2025-03-17,3008,2000,Investment_Trust,186105
2025-03-17,3008,6250,Dealer_self,9377
2025-03-17,3008,8460,Dealer_Hedging,5122
2025-03-18,3008,278501,Foreign_Investor,320332
2025-03-18,3008,0,Foreign_Dealer_Self,0
2025-03-18,3008,2000,Investment_Trust,101142
2025-03-18,3008,1320,Dealer_self,10400
2025-03-18,3008,9423,Dealer_Hedging,6248
2025-03-19,3008,345293,Foreign_Investor,279959
2025-03-19,3008,0,Foreign_Dealer_Self,0
2025-03-19,3008,130000,Investment_Trust,10822
2025-03-19,3008,16800,Dealer_self,14299
2025-03-19,3008,23791,Dealer_Hedging,33715
2025-03-20,3008,345660,Foreign_Investor,160508
2025-03-20,3008,0,Foreign_Dealer_Self,0
2025-03-20,3008,0,Investment_Trust,10107
2025-03-20,3008,15000,Dealer_self,108558
2025-03-20,3008,6038,Dealer_Hedging,12796
2025-03-21,3008,0,Foreign_Dealer_Self,0
2025-03-21,3008,3000,Investment_Trust,12418
2025-03-21,3008,7000,Dealer_self,1100
2025-03-21,3008,4163,Dealer_Hedging,11545
2025-03-21,3008,225783,Foreign_Investor,253410
2025-03-24,3008,318001,Foreign_Investor,131384
2025-03-24,3008,0,Foreign_Dealer_Self,0
2025-03-24,3008,1000,Investment_Trust,2418
2025-03-24,3008,7000,Dealer_self,5000
2025-03-24,3008,8420,Dealer_Hedging,9422
2025-03-25,3008,280358,Foreign_Investor,140502
2025-03-25,3008,0,Foreign_Dealer_Self,0
2025-03-25,3008,0,Investment_Trust,105
2025-03-25,3008,12022,Dealer_self,5000
2025-03-25,3008,5768,Dealer_Hedging,2318
2025-03-26,3008,381567,Foreign_Investor,217437
2025-03-26,3008,0,Foreign_Dealer_Self,0
2025-03-26,3008,2000,Investment_Trust,0
2025-03-26,3008,2000,Dealer_self,5000
2025-03-26,3008,18162,Dealer_Hedging,10927
2025-03-27,3008,0,Foreign_Dealer_Self,0
2025-03-27,3008,3041,Investment_Trust,69000
2025-03-27,3008,1000,Dealer_self,2000
2025-03-27,3008,3368,Dealer_Hedging,15192
2025-03-27,3008,482791,Foreign_Investor,456856
2025-03-28,3008,134754,Foreign_Investor,260428
2025-03-28,3008,0,Foreign_Dealer_Self,0
2025-03-28,3008,3000,Investment_Trust,3000
2025-03-28,3008,5250,Dealer_self,9000
2025-03-28,3008,5063,Dealer_Hedging,4958
2025-03-31,3008,459323,Foreign_Investor,339543
2025-03-31,3008,0,Foreign_Dealer_Self,0
2025-03-31,3008,9118,Investment_Trust,0
2025-03-31,3008,12424,Dealer_self,27064
2025-03-31,3008,3927,Dealer_Hedging,11521
2025-04-01,3008,338386,Foreign_Investor,223484
2025-04-01,3008,0,Foreign_Dealer_Self,0
2025-04-01,3008,5000,Investment_Trust,9000
2025-04-01,3008,8469,Dealer_self,8050
2025-04-01,3008,19472,Dealer_Hedging,3989
2025-04-02,3008,178739,Foreign_Investor,269630
2025-04-02,3008,0,Foreign_Dealer_Self,0
2025-04-02,3008,3000,Investment_Trust,321
2025-04-02,3008,9000,Dealer_self,6093
2025-04-02,3008,7548,Dealer_Hedging,15013
2025-04-07,3008,0,Foreign_Dealer_Self,0
2025-04-07,3008,0,Investment_Trust,0
2025-04-07,3008,0,Dealer_self,364
2025-04-07,3008,2196,Dealer_Hedging,11000
2025-04-07,3008,30530,Foreign_Investor,24019
2025-04-08,3008,741448,Foreign_Investor,925651
2025-04-08,3008,0,Foreign_Dealer_Self,0
2025-04-08,3008,17733,Investment_Trust,183000
2025-04-08,3008,37000,Dealer_self,31789
2025-04-08,3008,31690,Dealer_Hedging,35654
2025-04-09,3008,1745736,Foreign_Investor,1491928
2025-04-09,3008,0,Foreign_Dealer_Self,0
2025-04-09,3008,18580,Dealer_self,51179
2025-04-09,3008,49940,Dealer_Hedging,54120
2025-04-09,3008,60184,Investment_Trust,318005
2025-04-10,3008,122992,Foreign_Investor,253556
2025-04-10,3008,0,Foreign_Dealer_Self,0
2025-04-10,3008,14000,Investment_Trust,4000
2025-04-10,3008,0,Dealer_self,12000
2025-04-10,3008,40000,Dealer_Hedging,1266
2025-04-11,3008,982178,Foreign_Investor,659693
2025-04-11,3008,0,Foreign_Dealer_Self,0
2025-04-11,3008,10000,Dealer_self,60796
2025-04-11,3008,29155,Dealer_Hedging,52120
2025-04-11,3008,27639,Investment_Trust,8165
2025-04-14,3008,937552,Foreign_Investor,707259
2025-04-14,3008,0,Foreign_Dealer_Self,0
2025-04-14,3008,233000,Investment_Trust,13351
2025-04-14,3008,26240,Dealer_self,45001
2025-04-14,3008,19441,Dealer_Hedging,36644
2025-04-15,3008,447764,Foreign_Investor,537137
2025-04-15,3008,0,Foreign_Dealer_Self,0
2025-04-15,3008,62750,Investment_Trust,6209
2025-04-15,3008,6040,Dealer_self,780
2025-04-15,3008,14970,Dealer_Hedging,7246
2025-04-16,3008,696247,Foreign_Investor,508392
2025-04-16,3008,0,Foreign_Dealer_Self,0
2025-04-16,3008,1000,Investment_Trust,2121
2025-04-16,3008,7050,Dealer_self,8700
2025-04-16,3008,9646,Dealer_Hedging,83304
2025-04-17,3008,406535,Foreign_Investor,323228
2025-04-17,3008,0,Foreign_Dealer_Self,0
2025-04-17,3008,1000,Investment_Trust,16000
2025-04-17,3008,5150,Dealer_self,4000
2025-04-17,3008,4835,Dealer_Hedging,9136
2025-04-18,3008,156183,Foreign_Investor,216049
2025-04-18,3008,0,Foreign_Dealer_Self,0
2025-04-18,3008,76000,Investment_Trust,99500
2025-04-18,3008,4100,Dealer_self,10190
2025-04-18,3008,9476,Dealer_Hedging,15925
2025-04-21,3008,134283,Foreign_Investor,111395
2025-04-21,3008,0,Foreign_Dealer_Self,0
2025-04-21,3008,71000,Investment_Trust,90000
2025-04-21,3008,0,Dealer_self,10090
2025-04-21,3008,5378,Dealer_Hedging,8644
2025-04-22,3008,343886,Foreign_Investor,338232
2025-04-22,3008,0,Foreign_Dealer_Self,0
2025-04-22,3008,82000,Investment_Trust,94000
2025-04-22,3008,4050,Dealer_self,3261
2025-04-22,3008,4546,Dealer_Hedging,2819
2025-04-23,3008,438615,Foreign_Investor,247068
2025-04-23,3008,0,Foreign_Dealer_Self,0
2025-04-23,3008,29000,Investment_Trust,90121
2025-04-23,3008,3050,Dealer_self,4004
2025-04-23,3008,6223,Dealer_Hedging,566
2025-04-24,3008,287128,Foreign_Investor,278804
2025-04-24,3008,0,Foreign_Dealer_Self,0
2025-04-24,3008,1000,Investment_Trust,91222
2025-04-24,3008,2000,Dealer_self,4135
2025-04-24,3008,6421,Dealer_Hedging,7393
2025-04-25,3008,0,Foreign_Dealer_Self,0
2025-04-25,3008,2500,Investment_Trust,17101
2025-04-25,3008,2130,Dealer_self,5000
2025-04-25,3008,32963,Dealer_Hedging,15376
2025-04-25,3008,594368,Foreign_Investor,386781
2025-04-28,3008,0,Foreign_Dealer_Self,0
2025-04-28,3008,1000,Investment_Trust,344
2025-04-28,3008,5000,Dealer_self,3200
2025-04-28,3008,9122,Dealer_Hedging,11626
2025-04-28,3008,287032,Foreign_Investor,248681
2025-04-29,3008,170928,Foreign_Investor,169515
2025-04-29,3008,0,Foreign_Dealer_Self,0
2025-04-29,3008,1000,Investment_Trust,3646
2025-04-29,3008,0,Dealer_self,4000
2025-04-29,3008,2585,Dealer_Hedging,1691
2025-04-30,3008,254614,Foreign_Investor,293406
2025-04-30,3008,0,Foreign_Dealer_Self,0
2025-04-30,3008,74000,Investment_Trust,4590
2025-04-30,3008,7000,Dealer_self,5500
2025-04-30,3008,3180,Dealer_Hedging,6156
2025-05-02,3008,351995,Foreign_Investor,430921
2025-05-02,3008,0,Foreign_Dealer_Self,0
2025-05-02,3008,11000,Dealer_self,536
2025-05-02,3008,9418,Dealer_Hedging,14564
2025-05-02,3008,17000,Investment_Trust,7591
2025-05-05,3008,583967,Foreign_Investor,379392
2025-05-05,3008,0,Foreign_Dealer_Self,0
2025-05-05,3008,4119,Investment_Trust,133347
2025-05-05,3008,5000,Dealer_self,38100
2025-05-05,3008,34459,Dealer_Hedging,44766
2025-05-06,3008,0,Foreign_Dealer_Self,0
2025-05-06,3008,2000,Investment_Trust,11409
2025-05-06,3008,2174,Dealer_self,7162
2025-05-06,3008,12922,Dealer_Hedging,31437
2025-05-06,3008,433400,Foreign_Investor,316147
2025-05-07,3008,403575,Foreign_Investor,310180
2025-05-07,3008,0,Foreign_Dealer_Self,0
2025-05-07,3008,0,Investment_Trust,4219
2025-05-07,3008,50,Dealer_self,4000
2025-05-07,3008,5241,Dealer_Hedging,10180
2025-05-08,3008,327166,Foreign_Investor,219668
2025-05-08,3008,0,Foreign_Dealer_Self,0
2025-05-08,3008,0,Investment_Trust,55301
2025-05-08,3008,4000,Dealer_self,0
2025-05-08,3008,1947,Dealer_Hedging,1178
2025-05-09,3008,346849,Foreign_Investor,255409
2025-05-09,3008,0,Foreign_Dealer_Self,0
2025-05-09,3008,0,Investment_Trust,4020
2025-05-09,3008,4000,Dealer_self,3000
2025-05-09,3008,6221,Dealer_Hedging,14673
2025-05-12,3008,190670,Foreign_Investor,153373
2025-05-12,3008,0,Foreign_Dealer_Self,0
2025-05-12,3008,0,Investment_Trust,21221
2025-05-12,3008,5000,Dealer_self,5
2025-05-12,3008,3192,Dealer_Hedging,5392
2025-05-13,3008,451458,Foreign_Investor,485119
2025-05-13,3008,0,Foreign_Dealer_Self,0
2025-05-13,3008,112000,Investment_Trust,1140
2025-05-13,3008,13287,Dealer_self,4564
2025-05-13,3008,13109,Dealer_Hedging,21546
2025-05-14,3008,352846,Foreign_Investor,246273
2025-05-14,3008,0,Foreign_Dealer_Self,0
2025-05-14,3008,25000,Investment_Trust,0
2025-05-14,3008,12000,Dealer_self,3100
2025-05-14,3008,8748,Dealer_Hedging,5304
2025-05-15,3008,317570,Foreign_Investor,258299
2025-05-15,3008,0,Foreign_Dealer_Self,0
2025-05-15,3008,8000,Investment_Trust,23195
2025-05-15,3008,0,Dealer_self,3254
2025-05-15,3008,2168,Dealer_Hedging,6383
2025-05-16,3008,350491,Foreign_Investor,292468
2025-05-16,3008,0,Foreign_Dealer_Self,0
2025-05-16,3008,8000,Investment_Trust,43306
2025-05-16,3008,0,Dealer_self,11449
2025-05-16,3008,8911,Dealer_Hedging,8318
2025-05-19,3008,184395,Foreign_Investor,228011
2025-05-19,3008,0,Foreign_Dealer_Self,0
2025-05-19,3008,0,Investment_Trust,5258
2025-05-19,3008,2000,Dealer_self,2769
2025-05-19,3008,2290,Dealer_Hedging,18582
2025-05-20,3008,233593,Foreign_Investor,188025
2025-05-20,3008,0,Foreign_Dealer_Self,0
2025-05-20,3008,0,Investment_Trust,77179
2025-05-20,3008,2000,Dealer_self,1000
2025-05-20,3008,3986,Dealer_Hedging,8395
2025-05-21,3008,126756,Foreign_Investor,204002
2025-05-21,3008,0,Foreign_Dealer_Self,0
2025-05-21,3008,0,Investment_Trust,4000
2025-05-21,3008,0,Dealer_self,5157
2025-05-21,3008,9956,Dealer_Hedging,6311
2025-05-22,3008,110384,Foreign_Investor,313221
2025-05-22,3008,0,Foreign_Dealer_Self,0
2025-05-22,3008,3000,Investment_Trust,3812
2025-05-22,3008,0,Dealer_self,1000
2025-05-22,3008,2521,Dealer_Hedging,9009
2025-05-23,3008,340800,Foreign_Investor,313656
2025-05-23,3008,0,Foreign_Dealer_Self,0
2025-05-23,3008,1000,Dealer_self,12519
2025-05-23,3008,8794,Dealer_Hedging,17795
2025-05-23,3008,38000,Investment_Trust,1350
2025-05-26,3008,146050,Foreign_Investor,331645
2025-05-26,3008,0,Foreign_Dealer_Self,0
2025-05-26,3008,2000,Investment_Trust,40355
2025-05-26,3008,3000,Dealer_self,6129
2025-05-26,3008,1145,Dealer_Hedging,10762
2025-05-27,3008,128320,Foreign_Investor,314172
2025-05-27,3008,0,Foreign_Dealer_Self,0
2025-05-27,3008,0,Investment_Trust,63063
2025-05-27,3008,2000,Dealer_self,9000
2025-05-27,3008,1322,Dealer_Hedging,6824
2025-05-28,3008,227399,Foreign_Investor,304700
2025-05-28,3008,0,Foreign_Dealer_Self,0
2025-05-28,3008,0,Investment_Trust,23000
2025-05-28,3008,0,Dealer_self,8000
2025-05-28,3008,6280,Dealer_Hedging,3545
2025-05-29,3008,563166,Foreign_Investor,683905
2025-05-29,3008,0,Foreign_Dealer_Self,0
2025-05-29,3008,24000,Dealer_self,41000
2025-05-29,3008,12086,Dealer_Hedging,9930
2025-05-29,3008,8005,Investment_Trust,6105
2025-06-02,3008,163506,Foreign_Investor,372271
2025-06-02,3008,0,Foreign_Dealer_Self,0
2025-06-02,3008,0,Investment_Trust,3621
2025-06-02,3008,4000,Dealer_self,15613
2025-06-02,3008,3375,Dealer_Hedging,5262
2025-06-03,3008,158103,Foreign_Investor,273562
2025-06-03,3008,0,Foreign_Dealer_Self,0
2025-06-03,3008,0,Investment_Trust,121121
2025-06-03,3008,3000,Dealer_self,12000
2025-06-03,3008,3131,Dealer_Hedging,8480
2025-06-04,3008,244175,Foreign_Investor,187876
2025-06-04,3008,0,Foreign_Dealer_Self,0
2025-06-04,3008,1000,Investment_Trust,31244
2025-06-04,3008,8000,Dealer_self,7000
2025-06-04,3008,8900,Dealer_Hedging,7331
2025-06-05,3008,131218,Foreign_Investor,182246
2025-06-05,3008,0,Foreign_Dealer_Self,0
2025-06-05,3008,0,Investment_Trust,3264
2025-06-05,3008,5000,Dealer_self,17000
2025-06-05,3008,6424,Dealer_Hedging,10213
2025-06-06,3008,97830,Foreign_Investor,161004
2025-06-06,3008,0,Foreign_Dealer_Self,0
2025-06-06,3008,337,Investment_Trust,105
2025-06-06,3008,2000,Dealer_self,4000
2025-06-06,3008,3531,Dealer_Hedging,3618
2025-06-09,3008,202204,Foreign_Investor,254034
2025-06-09,3008,0,Foreign_Dealer_Self,0
2025-06-09,3008,351,Investment_Trust,1264
2025-06-09,3008,11030,Dealer_self,3000
2025-06-09,3008,5021,Dealer_Hedging,4983
2025-06-10,3008,182076,Foreign_Investor,220683
2025-06-10,3008,0,Foreign_Dealer_Self,0
2025-06-10,3008,343,Investment_Trust,56179
2025-06-10,3008,7000,Dealer_self,11030
2025-06-10,3008,1570,Dealer_Hedging,2676
2025-06-11,3008,137231,Foreign_Investor,60461
2025-06-11,3008,0,Foreign_Dealer_Self,0
2025-06-11,3008,0,Investment_Trust,73278
2025-06-11,3008,5000,Dealer_self,6000
2025-06-11,3008,6294,Dealer_Hedging,2110
2025-06-12,3008,141087,Foreign_Investor,226429
2025-06-12,3008,0,Foreign_Dealer_Self,0
2025-06-12,3008,0,Investment_Trust,6977
2025-06-12,3008,2000,Dealer_self,9000
2025-06-12,3008,5005,Dealer_Hedging,6181
2025-06-13,3008,150020,Foreign_Investor,205951
2025-06-13,3008,0,Foreign_Dealer_Self,0
2025-06-13,3008,1395,Investment_Trust,5000
2025-06-13,3008,0,Dealer_self,17000
2025-06-13,3008,5251,Dealer_Hedging,9524
2025-06-16,3008,0,Foreign_Dealer_Self,0
2025-06-16,3008,352,Investment_Trust,59
2025-06-16,3008,6000,Dealer_self,11000
2025-06-16,3008,7391,Dealer_Hedging,6558
2025-06-16,3008,91968,Foreign_Investor,104649
2025-06-17,3008,0,Foreign_Dealer_Self,0
2025-06-17,3008,9000,Investment_Trust,24523
2025-06-17,3008,8000,Dealer_self,8170
2025-06-17,3008,7480,Dealer_Hedging,14378
2025-06-17,3008,342090,Foreign_Investor,362904
2025-06-18,3008,0,Foreign_Dealer_Self,0
2025-06-18,3008,0,Investment_Trust,8244
2025-06-18,3008,0,Dealer_self,17406
2025-06-18,3008,197794,Foreign_Investor,314820
2025-06-18,3008,8664,Dealer_Hedging,11624
2025-06-19,3008,47235,Foreign_Investor,122716
2025-06-19,3008,0,Foreign_Dealer_Self,0
2025-06-19,3008,0,Investment_Trust,3791
2025-06-19,3008,0,Dealer_self,9000
2025-06-19,3008,3885,Dealer_Hedging,5319
2025-06-20,3008,201317,Foreign_Investor,224399
2025-06-20,3008,0,Foreign_Dealer_Self,0
2025-06-20,3008,12416,Investment_Trust,47280
2025-06-20,3008,1000,Dealer_self,2000
2025-06-20,3008,5524,Dealer_Hedging,3670
2025-06-23,3008,238457,Foreign_Investor,327018
2025-06-23,3008,0,Foreign_Dealer_Self,0
2025-06-23,3008,10000,Investment_Trust,38161
2025-06-23,3008,8000,Dealer_self,7000
2025-06-23,3008,3319,Dealer_Hedging,3858
2025-06-24,3008,0,Foreign_Dealer_Self,0
2025-06-24,3008,1000,Investment_Trust,11000
2025-06-24,3008,3000,Dealer_self,0
2025-06-24,3008,3466,Dealer_Hedging,1266
2025-06-24,3008,305864,Foreign_Investor,233103
2025-06-25,3008,231887,Foreign_Investor,327716
2025-06-25,3008,0,Foreign_Dealer_Self,0
2025-06-25,3008,0,Investment_Trust,3281
2025-06-25,3008,12000,Dealer_self,12000
2025-06-25,3008,3177,Dealer_Hedging,4102
2025-06-26,3008,322474,Foreign_Investor,421253
2025-06-26,3008,0,Foreign_Dealer_Self,0
2025-06-26,3008,0,Investment_Trust,89441
2025-06-26,3008,3000,Dealer_self,9030
2025-06-26,3008,3179,Dealer_Hedging,1711
2025-06-27,3008,425407,Foreign_Investor,247822
2025-06-27,3008,0,Foreign_Dealer_Self,0
2025-06-27,3008,0,Investment_Trust,83681
2025-06-27,3008,0,Dealer_self,14000
2025-06-27,3008,951,Dealer_Hedging,11543
2025-06-30,3008,285846,Foreign_Investor,178002
2025-06-30,3008,0,Foreign_Dealer_Self,0
2025-06-30,3008,42,Investment_Trust,19102
2025-06-30,3008,7000,Dealer_self,4000
2025-06-30,3008,2704,Dealer_Hedging,2394
2025-07-01,3008,210949,Foreign_Investor,275744
2025-07-01,3008,0,Foreign_Dealer_Self,0
2025-07-01,3008,1130,Investment_Trust,0
2025-07-01,3008,16000,Dealer_self,6000
2025-07-01,3008,10377,Dealer_Hedging,14910
2025-07-02,3008,106778,Foreign_Investor,113782
2025-07-02,3008,0,Foreign_Dealer_Self,0
2025-07-02,3008,1000,Investment_Trust,3000
2025-07-02,3008,4000,Dealer_self,2000
2025-07-02,3008,3199,Dealer_Hedging,535
2025-07-03,3008,125643,Foreign_Investor,197321
2025-07-03,3008,0,Foreign_Dealer_Self,0
2025-07-03,3008,0,Investment_Trust,4327
2025-07-03,3008,1000,Dealer_self,11000
2025-07-03,3008,8718,Dealer_Hedging,13384
2025-07-04,3008,184098,Foreign_Investor,414319
2025-07-04,3008,0,Foreign_Dealer_Self,0
2025-07-04,3008,1000,Investment_Trust,16638
2025-07-04,3008,0,Dealer_self,19995
2025-07-04,3008,15240,Dealer_Hedging,39085
2025-07-07,3008,222523,Foreign_Investor,565841
2025-07-07,3008,0,Foreign_Dealer_Self,0
2025-07-07,3008,227,Investment_Trust,0
2025-07-07,3008,3000,Dealer_self,4193
2025-07-07,3008,54382,Dealer_Hedging,54342
2025-07-08,3008,187493,Foreign_Investor,197666
2025-07-08,3008,0,Foreign_Dealer_Self,0
2025-07-08,3008,1214,Investment_Trust,1000
2025-07-08,3008,3000,Dealer_self,1841
2025-07-08,3008,23110,Dealer_Hedging,22648
2025-07-09,3008,158392,Foreign_Investor,156256
2025-07-09,3008,0,Foreign_Dealer_Self,0
2025-07-09,3008,0,Investment_Trust,6000
2025-07-09,3008,2000,Dealer_self,2411
2025-07-09,3008,9530,Dealer_Hedging,7842
2025-07-10,3008,260272,Foreign_Investor,387092
2025-07-10,3008,0,Foreign_Dealer_Self,0
2025-07-10,3008,0,Investment_Trust,5431
2025-07-10,3008,0,Dealer_self,8000
2025-07-10,3008,8129,Dealer_Hedging,9398
2025-07-11,3008,861029,Foreign_Investor,501986
2025-07-11,3008,0,Foreign_Dealer_Self,0
2025-07-11,3008,183500,Investment_Trust,6573
2025-07-11,3008,43411,Dealer_self,11000
2025-07-11,3008,75934,Dealer_Hedging,14048
2025-07-14,3008,199879,Foreign_Investor,384819
2025-07-14,3008,0,Foreign_Dealer_Self,0
2025-07-14,3008,29000,Investment_Trust,5055
2025-07-14,3008,0,Dealer_self,13531
2025-07-14,3008,10229,Dealer_Hedging,9889
2025-07-15,3008,270370,Foreign_Investor,258047
2025-07-15,3008,0,Foreign_Dealer_Self,0
2025-07-15,3008,3000,Investment_Trust,5256
2025-07-15,3008,1000,Dealer_self,2800
2025-07-15,3008,6063,Dealer_Hedging,3125
2025-07-16,3008,0,Foreign_Dealer_Self,0
2025-07-16,3008,135085,Investment_Trust,44242
2025-07-16,3008,4000,Dealer_self,6000
2025-07-16,3008,387763,Foreign_Investor,451694
2025-07-16,3008,24185,Dealer_Hedging,7552
2025-07-17,3008,334661,Foreign_Investor,348019
2025-07-17,3008,0,Foreign_Dealer_Self,0
2025-07-17,3008,100083,Investment_Trust,2088
2025-07-17,3008,12200,Dealer_self,2000
2025-07-17,3008,15413,Dealer_Hedging,4447
2025-07-18,3008,963816,Foreign_Investor,588430
2025-07-18,3008,0,Foreign_Dealer_Self,0
2025-07-18,3008,94000,Investment_Trust,9242
2025-07-18,3008,15431,Dealer_self,4000
2025-07-18,3008,66762,Dealer_Hedging,53422
2025-07-21,3008,515109,Foreign_Investor,505504
2025-07-21,3008,0,Foreign_Dealer_Self,0
2025-07-21,3008,110000,Investment_Trust,476
2025-07-21,3008,1000,Dealer_self,2000
2025-07-21,3008,20568,Dealer_Hedging,35540
2025-07-22,3008,693543,Foreign_Investor,654750
2025-07-22,3008,0,Foreign_Dealer_Self,0
2025-07-22,3008,99021,Investment_Trust,7026
2025-07-22,3008,3000,Dealer_self,9000
2025-07-22,3008,17411,Dealer_Hedging,39812
2025-07-23,3008,0,Foreign_Dealer_Self,0
2025-07-23,3008,4000,Investment_Trust,1000
2025-07-23,3008,11000,Dealer_self,9000
2025-07-23,3008,23490,Dealer_Hedging,19165
2025-07-23,3008,169973,Foreign_Investor,481628
2025-07-24,3008,416588,Foreign_Investor,433577
2025-07-24,3008,0,Foreign_Dealer_Self,0
2025-07-24,3008,3000,Investment_Trust,4142
2025-07-24,3008,10000,Dealer_self,1000
2025-07-24,3008,22840,Dealer_Hedging,4169
2025-07-25,3008,58794,Foreign_Investor,168217
2025-07-25,3008,0,Foreign_Dealer_Self,0
2025-07-25,3008,2000,Dealer_self,1000
2025-07-25,3008,10236,Dealer_Hedging,8485
2025-07-25,3008,6000,Investment_Trust,4000
2025-07-28,3008,0,Foreign_Dealer_Self,0
2025-07-28,3008,2000,Investment_Trust,1363
2025-07-28,3008,0,Dealer_self,0
2025-07-28,3008,14446,Dealer_Hedging,6490
2025-07-28,3008,168254,Foreign_Investor,221663
2025-07-29,3008,0,Foreign_Dealer_Self,0
2025-07-29,3008,5000,Investment_Trust,8611
2025-07-29,3008,2000,Dealer_self,0
2025-07-29,3008,25373,Dealer_Hedging,12344
2025-07-29,3008,211543,Foreign_Investor,290552
2025-07-30,3008,177120,Foreign_Investor,205339
2025-07-30,3008,0,Foreign_Dealer_Self,0
2025-07-30,3008,24000,Investment_Trust,4000
2025-07-30,3008,4000,Dealer_self,2000
2025-07-30,3008,6983,Dealer_Hedging,788
2025-07-31,3008,0,Foreign_Dealer_Self,0
2025-07-31,3008,23000,Investment_Trust,7757
2025-07-31,3008,8000,Dealer_self,2000
2025-07-31,3008,5095,Dealer_Hedging,3881
2025-07-31,3008,187592,Foreign_Investor,202888
2025-08-01,3008,268149,Foreign_Investor,283363
2025-08-01,3008,0,Foreign_Dealer_Self,0
2025-08-01,3008,9000,Investment_Trust,50365
2025-08-01,3008,3000,Dealer_self,0
2025-08-01,3008,13012,Dealer_Hedging,5143
2025-08-04,3008,189982,Foreign_Investor,165888
2025-08-04,3008,0,Foreign_Dealer_Self,0
2025-08-04,3008,8000,Investment_Trust,18000
2025-08-04,3008,0,Dealer_self,12000
2025-08-04,3008,6899,Dealer_Hedging,5033
2025-08-05,3008,142544,Foreign_Investor,194838
2025-08-05,3008,0,Foreign_Dealer_Self,0
2025-08-05,3008,91000,Investment_Trust,2711
2025-08-05,3008,3500,Dealer_self,4000
2025-08-05,3008,17500,Dealer_Hedging,15588
2025-08-06,3008,61828,Foreign_Investor,162902
2025-08-06,3008,0,Foreign_Dealer_Self,0
2025-08-06,3008,6000,Investment_Trust,1235
2025-08-06,3008,0,Dealer_self,4100
2025-08-06,3008,2228,Dealer_Hedging,17534
2025-08-07,3008,311042,Foreign_Investor,157661
2025-08-07,3008,0,Foreign_Dealer_Self,0
2025-08-07,3008,2138,Investment_Trust,44223
2025-08-07,3008,5100,Dealer_self,1000
2025-08-07,3008,7565,Dealer_Hedging,4423
2025-08-08,3008,218481,Foreign_Investor,220465
2025-08-08,3008,0,Foreign_Dealer_Self,0
2025-08-08,3008,0,Investment_Trust,12021
2025-08-08,3008,999,Dealer_self,7500
2025-08-08,3008,3681,Dealer_Hedging,6553
2025-08-11,3008,48831,Foreign_Investor,84651
2025-08-11,3008,0,Foreign_Dealer_Self,0
2025-08-11,3008,10000,Investment_Trust,3775
2025-08-11,3008,3000,Dealer_self,0
2025-08-11,3008,31,Dealer_Hedging,804
2025-08-12,3008,142690,Foreign_Investor,104213
2025-08-12,3008,0,Foreign_Dealer_Self,0
2025-08-12,3008,6000,Investment_Trust,89244
2025-08-12,3008,1000,Dealer_self,0
2025-08-12,3008,9292,Dealer_Hedging,3129
2025-08-13,3008,393297,Foreign_Investor,173687
2025-08-13,3008,0,Foreign_Dealer_Self,0
2025-08-13,3008,0,Investment_Trust,41000
2025-08-13,3008,8000,Dealer_self,111
2025-08-13,3008,27356,Dealer_Hedging,6928
2025-08-14,3008,93258,Foreign_Investor,143504
2025-08-14,3008,0,Foreign_Dealer_Self,0
2025-08-14,3008,1021,Investment_Trust,2507
2025-08-14,3008,6000,Dealer_self,2200
2025-08-14,3008,200,Dealer_Hedging,11438
2025-08-15,3008,48249,Foreign_Investor,159087
2025-08-15,3008,0,Foreign_Dealer_Self,0
2025-08-15,3008,5000,Investment_Trust,15167
2025-08-15,3008,6000,Dealer_self,2000
2025-08-15,3008,4089,Dealer_Hedging,2081
2025-08-18,3008,233079,Foreign_Investor,139758
2025-08-18,3008,0,Foreign_Dealer_Self,0
2025-08-18,3008,29042,Investment_Trust,2709
2025-08-18,3008,1000,Dealer_self,2000
2025-08-18,3008,14554,Dealer_Hedging,1819
2025-08-19,3008,78172,Foreign_Investor,155048
2025-08-19,3008,0,Foreign_Dealer_Self,0
2025-08-19,3008,21,Investment_Trust,5311
2025-08-19,3008,1000,Dealer_self,0
2025-08-19,3008,2100,Dealer_Hedging,8248
2025-08-20,3008,101428,Foreign_Investor,205882
2025-08-20,3008,0,Foreign_Dealer_Self,0
2025-08-20,3008,13042,Investment_Trust,111
2025-08-20,3008,4000,Dealer_self,3000
2025-08-20,3008,11307,Dealer_Hedging,18083
2025-08-21,3008,239901,Foreign_Investor,165010
2025-08-21,3008,0,Foreign_Dealer_Self,0
2025-08-21,3008,14021,Investment_Trust,18111
2025-08-21,3008,4300,Dealer_self,1000
2025-08-21,3008,12652,Dealer_Hedging,5950
2025-08-22,3008,116085,Foreign_Investor,114830
2025-08-22,3008,0,Foreign_Dealer_Self,0
2025-08-22,3008,0,Dealer_self,1000
2025-08-22,3008,2445,Dealer_Hedging,3013
2025-08-22,3008,3000,Investment_Trust,12400
2025-08-25,3008,116461,Foreign_Investor,134689
2025-08-25,3008,0,Foreign_Dealer_Self,0
2025-08-25,3008,1046,Investment_Trust,200
2025-08-25,3008,0,Dealer_self,2000
2025-08-25,3008,5100,Dealer_Hedging,424
2025-08-26,3008,171487,Foreign_Investor,144076
2025-08-26,3008,0,Foreign_Dealer_Self,0
2025-08-26,3008,1006,Investment_Trust,0
2025-08-26,3008,1847,Dealer_self,0
2025-08-26,3008,5861,Dealer_Hedging,105
2025-08-27,3008,214694,Foreign_Investor,140487
2025-08-27,3008,0,Foreign_Dealer_Self,0
2025-08-27,3008,0,Investment_Trust,2000
2025-08-27,3008,3500,Dealer_self,0
2025-08-27,3008,18256,Dealer_Hedging,7424
2025-08-28,3008,137628,Foreign_Investor,162331
2025-08-28,3008,0,Foreign_Dealer_Self,0
2025-08-28,3008,1000,Investment_Trust,2000
2025-08-28,3008,7400,Dealer_self,1200
2025-08-28,3008,3555,Dealer_Hedging,6799
2025-08-29,3008,352447,Foreign_Investor,234511
2025-08-29,3008,0,Foreign_Dealer_Self,0
2025-08-29,3008,4146,Dealer_self,300
2025-08-29,3008,972,Dealer_Hedging,1260
2025-08-29,3008,7000,Investment_Trust,4000
2025-09-01,3008,113154,Foreign_Investor,402113
2025-09-01,3008,0,Foreign_Dealer_Self,0
2025-09-01,3008,7023,Investment_Trust,16100
2025-09-01,3008,0,Dealer_self,100
2025-09-01,3008,34886,Dealer_Hedging,37725
2025-09-02,3008,156727,Foreign_Investor,103947
2025-09-02,3008,0,Foreign_Dealer_Self,0
2025-09-02,3008,3000,Investment_Trust,11000
2025-09-02,3008,0,Dealer_self,92
2025-09-02,3008,5957,Dealer_Hedging,3152
2025-09-03,3008,123105,Foreign_Investor,100888
2025-09-03,3008,0,Foreign_Dealer_Self,0
2025-09-03,3008,4000,Investment_Trust,6200
2025-09-03,3008,37,Dealer_self,3000
2025-09-03,3008,1847,Dealer_Hedging,409
2025-09-04,3008,361975,Foreign_Investor,174203
2025-09-04,3008,0,Foreign_Dealer_Self,0
2025-09-04,3008,16000,Investment_Trust,5000
2025-09-04,3008,5500,Dealer_self,3000
2025-09-04,3008,17948,Dealer_Hedging,12219
2025-09-05,3008,142793,Foreign_Investor,171900
2025-09-05,3008,0,Foreign_Dealer_Self,0
2025-09-05,3008,11000,Investment_Trust,4580
2025-09-05,3008,3287,Dealer_self,0
2025-09-05,3008,7392,Dealer_Hedging,7833
2025-09-08,3008,0,Foreign_Dealer_Self,0
2025-09-08,3008,1100,Dealer_self,0
2025-09-08,3008,9528,Dealer_Hedging,8169
2025-09-08,3008,246122,Foreign_Investor,272145
2025-09-08,3008,0,Investment_Trust,2189
2025-09-09,3008,125102,Foreign_Investor,212235
2025-09-09,3008,0,Foreign_Dealer_Self,0
2025-09-09,3008,0,Dealer_self,17200
2025-09-09,3008,2037,Dealer_Hedging,6760
2025-09-09,3008,2000,Investment_Trust,6850
2025-09-10,3008,264834,Foreign_Investor,441475
2025-09-10,3008,0,Foreign_Dealer_Self,0
2025-09-10,3008,0,Investment_Trust,36249
2025-09-10,3008,3000,Dealer_self,11384
2025-09-10,3008,14079,Dealer_Hedging,16860
2025-09-11,3008,250176,Foreign_Investor,426362
2025-09-11,3008,0,Foreign_Dealer_Self,0
2025-09-11,3008,2000,Dealer_self,31900
2025-09-11,3008,17131,Dealer_Hedging,22042
2025-09-11,3008,0,Investment_Trust,24597
2025-09-12,3008,157829,Foreign_Investor,391742
2025-09-12,3008,0,Foreign_Dealer_Self,0
2025-09-12,3008,3000,Dealer_self,6496
2025-09-12,3008,34258,Dealer_Hedging,29181
2025-09-12,3008,0,Investment_Trust,19700
2025-09-15,3008,224870,Foreign_Investor,224319
2025-09-15,3008,0,Foreign_Dealer_Self,0
2025-09-15,3008,0,Investment_Trust,4140
2025-09-15,3008,4400,Dealer_self,2000
2025-09-15,3008,19438,Dealer_Hedging,4333
2025-09-16,3008,0,Foreign_Dealer_Self,0
2025-09-16,3008,0,Investment_Trust,47321
2025-09-16,3008,4000,Dealer_self,3911
2025-09-16,3008,18055,Dealer_Hedging,28072
2025-09-16,3008,299637,Foreign_Investor,485876
2025-09-17,3008,414881,Foreign_Investor,356319
2025-09-17,3008,0,Foreign_Dealer_Self,0
2025-09-17,3008,0,Investment_Trust,59454
2025-09-17,3008,2000,Dealer_self,1000
2025-09-17,3008,4169,Dealer_Hedging,11757
2025-09-18,3008,0,Foreign_Dealer_Self,0
2025-09-18,3008,0,Investment_Trust,42000
2025-09-18,3008,8000,Dealer_self,5433
2025-09-18,3008,11215,Dealer_Hedging,5579
2025-09-18,3008,335761,Foreign_Investor,353473
2025-09-19,3008,0,Foreign_Dealer_Self,0
2025-09-19,3008,1022,Investment_Trust,18000
2025-09-19,3008,4000,Dealer_self,1000
2025-09-19,3008,337,Dealer_Hedging,9976
2025-09-19,3008,376755,Foreign_Investor,341638
2025-09-22,3008,417732,Foreign_Investor,420388
2025-09-22,3008,0,Foreign_Dealer_Self,0
2025-09-22,3008,0,Investment_Trust,1000
2025-09-22,3008,2000,Dealer_self,3000
2025-09-22,3008,17530,Dealer_Hedging,3530
2025-09-23,3008,323641,Foreign_Investor,258468
2025-09-23,3008,0,Foreign_Dealer_Self,0
2025-09-23,3008,1000,Investment_Trust,1583
2025-09-23,3008,6200,Dealer_self,1000
2025-09-23,3008,432,Dealer_Hedging,13068
2025-09-24,3008,213052,Foreign_Investor,264162
2025-09-24,3008,0,Foreign_Dealer_Self,0
2025-09-24,3008,1000,Investment_Trust,35282
2025-09-24,3008,6000,Dealer_self,0
2025-09-24,3008,9214,Dealer_Hedging,6533
2025-09-25,3008,0,Foreign_Dealer_Self,0
2025-09-25,3008,2000,Investment_Trust,2221
2025-09-25,3008,2026,Dealer_self,244
2025-09-25,3008,14552,Dealer_Hedging,349
2025-09-25,3008,285058,Foreign_Investor,223572
2025-09-26,3008,337137,Foreign_Investor,400734
2025-09-26,3008,0,Foreign_Dealer_Self,0
2025-09-26,3008,5000,Investment_Trust,1100
2025-09-26,3008,4000,Dealer_self,2000
2025-09-26,3008,11248,Dealer_Hedging,24043
2025-09-30,3008,0,Foreign_Dealer_Self,0
2025-09-30,3008,4000,Dealer_self,0
2025-09-30,3008,7010,Dealer_Hedging,3212
2025-09-30,3008,359880,Foreign_Investor,239171
2025-09-30,3008,1041,Investment_Trust,53000
2025-10-01,3008,196421,Foreign_Investor,103134
2025-10-01,3008,0,Foreign_Dealer_Self,0
2025-10-01,3008,5000,Investment_Trust,1625
2025-10-01,3008,1000,Dealer_self,0
2025-10-01,3008,5661,Dealer_Hedging,1264
2025-10-02,3008,369840,Foreign_Investor,200095
2025-10-02,3008,0,Foreign_Dealer_Self,0
2025-10-02,3008,2021,Investment_Trust,3000
2025-10-02,3008,200,Dealer_self,2000
2025-10-02,3008,9587,Dealer_Hedging,5525
2025-10-03,3008,185428,Foreign_Investor,143000
2025-10-03,3008,0,Foreign_Dealer_Self,0
2025-10-03,3008,0,Dealer_self,0
2025-10-03,3008,15892,Dealer_Hedging,1750
2025-10-03,3008,2000,Investment_Trust,8140
2025-10-07,3008,1025514,Foreign_Investor,277138
2025-10-07,3008,0,Foreign_Dealer_Self,0
2025-10-07,3008,0,Investment_Trust,4000
2025-10-07,3008,19884,Dealer_self,7100
2025-10-07,3008,167904,Dealer_Hedging,109911
2025-10-08,3008,306271,Foreign_Investor,417861
2025-10-08,3008,0,Foreign_Dealer_Self,0
2025-10-08,3008,2000,Investment_Trust,300
2025-10-08,3008,9000,Dealer_self,5676
2025-10-08,3008,15271,Dealer_Hedging,38208
2025-10-09,3008,249288,Foreign_Investor,233277
2025-10-09,3008,0,Foreign_Dealer_Self,0
2025-10-09,3008,1000,Investment_Trust,11367
2025-10-09,3008,3000,Dealer_self,1543
2025-10-09,3008,14468,Dealer_Hedging,5190
2025-10-13,3008,920336,Foreign_Investor,1137809
2025-10-13,3008,0,Foreign_Dealer_Self,0
2025-10-13,3008,11000,Dealer_self,13956
2025-10-13,3008,91783,Dealer_Hedging,100014
2025-10-13,3008,8000,Investment_Trust,17057
2025-10-14,3008,223587,Foreign_Investor,710135
2025-10-14,3008,0,Foreign_Dealer_Self,0
2025-10-14,3008,5000,Dealer_self,2188
2025-10-14,3008,108164,Dealer_Hedging,122623
2025-10-14,3008,2002,Investment_Trust,6553
2025-10-15,3008,156182,Foreign_Investor,490142
2025-10-15,3008,0,Foreign_Dealer_Self,0
2025-10-15,3008,4000,Investment_Trust,7604
2025-10-15,3008,27000,Dealer_self,9997
2025-10-15,3008,30681,Dealer_Hedging,28117
2025-10-16,3008,262971,Foreign_Investor,311047
2025-10-16,3008,0,Foreign_Dealer_Self,0
2025-10-16,3008,1000,Investment_Trust,140
2025-10-16,3008,3000,Dealer_self,2200
2025-10-16,3008,26202,Dealer_Hedging,8237
2025-10-17,3008,343330,Foreign_Investor,269134
2025-10-17,3008,0,Foreign_Dealer_Self,0
2025-10-17,3008,3100,Dealer_self,3600
2025-10-17,3008,34053,Dealer_Hedging,43001
2025-10-17,3008,1000,Investment_Trust,10000
2025-10-20,3008,198193,Foreign_Investor,348532
2025-10-20,3008,0,Foreign_Dealer_Self,0
2025-10-20,3008,0,Dealer_self,1300
2025-10-20,3008,26039,Dealer_Hedging,8837
2025-10-20,3008,5000,Investment_Trust,26065
2025-10-21,3008,251658,Foreign_Investor,269334
2025-10-21,3008,0,Foreign_Dealer_Self,0
2025-10-21,3008,8000,Dealer_self,0
2025-10-21,3008,19908,Dealer_Hedging,1864
2025-10-21,3008,4000,Investment_Trust,4221
2025-10-22,3008,426376,Foreign_Investor,149889
2025-10-22,3008,0,Foreign_Dealer_Self,0
2025-10-22,3008,18140,Investment_Trust,0
2025-10-22,3008,2300,Dealer_self,1100
2025-10-22,3008,29288,Dealer_Hedging,7770
2025-10-23,3008,223406,Foreign_Investor,273709
2025-10-23,3008,0,Foreign_Dealer_Self,0
2025-10-23,3008,10000,Investment_Trust,1200
2025-10-23,3008,0,Dealer_self,500
2025-10-23,3008,4757,Dealer_Hedging,17502
2025-10-27,3008,0,Foreign_Dealer_Self,0
2025-10-27,3008,5300,Dealer_self,500
2025-10-27,3008,7954,Dealer_Hedging,4902
2025-10-27,3008,305650,Foreign_Investor,447281
2025-10-27,3008,4000,Investment_Trust,4007
2025-10-28,3008,128359,Foreign_Investor,326021
2025-10-28,3008,0,Foreign_Dealer_Self,0
2025-10-28,3008,1000,Dealer_self,150
2025-10-28,3008,5370,Dealer_Hedging,2412
2025-10-28,3008,1000,Investment_Trust,300
2025-10-29,3008,101762,Foreign_Investor,178558
2025-10-29,3008,0,Foreign_Dealer_Self,0
2025-10-29,3008,1000,Investment_Trust,374
2025-10-29,3008,1000,Dealer_self,0
2025-10-29,3008,5177,Dealer_Hedging,2720
2025-10-30,3008,234752,Foreign_Investor,417140
2025-10-30,3008,0,Foreign_Dealer_Self,0
2025-10-30,3008,1000,Investment_Trust,1200
2025-10-30,3008,0,Dealer_self,0
2025-10-30,3008,10855,Dealer_Hedging,10425
2025-10-31,3008,308829,Foreign_Investor,193272
2025-10-31,3008,0,Foreign_Dealer_Self,0
2025-10-31,3008,1000,Investment_Trust,221
2025-10-31,3008,2000,Dealer_self,0
2025-10-31,3008,19411,Dealer_Hedging,8212
2025-11-03,3008,235950,Foreign_Investor,251596
2025-11-03,3008,0,Foreign_Dealer_Self,0
2025-11-03,3008,2559,Investment_Trust,3000
2025-11-03,3008,1000,Dealer_self,4000
2025-11-03,3008,21486,Dealer_Hedging,2977
2025-11-04,3008,125943,Foreign_Investor,140382
2025-11-04,3008,0,Foreign_Dealer_Self,0
2025-11-04,3008,4080,Investment_Trust,3221
2025-11-04,3008,1000,Dealer_self,1000
2025-11-04,3008,12375,Dealer_Hedging,25709
2025-11-05,3008,223036,Foreign_Investor,300592
2025-11-05,3008,0,Foreign_Dealer_Self,0
2025-11-05,3008,20777,Investment_Trust,0
2025-11-05,3008,1000,Dealer_self,10200
2025-11-05,3008,17895,Dealer_Hedging,21048
2025-11-06,3008,258083,Foreign_Investor,329828
2025-11-06,3008,0,Foreign_Dealer_Self,0
2025-11-06,3008,5112,Investment_Trust,0
2025-11-06,3008,2000,Dealer_self,0
2025-11-06,3008,7452,Dealer_Hedging,2738
2025-11-07,3008,361471,Foreign_Investor,305320
2025-11-07,3008,0,Foreign_Dealer_Self,0
2025-11-07,3008,2168,Investment_Trust,111
2025-11-07,3008,200,Dealer_self,0
2025-11-07,3008,5393,Dealer_Hedging,2688
2025-11-10,3008,255397,Foreign_Investor,202179
2025-11-10,3008,0,Foreign_Dealer_Self,0
2025-11-10,3008,3803,Investment_Trust,0
2025-11-10,3008,1100,Dealer_self,0
2025-11-10,3008,17328,Dealer_Hedging,6280
2025-11-11,3008,225249,Foreign_Investor,211194
2025-11-11,3008,0,Foreign_Dealer_Self,0
2025-11-11,3008,1340,Investment_Trust,2111
2025-11-11,3008,0,Dealer_self,100
2025-11-11,3008,1799,Dealer_Hedging,13240
2025-11-12,3008,0,Foreign_Dealer_Self,0
2025-11-12,3008,3000,Investment_Trust,1111
2025-11-12,3008,0,Dealer_self,1000
2025-11-12,3008,9006,Dealer_Hedging,1146
2025-11-12,3008,199194,Foreign_Investor,167825
2025-11-13,3008,151520,Foreign_Investor,131147
2025-11-13,3008,0,Foreign_Dealer_Self,0
2025-11-13,3008,1200,Investment_Trust,2000
2025-11-13,3008,20,Dealer_self,200
2025-11-13,3008,7118,Dealer_Hedging,7205
2025-11-14,3008,172220,Foreign_Investor,209994
2025-11-14,3008,0,Foreign_Dealer_Self,0
2025-11-14,3008,2000,Investment_Trust,111
2025-11-14,3008,300,Dealer_self,0
2025-11-14,3008,13066,Dealer_Hedging,6666
2025-11-17,3008,176911,Foreign_Investor,321860
2025-11-17,3008,0,Foreign_Dealer_Self,0
2025-11-17,3008,4042,Investment_Trust,10000
2025-11-17,3008,2150,Dealer_self,4000
2025-11-17,3008,42377,Dealer_Hedging,80655
2025-11-18,3008,211208,Foreign_Investor,424322
2025-11-18,3008,0,Foreign_Dealer_Self,0
2025-11-18,3008,19000,Investment_Trust,1857
2025-11-18,3008,1000,Dealer_self,4000
2025-11-18,3008,37312,Dealer_Hedging,37641
2025-11-19,3008,313756,Foreign_Investor,290971
2025-11-19,3008,0,Foreign_Dealer_Self,0
2025-11-19,3008,8580,Investment_Trust,6932
2025-11-19,3008,1000,Dealer_self,2000
2025-11-19,3008,15289,Dealer_Hedging,25206
2025-11-20,3008,300007,Foreign_Investor,222200
2025-11-20,3008,0,Foreign_Dealer_Self,0
2025-11-20,3008,2154,Investment_Trust,3111
2025-11-20,3008,1000,Dealer_self,0
2025-11-20,3008,12419,Dealer_Hedging,6743
2025-11-21,3008,319375,Foreign_Investor,210467
2025-11-21,3008,0,Foreign_Dealer_Self,0
2025-11-21,3008,9112,Investment_Trust,3000
2025-11-21,3008,4000,Dealer_self,2000
2025-11-21,3008,25767,Dealer_Hedging,17996
2025-11-24,3008,0,Foreign_Dealer_Self,0
2025-11-24,3008,4000,Investment_Trust,6
2025-11-24,3008,5000,Dealer_self,3000
2025-11-24,3008,10103,Dealer_Hedging,1495
2025-11-24,3008,444605,Foreign_Investor,471147
2025-11-25,3008,172629,Foreign_Investor,136361
2025-11-25,3008,0,Foreign_Dealer_Self,0
2025-11-25,3008,2000,Investment_Trust,6250
2025-11-25,3008,300,Dealer_self,120
2025-11-25,3008,3327,Dealer_Hedging,6254
2025-11-26,3008,231429,Foreign_Investor,116018
2025-11-26,3008,0,Foreign_Dealer_Self,0
2025-11-26,3008,22021,Investment_Trust,2000
2025-11-26,3008,100,Dealer_self,1000
2025-11-26,3008,14493,Dealer_Hedging,5445
2025-11-27,3008,90996,Foreign_Investor,87846
2025-11-27,3008,0,Foreign_Dealer_Self,0
2025-11-27,3008,6000,Investment_Trust,2221
2025-11-27,3008,0,Dealer_self,1000
2025-11-27,3008,1906,Dealer_Hedging,7063
2025-11-28,3008,215084,Foreign_Investor,220048
2025-11-28,3008,0,Foreign_Dealer_Self,0
2025-11-28,3008,3000,Investment_Trust,2000
2025-11-28,3008,5000,Dealer_self,0
2025-11-28,3008,6465,Dealer_Hedging,2303
2025-12-01,3008,166938,Foreign_Investor,188596
2025-12-01,3008,0,Foreign_Dealer_Self,0
2025-12-01,3008,6000,Investment_Trust,6000
2025-12-01,3008,1100,Dealer_self,1100
2025-12-01,3008,10539,Dealer_Hedging,6925
2025-12-02,3008,150889,Foreign_Investor,157570
2025-12-02,3008,0,Foreign_Dealer_Self,0
2025-12-02,3008,1137,Investment_Trust,5050
2025-12-02,3008,2000,Dealer_self,0
2025-12-02,3008,5430,Dealer_Hedging,7562
2025-12-03,3008,317717,Foreign_Investor,403845
2025-12-03,3008,0,Foreign_Dealer_Self,0
2025-12-03,3008,1000,Investment_Trust,4111
2025-12-03,3008,13000,Dealer_self,100
2025-12-03,3008,9040,Dealer_Hedging,4551
2025-12-04,3008,171165,Foreign_Investor,202757
2025-12-04,3008,0,Foreign_Dealer_Self,0
2025-12-04,3008,1000,Investment_Trust,4000
2025-12-04,3008,3000,Dealer_self,0
2025-12-04,3008,2125,Dealer_Hedging,1102
2025-12-05,3008,332043,Foreign_Investor,383508
2025-12-05,3008,0,Foreign_Dealer_Self,0
2025-12-05,3008,0,Investment_Trust,1424
2025-12-05,3008,6000,Dealer_self,3000
2025-12-05,3008,18801,Dealer_Hedging,18891
2025-12-08,3008,0,Foreign_Dealer_Self,0
2025-12-08,3008,1000,Investment_Trust,7519
2025-12-08,3008,1000,Dealer_self,1020
2025-12-08,3008,23205,Dealer_Hedging,17926
2025-12-08,3008,411965,Foreign_Investor,528434
2025-12-09,3008,341847,Foreign_Investor,481255
2025-12-09,3008,0,Foreign_Dealer_Self,0
2025-12-09,3008,2000,Investment_Trust,4505
2025-12-09,3008,4000,Dealer_self,3503
2025-12-09,3008,17133,Dealer_Hedging,10559
2025-12-10,3008,281984,Foreign_Investor,354002
2025-12-10,3008,0,Foreign_Dealer_Self,0
2025-12-10,3008,1000,Dealer_self,1000
2025-12-10,3008,7129,Dealer_Hedging,5909
2025-12-10,3008,2001,Investment_Trust,5268
2025-12-11,3008,193512,Foreign_Investor,372161
2025-12-11,3008,0,Foreign_Dealer_Self,0
2025-12-11,3008,0,Dealer_self,2050
2025-12-11,3008,11854,Dealer_Hedging,11891
2025-12-11,3008,1000,Investment_Trust,10073
2025-12-12,3008,226780,Foreign_Investor,251601
2025-12-12,3008,0,Foreign_Dealer_Self,0
2025-12-12,3008,2000,Investment_Trust,10221
2025-12-12,3008,2000,Dealer_self,1000
2025-12-12,3008,5805,Dealer_Hedging,9050
2025-12-15,3008,207155,Foreign_Investor,245122
2025-12-15,3008,0,Foreign_Dealer_Self,0
2025-12-15,3008,1000,Investment_Trust,19052
2025-12-15,3008,2000,Dealer_self,0
2025-12-15,3008,6667,Dealer_Hedging,5705
2025-12-16,3008,187033,Foreign_Investor,290140
2025-12-16,3008,0,Foreign_Dealer_Self,0
2025-12-16,3008,46405,Investment_Trust,5331
2025-12-16,3008,2000,Dealer_self,5000
2025-12-16,3008,18526,Dealer_Hedging,19710
2025-12-17,3008,191783,Foreign_Investor,297825
2025-12-17,3008,0,Foreign_Dealer_Self,0
2025-12-17,3008,44000,Investment_Trust,1338
2025-12-17,3008,5000,Dealer_self,1000
2025-12-17,3008,18790,Dealer_Hedging,14840
2025-12-18,3008,89148,Foreign_Investor,189485
2025-12-18,3008,0,Foreign_Dealer_Self,0
2025-12-18,3008,43000,Investment_Trust,0
2025-12-18,3008,10100,Dealer_self,1000
2025-12-18,3008,17681,Dealer_Hedging,12955
2025-12-19,3008,0,Foreign_Dealer_Self,0
2025-12-19,3008,43099,Investment_Trust,8200
2025-12-19,3008,1000,Dealer_self,1000
2025-12-19,3008,5596,Dealer_Hedging,1403
2025-12-19,3008,185862,Foreign_Investor,217312
2025-12-22,3008,280739,Foreign_Investor,425922
2025-12-22,3008,0,Foreign_Dealer_Self,0
2025-12-22,3008,146000,Investment_Trust,109
2025-12-22,3008,15363,Dealer_self,1000
2025-12-22,3008,103263,Dealer_Hedging,59544
2025-12-23,3008,175626,Foreign_Investor,279588
2025-12-23,3008,0,Foreign_Dealer_Self,0
2025-12-23,3008,0,Investment_Trust,6000
2025-12-23,3008,2500,Dealer_self,0
2025-12-23,3008,37305,Dealer_Hedging,10059
2025-12-24,3008,339824,Foreign_Investor,553200
2025-12-24,3008,0,Foreign_Dealer_Self,0
2025-12-24,3008,0,Investment_Trust,0
2025-12-24,3008,79200,Dealer_self,3458
2025-12-24,3008,75662,Dealer_Hedging,43505
2025-12-26,3008,538445,Foreign_Investor,465080
2025-12-26,3008,0,Foreign_Dealer_Self,0
2025-12-26,3008,407000,Investment_Trust,3000
2025-12-26,3008,8502,Dealer_self,18700
2025-12-26,3008,170626,Dealer_Hedging,138712
2025-12-29,3008,0,Foreign_Dealer_Self,0
2025-12-29,3008,434000,Investment_Trust,2000
2025-12-29,3008,23941,Dealer_self,33400
2025-12-29,3008,204227,Dealer_Hedging,190477
2025-12-29,3008,1084649,Foreign_Investor,895991
2025-12-30,3008,0,Foreign_Dealer_Self,0
2025-12-30,3008,351000,Investment_Trust,11051
2025-12-30,3008,15100,Dealer_self,10203
2025-12-30,3008,45693,Dealer_Hedging,30896
2025-12-30,3008,353029,Foreign_Investor,767870
2025-12-31,3008,242034,Foreign_Investor,598794
2025-12-31,3008,0,Foreign_Dealer_Self,0
2025-12-31,3008,418605,Investment_Trust,9797
2025-12-31,3008,2000,Dealer_self,11100
2025-12-31,3008,30508,Dealer_Hedging,38882
2026-01-02,3008,223638,Foreign_Investor,502851
2026-01-02,3008,0,Foreign_Dealer_Self,0
2026-01-02,3008,315021,Investment_Trust,10296
2026-01-02,3008,41600,Dealer_self,5200
2026-01-02,3008,123277,Dealer_Hedging,46391
2026-01-05,3008,373874,Foreign_Investor,917286
2026-01-05,3008,0,Foreign_Dealer_Self,0
2026-01-05,3008,445300,Investment_Trust,180319
2026-01-05,3008,61943,Dealer_self,33543
2026-01-05,3008,77078,Dealer_Hedging,60928
2026-01-06,3008,349887,Foreign_Investor,620729
2026-01-06,3008,0,Foreign_Dealer_Self,0
2026-01-06,3008,469000,Investment_Trust,9458
2026-01-06,3008,14000,Dealer_self,6100
2026-01-06,3008,56560,Dealer_Hedging,16297
2026-01-07,3008,526382,Foreign_Investor,544716
2026-01-07,3008,0,Foreign_Dealer_Self,0
2026-01-07,3008,319000,Investment_Trust,132353
2026-01-07,3008,2000,Dealer_self,6000
2026-01-07,3008,41952,Dealer_Hedging,31612
2026-01-08,3008,291121,Foreign_Investor,615471
2026-01-08,3008,0,Foreign_Dealer_Self,0
2026-01-08,3008,39000,Investment_Trust,4311
2026-01-08,3008,12000,Dealer_self,23150
2026-01-08,3008,11183,Dealer_Hedging,33677
2026-01-09,3008,959693,Foreign_Investor,1062595
2026-01-09,3008,0,Foreign_Dealer_Self,0
2026-01-09,3008,28000,Investment_Trust,96449
2026-01-09,3008,44000,Dealer_self,37700
2026-01-09,3008,91133,Dealer_Hedging,57475
2026-01-12,3008,413753,Foreign_Investor,586214
2026-01-12,3008,0,Foreign_Dealer_Self,0
2026-01-12,3008,500,Investment_Trust,8681
2026-01-12,3008,5403,Dealer_self,25700
2026-01-12,3008,9859,Dealer_Hedging,48135
2026-01-13,3008,452534,Foreign_Investor,638870
2026-01-13,3008,0,Foreign_Dealer_Self,0
2026-01-13,3008,54000,Investment_Trust,6257
2026-01-13,3008,2000,Dealer_self,32700
2026-01-13,3008,19181,Dealer_Hedging,42614
2026-01-14,3008,158028,Foreign_Investor,343685
2026-01-14,3008,0,Foreign_Dealer_Self,0
2026-01-14,3008,7000,Investment_Trust,3234
2026-01-14,3008,4000,Dealer_self,1100
2026-01-14,3008,17756,Dealer_Hedging,19453
2026-01-15,3008,160493,Foreign_Investor,278939
2026-01-15,3008,0,Foreign_Dealer_Self,0
2026-01-15,3008,12000,Investment_Trust,2310
2026-01-15,3008,2100,Dealer_self,19500
2026-01-15,3008,25399,Dealer_Hedging,31544
2026-01-16,3008,468988,Foreign_Investor,489726
2026-01-16,3008,0,Foreign_Dealer_Self,0
2026-01-16,3008,3000,Investment_Trust,4513
2026-01-16,3008,9000,Dealer_self,4100
2026-01-16,3008,38260,Dealer_Hedging,4471
2026-01-19,3008,529572,Foreign_Investor,364275
2026-01-19,3008,0,Foreign_Dealer_Self,0
2026-01-19,3008,20000,Investment_Trust,31150
2026-01-19,3008,4000,Dealer_self,10341
2026-01-19,3008,23617,Dealer_Hedging,14796
2026-01-20,3008,0,Foreign_Dealer_Self,0
2026-01-20,3008,4000,Investment_Trust,1365
2026-01-20,3008,2162,Dealer_self,8800
2026-01-20,3008,27478,Dealer_Hedging,39366
2026-01-20,3008,259490,Foreign_Investor,357028
2026-01-21,3008,530509,Foreign_Investor,327687
2026-01-21,3008,0,Foreign_Dealer_Self,0
2026-01-21,3008,1000,Investment_Trust,11537
2026-01-21,3008,7470,Dealer_self,31170
2026-01-21,3008,56252,Dealer_Hedging,77970
2026-01-22,3008,218684,Foreign_Investor,468771
2026-01-22,3008,0,Foreign_Dealer_Self,0
2026-01-22,3008,4000,Investment_Trust,95182
2026-01-22,3008,12700,Dealer_self,5528
2026-01-22,3008,25014,Dealer_Hedging,33560
2026-01-23,3008,175190,Foreign_Investor,173972
2026-01-23,3008,0,Foreign_Dealer_Self,0
2026-01-23,3008,1300,Investment_Trust,1129
2026-01-23,3008,0,Dealer_self,1431
2026-01-23,3008,14631,Dealer_Hedging,11940
2026-01-26,3008,219355,Foreign_Investor,209079
2026-01-26,3008,0,Foreign_Dealer_Self,0
2026-01-26,3008,0,Investment_Trust,89331
2026-01-26,3008,1000,Dealer_self,1904
2026-01-26,3008,19622,Dealer_Hedging,26017
2026-01-27,3008,199797,Foreign_Investor,296129
2026-01-27,3008,0,Foreign_Dealer_Self,0
2026-01-27,3008,1000,Investment_Trust,9000
2026-01-27,3008,3000,Dealer_self,10565
2026-01-27,3008,31646,Dealer_Hedging,28484
2026-01-28,3008,254104,Foreign_Investor,222592
2026-01-28,3008,0,Foreign_Dealer_Self,0
2026-01-28,3008,2000,Investment_Trust,46129
2026-01-28,3008,5000,Dealer_self,0
2026-01-28,3008,18817,Dealer_Hedging,13612
2026-01-29,3008,0,Foreign_Dealer_Self,0
2026-01-29,3008,1600,Investment_Trust,14129
2026-01-29,3008,2000,Dealer_self,19615
2026-01-29,3008,18176,Dealer_Hedging,37796
2026-01-29,3008,238402,Foreign_Investor,214632
2026-01-30,3008,382675,Foreign_Investor,538604
2026-01-30,3008,0,Foreign_Dealer_Self,0
2026-01-30,3008,3000,Investment_Trust,7257
2026-01-30,3008,0,Dealer_self,21403
2026-01-30,3008,12962,Dealer_Hedging,50120
2026-02-02,3008,229076,Foreign_Investor,364154
2026-02-02,3008,0,Foreign_Dealer_Self,0
2026-02-02,3008,13000,Investment_Trust,3000
2026-02-02,3008,1000,Dealer_self,22854
2026-02-02,3008,5399,Dealer_Hedging,39460
2026-02-03,3008,191809,Foreign_Investor,272409
2026-02-03,3008,0,Foreign_Dealer_Self,0
2026-02-03,3008,5134,Investment_Trust,1182
2026-02-03,3008,5000,Dealer_self,3100
2026-02-03,3008,30461,Dealer_Hedging,32845
2026-02-04,3008,0,Foreign_Dealer_Self,0
2026-02-04,3008,4000,Investment_Trust,7000
2026-02-04,3008,4000,Dealer_self,0
2026-02-04,3008,5397,Dealer_Hedging,2976
2026-02-04,3008,199396,Foreign_Investor,95331
2026-02-05,3008,111440,Foreign_Investor,216889
2026-02-05,3008,0,Foreign_Dealer_Self,0
2026-02-05,3008,7140,Investment_Trust,4129
2026-02-05,3008,3000,Dealer_self,1922
2026-02-05,3008,26182,Dealer_Hedging,39350
2026-02-06,3008,342712,Foreign_Investor,317135
2026-02-06,3008,0,Foreign_Dealer_Self,0
2026-02-06,3008,4137,Investment_Trust,462
2026-02-06,3008,1000,Dealer_self,3394
2026-02-06,3008,22579,Dealer_Hedging,21590
2026-02-09,3008,117728,Foreign_Investor,124916
2026-02-09,3008,0,Foreign_Dealer_Self,0
2026-02-09,3008,0,Investment_Trust,2000
2026-02-09,3008,7000,Dealer_self,2565
2026-02-09,3008,35397,Dealer_Hedging,46318
2026-02-10,3008,225586,Foreign_Investor,144500
2026-02-10,3008,0,Foreign_Dealer_Self,0
2026-02-10,3008,0,Investment_Trust,4257
2026-02-10,3008,2000,Dealer_self,1000
2026-02-10,3008,13255,Dealer_Hedging,9229
2026-02-11,3008,232029,Foreign_Investor,247405
2026-02-11,3008,0,Foreign_Dealer_Self,0
2026-02-11,3008,7000,Investment_Trust,6000
2026-02-11,3008,10000,Dealer_self,5562
2026-02-11,3008,18738,Dealer_Hedging,51627
2026-02-23,3008,0,Foreign_Dealer_Self,0
2026-02-23,3008,15000,Investment_Trust,17257
2026-02-23,3008,46000,Dealer_self,14306
2026-02-23,3008,73475,Dealer_Hedging,19128
2026-02-23,3008,815730,Foreign_Investor,723766
2026-02-24,3008,596499,Foreign_Investor,422648
2026-02-24,3008,0,Foreign_Dealer_Self,0
2026-02-24,3008,11700,Dealer_self,1004
2026-02-24,3008,39747,Dealer_Hedging,13798
2026-02-24,3008,10100,Investment_Trust,9557
2026-02-25,3008,761046,Foreign_Investor,356279
2026-02-25,3008,0,Foreign_Dealer_Self,0
2026-02-25,3008,20000,Investment_Trust,6386
2026-02-25,3008,19041,Dealer_self,2792
2026-02-25,3008,43912,Dealer_Hedging,46476
2026-02-26,3008,1112612,Foreign_Investor,607763
2026-02-26,3008,0,Foreign_Dealer_Self,0
2026-02-26,3008,11002,Investment_Trust,2531
2026-02-26,3008,34907,Dealer_self,4000
2026-02-26,3008,94762,Dealer_Hedging,59068
2026-03-02,3008,0,Foreign_Dealer_Self,0
2026-03-02,3008,16000,Investment_Trust,2386
2026-03-02,3008,6000,Dealer_self,51428
2026-03-02,3008,20528,Dealer_Hedging,53316
2026-03-02,3008,284476,Foreign_Investor,589676
2026-03-03,3008,301196,Foreign_Investor,483836
2026-03-03,3008,0,Foreign_Dealer_Self,0
2026-03-03,3008,9000,Investment_Trust,129
2026-03-03,3008,5000,Dealer_self,11815
2026-03-03,3008,31508,Dealer_Hedging,30266
2026-03-04,3008,0,Foreign_Dealer_Self,0
2026-03-04,3008,11000,Investment_Trust,10226
2026-03-04,3008,14000,Dealer_self,35892
2026-03-04,3008,93074,Dealer_Hedging,123590
2026-03-04,3008,442711,Foreign_Investor,793138
2026-03-05,3008,344807,Foreign_Investor,217291
2026-03-05,3008,0,Foreign_Dealer_Self,0
2026-03-05,3008,8000,Investment_Trust,3684
2026-03-05,3008,8000,Dealer_self,15500
2026-03-05,3008,32468,Dealer_Hedging,26102
2026-03-06,3008,226470,Foreign_Investor,199007
2026-03-06,3008,0,Foreign_Dealer_Self,0
2026-03-06,3008,5500,Investment_Trust,3000
2026-03-06,3008,1000,Dealer_self,5000
2026-03-06,3008,20153,Dealer_Hedging,11492
2026-03-09,3008,646957,Foreign_Investor,987534
2026-03-09,3008,0,Foreign_Dealer_Self,0
2026-03-09,3008,11021,Investment_Trust,129
2026-03-09,3008,7000,Dealer_self,25792
2026-03-09,3008,65116,Dealer_Hedging,105144
2026-03-10,3008,440204,Foreign_Investor,422528
2026-03-10,3008,0,Foreign_Dealer_Self,0
2026-03-10,3008,3021,Investment_Trust,1000
2026-03-10,3008,4015,Dealer_self,2711
2026-03-10,3008,36356,Dealer_Hedging,39774
2026-03-11,3008,727073,Foreign_Investor,153103
2026-03-11,3008,0,Foreign_Dealer_Self,0
2026-03-11,3008,0,Investment_Trust,2000
2026-03-11,3008,13900,Dealer_self,1000
2026-03-11,3008,43612,Dealer_Hedging,3336
2026-03-12,3008,574559,Foreign_Investor,420000
2026-03-12,3008,0,Foreign_Dealer_Self,0
2026-03-12,3008,3000,Dealer_self,2100
2026-03-12,3008,27140,Dealer_Hedging,37790
2026-03-12,3008,4000,Investment_Trust,186429
2026-03-13,3008,271030,Foreign_Investor,411377
2026-03-13,3008,0,Foreign_Dealer_Self,0
2026-03-13,3008,0,Dealer_self,4100
2026-03-13,3008,22459,Dealer_Hedging,21661
2026-03-13,3008,0,Investment_Trust,3257
2026-03-16,3008,120829,Foreign_Investor,206579
2026-03-16,3008,0,Foreign_Dealer_Self,0
2026-03-16,3008,1000,Dealer_self,5065
2026-03-16,3008,25466,Dealer_Hedging,41763
2026-03-16,3008,4000,Investment_Trust,17200
2026-03-17,3008,189091,Foreign_Investor,241517
2026-03-17,3008,0,Foreign_Dealer_Self,0
2026-03-17,3008,247000,Investment_Trust,8252
2026-03-17,3008,3000,Dealer_self,0
2026-03-17,3008,44664,Dealer_Hedging,17727
2026-03-18,3008,211330,Foreign_Investor,370385
2026-03-18,3008,0,Foreign_Dealer_Self,0
2026-03-18,3008,227021,Investment_Trust,5127
2026-03-18,3008,12000,Dealer_self,5000
2026-03-18,3008,63754,Dealer_Hedging,18315
2026-03-19,3008,279677,Foreign_Investor,383491
2026-03-19,3008,0,Foreign_Dealer_Self,0
2026-03-19,3008,0,Investment_Trust,107192
2026-03-19,3008,8200,Dealer_self,18000
2026-03-19,3008,26890,Dealer_Hedging,48351
2026-03-20,3008,0,Foreign_Dealer_Self,0
2026-03-20,3008,25554,Investment_Trust,14079
2026-03-20,3008,400,Dealer_self,12000
2026-03-20,3008,23526,Dealer_Hedging,13466
2026-03-20,3008,459521,Foreign_Investor,348202
2026-03-23,3008,448578,Foreign_Investor,667656
2026-03-23,3008,0,Foreign_Dealer_Self,0
2026-03-23,3008,6000,Investment_Trust,62127
2026-03-23,3008,15000,Dealer_self,24405
2026-03-23,3008,99523,Dealer_Hedging,131516
2026-03-24,3008,0,Foreign_Dealer_Self,0
2026-03-24,3008,2000,Investment_Trust,132113
2026-03-24,3008,2000,Dealer_self,1999
2026-03-24,3008,9788,Dealer_Hedging,11565
2026-03-24,3008,327084,Foreign_Investor,185477
2026-03-25,3008,231395,Foreign_Investor,236625
2026-03-25,3008,0,Foreign_Dealer_Self,0
2026-03-25,3008,0,Investment_Trust,203042
2026-03-25,3008,9000,Dealer_self,2546
2026-03-25,3008,47411,Dealer_Hedging,53234
2026-03-26,3008,292211,Foreign_Investor,191400
2026-03-26,3008,0,Foreign_Dealer_Self,0
2026-03-26,3008,0,Investment_Trust,48041
2026-03-26,3008,2000,Dealer_self,0
2026-03-26,3008,17487,Dealer_Hedging,17080
2026-03-27,3008,295476,Foreign_Investor,241904
2026-03-27,3008,0,Foreign_Dealer_Self,0
2026-03-27,3008,1000,Investment_Trust,141123
2026-03-27,3008,2000,Dealer_self,13162
2026-03-27,3008,35738,Dealer_Hedging,40122
2026-03-30,3008,243192,Foreign_Investor,256929
2026-03-30,3008,0,Foreign_Dealer_Self,0
2026-03-30,3008,1022,Investment_Trust,61137
2026-03-30,3008,3000,Dealer_self,6443
2026-03-30,3008,21504,Dealer_Hedging,20217
2026-03-31,3008,0,Foreign_Dealer_Self,0
2026-03-31,3008,5100,Investment_Trust,130
2026-03-31,3008,3200,Dealer_self,10100
2026-03-31,3008,39167,Dealer_Hedging,26625
2026-03-31,3008,484025,Foreign_Investor,502278
2026-04-01,3008,242772,Foreign_Investor,193840
2026-04-01,3008,0,Foreign_Dealer_Self,0
2026-04-01,3008,5160,Dealer_self,445
2026-04-01,3008,13309,Dealer_Hedging,8986
2026-04-01,3008,1109,Investment_Trust,400
2026-04-02,3008,142119,Foreign_Investor,268495
2026-04-02,3008,0,Foreign_Dealer_Self,0
2026-04-02,3008,20000,Dealer_self,18433
2026-04-02,3008,52186,Dealer_Hedging,58921
2026-04-02,3008,1000,Investment_Trust,330
2026-04-07,3008,334643,Foreign_Investor,224025
2026-04-07,3008,0,Foreign_Dealer_Self,0
2026-04-07,3008,13100,Dealer_self,0
2026-04-07,3008,19059,Dealer_Hedging,12712
2026-04-07,3008,5228,Investment_Trust,2000
2026-04-08,3008,723506,Foreign_Investor,194030
2026-04-08,3008,0,Foreign_Dealer_Self,0
2026-04-08,3008,78,Investment_Trust,4457
2026-04-08,3008,20300,Dealer_self,2000
2026-04-08,3008,50771,Dealer_Hedging,13153
2026-04-09,3008,518305,Foreign_Investor,157140
2026-04-09,3008,0,Foreign_Dealer_Self,0
2026-04-09,3008,0,Investment_Trust,6134
2026-04-09,3008,6002,Dealer_self,1200
2026-04-09,3008,7566,Dealer_Hedging,7108
2026-04-10,3008,228551,Foreign_Investor,86051
2026-04-10,3008,0,Foreign_Dealer_Self,0
2026-04-10,3008,34,Investment_Trust,3000
2026-04-10,3008,200,Dealer_self,1300
2026-04-10,3008,17688,Dealer_Hedging,6780
2026-04-13,3008,729818,Foreign_Investor,309147
2026-04-13,3008,0,Foreign_Dealer_Self,0
2026-04-13,3008,1043,Investment_Trust,22261
2026-04-13,3008,36690,Dealer_self,2677
2026-04-13,3008,120267,Dealer_Hedging,44954
2026-04-14,3008,1074234,Foreign_Investor,336420
2026-04-14,3008,0,Foreign_Dealer_Self,0
2026-04-14,3008,26117,Dealer_self,6117
2026-04-14,3008,269009,Dealer_Hedging,62728
2026-04-14,3008,118000,Investment_Trust,272031
2026-04-15,3008,1530197,Foreign_Investor,1722254
2026-04-15,3008,0,Foreign_Dealer_Self,0
2026-04-15,3008,12112,Investment_Trust,122127
2026-04-15,3008,55171,Dealer_self,32732
2026-04-15,3008,169900,Dealer_Hedging,192510
2026-04-16,3008,1231097,Foreign_Investor,751265
2026-04-16,3008,0,Foreign_Dealer_Self,0
2026-04-16,3008,44732,Dealer_self,17000
2026-04-16,3008,82032,Dealer_Hedging,43689
2026-04-16,3008,2166,Investment_Trust,74255
2026-04-17,3008,1475112,Foreign_Investor,1289601
2026-04-17,3008,0,Foreign_Dealer_Self,0
2026-04-17,3008,1000,Investment_Trust,157279
2026-04-17,3008,72000,Dealer_self,38016
2026-04-17,3008,186162,Dealer_Hedging,269236
2026-04-20,3008,1453558,Foreign_Investor,609532
2026-04-20,3008,0,Foreign_Dealer_Self,0
2026-04-20,3008,35040,Investment_Trust,151227
2026-04-20,3008,32019,Dealer_self,6847
2026-04-20,3008,103342,Dealer_Hedging,34070
2026-04-21,3008,0,Foreign_Dealer_Self,0
2026-04-21,3008,67600,Investment_Trust,116000
2026-04-21,3008,12300,Dealer_self,22676
2026-04-21,3008,19467,Dealer_Hedging,58164
2026-04-21,3008,537296,Foreign_Investor,496325
2026-04-22,3008,675766,Foreign_Investor,519446
2026-04-22,3008,0,Foreign_Dealer_Self,0
2026-04-22,3008,42070,Investment_Trust,120147
2026-04-22,3008,13000,Dealer_self,11369
2026-04-22,3008,63474,Dealer_Hedging,89810
2026-04-23,3008,766791,Foreign_Investor,888143
2026-04-23,3008,0,Foreign_Dealer_Self,0
2026-04-23,3008,0,Investment_Trust,131020
2026-04-23,3008,16000,Dealer_self,23114
2026-04-23,3008,118548,Dealer_Hedging,142099
2026-04-24,3008,558583,Foreign_Investor,398260
2026-04-24,3008,0,Foreign_Dealer_Self,0
2026-04-24,3008,1000,Investment_Trust,115312
2026-04-24,3008,9000,Dealer_self,21128
2026-04-24,3008,100288,Dealer_Hedging,76407
2026-04-27,3008,0,Foreign_Dealer_Self,0
2026-04-27,3008,3000,Investment_Trust,3657
2026-04-27,3008,36200,Dealer_self,10225
2026-04-27,3008,126700,Dealer_Hedging,88078
2026-04-27,3008,954380,Foreign_Investor,762470
2026-04-28,3008,382796,Foreign_Investor,592297
2026-04-28,3008,0,Foreign_Dealer_Self,0
2026-04-28,3008,0,Investment_Trust,61398
2026-04-28,3008,0,Dealer_self,14320
2026-04-28,3008,73796,Dealer_Hedging,91656
2026-04-29,3008,840234,Foreign_Investor,615381
2026-04-29,3008,0,Foreign_Dealer_Self,0
2026-04-29,3008,1000,Investment_Trust,441
2026-04-29,3008,5000,Dealer_self,29090
2026-04-29,3008,54718,Dealer_Hedging,74760
2026-04-30,3008,215049,Foreign_Investor,545559
2026-04-30,3008,0,Foreign_Dealer_Self,0
2026-04-30,3008,0,Investment_Trust,255
2026-04-30,3008,10000,Dealer_self,16067
2026-04-30,3008,53466,Dealer_Hedging,72992
2026-05-04,3008,0,Foreign_Dealer_Self,0
2026-05-04,3008,0,Investment_Trust,28000
2026-05-04,3008,22000,Dealer_self,1000
2026-05-04,3008,60911,Dealer_Hedging,26763
2026-05-04,3008,747191,Foreign_Investor,339185
2026-05-05,3008,176603,Foreign_Investor,232777
2026-05-05,3008,0,Foreign_Dealer_Self,0
2026-05-05,3008,1145,Investment_Trust,37315
2026-05-05,3008,7000,Dealer_self,12231
2026-05-05,3008,46239,Dealer_Hedging,62457
2026-05-06,3008,434898,Foreign_Investor,426205
2026-05-06,3008,0,Foreign_Dealer_Self,0
2026-05-06,3008,6376,Investment_Trust,1680
2026-05-06,3008,15426,Dealer_self,20993
2026-05-06,3008,84847,Dealer_Hedging,92627
2026-05-07,3008,602551,Foreign_Investor,372821
2026-05-07,3008,0,Foreign_Dealer_Self,0
2026-05-07,3008,1121,Investment_Trust,13155
2026-05-07,3008,14000,Dealer_self,4074
2026-05-07,3008,34788,Dealer_Hedging,14219
2026-05-08,3008,0,Foreign_Dealer_Self,0
2026-05-08,3008,1,Investment_Trust,128
2026-05-08,3008,16400,Dealer_self,34926
2026-05-08,3008,35742,Dealer_Hedging,47806
2026-05-08,3008,564840,Foreign_Investor,622793
2026-05-11,3008,360131,Foreign_Investor,359901
2026-05-11,3008,0,Foreign_Dealer_Self,0
2026-05-11,3008,1000,Investment_Trust,18181
2026-05-11,3008,1000,Dealer_self,27356
2026-05-11,3008,16236,Dealer_Hedging,27974
2026-05-12,3008,980385,Foreign_Investor,752379
2026-05-12,3008,0,Foreign_Dealer_Self,0
2026-05-12,3008,48169,Dealer_self,25000
2026-05-12,3008,293218,Dealer_Hedging,113881
2026-05-12,3008,159000,Investment_Trust,5000
2026-05-13,3008,1726752,Foreign_Investor,1527631
2026-05-13,3008,0,Foreign_Dealer_Self,0
2026-05-13,3008,16387,Investment_Trust,0
2026-05-13,3008,19263,Dealer_self,49776
2026-05-13,3008,114814,Dealer_Hedging,212584
2026-05-14,3008,1271835,Foreign_Investor,639043
2026-05-14,3008,0,Foreign_Dealer_Self,0
2026-05-14,3008,343000,Investment_Trust,23128
2026-05-14,3008,31380,Dealer_self,11000
2026-05-14,3008,278338,Dealer_Hedging,144746
2026-05-15,3008,1121204,Foreign_Investor,502103
2026-05-15,3008,0,Foreign_Dealer_Self,0
2026-05-15,3008,140,Investment_Trust,3058
2026-05-15,3008,11069,Dealer_self,28000
2026-05-15,3008,210896,Dealer_Hedging,57428
2026-05-18,3008,2139536,Foreign_Investor,1277349
2026-05-18,3008,0,Foreign_Dealer_Self,0
2026-05-18,3008,0,Investment_Trust,0
2026-05-18,3008,40024,Dealer_self,55514
2026-05-18,3008,234094,Dealer_Hedging,402756
2026-05-19,3008,0,Foreign_Dealer_Self,0
2026-05-19,3008,253000,Investment_Trust,3267
2026-05-19,3008,66867,Dealer_self,70000
2026-05-19,3008,293793,Dealer_Hedging,246104
2026-05-19,3008,1866370,Foreign_Investor,1540943
2026-05-20,3008,143038,Foreign_Investor,396696
2026-05-20,3008,0,Foreign_Dealer_Self,0
2026-05-20,3008,125000,Investment_Trust,4255
2026-05-20,3008,8000,Dealer_self,4190
2026-05-20,3008,38859,Dealer_Hedging,153035
2026-05-21,3008,284305,Foreign_Investor,141374
2026-05-21,3008,0,Foreign_Dealer_Self,0
2026-05-21,3008,24000,Investment_Trust,0
2026-05-21,3008,55870,Dealer_self,2807
2026-05-21,3008,132168,Dealer_Hedging,38980
2026-05-22,3008,379062,Foreign_Investor,380036
2026-05-22,3008,0,Foreign_Dealer_Self,0
2026-05-22,3008,5000,Investment_Trust,2128
2026-05-22,3008,5000,Dealer_self,16069
2026-05-22,3008,52695,Dealer_Hedging,26249
2026-05-25,3008,261558,Foreign_Investor,319828
2026-05-25,3008,0,Foreign_Dealer_Self,0
2026-05-25,3008,9000,Investment_Trust,0
2026-05-25,3008,37000,Dealer_self,5000
2026-05-25,3008,94467,Dealer_Hedging,48487
2026-05-26,3008,110944,Foreign_Investor,412992
2026-05-26,3008,0,Foreign_Dealer_Self,0
2026-05-26,3008,4000,Investment_Trust,16158
2026-05-26,3008,11060,Dealer_self,9200
2026-05-26,3008,28950,Dealer_Hedging,123289
2026-05-27,3008,261653,Foreign_Investor,380653
2026-05-27,3008,0,Foreign_Dealer_Self,0
2026-05-27,3008,1230,Investment_Trust,1000
2026-05-27,3008,28100,Dealer_self,10000
2026-05-27,3008,82553,Dealer_Hedging,108968
2026-05-28,3008,497738,Foreign_Investor,445917
2026-05-28,3008,0,Foreign_Dealer_Self,0
2026-05-28,3008,1000,Investment_Trust,10000
2026-05-28,3008,23000,Dealer_self,50200
2026-05-28,3008,87851,Dealer_Hedging,105980
2026-05-29,3008,753893,Foreign_Investor,979527
2026-05-29,3008,0,Foreign_Dealer_Self,0
2026-05-29,3008,0,Investment_Trust,7125
2026-05-29,3008,16200,Dealer_self,2000
2026-05-29,3008,84348,Dealer_Hedging,37014
2026-06-01,3008,0,Foreign_Dealer_Self,0
2026-06-01,3008,2000,Investment_Trust,0
2026-06-01,3008,9020,Dealer_self,8200
2026-06-01,3008,78972,Dealer_Hedging,40251
2026-06-01,3008,445281,Foreign_Investor,340868
2026-06-02,3008,0,Foreign_Dealer_Self,0
2026-06-02,3008,0,Investment_Trust,3255
2026-06-02,3008,10000,Dealer_self,19000
2026-06-02,3008,55496,Dealer_Hedging,45315
2026-06-02,3008,613142,Foreign_Investor,753748
2026-06-03,3008,771193,Foreign_Investor,1134965
2026-06-03,3008,0,Foreign_Dealer_Self,0
2026-06-03,3008,46250,Dealer_self,49991
2026-06-03,3008,129455,Dealer_Hedging,137477
2026-06-03,3008,204000,Investment_Trust,275
2026-06-04,3008,937579,Foreign_Investor,950578
2026-06-04,3008,0,Foreign_Dealer_Self,0
2026-06-04,3008,192000,Investment_Trust,168020
2026-06-04,3008,30628,Dealer_self,53844
2026-06-04,3008,119038,Dealer_Hedging,119042
2026-06-05,3008,855891,Foreign_Investor,826815
2026-06-05,3008,0,Foreign_Dealer_Self,0
2026-06-05,3008,13000,Investment_Trust,160585
2026-06-05,3008,33000,Dealer_self,64916
2026-06-05,3008,85117,Dealer_Hedging,116666
2026-06-08,3008,1564162,Foreign_Investor,1078068
2026-06-08,3008,0,Foreign_Dealer_Self,0
2026-06-08,3008,6000,Investment_Trust,32070
2026-06-08,3008,12000,Dealer_self,39412
2026-06-08,3008,142309,Dealer_Hedging,250913
2026-06-09,3008,538024,Foreign_Investor,897311
2026-06-09,3008,0,Foreign_Dealer_Self,0
2026-06-09,3008,7000,Dealer_self,30372
2026-06-09,3008,168088,Dealer_Hedging,50624
2026-06-09,3008,108000,Investment_Trust,57
2026-06-10,3008,0,Foreign_Dealer_Self,0
2026-06-10,3008,2117044,Foreign_Investor,1194308
2026-06-10,3008,153000,Investment_Trust,63
2026-06-10,3008,40350,Dealer_self,41510
2026-06-10,3008,255110,Dealer_Hedging,383882
2026-06-11,3008,1383024,Foreign_Investor,2066509
2026-06-11,3008,0,Foreign_Dealer_Self,0
2026-06-11,3008,27827,Dealer_self,35084
2026-06-11,3008,140449,Dealer_Hedging,128326
2026-06-11,3008,97020,Investment_Trust,2000
2026-06-12,3008,0,Foreign_Dealer_Self,0
2026-06-12,3008,882103,Foreign_Investor,1560593
2026-06-12,3008,221000,Investment_Trust,1148
2026-06-12,3008,52000,Dealer_self,18100
2026-06-12,3008,234359,Dealer_Hedging,181397
2026-06-15,3008,1281732,Foreign_Investor,873436
2026-06-15,3008,0,Foreign_Dealer_Self,0
2026-06-15,3008,21262,Dealer_self,16000
2026-06-15,3008,207818,Dealer_Hedging,148896
2026-06-15,3008,147062,Investment_Trust,1000
2026-06-16,3008,0,Foreign_Dealer_Self,0
2026-06-16,3008,782252,Foreign_Investor,997387
2026-06-16,3008,137000,Investment_Trust,702
2026-06-16,3008,44532,Dealer_self,16000
2026-06-16,3008,137837,Dealer_Hedging,82163
2026-06-17,3008,0,Foreign_Dealer_Self,0
2026-06-17,3008,2166252,Foreign_Investor,1854584
2026-06-17,3008,483000,Investment_Trust,12166
2026-06-17,3008,120427,Dealer_self,23600
2026-06-17,3008,77097,Dealer_Hedging,185480
2026-06-18,3008,0,Foreign_Dealer_Self,0
2026-06-18,3008,1271595,Foreign_Investor,1460120
2026-06-18,3008,282063,Investment_Trust,97600
2026-06-18,3008,82246,Dealer_self,23000
2026-06-18,3008,35695,Dealer_Hedging,44382
2026-06-19,3008,0,Foreign_Dealer_Self,0
2026-06-19,3008,553051,Foreign_Investor,366488
2026-06-19,3008,3000,Investment_Trust,34600
2026-06-19,3008,7000,Dealer_self,5000
2026-06-19,3008,29000,Dealer_Hedging,6000
2026-06-22,3008,744257,Foreign_Investor,735348
2026-06-22,3008,0,Foreign_Dealer_Self,0
2026-06-22,3008,21530,Dealer_self,30000
2026-06-22,3008,47719,Dealer_Hedging,17255
2026-06-22,3008,0,Investment_Trust,1400
2026-06-23,3008,785601,Foreign_Investor,856397
2026-06-23,3008,0,Foreign_Dealer_Self,0
2026-06-23,3008,18266,Dealer_self,28496
2026-06-23,3008,51139,Dealer_Hedging,64884
2026-06-23,3008,10037,Investment_Trust,7000
2026-06-24,3008,0,Foreign_Dealer_Self,0
2026-06-24,3008,20000,Investment_Trust,10000
2026-06-24,3008,11000,Dealer_self,37757
2026-06-24,3008,48350,Dealer_Hedging,58939
2026-06-24,3008,1123188,Foreign_Investor,994840
2026-06-25,3008,0,Foreign_Dealer_Self,0
2026-06-25,3008,1078403,Foreign_Investor,1771114
2026-06-25,3008,198100,Investment_Trust,1254
2026-06-25,3008,78218,Dealer_self,30468
2026-06-25,3008,81866,Dealer_Hedging,61078
2026-06-26,3008,0,Foreign_Dealer_Self,0
2026-06-26,3008,1079916,Foreign_Investor,1253220
2026-06-26,3008,14018,Investment_Trust,152000
2026-06-26,3008,43293,Dealer_self,46747
2026-06-26,3008,148098,Dealer_Hedging,181216
2026-06-29,3008,1637865,Foreign_Investor,1449524
2026-06-29,3008,0,Foreign_Dealer_Self,0
2026-06-29,3008,1055,Investment_Trust,282000
2026-06-29,3008,56000,Dealer_self,57945
2026-06-29,3008,149144,Dealer_Hedging,139606
2026-06-30,3008,0,Foreign_Dealer_Self,0
2026-06-30,3008,171000,Investment_Trust,171000
2026-06-30,3008,71628,Dealer_self,25031
2026-06-30,3008,190783,Dealer_Hedging,159564
2026-06-30,3008,986431,Foreign_Investor,2088752
2026-07-01,3008,835870,Foreign_Investor,1061578
2026-07-01,3008,0,Foreign_Dealer_Self,0
2026-07-01,3008,34000,Investment_Trust,227614
2026-07-01,3008,51000,Dealer_self,39691
2026-07-01,3008,87226,Dealer_Hedging,68077
2026-07-02,3008,455042,Foreign_Investor,756357
2026-07-02,3008,0,Foreign_Dealer_Self,0
2026-07-02,3008,34037,Investment_Trust,156110
2026-07-02,3008,32285,Dealer_self,34798
2026-07-02,3008,131959,Dealer_Hedging,68101
2026-07-03,3008,0,Foreign_Dealer_Self,0
2026-07-03,3008,371375,Foreign_Investor,673242
2026-07-03,3008,47436,Investment_Trust,176500
2026-07-03,3008,16000,Dealer_self,19600
2026-07-03,3008,140018,Dealer_Hedging,79847
2026-07-06,3008,851940,Foreign_Investor,762789
2026-07-06,3008,0,Foreign_Dealer_Self,0
2026-07-06,3008,6110,Investment_Trust,166500
2026-07-06,3008,25000,Dealer_self,31800
2026-07-06,3008,121957,Dealer_Hedging,118217
2026-07-07,3008,967184,Foreign_Investor,700159
2026-07-07,3008,0,Foreign_Dealer_Self,0
2026-07-07,3008,1100,Investment_Trust,173086
2026-07-07,3008,23000,Dealer_self,75000
2026-07-07,3008,121258,Dealer_Hedging,190287
2026-07-08,3008,677944,Foreign_Investor,878107
2026-07-08,3008,0,Foreign_Dealer_Self,0
2026-07-08,3008,13000,Dealer_self,35000
2026-07-08,3008,64439,Dealer_Hedging,71020
2026-07-08,3008,1257,Investment_Trust,10000
2026-07-09,3008,400879,Foreign_Investor,886128
2026-07-09,3008,0,Foreign_Dealer_Self,0
2026-07-09,3008,23118,Investment_Trust,379
2026-07-09,3008,32000,Dealer_self,28619
2026-07-09,3008,62872,Dealer_Hedging,53006
