date,stock_id,buy,name,sell
2024-07-01,2454,0,Foreign_Dealer_Self,0
2024-07-01,2454,137144,Investment_Trust,368882
2024-07-01,2454,102618,Dealer_self,17300
2024-07-01,2454,146053,Dealer_Hedging,28449
2024-07-01,2454,2495397,Foreign_Investor,2435741
2024-07-02,2454,2900065,Foreign_Investor,2949635
2024-07-02,2454,0,Foreign_Dealer_Self,0
2024-07-02,2454,55000,Dealer_self,50281
2024-07-02,2454,128087,Dealer_Hedging,113041
2024-07-02,2454,506000,Investment_Trust,357264
2024-07-03,2454,2628198,Foreign_Investor,2911938
2024-07-03,2454,0,Foreign_Dealer_Self,0
2024-07-03,2454,810000,Investment_Trust,422645
2024-07-03,2454,64624,Dealer_self,32184
2024-07-03,2454,79143,Dealer_Hedging,118627
2024-07-04,2454,1976777,Foreign_Investor,1349476
2024-07-04,2454,0,Foreign_Dealer_Self,0
2024-07-04,2454,287641,Investment_Trust,3604693
2024-07-04,2454,119259,Dealer_self,692597
2024-07-04,2454,340028,Dealer_Hedging,244302
2024-07-05,2454,0,Foreign_Dealer_Self,0
2024-07-05,2454,108000,Dealer_self,167319
2024-07-05,2454,285227,Dealer_Hedging,241459
2024-07-05,2454,1511052,Foreign_Investor,2826696
2024-07-05,2454,100055,Investment_Trust,1887555
2024-07-08,2454,0,Foreign_Dealer_Self,0
2024-07-08,2454,16000,Dealer_self,193647
2024-07-08,2454,229208,Dealer_Hedging,81446
2024-07-08,2454,4421744,Foreign_Investor,3046831
2024-07-08,2454,147000,Investment_Trust,70808
2024-07-09,2454,4895145,Foreign_Investor,3626058
2024-07-09,2454,0,Foreign_Dealer_Self,0
2024-07-09,2454,1624000,Investment_Trust,51340
2024-07-09,2454,68100,Dealer_self,137000
2024-07-09,2454,157276,Dealer_Hedging,252240
2024-07-10,2454,0,Foreign_Dealer_Self,0
2024-07-10,2454,59000,Dealer_self,97136
2024-07-10,2454,63963,Dealer_Hedging,109487
2024-07-10,2454,2334891,Foreign_Investor,3422569
2024-07-10,2454,283000,Investment_Trust,194300
2024-07-11,2454,0,Foreign_Dealer_Self,0
2024-07-11,2454,280000,Investment_Trust,265000
2024-07-11,2454,17000,Dealer_self,32200
2024-07-11,2454,92236,Dealer_Hedging,66124
2024-07-11,2454,2424532,Foreign_Investor,2380641
2024-07-12,2454,1974288,Foreign_Investor,4188583
2024-07-12,2454,0,Foreign_Dealer_Self,0
2024-07-12,2454,827996,Investment_Trust,20000
2024-07-12,2454,93000,Dealer_self,254768
2024-07-12,2454,432697,Dealer_Hedging,436751
2024-07-15,2454,0,Foreign_Dealer_Self,0
2024-07-15,2454,409999,Investment_Trust,231000
2024-07-15,2454,49000,Dealer_self,45995
2024-07-15,2454,132314,Dealer_Hedging,113631
2024-07-15,2454,1567738,Foreign_Investor,1325243
2024-07-16,2454,0,Foreign_Dealer_Self,0
2024-07-16,2454,31000,Dealer_self,25999
2024-07-16,2454,201038,Dealer_Hedging,143301
2024-07-16,2454,2530424,Foreign_Investor,3275738
2024-07-16,2454,414638,Investment_Trust,248362
2024-07-17,2454,0,Foreign_Dealer_Self,0
2024-07-17,2454,604054,Investment_Trust,271241
2024-07-17,2454,107000,Dealer_self,53409
2024-07-17,2454,212159,Dealer_Hedging,228555
2024-07-17,2454,2656861,Foreign_Investor,3959282
2024-07-18,2454,0,Foreign_Dealer_Self,0
2024-07-18,2454,120000,Dealer_self,148698
2024-07-18,2454,349803,Dealer_Hedging,251645
2024-07-18,2454,4483924,Foreign_Investor,6418346
2024-07-18,2454,1141579,Investment_Trust,566500
2024-07-19,2454,0,Foreign_Dealer_Self,0
2024-07-19,2454,380794,Investment_Trust,69000
2024-07-19,2454,51000,Dealer_self,140000
2024-07-19,2454,167017,Dealer_Hedging,82459
2024-07-19,2454,3305099,Foreign_Investor,3950300
2024-07-22,2454,2850164,Foreign_Investor,3366294
2024-07-22,2454,0,Foreign_Dealer_Self,0
2024-07-22,2454,621487,Investment_Trust,312500
2024-07-22,2454,268243,Dealer_self,124998
2024-07-22,2454,230637,Dealer_Hedging,227102
2024-07-23,2454,0,Foreign_Dealer_Self,0
2024-07-23,2454,53300,Dealer_self,18000
2024-07-23,2454,206938,Dealer_Hedging,106846
2024-07-23,2454,3848592,Foreign_Investor,4137200
2024-07-23,2454,439399,Investment_Trust,288000
2024-07-26,2454,0,Foreign_Dealer_Self,0
2024-07-26,2454,115000,Dealer_self,163314
2024-07-26,2454,282875,Dealer_Hedging,227884
2024-07-26,2454,5147236,Foreign_Investor,7724882
2024-07-26,2454,587023,Investment_Trust,330000
2024-07-29,2454,2395842,Foreign_Investor,3066499
2024-07-29,2454,0,Foreign_Dealer_Self,0
2024-07-29,2454,39000,Dealer_self,97000
2024-07-29,2454,68515,Dealer_Hedging,119124
2024-07-29,2454,410590,Investment_Trust,20000
2024-07-30,2454,0,Foreign_Dealer_Self,0
2024-07-30,2454,151000,Dealer_self,113712
2024-07-30,2454,170684,Dealer_Hedging,86726
2024-07-30,2454,1831420,Foreign_Investor,2390022
2024-07-30,2454,596003,Investment_Trust,11000
2024-07-31,2454,0,Foreign_Dealer_Self,0
2024-07-31,2454,416300,Investment_Trust,257000
2024-07-31,2454,42000,Dealer_self,61782
2024-07-31,2454,248233,Dealer_Hedging,188372
2024-07-31,2454,2874969,Foreign_Investor,4696752
2024-08-01,2454,3601057,Foreign_Investor,8328422
2024-08-01,2454,0,Foreign_Dealer_Self,0
2024-08-01,2454,77000,Dealer_self,85433
2024-08-01,2454,233824,Dealer_Hedging,466028
2024-08-01,2454,335628,Investment_Trust,926000
2024-08-02,2454,7047281,Foreign_Investor,8637813
2024-08-02,2454,0,Foreign_Dealer_Self,0
2024-08-02,2454,164380,Dealer_self,254396
2024-08-02,2454,405576,Dealer_Hedging,399908
2024-08-02,2454,544293,Investment_Trust,228500
2024-08-05,2454,0,Foreign_Dealer_Self,0
2024-08-05,2454,1266079,Investment_Trust,104000
2024-08-05,2454,161652,Dealer_self,598935
2024-08-05,2454,273022,Dealer_Hedging,493088
2024-08-05,2454,11416037,Foreign_Investor,14536882
2024-08-06,2454,9168508,Foreign_Investor,7809108
2024-08-06,2454,0,Foreign_Dealer_Self,0
2024-08-06,2454,583211,Investment_Trust,88000
2024-08-06,2454,164230,Dealer_self,232000
2024-08-06,2454,437424,Dealer_Hedging,327545
2024-08-07,2454,7116460,Foreign_Investor,7237566
2024-08-07,2454,0,Foreign_Dealer_Self,0
2024-08-07,2454,283146,Investment_Trust,29834
2024-08-07,2454,54998,Dealer_self,102000
2024-08-07,2454,87088,Dealer_Hedging,77445
2024-08-08,2454,0,Foreign_Dealer_Self,0
2024-08-08,2454,537459,Investment_Trust,1973
2024-08-08,2454,74997,Dealer_self,114984
2024-08-08,2454,81225,Dealer_Hedging,123050
2024-08-08,2454,4510957,Foreign_Investor,6485888
2024-08-09,2454,4054847,Foreign_Investor,4530256
2024-08-09,2454,0,Foreign_Dealer_Self,0
2024-08-09,2454,131312,Investment_Trust,31271
2024-08-09,2454,19000,Dealer_self,139400
2024-08-09,2454,39378,Dealer_Hedging,64883
2024-08-12,2454,2648443,Foreign_Investor,2273390
2024-08-12,2454,0,Foreign_Dealer_Self,0
2024-08-12,2454,203962,Investment_Trust,38417
2024-08-12,2454,14000,Dealer_self,62158
2024-08-12,2454,31522,Dealer_Hedging,69469
2024-08-13,2454,1876069,Foreign_Investor,2366744
2024-08-13,2454,0,Foreign_Dealer_Self,0
2024-08-13,2454,194329,Investment_Trust,67000
2024-08-13,2454,36000,Dealer_self,83523
2024-08-13,2454,16443,Dealer_Hedging,88257
2024-08-14,2454,2800058,Foreign_Investor,2551101
2024-08-14,2454,0,Foreign_Dealer_Self,0
2024-08-14,2454,265167,Investment_Trust,11351
2024-08-14,2454,5000,Dealer_self,79000
2024-08-14,2454,25980,Dealer_Hedging,64214
2024-08-15,2454,0,Foreign_Dealer_Self,0
2024-08-15,2454,87000,Investment_Trust,290589
2024-08-15,2454,24000,Dealer_self,37000
2024-08-15,2454,11548,Dealer_Hedging,66206
2024-08-15,2454,1003783,Foreign_Investor,1907178
2024-08-16,2454,4529209,Foreign_Investor,2415562
2024-08-16,2454,0,Foreign_Dealer_Self,0
2024-08-16,2454,72055,Dealer_self,35000
2024-08-16,2454,231926,Dealer_Hedging,238386
2024-08-16,2454,275638,Investment_Trust,50930
2024-08-19,2454,0,Foreign_Dealer_Self,0
2024-08-19,2454,155000,Investment_Trust,126206
2024-08-19,2454,14000,Dealer_self,120000
2024-08-19,2454,63255,Dealer_Hedging,290700
2024-08-19,2454,3304280,Foreign_Investor,3710320
2024-08-20,2454,1960048,Foreign_Investor,2605366
2024-08-20,2454,0,Foreign_Dealer_Self,0
2024-08-20,2454,230000,Investment_Trust,60279
2024-08-20,2454,0,Dealer_self,65876
2024-08-20,2454,23585,Dealer_Hedging,67519
2024-08-21,2454,0,Foreign_Dealer_Self,0
2024-08-21,2454,150000,Investment_Trust,3140
2024-08-21,2454,82000,Dealer_self,210217
2024-08-21,2454,63288,Dealer_Hedging,571508
2024-08-21,2454,2540679,Foreign_Investor,2678434
2024-08-22,2454,1340865,Foreign_Investor,1691722
2024-08-22,2454,0,Foreign_Dealer_Self,0
2024-08-22,2454,42140,Investment_Trust,10140
2024-08-22,2454,7000,Dealer_self,16000
2024-08-22,2454,19208,Dealer_Hedging,38824
2024-08-23,2454,1804946,Foreign_Investor,2548014
2024-08-23,2454,0,Foreign_Dealer_Self,0
2024-08-23,2454,26715,Dealer_self,14000
2024-08-23,2454,66482,Dealer_Hedging,51185
2024-08-23,2454,314281,Investment_Trust,12140
2024-08-26,2454,1637225,Foreign_Investor,2620070
2024-08-26,2454,0,Foreign_Dealer_Self,0
2024-08-26,2454,120063,Investment_Trust,21140
2024-08-26,2454,43000,Dealer_self,20000
2024-08-26,2454,32968,Dealer_Hedging,83050
2024-08-27,2454,2225194,Foreign_Investor,2860117
2024-08-27,2454,0,Foreign_Dealer_Self,0
2024-08-27,2454,316000,Investment_Trust,49640
2024-08-27,2454,31000,Dealer_self,71782
2024-08-27,2454,49977,Dealer_Hedging,48974
2024-08-28,2454,0,Foreign_Dealer_Self,0
2024-08-28,2454,57421,Investment_Trust,67140
2024-08-28,2454,87800,Dealer_self,12217
2024-08-28,2454,48784,Dealer_Hedging,58188
2024-08-28,2454,2526496,Foreign_Investor,3524176
2024-08-29,2454,3223005,Foreign_Investor,2335618
2024-08-29,2454,0,Foreign_Dealer_Self,0
2024-08-29,2454,180811,Investment_Trust,22000
2024-08-29,2454,13200,Dealer_self,47000
2024-08-29,2454,186384,Dealer_Hedging,193619
2024-08-30,2454,0,Foreign_Dealer_Self,0
2024-08-30,2454,196281,Investment_Trust,9000
2024-08-30,2454,22035,Dealer_self,8000
2024-08-30,2454,30837,Dealer_Hedging,94054
2024-08-30,2454,3609851,Foreign_Investor,4132377
2024-09-02,2454,0,Foreign_Dealer_Self,0
2024-09-02,2454,147872,Investment_Trust,19579
2024-09-02,2454,41000,Dealer_self,0
2024-09-02,2454,44311,Dealer_Hedging,65325
2024-09-02,2454,1701005,Foreign_Investor,1473936
2024-09-03,2454,0,Foreign_Dealer_Self,0
2024-09-03,2454,532599,Investment_Trust,36000
2024-09-03,2454,110000,Dealer_self,107000
2024-09-03,2454,46803,Dealer_Hedging,65276
2024-09-03,2454,1514673,Foreign_Investor,1675359
2024-09-04,2454,0,Foreign_Dealer_Self,0
2024-09-04,2454,277000,Dealer_self,453201
2024-09-04,2454,396427,Dealer_Hedging,351529
2024-09-04,2454,3907698,Foreign_Investor,6331091
2024-09-04,2454,603007,Investment_Trust,46800
2024-09-05,2454,0,Foreign_Dealer_Self,0
2024-09-05,2454,344040,Investment_Trust,13279
2024-09-05,2454,155000,Dealer_self,178175
2024-09-05,2454,96000,Dealer_Hedging,217840
2024-09-05,2454,3907313,Foreign_Investor,6966645
2024-09-06,2454,0,Foreign_Dealer_Self,0
2024-09-06,2454,279674,Investment_Trust,69752
2024-09-06,2454,53000,Dealer_self,73000
2024-09-06,2454,45797,Dealer_Hedging,46641
2024-09-06,2454,2855987,Foreign_Investor,2882053
2024-09-09,2454,3167064,Foreign_Investor,5641653
2024-09-09,2454,0,Foreign_Dealer_Self,0
2024-09-09,2454,733807,Investment_Trust,38279
2024-09-09,2454,191000,Dealer_self,195000
2024-09-09,2454,117828,Dealer_Hedging,170615
2024-09-10,2454,0,Foreign_Dealer_Self,0
2024-09-10,2454,52000,Dealer_self,39000
2024-09-10,2454,68496,Dealer_Hedging,55784
2024-09-10,2454,3542039,Foreign_Investor,2560447
2024-09-10,2454,152315,Investment_Trust,16279
2024-09-11,2454,2185597,Foreign_Investor,2582327
2024-09-11,2454,0,Foreign_Dealer_Self,0
2024-09-11,2454,293073,Investment_Trust,51000
2024-09-11,2454,79000,Dealer_self,84100
2024-09-11,2454,60924,Dealer_Hedging,63762
2024-09-12,2454,0,Foreign_Dealer_Self,0
2024-09-12,2454,249540,Investment_Trust,25279
2024-09-12,2454,71000,Dealer_self,13000
2024-09-12,2454,45753,Dealer_Hedging,32159
2024-09-12,2454,2685669,Foreign_Investor,2512514
2024-09-13,2454,1157326,Foreign_Investor,2423027
2024-09-13,2454,0,Foreign_Dealer_Self,0
2024-09-13,2454,197586,Investment_Trust,23000
2024-09-13,2454,12000,Dealer_self,32500
2024-09-13,2454,78550,Dealer_Hedging,85344
2024-09-16,2454,1828912,Foreign_Investor,2409312
2024-09-16,2454,0,Foreign_Dealer_Self,0
2024-09-16,2454,172153,Investment_Trust,134140
2024-09-16,2454,43499,Dealer_self,23499
2024-09-16,2454,64531,Dealer_Hedging,74154
2024-09-18,2454,0,Foreign_Dealer_Self,0
2024-09-18,2454,1390999,Investment_Trust,479500
2024-09-18,2454,64000,Dealer_self,176353
2024-09-18,2454,129240,Dealer_Hedging,395611
2024-09-18,2454,2372655,Foreign_Investor,5343435
2024-09-19,2454,2960388,Foreign_Investor,5275792
2024-09-19,2454,0,Foreign_Dealer_Self,0
2024-09-19,2454,1263129,Investment_Trust,273000
2024-09-19,2454,146300,Dealer_self,91000
2024-09-19,2454,118229,Dealer_Hedging,46876
2024-09-20,2454,0,Foreign_Dealer_Self,0
2024-09-20,2454,1478141,Investment_Trust,286667
2024-09-20,2454,36000,Dealer_self,42736
2024-09-20,2454,98398,Dealer_Hedging,77113
2024-09-20,2454,5430887,Foreign_Investor,6298677
2024-09-23,2454,0,Foreign_Dealer_Self,0
2024-09-23,2454,1499000,Investment_Trust,66000
2024-09-23,2454,105200,Dealer_self,64000
2024-09-23,2454,46560,Dealer_Hedging,66849
2024-09-23,2454,1820254,Foreign_Investor,2944922
2024-09-24,2454,0,Foreign_Dealer_Self,0
2024-09-24,2454,1441422,Investment_Trust,163013
2024-09-24,2454,85209,Dealer_self,31000
2024-09-24,2454,125401,Dealer_Hedging,57438
2024-09-24,2454,4033863,Foreign_Investor,3722754
2024-09-25,2454,0,Foreign_Dealer_Self,0
2024-09-25,2454,254000,Dealer_self,52000
2024-09-25,2454,87920,Dealer_Hedging,45735
2024-09-25,2454,6490664,Foreign_Investor,7684871
2024-09-25,2454,1494000,Investment_Trust,315595
2024-09-26,2454,5145823,Foreign_Investor,4571651
2024-09-26,2454,0,Foreign_Dealer_Self,0
2024-09-26,2454,1506000,Investment_Trust,205651
2024-09-26,2454,142399,Dealer_self,37001
2024-09-26,2454,317026,Dealer_Hedging,117419
2024-09-27,2454,0,Foreign_Dealer_Self,0
2024-09-27,2454,95000,Dealer_self,34719
2024-09-27,2454,88423,Dealer_Hedging,72941
2024-09-27,2454,4811051,Foreign_Investor,5458006
2024-09-27,2454,1050703,Investment_Trust,205005
2024-09-30,2454,0,Foreign_Dealer_Self,0
2024-09-30,2454,95281,Investment_Trust,272777
2024-09-30,2454,60000,Dealer_self,127000
2024-09-30,2454,160475,Dealer_Hedging,163692
2024-09-30,2454,4405185,Foreign_Investor,6885309
2024-10-01,2454,0,Foreign_Dealer_Self,0
2024-10-01,2454,573886,Investment_Trust,2000
2024-10-01,2454,60000,Dealer_self,35000
2024-10-01,2454,146005,Dealer_Hedging,82665
2024-10-01,2454,3268138,Foreign_Investor,4154672
2024-10-04,2454,0,Foreign_Dealer_Self,0
2024-10-04,2454,355514,Investment_Trust,6013
2024-10-04,2454,94000,Dealer_self,167000
2024-10-04,2454,146208,Dealer_Hedging,111752
2024-10-04,2454,5242709,Foreign_Investor,5116515
2024-10-07,2454,0,Foreign_Dealer_Self,0
2024-10-07,2454,621743,Investment_Trust,5000
2024-10-07,2454,340000,Dealer_self,82000
2024-10-07,2454,382834,Dealer_Hedging,80402
2024-10-07,2454,4445046,Foreign_Investor,5838554
2024-10-08,2454,0,Foreign_Dealer_Self,0
2024-10-08,2454,64000,Dealer_self,50000
2024-10-08,2454,150399,Dealer_Hedging,79801
2024-10-08,2454,2630750,Foreign_Investor,3590207
2024-10-08,2454,249465,Investment_Trust,44780
2024-10-09,2454,3698362,Foreign_Investor,2815998
2024-10-09,2454,0,Foreign_Dealer_Self,0
2024-10-09,2454,30627,Dealer_self,119277
2024-10-09,2454,54606,Dealer_Hedging,151490
2024-10-09,2454,97141,Investment_Trust,23003
2024-10-11,2454,0,Foreign_Dealer_Self,0
2024-10-11,2454,207083,Investment_Trust,20553
2024-10-11,2454,116400,Dealer_self,28000
2024-10-11,2454,351501,Dealer_Hedging,219511
2024-10-11,2454,7724677,Foreign_Investor,4061787
2024-10-14,2454,1973241,Foreign_Investor,2253520
2024-10-14,2454,0,Foreign_Dealer_Self,0
2024-10-14,2454,331846,Investment_Trust,1778
2024-10-14,2454,36999,Dealer_self,28000
2024-10-14,2454,57203,Dealer_Hedging,126751
2024-10-15,2454,0,Foreign_Dealer_Self,0
2024-10-15,2454,223203,Investment_Trust,8221
2024-10-15,2454,60767,Dealer_self,25000
2024-10-15,2454,61227,Dealer_Hedging,33069
2024-10-15,2454,3411866,Foreign_Investor,3407996
2024-10-16,2454,0,Foreign_Dealer_Self,0
2024-10-16,2454,170949,Investment_Trust,79016
2024-10-16,2454,122500,Dealer_self,28000
2024-10-16,2454,179159,Dealer_Hedging,106735
2024-10-16,2454,4985770,Foreign_Investor,5525336
2024-10-17,2454,0,Foreign_Dealer_Self,0
2024-10-17,2454,219000,Investment_Trust,147000
2024-10-17,2454,158000,Dealer_self,24400
2024-10-17,2454,122140,Dealer_Hedging,29201
2024-10-17,2454,2271972,Foreign_Investor,3311045
2024-10-18,2454,0,Foreign_Dealer_Self,0
2024-10-18,2454,174281,Investment_Trust,111005
2024-10-18,2454,113284,Dealer_self,36000
2024-10-18,2454,298923,Dealer_Hedging,196939
2024-10-18,2454,5793761,Foreign_Investor,3391834
2024-10-21,2454,0,Foreign_Dealer_Self,0
2024-10-21,2454,240281,Investment_Trust,88003
2024-10-21,2454,168098,Dealer_self,15097
2024-10-21,2454,109389,Dealer_Hedging,70266
2024-10-21,2454,3262937,Foreign_Investor,3618647
2024-10-22,2454,0,Foreign_Dealer_Self,0
2024-10-22,2454,181238,Investment_Trust,62003
2024-10-22,2454,40000,Dealer_self,49185
2024-10-22,2454,19758,Dealer_Hedging,112656
2024-10-22,2454,2398292,Foreign_Investor,3223507
2024-10-23,2454,0,Foreign_Dealer_Self,0
2024-10-23,2454,55000,Dealer_self,122503
2024-10-23,2454,49331,Dealer_Hedging,38935
2024-10-23,2454,3493865,Foreign_Investor,2903537
2024-10-23,2454,112686,Investment_Trust,253013
2024-10-24,2454,0,Foreign_Dealer_Self,0
2024-10-24,2454,46689,Investment_Trust,99003
2024-10-24,2454,74000,Dealer_self,155301
2024-10-24,2454,59015,Dealer_Hedging,89252
2024-10-24,2454,2493022,Foreign_Investor,2259460
2024-10-25,2454,0,Foreign_Dealer_Self,0
2024-10-25,2454,73904,Investment_Trust,194003
2024-10-25,2454,27200,Dealer_self,7000
2024-10-25,2454,137513,Dealer_Hedging,124147
2024-10-25,2454,5169008,Foreign_Investor,3165899
2024-10-28,2454,0,Foreign_Dealer_Self,0
2024-10-28,2454,141242,Investment_Trust,24003
2024-10-28,2454,43000,Dealer_self,21000
2024-10-28,2454,112060,Dealer_Hedging,97068
2024-10-28,2454,4011144,Foreign_Investor,2670152
2024-10-29,2454,0,Foreign_Dealer_Self,0
2024-10-29,2454,90000,Dealer_self,108100
2024-10-29,2454,172024,Dealer_Hedging,107969
2024-10-29,2454,1947150,Foreign_Investor,3316639
2024-10-29,2454,718090,Investment_Trust,21003
2024-10-30,2454,0,Foreign_Dealer_Self,0
2024-10-30,2454,195074,Investment_Trust,10003
2024-10-30,2454,39000,Dealer_self,86000
2024-10-30,2454,83779,Dealer_Hedging,53752
2024-10-30,2454,3102495,Foreign_Investor,2837730
2024-11-01,2454,0,Foreign_Dealer_Self,0
2024-11-01,2454,117000,Dealer_self,172999
2024-11-01,2454,131822,Dealer_Hedging,130742
2024-11-01,2454,5997090,Foreign_Investor,7221750
2024-11-01,2454,669944,Investment_Trust,61000
2024-11-04,2454,1033401,Foreign_Investor,2036691
2024-11-04,2454,0,Foreign_Dealer_Self,0
2024-11-04,2454,3000,Dealer_self,18000
2024-11-04,2454,44251,Dealer_Hedging,140690
2024-11-04,2454,268960,Investment_Trust,27000
2024-11-05,2454,1147739,Foreign_Investor,2327442
2024-11-05,2454,0,Foreign_Dealer_Self,0
2024-11-05,2454,3000,Dealer_self,43800
2024-11-05,2454,24000,Dealer_Hedging,120034
2024-11-05,2454,517990,Investment_Trust,14000
2024-11-06,2454,1731704,Foreign_Investor,1580586
2024-11-06,2454,0,Foreign_Dealer_Self,0
2024-11-06,2454,25000,Dealer_self,18000
2024-11-06,2454,57260,Dealer_Hedging,67482
2024-11-06,2454,421056,Investment_Trust,97000
2024-11-07,2454,0,Foreign_Dealer_Self,0
2024-11-07,2454,64000,Dealer_self,42028
2024-11-07,2454,36354,Dealer_Hedging,47550
2024-11-07,2454,2091578,Foreign_Investor,2247205
2024-11-07,2454,126473,Investment_Trust,102000
2024-11-08,2454,0,Foreign_Dealer_Self,0
2024-11-08,2454,110894,Investment_Trust,110000
2024-11-08,2454,6000,Dealer_self,9500
2024-11-08,2454,79170,Dealer_Hedging,98959
2024-11-08,2454,1030040,Foreign_Investor,2428542
2024-11-11,2454,1009954,Foreign_Investor,1467060
2024-11-11,2454,0,Foreign_Dealer_Self,0
2024-11-11,2454,9000,Dealer_self,54072
2024-11-11,2454,53873,Dealer_Hedging,33718
2024-11-11,2454,256033,Investment_Trust,107159
2024-11-12,2454,1596558,Foreign_Investor,2677713
2024-11-12,2454,0,Foreign_Dealer_Self,0
2024-11-12,2454,259872,Investment_Trust,51000
2024-11-12,2454,65000,Dealer_self,102993
2024-11-12,2454,101366,Dealer_Hedging,55222
2024-11-13,2454,0,Foreign_Dealer_Self,0
2024-11-13,2454,47000,Dealer_self,103000
2024-11-13,2454,89643,Dealer_Hedging,51631
2024-11-13,2454,1775548,Foreign_Investor,2792584
2024-11-13,2454,408375,Investment_Trust,114026
2024-11-14,2454,0,Foreign_Dealer_Self,0
2024-11-14,2454,121000,Dealer_self,209000
2024-11-14,2454,114177,Dealer_Hedging,75177
2024-11-14,2454,2061614,Foreign_Investor,2268034
2024-11-14,2454,458743,Investment_Trust,174000
2024-11-15,2454,3030085,Foreign_Investor,2098856
2024-11-15,2454,0,Foreign_Dealer_Self,0
2024-11-15,2454,58000,Dealer_self,95000
2024-11-15,2454,105303,Dealer_Hedging,52614
2024-11-15,2454,41466,Investment_Trust,243000
2024-11-18,2454,2130019,Foreign_Investor,2395301
2024-11-18,2454,0,Foreign_Dealer_Self,0
2024-11-18,2454,174236,Investment_Trust,164000
2024-11-18,2454,80000,Dealer_self,119000
2024-11-18,2454,110291,Dealer_Hedging,114507
2024-11-19,2454,0,Foreign_Dealer_Self,0
2024-11-19,2454,107000,Dealer_self,100000
2024-11-19,2454,103115,Dealer_Hedging,55697
2024-11-19,2454,2607009,Foreign_Investor,1627697
2024-11-19,2454,332608,Investment_Trust,314162
2024-11-20,2454,0,Foreign_Dealer_Self,0
2024-11-20,2454,110005,Investment_Trust,186707
2024-11-20,2454,177000,Dealer_self,80000
2024-11-20,2454,100805,Dealer_Hedging,92732
2024-11-20,2454,3036673,Foreign_Investor,3451449
2024-11-21,2454,1447542,Foreign_Investor,1536235
2024-11-21,2454,0,Foreign_Dealer_Self,0
2024-11-21,2454,178241,Investment_Trust,294000
2024-11-21,2454,9533,Dealer_self,25000
2024-11-21,2454,31221,Dealer_Hedging,54160
2024-11-22,2454,0,Foreign_Dealer_Self,0
2024-11-22,2454,148403,Investment_Trust,374000
2024-11-22,2454,35300,Dealer_self,0
2024-11-22,2454,167345,Dealer_Hedging,52043
2024-11-22,2454,4485465,Foreign_Investor,1510096
2024-11-25,2454,0,Foreign_Dealer_Self,0
2024-11-25,2454,256268,Investment_Trust,315042
2024-11-25,2454,113554,Dealer_self,39654
2024-11-25,2454,69506,Dealer_Hedging,90728
2024-11-25,2454,5142886,Foreign_Investor,5452674
2024-11-26,2454,1735416,Foreign_Investor,2331931
2024-11-26,2454,0,Foreign_Dealer_Self,0
2024-11-26,2454,77965,Investment_Trust,16366
2024-11-26,2454,7971,Dealer_self,57000
2024-11-26,2454,34922,Dealer_Hedging,50720
2024-11-27,2454,0,Foreign_Dealer_Self,0
2024-11-27,2454,147251,Investment_Trust,36545
2024-11-27,2454,2000,Dealer_self,31400
2024-11-27,2454,142826,Dealer_Hedging,29408
2024-11-27,2454,879286,Foreign_Investor,1713554
2024-11-28,2454,0,Foreign_Dealer_Self,0
2024-11-28,2454,541063,Investment_Trust,54848
2024-11-28,2454,79998,Dealer_self,89100
2024-11-28,2454,92796,Dealer_Hedging,78592
2024-11-28,2454,2198855,Foreign_Investor,3133546
2024-11-29,2454,0,Foreign_Dealer_Self,0
2024-11-29,2454,125903,Investment_Trust,42434
2024-11-29,2454,32000,Dealer_self,61000
2024-11-29,2454,116990,Dealer_Hedging,16200
2024-11-29,2454,2338561,Foreign_Investor,2863053
2024-12-02,2454,0,Foreign_Dealer_Self,0
2024-12-02,2454,28026,Dealer_self,16000
2024-12-02,2454,70161,Dealer_Hedging,66687
2024-12-02,2454,3145804,Foreign_Investor,895239
2024-12-02,2454,296918,Investment_Trust,145719
2024-12-03,2454,0,Foreign_Dealer_Self,0
2024-12-03,2454,410000,Investment_Trust,534531
2024-12-03,2454,135666,Dealer_self,142000
2024-12-03,2454,43418,Dealer_Hedging,113288
2024-12-03,2454,3095061,Foreign_Investor,2705821
2024-12-04,2454,3043668,Foreign_Investor,2442684
2024-12-04,2454,0,Foreign_Dealer_Self,0
2024-12-04,2454,74458,Dealer_self,132000
2024-12-04,2454,59186,Dealer_Hedging,34416
2024-12-04,2454,66300,Investment_Trust,513028
2024-12-05,2454,0,Foreign_Dealer_Self,0
2024-12-05,2454,99000,Investment_Trust,473437
2024-12-05,2454,132300,Dealer_self,38000
2024-12-05,2454,78688,Dealer_Hedging,35275
2024-12-05,2454,2999079,Foreign_Investor,1413698
2024-12-06,2454,0,Foreign_Dealer_Self,0
2024-12-06,2454,91000,Dealer_self,47000
2024-12-06,2454,55397,Dealer_Hedging,61067
2024-12-06,2454,2005389,Foreign_Investor,2046032
2024-12-06,2454,79000,Investment_Trust,475608
2024-12-09,2454,0,Foreign_Dealer_Self,0
2024-12-09,2454,23566,Dealer_self,19000
2024-12-09,2454,58709,Dealer_Hedging,18426
2024-12-09,2454,3199423,Foreign_Investor,2437649
2024-12-09,2454,263000,Investment_Trust,117473
2024-12-10,2454,0,Foreign_Dealer_Self,0
2024-12-10,2454,85500,Investment_Trust,326937
2024-12-10,2454,130991,Dealer_self,93000
2024-12-10,2454,139156,Dealer_Hedging,85010
2024-12-10,2454,5557141,Foreign_Investor,3921668
2024-12-11,2454,0,Foreign_Dealer_Self,0
2024-12-11,2454,46000,Dealer_self,67000
2024-12-11,2454,96998,Dealer_Hedging,78922
2024-12-11,2454,3864109,Foreign_Investor,4940101
2024-12-11,2454,529027,Investment_Trust,107796
2024-12-12,2454,0,Foreign_Dealer_Self,0
2024-12-12,2454,279630,Dealer_self,27000
2024-12-12,2454,92359,Dealer_Hedging,56690
2024-12-12,2454,4674128,Foreign_Investor,3115508
2024-12-12,2454,309500,Investment_Trust,180133
2024-12-13,2454,0,Foreign_Dealer_Self,0
2024-12-13,2454,110998,Dealer_self,54000
2024-12-13,2454,130167,Dealer_Hedging,51703
2024-12-13,2454,3894076,Foreign_Investor,2681672
2024-12-13,2454,270815,Investment_Trust,321104
2024-12-16,2454,0,Foreign_Dealer_Self,0
2024-12-16,2454,140000,Dealer_self,104256
2024-12-16,2454,89492,Dealer_Hedging,95274
2024-12-16,2454,3324110,Foreign_Investor,4363653
2024-12-16,2454,273500,Investment_Trust,244198
2024-12-17,2454,0,Foreign_Dealer_Self,0
2024-12-17,2454,149569,Dealer_self,114300
2024-12-17,2454,133679,Dealer_Hedging,111045
2024-12-17,2454,6246914,Foreign_Investor,3985570
2024-12-17,2454,315264,Investment_Trust,753850
2024-12-18,2454,0,Foreign_Dealer_Self,0
2024-12-18,2454,407687,Investment_Trust,643956
2024-12-18,2454,126937,Dealer_self,68051
2024-12-18,2454,85428,Dealer_Hedging,116466
2024-12-18,2454,3298872,Foreign_Investor,3991498
2024-12-19,2454,0,Foreign_Dealer_Self,0
2024-12-19,2454,293719,Investment_Trust,964476
2024-12-19,2454,84000,Dealer_self,112000
2024-12-19,2454,111254,Dealer_Hedging,23521
2024-12-19,2454,3762596,Foreign_Investor,3436460
2024-12-20,2454,0,Foreign_Dealer_Self,0
2024-12-20,2454,352127,Investment_Trust,1140245
2024-12-20,2454,50000,Dealer_self,137000
2024-12-20,2454,50375,Dealer_Hedging,39365
2024-12-20,2454,2887999,Foreign_Investor,3142239
2024-12-23,2454,2573811,Foreign_Investor,1879874
2024-12-23,2454,0,Foreign_Dealer_Self,0
2024-12-23,2454,159781,Investment_Trust,931000
2024-12-23,2454,81000,Dealer_self,14000
2024-12-23,2454,94258,Dealer_Hedging,8826
2024-12-24,2454,1554131,Foreign_Investor,779759
2024-12-24,2454,0,Foreign_Dealer_Self,0
2024-12-24,2454,113369,Dealer_self,28369
2024-12-24,2454,35597,Dealer_Hedging,38111
2024-12-24,2454,284000,Investment_Trust,1118000
2024-12-25,2454,1072481,Foreign_Investor,515434
2024-12-25,2454,0,Foreign_Dealer_Self,0
2024-12-25,2454,175000,Investment_Trust,855000
2024-12-25,2454,171843,Dealer_self,35000
2024-12-25,2454,43826,Dealer_Hedging,5298
2024-12-26,2454,1248687,Foreign_Investor,304551
2024-12-26,2454,0,Foreign_Dealer_Self,0
2024-12-26,2454,225000,Investment_Trust,813772
2024-12-26,2454,46000,Dealer_self,15000
2024-12-26,2454,53366,Dealer_Hedging,31065
2024-12-27,2454,1412855,Foreign_Investor,762070
2024-12-27,2454,0,Foreign_Dealer_Self,0
2024-12-27,2454,246000,Investment_Trust,258960
2024-12-27,2454,90986,Dealer_self,58000
2024-12-27,2454,37521,Dealer_Hedging,18675
2024-12-30,2454,0,Foreign_Dealer_Self,0
2024-12-30,2454,354752,Investment_Trust,141950
2024-12-30,2454,40000,Dealer_self,19000
2024-12-30,2454,90175,Dealer_Hedging,129346
2024-12-30,2454,1095280,Foreign_Investor,1780622
2024-12-31,2454,1035041,Foreign_Investor,1969175
2024-12-31,2454,0,Foreign_Dealer_Self,0
2024-12-31,2454,429066,Investment_Trust,166047
2024-12-31,2454,139995,Dealer_self,34597
2024-12-31,2454,61233,Dealer_Hedging,20331
2025-01-02,2454,0,Foreign_Dealer_Self,0
2025-01-02,2454,71344,Investment_Trust,502332
2025-01-02,2454,83667,Dealer_self,505805
2025-01-02,2454,362613,Dealer_Hedging,311721
2025-01-02,2454,1594531,Foreign_Investor,3546027
2025-01-03,2454,0,Foreign_Dealer_Self,0
2025-01-03,2454,72000,Dealer_self,219599
2025-01-03,2454,78313,Dealer_Hedging,36738
2025-01-03,2454,4423165,Foreign_Investor,3942846
2025-01-03,2454,47000,Investment_Trust,186000
2025-01-06,2454,0,Foreign_Dealer_Self,0
2025-01-06,2454,176182,Dealer_self,166000
2025-01-06,2454,130335,Dealer_Hedging,47888
2025-01-06,2454,5685697,Foreign_Investor,2044903
2025-01-06,2454,375000,Investment_Trust,273328
2025-01-07,2454,0,Foreign_Dealer_Self,0
2025-01-07,2454,432413,Dealer_self,97000
2025-01-07,2454,238650,Dealer_Hedging,58776
2025-01-07,2454,7754838,Foreign_Investor,3757192
2025-01-07,2454,252000,Investment_Trust,471437
2025-01-08,2454,0,Foreign_Dealer_Self,0
2025-01-08,2454,131000,Dealer_self,278000
2025-01-08,2454,123219,Dealer_Hedging,140248
2025-01-08,2454,5973370,Foreign_Investor,5681903
2025-01-08,2454,323000,Investment_Trust,281658
2025-01-09,2454,0,Foreign_Dealer_Self,0
2025-01-09,2454,147000,Investment_Trust,205425
2025-01-09,2454,63000,Dealer_self,60200
2025-01-09,2454,123651,Dealer_Hedging,94835
2025-01-09,2454,4159246,Foreign_Investor,3599763
2025-01-10,2454,0,Foreign_Dealer_Self,0
2025-01-10,2454,752000,Investment_Trust,158229
2025-01-10,2454,35000,Dealer_self,95000
2025-01-10,2454,117100,Dealer_Hedging,132728
2025-01-10,2454,4159153,Foreign_Investor,3033276
2025-01-13,2454,0,Foreign_Dealer_Self,0
2025-01-13,2454,280126,Investment_Trust,202344
2025-01-13,2454,220000,Dealer_self,289548
2025-01-13,2454,418372,Dealer_Hedging,371125
2025-01-13,2454,3337461,Foreign_Investor,6311712
2025-01-14,2454,0,Foreign_Dealer_Self,0
2025-01-14,2454,60000,Dealer_self,82336
2025-01-14,2454,106400,Dealer_Hedging,55620
2025-01-14,2454,2717717,Foreign_Investor,3759928
2025-01-14,2454,270000,Investment_Trust,16968
2025-01-15,2454,0,Foreign_Dealer_Self,0
2025-01-15,2454,47647,Dealer_self,322027
2025-01-15,2454,79316,Dealer_Hedging,275113
2025-01-15,2454,4618133,Foreign_Investor,3070412
2025-01-15,2454,287000,Investment_Trust,108109
2025-01-16,2454,3429588,Foreign_Investor,2791896
2025-01-16,2454,0,Foreign_Dealer_Self,0
2025-01-16,2454,353348,Investment_Trust,340619
2025-01-16,2454,253490,Dealer_self,92090
2025-01-16,2454,121447,Dealer_Hedging,73365
2025-01-17,2454,2259370,Foreign_Investor,3305509
2025-01-17,2454,0,Foreign_Dealer_Self,0
2025-01-17,2454,199000,Investment_Trust,87752
2025-01-17,2454,41000,Dealer_self,77932
2025-01-17,2454,98780,Dealer_Hedging,44921
2025-01-20,2454,2405418,Foreign_Investor,2307598
2025-01-20,2454,0,Foreign_Dealer_Self,0
2025-01-20,2454,113000,Investment_Trust,60718
2025-01-20,2454,14000,Dealer_self,17000
2025-01-20,2454,48217,Dealer_Hedging,4968
2025-01-21,2454,0,Foreign_Dealer_Self,0
2025-01-21,2454,251900,Investment_Trust,177162
2025-01-21,2454,25000,Dealer_self,35900
2025-01-21,2454,35597,Dealer_Hedging,54625
2025-01-21,2454,3116534,Foreign_Investor,2002490
2025-01-22,2454,0,Foreign_Dealer_Self,0
2025-01-22,2454,327000,Investment_Trust,146802
2025-01-22,2454,72325,Dealer_self,13400
2025-01-22,2454,56005,Dealer_Hedging,21739
2025-01-22,2454,3958071,Foreign_Investor,3716684
2025-02-03,2454,0,Foreign_Dealer_Self,0
2025-02-03,2454,324684,Dealer_self,285000
2025-02-03,2454,395740,Dealer_Hedging,178221
2025-02-03,2454,12678620,Foreign_Investor,10289388
2025-02-03,2454,1654781,Investment_Trust,42143
2025-02-04,2454,0,Foreign_Dealer_Self,0
2025-02-04,2454,48300,Dealer_self,19000
2025-02-04,2454,106624,Dealer_Hedging,35555
2025-02-04,2454,4419380,Foreign_Investor,4904403
2025-02-04,2454,759200,Investment_Trust,274854
2025-02-05,2454,5758628,Foreign_Investor,3651133
2025-02-05,2454,0,Foreign_Dealer_Self,0
2025-02-05,2454,120600,Dealer_self,29000
2025-02-05,2454,67850,Dealer_Hedging,47563
2025-02-05,2454,909000,Investment_Trust,108234
2025-02-06,2454,0,Foreign_Dealer_Self,0
2025-02-06,2454,144076,Dealer_self,57303
2025-02-06,2454,77896,Dealer_Hedging,49615
2025-02-06,2454,4068838,Foreign_Investor,4586987
2025-02-06,2454,475913,Investment_Trust,252769
2025-02-07,2454,0,Foreign_Dealer_Self,0
2025-02-07,2454,88000,Investment_Trust,197248
2025-02-07,2454,493250,Dealer_self,111100
2025-02-07,2454,67130,Dealer_Hedging,25752
2025-02-07,2454,3131508,Foreign_Investor,3952662
2025-02-10,2454,0,Foreign_Dealer_Self,0
2025-02-10,2454,353826,Investment_Trust,168966
2025-02-10,2454,126077,Dealer_self,82102
2025-02-10,2454,129965,Dealer_Hedging,114838
2025-02-10,2454,2361644,Foreign_Investor,5775591
2025-02-11,2454,0,Foreign_Dealer_Self,0
2025-02-11,2454,263000,Investment_Trust,204556
2025-02-11,2454,24276,Dealer_self,87346
2025-02-11,2454,47578,Dealer_Hedging,26050
2025-02-11,2454,4875686,Foreign_Investor,4105364
2025-02-12,2454,3709939,Foreign_Investor,2709385
2025-02-12,2454,0,Foreign_Dealer_Self,0
2025-02-12,2454,163250,Dealer_self,53484
2025-02-12,2454,110113,Dealer_Hedging,115495
2025-02-12,2454,267000,Investment_Trust,2396866
2025-02-13,2454,0,Foreign_Dealer_Self,0
2025-02-13,2454,625913,Investment_Trust,133708
2025-02-13,2454,81000,Dealer_self,91767
2025-02-13,2454,53298,Dealer_Hedging,38293
2025-02-13,2454,2669213,Foreign_Investor,1587723
2025-02-14,2454,2459510,Foreign_Investor,2108851
2025-02-14,2454,0,Foreign_Dealer_Self,0
2025-02-14,2454,69913,Investment_Trust,845826
2025-02-14,2454,8000,Dealer_self,31318
2025-02-14,2454,30812,Dealer_Hedging,61684
2025-02-17,2454,0,Foreign_Dealer_Self,0
2025-02-17,2454,2117913,Investment_Trust,237504
2025-02-17,2454,27900,Dealer_self,77734
2025-02-17,2454,44094,Dealer_Hedging,59749
2025-02-17,2454,4029447,Foreign_Investor,3837941
2025-02-18,2454,2737890,Foreign_Investor,2869836
2025-02-18,2454,0,Foreign_Dealer_Self,0
2025-02-18,2454,573000,Investment_Trust,273531
2025-02-18,2454,47250,Dealer_self,38615
2025-02-18,2454,16016,Dealer_Hedging,51232
2025-02-19,2454,0,Foreign_Dealer_Self,0
2025-02-19,2454,80000,Investment_Trust,441920
2025-02-19,2454,16998,Dealer_self,177326
2025-02-19,2454,11393,Dealer_Hedging,97777
2025-02-19,2454,3460347,Foreign_Investor,2176454
2025-02-20,2454,2878974,Foreign_Investor,3656965
2025-02-20,2454,0,Foreign_Dealer_Self,0
2025-02-20,2454,33000,Investment_Trust,1704426
2025-02-20,2454,65072,Dealer_self,46708
2025-02-20,2454,109801,Dealer_Hedging,40840
2025-02-21,2454,3454464,Foreign_Investor,2099462
2025-02-21,2454,0,Foreign_Dealer_Self,0
2025-02-21,2454,40000,Investment_Trust,1660959
2025-02-21,2454,57000,Dealer_self,12958
2025-02-21,2454,110634,Dealer_Hedging,29843
2025-02-24,2454,2689488,Foreign_Investor,2358625
2025-02-24,2454,0,Foreign_Dealer_Self,0
2025-02-24,2454,2044000,Investment_Trust,223851
2025-02-24,2454,16244,Dealer_self,77523
2025-02-24,2454,78984,Dealer_Hedging,41362
2025-02-25,2454,0,Foreign_Dealer_Self,0
2025-02-25,2454,24000,Dealer_self,112892
2025-02-25,2454,99414,Dealer_Hedging,106362
2025-02-25,2454,4810148,Foreign_Investor,5131679
2025-02-25,2454,1153876,Investment_Trust,222441
2025-02-26,2454,0,Foreign_Dealer_Self,0
2025-02-26,2454,102526,Investment_Trust,775281
2025-02-26,2454,34000,Dealer_self,36000
2025-02-26,2454,51467,Dealer_Hedging,71037
2025-02-26,2454,5951510,Foreign_Investor,4089592
2025-02-27,2454,0,Foreign_Dealer_Self,0
2025-02-27,2454,221876,Investment_Trust,2339966
2025-02-27,2454,23378,Dealer_self,31441
2025-02-27,2454,87013,Dealer_Hedging,41035
2025-02-27,2454,7061966,Foreign_Investor,7423546
2025-03-03,2454,0,Foreign_Dealer_Self,0
2025-03-03,2454,1011382,Investment_Trust,122358
2025-03-03,2454,99250,Dealer_self,97257
2025-03-03,2454,522223,Dealer_Hedging,338200
2025-03-03,2454,4665755,Foreign_Investor,8786702
2025-03-04,2454,0,Foreign_Dealer_Self,0
2025-03-04,2454,88000,Dealer_self,116144
2025-03-04,2454,170150,Dealer_Hedging,69487
2025-03-04,2454,4150936,Foreign_Investor,4673287
2025-03-04,2454,1090876,Investment_Trust,177140
2025-03-05,2454,0,Foreign_Dealer_Self,0
2025-03-05,2454,681000,Investment_Trust,125175
2025-03-05,2454,76250,Dealer_self,71528
2025-03-05,2454,38965,Dealer_Hedging,31687
2025-03-05,2454,3110733,Foreign_Investor,3985851
2025-03-06,2454,0,Foreign_Dealer_Self,0
2025-03-06,2454,329000,Investment_Trust,151333
2025-03-06,2454,16000,Dealer_self,45784
2025-03-06,2454,39493,Dealer_Hedging,37872
2025-03-06,2454,907549,Foreign_Investor,1731286
2025-03-07,2454,0,Foreign_Dealer_Self,0
2025-03-07,2454,665000,Investment_Trust,225845
2025-03-07,2454,60250,Dealer_self,93464
2025-03-07,2454,203162,Dealer_Hedging,167130
2025-03-07,2454,1668690,Foreign_Investor,3795849
2025-03-10,2454,0,Foreign_Dealer_Self,0
2025-03-10,2454,62250,Dealer_self,89998
2025-03-10,2454,149366,Dealer_Hedging,91925
2025-03-10,2454,3216333,Foreign_Investor,6601912
2025-03-10,2454,593876,Investment_Trust,271456
2025-03-11,2454,0,Foreign_Dealer_Self,0
2025-03-11,2454,916629,Investment_Trust,186356
2025-03-11,2454,215000,Dealer_self,360828
2025-03-11,2454,103160,Dealer_Hedging,61594
2025-03-11,2454,4668076,Foreign_Investor,6413515
2025-03-12,2454,0,Foreign_Dealer_Self,0
2025-03-12,2454,95600,Dealer_self,81500
2025-03-12,2454,48672,Dealer_Hedging,26485
2025-03-12,2454,4283720,Foreign_Investor,5614103
2025-03-12,2454,729000,Investment_Trust,101041
2025-03-13,2454,0,Foreign_Dealer_Self,0
2025-03-13,2454,297000,Investment_Trust,163720
2025-03-13,2454,12400,Dealer_self,73000
2025-03-13,2454,88098,Dealer_Hedging,72736
2025-03-13,2454,3272385,Foreign_Investor,4294785
2025-03-14,2454,3708806,Foreign_Investor,3460309
2025-03-14,2454,0,Foreign_Dealer_Self,0
2025-03-14,2454,732876,Investment_Trust,260761
2025-03-14,2454,52900,Dealer_self,78000
2025-03-14,2454,111869,Dealer_Hedging,90895
2025-03-17,2454,3360846,Foreign_Investor,2925327
2025-03-17,2454,0,Foreign_Dealer_Self,0
2025-03-17,2454,356000,Investment_Trust,137438
2025-03-17,2454,9700,Dealer_self,97000
2025-03-17,2454,56222,Dealer_Hedging,30425
2025-03-18,2454,5417097,Foreign_Investor,4314376
2025-03-18,2454,0,Foreign_Dealer_Self,0
2025-03-18,2454,2018900,Investment_Trust,830741
2025-03-18,2454,99076,Dealer_self,216397
2025-03-18,2454,192115,Dealer_Hedging,173148
2025-03-19,2454,4213797,Foreign_Investor,3633200
2025-03-19,2454,0,Foreign_Dealer_Self,0
2025-03-19,2454,105001,Dealer_self,466998
2025-03-19,2454,166946,Dealer_Hedging,59549
2025-03-19,2454,440000,Investment_Trust,592154
2025-03-20,2454,3177174,Foreign_Investor,3371041
2025-03-20,2454,0,Foreign_Dealer_Self,0
2025-03-20,2454,277000,Investment_Trust,552998
2025-03-20,2454,321121,Dealer_self,12369
2025-03-20,2454,68935,Dealer_Hedging,24949
2025-03-21,2454,0,Foreign_Dealer_Self,0
2025-03-21,2454,200847,Investment_Trust,630753
2025-03-21,2454,40300,Dealer_self,21300
2025-03-21,2454,55474,Dealer_Hedging,22158
2025-03-21,2454,2913697,Foreign_Investor,2749027
2025-03-24,2454,0,Foreign_Dealer_Self,0
2025-03-24,2454,425000,Investment_Trust,620002
2025-03-24,2454,60100,Dealer_self,117300
2025-03-24,2454,47600,Dealer_Hedging,28844
2025-03-24,2454,2307089,Foreign_Investor,1509964
2025-03-25,2454,0,Foreign_Dealer_Self,0
2025-03-25,2454,117196,Dealer_self,77250
2025-03-25,2454,121850,Dealer_Hedging,85189
2025-03-25,2454,5309117,Foreign_Investor,2416989
2025-03-25,2454,598000,Investment_Trust,591488
2025-03-26,2454,0,Foreign_Dealer_Self,0
2025-03-26,2454,299000,Investment_Trust,568234
2025-03-26,2454,78050,Dealer_self,74150
2025-03-26,2454,37440,Dealer_Hedging,17256
2025-03-26,2454,2177008,Foreign_Investor,2127737
2025-03-27,2454,2302992,Foreign_Investor,3132163
2025-03-27,2454,0,Foreign_Dealer_Self,0
2025-03-27,2454,218305,Investment_Trust,243359
2025-03-27,2454,50650,Dealer_self,24720
2025-03-27,2454,92661,Dealer_Hedging,8593
2025-03-28,2454,1685075,Foreign_Investor,3286489
2025-03-28,2454,0,Foreign_Dealer_Self,0
2025-03-28,2454,510000,Investment_Trust,17000
2025-03-28,2454,121700,Dealer_self,89000
2025-03-28,2454,193915,Dealer_Hedging,34632
2025-03-31,2454,0,Foreign_Dealer_Self,0
2025-03-31,2454,991879,Investment_Trust,77125
2025-03-31,2454,185000,Dealer_self,231859
2025-03-31,2454,365225,Dealer_Hedging,152142
2025-03-31,2454,2659453,Foreign_Investor,4999386
2025-04-01,2454,0,Foreign_Dealer_Self,0
2025-04-01,2454,592500,Investment_Trust,80000
2025-04-01,2454,20000,Dealer_self,101903
2025-04-01,2454,75226,Dealer_Hedging,59015
2025-04-01,2454,3063820,Foreign_Investor,3291108
2025-04-02,2454,0,Foreign_Dealer_Self,0
2025-04-02,2454,75500,Dealer_self,85462
2025-04-02,2454,87000,Dealer_Hedging,48341
2025-04-02,2454,2177568,Foreign_Investor,3132259
2025-04-02,2454,281000,Investment_Trust,12018
2025-04-07,2454,0,Foreign_Dealer_Self,0
2025-04-07,2454,0,Investment_Trust,0
2025-04-07,2454,1000,Dealer_self,7000
2025-04-07,2454,18000,Dealer_Hedging,51372
2025-04-07,2454,987939,Foreign_Investor,528962
2025-04-08,2454,0,Foreign_Dealer_Self,0
2025-04-08,2454,268000,Dealer_self,215655
2025-04-08,2454,620179,Dealer_Hedging,304503
2025-04-08,2454,8346241,Foreign_Investor,10653316
2025-04-08,2454,715216,Investment_Trust,71000
2025-04-09,2454,0,Foreign_Dealer_Self,0
2025-04-09,2454,263079,Dealer_self,535294
2025-04-09,2454,746249,Dealer_Hedging,432324
2025-04-09,2454,8441883,Foreign_Investor,10348662
2025-04-09,2454,449532,Investment_Trust,229156
2025-04-10,2454,612608,Foreign_Investor,819811
2025-04-10,2454,0,Foreign_Dealer_Self,0
2025-04-10,2454,0,Investment_Trust,26000
2025-04-10,2454,13000,Dealer_self,0
2025-04-10,2454,23982,Dealer_Hedging,4000
2025-04-11,2454,8287336,Foreign_Investor,7168102
2025-04-11,2454,0,Foreign_Dealer_Self,0
2025-04-11,2454,221700,Dealer_self,140212
2025-04-11,2454,251179,Dealer_Hedging,159285
2025-04-11,2454,827885,Investment_Trust,11000
2025-04-14,2454,0,Foreign_Dealer_Self,0
2025-04-14,2454,99110,Dealer_self,835091
2025-04-14,2454,46065,Dealer_Hedging,164213
2025-04-14,2454,8161830,Foreign_Investor,5707262
2025-04-14,2454,182000,Investment_Trust,125275
2025-04-15,2454,0,Foreign_Dealer_Self,0
2025-04-15,2454,79400,Dealer_self,331389
2025-04-15,2454,47752,Dealer_Hedging,474921
2025-04-15,2454,3262871,Foreign_Investor,3031146
2025-04-15,2454,148969,Investment_Trust,245692
2025-04-16,2454,0,Foreign_Dealer_Self,0
2025-04-16,2454,281000,Investment_Trust,89342
2025-04-16,2454,79800,Dealer_self,155427
2025-04-16,2454,45955,Dealer_Hedging,506806
2025-04-16,2454,3648835,Foreign_Investor,3544092
2025-04-17,2454,2871816,Foreign_Investor,4441709
2025-04-17,2454,0,Foreign_Dealer_Self,0
2025-04-17,2454,419500,Investment_Trust,75336
2025-04-17,2454,75000,Dealer_self,108188
2025-04-17,2454,108273,Dealer_Hedging,100618
2025-04-18,2454,0,Foreign_Dealer_Self,0
2025-04-18,2454,94000,Investment_Trust,142445
2025-04-18,2454,46803,Dealer_self,23000
2025-04-18,2454,37088,Dealer_Hedging,32946
2025-04-18,2454,1810108,Foreign_Investor,1642623
2025-04-21,2454,776729,Foreign_Investor,1239872
2025-04-21,2454,0,Foreign_Dealer_Self,0
2025-04-21,2454,2250,Dealer_self,101422
2025-04-21,2454,110034,Dealer_Hedging,45803
2025-04-21,2454,95200,Investment_Trust,137000
2025-04-22,2454,1715860,Foreign_Investor,2746168
2025-04-22,2454,0,Foreign_Dealer_Self,0
2025-04-22,2454,64000,Investment_Trust,252000
2025-04-22,2454,128000,Dealer_self,103932
2025-04-22,2454,196559,Dealer_Hedging,90872
2025-04-23,2454,0,Foreign_Dealer_Self,0
2025-04-23,2454,291000,Investment_Trust,37894
2025-04-23,2454,30200,Dealer_self,145000
2025-04-23,2454,59788,Dealer_Hedging,84611
2025-04-23,2454,3524372,Foreign_Investor,2558577
2025-04-24,2454,0,Foreign_Dealer_Self,0
2025-04-24,2454,48000,Dealer_self,34200
2025-04-24,2454,64198,Dealer_Hedging,50712
2025-04-24,2454,2658722,Foreign_Investor,4726404
2025-04-24,2454,74000,Investment_Trust,80545
2025-04-25,2454,0,Foreign_Dealer_Self,0
2025-04-25,2454,51000,Investment_Trust,365704
2025-04-25,2454,29600,Dealer_self,54500
2025-04-25,2454,50642,Dealer_Hedging,95000
2025-04-25,2454,4720806,Foreign_Investor,3130084
2025-04-28,2454,0,Foreign_Dealer_Self,0
2025-04-28,2454,30000,Investment_Trust,106368
2025-04-28,2454,93200,Dealer_self,28041
2025-04-28,2454,49483,Dealer_Hedging,18816
2025-04-28,2454,1448835,Foreign_Investor,3989223
2025-04-29,2454,0,Foreign_Dealer_Self,0
2025-04-29,2454,56071,Dealer_self,57432
2025-04-29,2454,73397,Dealer_Hedging,25526
2025-04-29,2454,3100469,Foreign_Investor,3532025
2025-04-29,2454,45000,Investment_Trust,481098
2025-04-30,2454,0,Foreign_Dealer_Self,0
2025-04-30,2454,69000,Investment_Trust,431721
2025-04-30,2454,18600,Dealer_self,59874
2025-04-30,2454,22716,Dealer_Hedging,50240
2025-04-30,2454,2809100,Foreign_Investor,3755550
2025-05-02,2454,0,Foreign_Dealer_Self,0
2025-05-02,2454,17000,Investment_Trust,1376365
2025-05-02,2454,98100,Dealer_self,198352
2025-05-02,2454,213642,Dealer_Hedging,248929
2025-05-02,2454,4410814,Foreign_Investor,10658997
2025-05-05,2454,0,Foreign_Dealer_Self,0
2025-05-05,2454,45100,Dealer_self,79048
2025-05-05,2454,16300,Dealer_Hedging,57659
2025-05-05,2454,3531722,Foreign_Investor,2167813
2025-05-05,2454,53000,Investment_Trust,509867
2025-05-06,2454,0,Foreign_Dealer_Self,0
2025-05-06,2454,89000,Investment_Trust,1029757
2025-05-06,2454,7000,Dealer_self,321939
2025-05-06,2454,38000,Dealer_Hedging,128458
2025-05-06,2454,3574911,Foreign_Investor,3754546
2025-05-07,2454,0,Foreign_Dealer_Self,0
2025-05-07,2454,48000,Dealer_self,181399
2025-05-07,2454,22000,Dealer_Hedging,78586
2025-05-07,2454,3568208,Foreign_Investor,2876541
2025-05-07,2454,28000,Investment_Trust,486066
2025-05-08,2454,0,Foreign_Dealer_Self,0
2025-05-08,2454,40000,Dealer_self,149000
2025-05-08,2454,41369,Dealer_Hedging,33651
2025-05-08,2454,3156289,Foreign_Investor,3363864
2025-05-08,2454,44000,Investment_Trust,217137
2025-05-09,2454,0,Foreign_Dealer_Self,0
2025-05-09,2454,34010,Dealer_self,62000
2025-05-09,2454,16874,Dealer_Hedging,21723
2025-05-09,2454,3616669,Foreign_Investor,3345082
2025-05-09,2454,31000,Investment_Trust,63288
2025-05-12,2454,1570356,Foreign_Investor,2696862
2025-05-12,2454,0,Foreign_Dealer_Self,0
2025-05-12,2454,21000,Dealer_self,54010
2025-05-12,2454,15000,Dealer_Hedging,42119
2025-05-12,2454,24000,Investment_Trust,275561
2025-05-13,2454,0,Foreign_Dealer_Self,0
2025-05-13,2454,153015,Dealer_self,28000
2025-05-13,2454,76532,Dealer_Hedging,107222
2025-05-13,2454,6415555,Foreign_Investor,5226864
2025-05-13,2454,56000,Investment_Trust,327805
2025-05-14,2454,0,Foreign_Dealer_Self,0
2025-05-14,2454,156000,Dealer_self,114015
2025-05-14,2454,15072,Dealer_Hedging,24742
2025-05-14,2454,3180679,Foreign_Investor,3452749
2025-05-14,2454,16000,Investment_Trust,845263
2025-05-15,2454,0,Foreign_Dealer_Self,0
2025-05-15,2454,120000,Investment_Trust,115894
2025-05-15,2454,18000,Dealer_self,145000
2025-05-15,2454,20503,Dealer_Hedging,37479
2025-05-15,2454,3893142,Foreign_Investor,2524428
2025-05-16,2454,0,Foreign_Dealer_Self,0
2025-05-16,2454,44000,Investment_Trust,732697
2025-05-16,2454,5000,Dealer_self,30000
2025-05-16,2454,7880,Dealer_Hedging,22814
2025-05-16,2454,1769616,Foreign_Investor,1818361
2025-05-19,2454,0,Foreign_Dealer_Self,0
2025-05-19,2454,4000,Investment_Trust,916307
2025-05-19,2454,61000,Dealer_self,52709
2025-05-19,2454,113414,Dealer_Hedging,140076
2025-05-19,2454,1495257,Foreign_Investor,4182341
2025-05-20,2454,0,Foreign_Dealer_Self,0
2025-05-20,2454,47000,Investment_Trust,610039
2025-05-20,2454,77000,Dealer_self,109000
2025-05-20,2454,15389,Dealer_Hedging,41896
2025-05-20,2454,3453137,Foreign_Investor,2705648
2025-05-21,2454,2664718,Foreign_Investor,1574935
2025-05-21,2454,0,Foreign_Dealer_Self,0
2025-05-21,2454,32000,Investment_Trust,602469
2025-05-21,2454,10000,Dealer_self,167000
2025-05-21,2454,95973,Dealer_Hedging,60803
2025-05-22,2454,1787793,Foreign_Investor,1908273
2025-05-22,2454,0,Foreign_Dealer_Self,0
2025-05-22,2454,24000,Investment_Trust,376986
2025-05-22,2454,18000,Dealer_self,117277
2025-05-22,2454,13213,Dealer_Hedging,80772
2025-05-23,2454,1811040,Foreign_Investor,2973935
2025-05-23,2454,0,Foreign_Dealer_Self,0
2025-05-23,2454,9000,Investment_Trust,297781
2025-05-23,2454,2000,Dealer_self,123129
2025-05-23,2454,8160,Dealer_Hedging,77740
2025-05-26,2454,0,Foreign_Dealer_Self,0
2025-05-26,2454,22000,Dealer_self,248999
2025-05-26,2454,20543,Dealer_Hedging,39264
2025-05-26,2454,2583925,Foreign_Investor,5355427
2025-05-26,2454,19000,Investment_Trust,559873
2025-05-27,2454,2375273,Foreign_Investor,4177731
2025-05-27,2454,0,Foreign_Dealer_Self,0
2025-05-27,2454,27000,Dealer_self,354704
2025-05-27,2454,21271,Dealer_Hedging,6415
2025-05-27,2454,500000,Investment_Trust,304915
2025-05-28,2454,0,Foreign_Dealer_Self,0
2025-05-28,2454,12000,Dealer_self,51000
2025-05-28,2454,21000,Dealer_Hedging,34416
2025-05-28,2454,4648968,Foreign_Investor,5816058
2025-05-28,2454,93000,Investment_Trust,628390
2025-05-29,2454,0,Foreign_Dealer_Self,0
2025-05-29,2454,74103,Investment_Trust,470189
2025-05-29,2454,122100,Dealer_self,22588
2025-05-29,2454,52225,Dealer_Hedging,39884
2025-05-29,2454,12845847,Foreign_Investor,16863844
2025-06-02,2454,4705585,Foreign_Investor,6115647
2025-06-02,2454,0,Foreign_Dealer_Self,0
2025-06-02,2454,19000,Dealer_self,117008
2025-06-02,2454,340443,Dealer_Hedging,326241
2025-06-02,2454,1063000,Investment_Trust,2328877
2025-06-03,2454,0,Foreign_Dealer_Self,0
2025-06-03,2454,772000,Investment_Trust,438309
2025-06-03,2454,62000,Dealer_self,32000
2025-06-03,2454,51503,Dealer_Hedging,43289
2025-06-03,2454,2758419,Foreign_Investor,3401006
2025-06-04,2454,0,Foreign_Dealer_Self,0
2025-06-04,2454,7000,Investment_Trust,4767459
2025-06-04,2454,162000,Dealer_self,82000
2025-06-04,2454,26319,Dealer_Hedging,28494
2025-06-04,2454,5867467,Foreign_Investor,3247758
2025-06-05,2454,0,Foreign_Dealer_Self,0
2025-06-05,2454,380100,Dealer_self,255135
2025-06-05,2454,56396,Dealer_Hedging,46795
2025-06-05,2454,7915181,Foreign_Investor,6737060
2025-06-05,2454,34000,Investment_Trust,6020517
2025-06-06,2454,0,Foreign_Dealer_Self,0
2025-06-06,2454,60000,Investment_Trust,3922967
2025-06-06,2454,51000,Dealer_self,49000
2025-06-06,2454,35024,Dealer_Hedging,27260
2025-06-06,2454,7633357,Foreign_Investor,2466531
2025-06-09,2454,0,Foreign_Dealer_Self,0
2025-06-09,2454,1000,Investment_Trust,3879443
2025-06-09,2454,126000,Dealer_self,68000
2025-06-09,2454,16000,Dealer_Hedging,14196
2025-06-09,2454,5001506,Foreign_Investor,1827780
2025-06-10,2454,0,Foreign_Dealer_Self,0
2025-06-10,2454,154098,Dealer_self,27000
2025-06-10,2454,145455,Dealer_Hedging,101311
2025-06-10,2454,7288161,Foreign_Investor,1745603
2025-06-10,2454,382000,Investment_Trust,3649570
2025-06-11,2454,0,Foreign_Dealer_Self,0
2025-06-11,2454,332000,Investment_Trust,4211871
2025-06-11,2454,69000,Dealer_self,36000
2025-06-11,2454,20965,Dealer_Hedging,23582
2025-06-11,2454,6418544,Foreign_Investor,4596514
2025-06-12,2454,0,Foreign_Dealer_Self,0
2025-06-12,2454,80000,Dealer_self,131000
2025-06-12,2454,17000,Dealer_Hedging,18423
2025-06-12,2454,5971323,Foreign_Investor,4698840
2025-06-12,2454,141000,Investment_Trust,4388326
2025-06-13,2454,0,Foreign_Dealer_Self,0
2025-06-13,2454,22000,Dealer_self,115125
2025-06-13,2454,32660,Dealer_Hedging,14724
2025-06-13,2454,3207849,Foreign_Investor,6614918
2025-06-13,2454,217000,Investment_Trust,211946
2025-06-16,2454,0,Foreign_Dealer_Self,0
2025-06-16,2454,42000,Dealer_self,154000
2025-06-16,2454,41234,Dealer_Hedging,54209
2025-06-16,2454,1799741,Foreign_Investor,2192968
2025-06-16,2454,0,Investment_Trust,150143
2025-06-17,2454,0,Foreign_Dealer_Self,0
2025-06-17,2454,272000,Dealer_self,94000
2025-06-17,2454,81903,Dealer_Hedging,32575
2025-06-17,2454,2948265,Foreign_Investor,3179311
2025-06-17,2454,111000,Investment_Trust,490179
2025-06-18,2454,0,Foreign_Dealer_Self,0
2025-06-18,2454,103000,Investment_Trust,423147
2025-06-18,2454,99000,Dealer_self,189000
2025-06-18,2454,85270,Dealer_Hedging,78464
2025-06-18,2454,3903929,Foreign_Investor,3135627
2025-06-19,2454,0,Foreign_Dealer_Self,0
2025-06-19,2454,62000,Investment_Trust,574857
2025-06-19,2454,270000,Dealer_self,18000
2025-06-19,2454,39548,Dealer_Hedging,16250
2025-06-19,2454,2406933,Foreign_Investor,3039052
2025-06-20,2454,0,Foreign_Dealer_Self,0
2025-06-20,2454,214000,Investment_Trust,927416
2025-06-20,2454,142000,Dealer_self,50000
2025-06-20,2454,47000,Dealer_Hedging,24065
2025-06-20,2454,2617908,Foreign_Investor,3347694
2025-06-23,2454,2060817,Foreign_Investor,2548668
2025-06-23,2454,0,Foreign_Dealer_Self,0
2025-06-23,2454,272000,Investment_Trust,467831
2025-06-23,2454,128000,Dealer_self,25245
2025-06-23,2454,68739,Dealer_Hedging,10079
2025-06-24,2454,2144348,Foreign_Investor,2482913
2025-06-24,2454,0,Foreign_Dealer_Self,0
2025-06-24,2454,253000,Dealer_self,11000
2025-06-24,2454,21049,Dealer_Hedging,11923
2025-06-24,2454,204000,Investment_Trust,238682
2025-06-25,2454,0,Foreign_Dealer_Self,0
2025-06-25,2454,350000,Investment_Trust,313913
2025-06-25,2454,135200,Dealer_self,22000
2025-06-25,2454,59294,Dealer_Hedging,30528
2025-06-25,2454,4053376,Foreign_Investor,2502306
2025-06-26,2454,0,Foreign_Dealer_Self,0
2025-06-26,2454,312000,Investment_Trust,327964
2025-06-26,2454,226000,Dealer_self,65000
2025-06-26,2454,68000,Dealer_Hedging,22421
2025-06-26,2454,2590188,Foreign_Investor,3575084
2025-06-27,2454,0,Foreign_Dealer_Self,0
2025-06-27,2454,111000,Investment_Trust,1403156
2025-06-27,2454,220000,Dealer_self,157475
2025-06-27,2454,34363,Dealer_Hedging,54820
2025-06-27,2454,3397197,Foreign_Investor,2344530
2025-06-30,2454,0,Foreign_Dealer_Self,0
2025-06-30,2454,152649,Investment_Trust,1555272
2025-06-30,2454,376000,Dealer_self,39400
2025-06-30,2454,39000,Dealer_Hedging,16973
2025-06-30,2454,3577883,Foreign_Investor,5397288
2025-07-01,2454,5501030,Foreign_Investor,3402705
2025-07-01,2454,0,Foreign_Dealer_Self,0
2025-07-01,2454,260000,Dealer_self,28300
2025-07-01,2454,39764,Dealer_Hedging,32182
2025-07-01,2454,378379,Investment_Trust,1046325
2025-07-02,2454,0,Foreign_Dealer_Self,0
2025-07-02,2454,254000,Investment_Trust,589709
2025-07-02,2454,311100,Dealer_self,22000
2025-07-02,2454,8907,Dealer_Hedging,16004
2025-07-02,2454,4359980,Foreign_Investor,4042097
2025-07-03,2454,0,Foreign_Dealer_Self,0
2025-07-03,2454,80000,Investment_Trust,5663911
2025-07-03,2454,78100,Dealer_self,638700
2025-07-03,2454,39000,Dealer_Hedging,57200
2025-07-03,2454,6197651,Foreign_Investor,2904793
2025-07-04,2454,4824612,Foreign_Investor,1092929
2025-07-04,2454,0,Foreign_Dealer_Self,0
2025-07-04,2454,145000,Investment_Trust,1501203
2025-07-04,2454,49300,Dealer_self,44000
2025-07-04,2454,107855,Dealer_Hedging,85530
2025-07-07,2454,1925806,Foreign_Investor,2391812
2025-07-07,2454,0,Foreign_Dealer_Self,0
2025-07-07,2454,15000,Dealer_self,67700
2025-07-07,2454,37000,Dealer_Hedging,20882
2025-07-07,2454,174422,Investment_Trust,1152016
2025-07-08,2454,0,Foreign_Dealer_Self,0
2025-07-08,2454,21000,Dealer_self,15000
2025-07-08,2454,19000,Dealer_Hedging,1481
2025-07-08,2454,1404538,Foreign_Investor,1988363
2025-07-08,2454,292284,Investment_Trust,120000
2025-07-09,2454,0,Foreign_Dealer_Self,0
2025-07-09,2454,191099,Dealer_self,135000
2025-07-09,2454,334389,Dealer_Hedging,327478
2025-07-09,2454,8357936,Foreign_Investor,3073887
2025-07-09,2454,991000,Investment_Trust,264015
2025-07-10,2454,0,Foreign_Dealer_Self,0
2025-07-10,2454,55097,Dealer_self,203198
2025-07-10,2454,44599,Dealer_Hedging,81780
2025-07-10,2454,6603347,Foreign_Investor,5058479
2025-07-10,2454,1073000,Investment_Trust,288159
2025-07-11,2454,0,Foreign_Dealer_Self,0
2025-07-11,2454,332000,Investment_Trust,228249
2025-07-11,2454,27392,Dealer_self,223000
2025-07-11,2454,35106,Dealer_Hedging,72454
2025-07-11,2454,6293097,Foreign_Investor,5653794
2025-07-14,2454,0,Foreign_Dealer_Self,0
2025-07-14,2454,274000,Investment_Trust,156560
2025-07-14,2454,37432,Dealer_self,227000
2025-07-14,2454,65268,Dealer_Hedging,30543
2025-07-14,2454,3292864,Foreign_Investor,3762361
2025-07-15,2454,0,Foreign_Dealer_Self,0
2025-07-15,2454,56000,Investment_Trust,129646
2025-07-15,2454,43200,Dealer_self,22000
2025-07-15,2454,34533,Dealer_Hedging,10626
2025-07-15,2454,2512715,Foreign_Investor,3022000
2025-07-16,2454,3261526,Foreign_Investor,2918800
2025-07-16,2454,0,Foreign_Dealer_Self,0
2025-07-16,2454,36308,Investment_Trust,143912
2025-07-16,2454,44999,Dealer_self,146794
2025-07-16,2454,58220,Dealer_Hedging,32459
2025-07-17,2454,0,Foreign_Dealer_Self,0
2025-07-17,2454,37267,Investment_Trust,480008
2025-07-17,2454,90000,Dealer_self,46500
2025-07-17,2454,67445,Dealer_Hedging,13858
2025-07-17,2454,2472755,Foreign_Investor,3643611
2025-07-18,2454,0,Foreign_Dealer_Self,0
2025-07-18,2454,22000,Investment_Trust,95665
2025-07-18,2454,41282,Dealer_self,55000
2025-07-18,2454,54519,Dealer_Hedging,19656
2025-07-18,2454,3680709,Foreign_Investor,1906881
2025-07-21,2454,2529691,Foreign_Investor,2598499
2025-07-21,2454,0,Foreign_Dealer_Self,0
2025-07-21,2454,76000,Investment_Trust,221155
2025-07-21,2454,38350,Dealer_self,40000
2025-07-21,2454,130987,Dealer_Hedging,43259
2025-07-22,2454,0,Foreign_Dealer_Self,0
2025-07-22,2454,123317,Investment_Trust,317352
2025-07-22,2454,62587,Dealer_self,86000
2025-07-22,2454,132133,Dealer_Hedging,171533
2025-07-22,2454,5042853,Foreign_Investor,2454644
2025-07-23,2454,0,Foreign_Dealer_Self,0
2025-07-23,2454,253000,Investment_Trust,293000
2025-07-23,2454,116000,Dealer_self,5000
2025-07-23,2454,32935,Dealer_Hedging,20836
2025-07-23,2454,2315569,Foreign_Investor,2564900
2025-07-24,2454,0,Foreign_Dealer_Self,0
2025-07-24,2454,70000,Investment_Trust,464634
2025-07-24,2454,30615,Dealer_self,11000
2025-07-24,2454,37101,Dealer_Hedging,2324
2025-07-24,2454,2916392,Foreign_Investor,2551211
2025-07-25,2454,0,Foreign_Dealer_Self,0
2025-07-25,2454,603000,Investment_Trust,689000
2025-07-25,2454,28500,Dealer_self,45000
2025-07-25,2454,20356,Dealer_Hedging,18424
2025-07-25,2454,3391433,Foreign_Investor,1604775
2025-07-28,2454,2551840,Foreign_Investor,3161969
2025-07-28,2454,0,Foreign_Dealer_Self,0
2025-07-28,2454,434000,Investment_Trust,828146
2025-07-28,2454,96000,Dealer_self,54960
2025-07-28,2454,319010,Dealer_Hedging,121347
2025-07-29,2454,4026556,Foreign_Investor,5447443
2025-07-29,2454,0,Foreign_Dealer_Self,0
2025-07-29,2454,219000,Dealer_self,105600
2025-07-29,2454,360871,Dealer_Hedging,50061
2025-07-29,2454,418000,Investment_Trust,684889
2025-07-30,2454,0,Foreign_Dealer_Self,0
2025-07-30,2454,374000,Investment_Trust,639010
2025-07-30,2454,94000,Dealer_self,29000
2025-07-30,2454,175119,Dealer_Hedging,34624
2025-07-30,2454,3512439,Foreign_Investor,3246435
2025-07-31,2454,0,Foreign_Dealer_Self,0
2025-07-31,2454,121000,Dealer_self,85999
2025-07-31,2454,112378,Dealer_Hedging,59815
2025-07-31,2454,4874218,Foreign_Investor,5998610
2025-07-31,2454,211000,Investment_Trust,855386
2025-08-01,2454,0,Foreign_Dealer_Self,0
2025-08-01,2454,64000,Investment_Trust,125091
2025-08-01,2454,44000,Dealer_self,34000
2025-08-01,2454,210915,Dealer_Hedging,155798
2025-08-01,2454,2111751,Foreign_Investor,4166255
2025-08-04,2454,0,Foreign_Dealer_Self,0
2025-08-04,2454,6000,Dealer_self,597334
2025-08-04,2454,88165,Dealer_Hedging,54400
2025-08-04,2454,1878548,Foreign_Investor,2845474
2025-08-04,2454,80000,Investment_Trust,283766
2025-08-05,2454,1020136,Foreign_Investor,2244816
2025-08-05,2454,0,Foreign_Dealer_Self,0
2025-08-05,2454,10000,Dealer_self,143125
2025-08-05,2454,16089,Dealer_Hedging,17144
2025-08-05,2454,38000,Investment_Trust,151482
2025-08-06,2454,0,Foreign_Dealer_Self,0
2025-08-06,2454,70000,Investment_Trust,162605
2025-08-06,2454,4000,Dealer_self,659000
2025-08-06,2454,50408,Dealer_Hedging,5700
2025-08-06,2454,2976293,Foreign_Investor,3180414
2025-08-07,2454,0,Foreign_Dealer_Self,0
2025-08-07,2454,58590,Investment_Trust,44682
2025-08-07,2454,39500,Dealer_self,472000
2025-08-07,2454,30040,Dealer_Hedging,17965
2025-08-07,2454,3395047,Foreign_Investor,2388638
2025-08-08,2454,0,Foreign_Dealer_Self,0
2025-08-08,2454,17000,Investment_Trust,134338
2025-08-08,2454,44000,Dealer_self,67200
2025-08-08,2454,30039,Dealer_Hedging,36865
2025-08-08,2454,2608257,Foreign_Investor,3819682
2025-08-11,2454,0,Foreign_Dealer_Self,0
2025-08-11,2454,43000,Investment_Trust,168736
2025-08-11,2454,37000,Dealer_self,22000
2025-08-11,2454,24663,Dealer_Hedging,12028
2025-08-11,2454,2268648,Foreign_Investor,2293050
2025-08-12,2454,0,Foreign_Dealer_Self,0
2025-08-12,2454,55782,Investment_Trust,145732
2025-08-12,2454,1000,Dealer_self,1500
2025-08-12,2454,10619,Dealer_Hedging,14409
2025-08-12,2454,1667070,Foreign_Investor,1877662
2025-08-13,2454,0,Foreign_Dealer_Self,0
2025-08-13,2454,50000,Investment_Trust,51016
2025-08-13,2454,17300,Dealer_self,50337
2025-08-13,2454,57095,Dealer_Hedging,28390
2025-08-13,2454,5044789,Foreign_Investor,5175806
2025-08-14,2454,0,Foreign_Dealer_Self,0
2025-08-14,2454,56100,Investment_Trust,67591
2025-08-14,2454,45000,Dealer_self,5000
2025-08-14,2454,49219,Dealer_Hedging,29025
2025-08-14,2454,2575034,Foreign_Investor,1959505
2025-08-15,2454,0,Foreign_Dealer_Self,0
2025-08-15,2454,75000,Investment_Trust,209968
2025-08-15,2454,119300,Dealer_self,46000
2025-08-15,2454,15561,Dealer_Hedging,20323
2025-08-15,2454,1984947,Foreign_Investor,2731977
2025-08-18,2454,0,Foreign_Dealer_Self,0
2025-08-18,2454,371636,Investment_Trust,46129
2025-08-18,2454,85819,Dealer_self,14500
2025-08-18,2454,76140,Dealer_Hedging,73100
2025-08-18,2454,5321756,Foreign_Investor,2885554
2025-08-19,2454,0,Foreign_Dealer_Self,0
2025-08-19,2454,62375,Dealer_self,62000
2025-08-19,2454,22626,Dealer_Hedging,58119
2025-08-19,2454,3172214,Foreign_Investor,3272403
2025-08-19,2454,311318,Investment_Trust,196479
2025-08-20,2454,0,Foreign_Dealer_Self,0
2025-08-20,2454,218636,Investment_Trust,39479
2025-08-20,2454,41000,Dealer_self,17000
2025-08-20,2454,229079,Dealer_Hedging,94397
2025-08-20,2454,3425728,Foreign_Investor,4524391
2025-08-21,2454,0,Foreign_Dealer_Self,0
2025-08-21,2454,167318,Investment_Trust,213708
2025-08-21,2454,14400,Dealer_self,25032
2025-08-21,2454,56683,Dealer_Hedging,10436
2025-08-21,2454,2518958,Foreign_Investor,2472762
2025-08-22,2454,0,Foreign_Dealer_Self,0
2025-08-22,2454,29000,Investment_Trust,104279
2025-08-22,2454,7300,Dealer_self,24000
2025-08-22,2454,34802,Dealer_Hedging,24110
2025-08-22,2454,1855166,Foreign_Investor,1730682
2025-08-25,2454,0,Foreign_Dealer_Self,0
2025-08-25,2454,111706,Investment_Trust,82016
2025-08-25,2454,159299,Dealer_self,13000
2025-08-25,2454,46051,Dealer_Hedging,22539
2025-08-25,2454,3640572,Foreign_Investor,1625070
2025-08-26,2454,0,Foreign_Dealer_Self,0
2025-08-26,2454,36063,Investment_Trust,175000
2025-08-26,2454,68992,Dealer_self,45354
2025-08-26,2454,19125,Dealer_Hedging,31129
2025-08-26,2454,2956428,Foreign_Investor,4000676
2025-08-27,2454,2167352,Foreign_Investor,1784304
2025-08-27,2454,0,Foreign_Dealer_Self,0
2025-08-27,2454,39000,Investment_Trust,266000
2025-08-27,2454,113873,Dealer_self,11289
2025-08-27,2454,7133,Dealer_Hedging,12877
2025-08-28,2454,2324727,Foreign_Investor,2198270
2025-08-28,2454,0,Foreign_Dealer_Self,0
2025-08-28,2454,5000,Investment_Trust,305287
2025-08-28,2454,46794,Dealer_self,13000
2025-08-28,2454,20932,Dealer_Hedging,5934
2025-08-29,2454,0,Foreign_Dealer_Self,0
2025-08-29,2454,55300,Dealer_self,34473
2025-08-29,2454,22258,Dealer_Hedging,15075
2025-08-29,2454,1453469,Foreign_Investor,2509149
2025-08-29,2454,37000,Investment_Trust,454771
2025-09-01,2454,0,Foreign_Dealer_Self,0
2025-09-01,2454,254347,Investment_Trust,324000
2025-09-01,2454,43700,Dealer_self,100000
2025-09-01,2454,38768,Dealer_Hedging,20041
2025-09-01,2454,1796880,Foreign_Investor,2030897
2025-09-02,2454,2248616,Foreign_Investor,1793998
2025-09-02,2454,0,Foreign_Dealer_Self,0
2025-09-02,2454,71000,Investment_Trust,39542
2025-09-02,2454,1100,Dealer_self,2000
2025-09-02,2454,27660,Dealer_Hedging,19312
2025-09-03,2454,0,Foreign_Dealer_Self,0
2025-09-03,2454,226000,Investment_Trust,28813
2025-09-03,2454,48663,Dealer_self,36000
2025-09-03,2454,29536,Dealer_Hedging,34843
2025-09-03,2454,3461642,Foreign_Investor,2090670
2025-09-04,2454,1941012,Foreign_Investor,1415242
2025-09-04,2454,0,Foreign_Dealer_Self,0
2025-09-04,2454,128000,Investment_Trust,86008
2025-09-04,2454,33100,Dealer_self,13000
2025-09-04,2454,4533,Dealer_Hedging,12787
2025-09-05,2454,0,Foreign_Dealer_Self,0
2025-09-05,2454,23000,Investment_Trust,93280
2025-09-05,2454,125300,Dealer_self,83000
2025-09-05,2454,77054,Dealer_Hedging,58077
2025-09-05,2454,6000225,Foreign_Investor,1566378
2025-09-08,2454,3632896,Foreign_Investor,2895507
2025-09-08,2454,0,Foreign_Dealer_Self,0
2025-09-08,2454,12000,Investment_Trust,68165
2025-09-08,2454,21300,Dealer_self,152400
2025-09-08,2454,22601,Dealer_Hedging,85477
2025-09-09,2454,0,Foreign_Dealer_Self,0
2025-09-09,2454,42000,Investment_Trust,455571
2025-09-09,2454,400000,Dealer_self,55500
2025-09-09,2454,206285,Dealer_Hedging,70396
2025-09-09,2454,7699116,Foreign_Investor,2905338
2025-09-10,2454,0,Foreign_Dealer_Self,0
2025-09-10,2454,120000,Dealer_self,91000
2025-09-10,2454,14303,Dealer_Hedging,108551
2025-09-10,2454,3541230,Foreign_Investor,3697508
2025-09-10,2454,42000,Investment_Trust,350331
2025-09-11,2454,2544117,Foreign_Investor,1908276
2025-09-11,2454,0,Foreign_Dealer_Self,0
2025-09-11,2454,80000,Investment_Trust,264110
2025-09-11,2454,69800,Dealer_self,82000
2025-09-11,2454,14549,Dealer_Hedging,86933
2025-09-12,2454,0,Foreign_Dealer_Self,0
2025-09-12,2454,78000,Investment_Trust,286560
2025-09-12,2454,236800,Dealer_self,33000
2025-09-12,2454,34647,Dealer_Hedging,41111
2025-09-12,2454,2606672,Foreign_Investor,2492286
2025-09-15,2454,1546317,Foreign_Investor,1214730
2025-09-15,2454,0,Foreign_Dealer_Self,0
2025-09-15,2454,202000,Investment_Trust,149156
2025-09-15,2454,73107,Dealer_self,68000
2025-09-15,2454,39980,Dealer_Hedging,22564
2025-09-16,2454,0,Foreign_Dealer_Self,0
2025-09-16,2454,755011,Investment_Trust,285248
2025-09-16,2454,226630,Dealer_self,109000
2025-09-16,2454,144734,Dealer_Hedging,88521
2025-09-16,2454,5213088,Foreign_Investor,3253537
2025-09-17,2454,2782098,Foreign_Investor,3124983
2025-09-17,2454,0,Foreign_Dealer_Self,0
2025-09-17,2454,47000,Investment_Trust,109854
2025-09-17,2454,126000,Dealer_self,282405
2025-09-17,2454,3605,Dealer_Hedging,92870
2025-09-18,2454,0,Foreign_Dealer_Self,0
2025-09-18,2454,100000,Investment_Trust,43561
2025-09-18,2454,152405,Dealer_self,109200
2025-09-18,2454,22444,Dealer_Hedging,43288
2025-09-18,2454,1692059,Foreign_Investor,1823316
2025-09-19,2454,0,Foreign_Dealer_Self,0
2025-09-19,2454,204000,Dealer_self,331198
2025-09-19,2454,328189,Dealer_Hedging,279226
2025-09-19,2454,4103599,Foreign_Investor,8426337
2025-09-19,2454,250650,Investment_Trust,689561
2025-09-22,2454,0,Foreign_Dealer_Self,0
2025-09-22,2454,128000,Investment_Trust,501547
2025-09-22,2454,307611,Dealer_self,199630
2025-09-22,2454,241215,Dealer_Hedging,191812
2025-09-22,2454,3488090,Foreign_Investor,4789811
2025-09-23,2454,0,Foreign_Dealer_Self,0
2025-09-23,2454,244000,Dealer_self,171496
2025-09-23,2454,194718,Dealer_Hedging,98862
2025-09-23,2454,2760698,Foreign_Investor,9372715
2025-09-23,2454,85000,Investment_Trust,350619
2025-09-24,2454,0,Foreign_Dealer_Self,0
2025-09-24,2454,283000,Dealer_self,105289
2025-09-24,2454,302142,Dealer_Hedging,153663
2025-09-24,2454,3841168,Foreign_Investor,8861476
2025-09-24,2454,73000,Investment_Trust,539808
2025-09-25,2454,0,Foreign_Dealer_Self,0
2025-09-25,2454,89000,Investment_Trust,149412
2025-09-25,2454,61000,Dealer_self,56811
2025-09-25,2454,111761,Dealer_Hedging,38941
2025-09-25,2454,2867655,Foreign_Investor,5932979
2025-09-26,2454,0,Foreign_Dealer_Self,0
2025-09-26,2454,106000,Dealer_self,112940
2025-09-26,2454,104805,Dealer_Hedging,45536
2025-09-26,2454,2025848,Foreign_Investor,5387381
2025-09-26,2454,48000,Investment_Trust,146270
2025-09-30,2454,0,Foreign_Dealer_Self,0
2025-09-30,2454,92872,Dealer_self,41268
2025-09-30,2454,97298,Dealer_Hedging,34818
2025-09-30,2454,4533772,Foreign_Investor,6602120
2025-09-30,2454,61631,Investment_Trust,260000
2025-10-01,2454,0,Foreign_Dealer_Self,0
2025-10-01,2454,18000,Investment_Trust,536042
2025-10-01,2454,138300,Dealer_self,66000
2025-10-01,2454,60903,Dealer_Hedging,23291
2025-10-01,2454,1706437,Foreign_Investor,5283641
2025-10-02,2454,0,Foreign_Dealer_Self,0
2025-10-02,2454,189700,Dealer_self,52000
2025-10-02,2454,76570,Dealer_Hedging,42750
2025-10-02,2454,4475926,Foreign_Investor,7587088
2025-10-02,2454,83328,Investment_Trust,405000
2025-10-03,2454,0,Foreign_Dealer_Self,0
2025-10-03,2454,288500,Dealer_self,21498
2025-10-03,2454,215532,Dealer_Hedging,99636
2025-10-03,2454,3238466,Foreign_Investor,3846430
2025-10-03,2454,13000,Investment_Trust,134610
2025-10-07,2454,0,Foreign_Dealer_Self,0
2025-10-07,2454,43000,Investment_Trust,209099
2025-10-07,2454,137200,Dealer_self,27996
2025-10-07,2454,63093,Dealer_Hedging,45080
2025-10-07,2454,3222911,Foreign_Investor,4368079
2025-10-08,2454,0,Foreign_Dealer_Self,0
2025-10-08,2454,49000,Investment_Trust,37541
2025-10-08,2454,115430,Dealer_self,41998
2025-10-08,2454,39197,Dealer_Hedging,18602
2025-10-08,2454,2606410,Foreign_Investor,2579449
2025-10-09,2454,0,Foreign_Dealer_Self,0
2025-10-09,2454,9000,Investment_Trust,97249
2025-10-09,2454,134000,Dealer_self,25900
2025-10-09,2454,28159,Dealer_Hedging,21105
2025-10-09,2454,2448818,Foreign_Investor,2950562
2025-10-13,2454,0,Foreign_Dealer_Self,0
2025-10-13,2454,85000,Investment_Trust,33032
2025-10-13,2454,82000,Dealer_self,32897
2025-10-13,2454,215404,Dealer_Hedging,84287
2025-10-13,2454,2789055,Foreign_Investor,5693622
2025-10-14,2454,2528203,Foreign_Investor,2908611
2025-10-14,2454,0,Foreign_Dealer_Self,0
2025-10-14,2454,27100,Dealer_self,38484
2025-10-14,2454,133382,Dealer_Hedging,73035
2025-10-14,2454,17027,Investment_Trust,562032
2025-10-15,2454,0,Foreign_Dealer_Self,0
2025-10-15,2454,22000,Investment_Trust,129290
2025-10-15,2454,101942,Dealer_Hedging,56767
2025-10-15,2454,2328226,Foreign_Investor,2883323
2025-10-15,2454,183000,Dealer_self,104000
2025-10-16,2454,0,Foreign_Dealer_Self,0
2025-10-16,2454,15000,Investment_Trust,677358
2025-10-16,2454,89581,Dealer_self,14000
2025-10-16,2454,72981,Dealer_Hedging,10957
2025-10-16,2454,2451480,Foreign_Investor,1600950
2025-10-17,2454,0,Foreign_Dealer_Self,0
2025-10-17,2454,83000,Investment_Trust,451000
2025-10-17,2454,66700,Dealer_self,28600
2025-10-17,2454,67776,Dealer_Hedging,79727
2025-10-17,2454,5703345,Foreign_Investor,5015071
2025-10-20,2454,0,Foreign_Dealer_Self,0
2025-10-20,2454,109000,Investment_Trust,400753
2025-10-20,2454,34600,Dealer_self,14200
2025-10-20,2454,51079,Dealer_Hedging,10855
2025-10-20,2454,1845375,Foreign_Investor,2030805
2025-10-21,2454,0,Foreign_Dealer_Self,0
2025-10-21,2454,64000,Investment_Trust,305044
2025-10-21,2454,72000,Dealer_self,10000
2025-10-21,2454,54475,Dealer_Hedging,25346
2025-10-21,2454,1786177,Foreign_Investor,2423001
2025-10-22,2454,0,Foreign_Dealer_Self,0
2025-10-22,2454,47609,Investment_Trust,252560
2025-10-22,2454,83000,Dealer_self,39100
2025-10-22,2454,147482,Dealer_Hedging,1361
2025-10-22,2454,1723898,Foreign_Investor,2570979
2025-10-23,2454,2492796,Foreign_Investor,5992783
2025-10-23,2454,0,Foreign_Dealer_Self,0
2025-10-23,2454,16000,Investment_Trust,290300
2025-10-23,2454,75000,Dealer_self,75196
2025-10-23,2454,205330,Dealer_Hedging,121168
2025-10-27,2454,3873084,Foreign_Investor,3100629
2025-10-27,2454,0,Foreign_Dealer_Self,0
2025-10-27,2454,590000,Investment_Trust,48170
2025-10-27,2454,114000,Dealer_self,0
2025-10-27,2454,111849,Dealer_Hedging,21003
2025-10-28,2454,0,Foreign_Dealer_Self,0
2025-10-28,2454,87000,Dealer_self,22500
2025-10-28,2454,84853,Dealer_Hedging,51083
2025-10-28,2454,2460858,Foreign_Investor,3706387
2025-10-28,2454,27000,Investment_Trust,167272
2025-10-29,2454,3561694,Foreign_Investor,5957893
2025-10-29,2454,0,Foreign_Dealer_Self,0
2025-10-29,2454,205000,Investment_Trust,416544
2025-10-29,2454,56200,Dealer_self,13718
2025-10-29,2454,107558,Dealer_Hedging,81694
2025-10-30,2454,0,Foreign_Dealer_Self,0
2025-10-30,2454,30000,Investment_Trust,127544
2025-10-30,2454,57997,Dealer_self,8578
2025-10-30,2454,89517,Dealer_Hedging,60945
2025-10-30,2454,4287438,Foreign_Investor,3348796
2025-10-31,2454,0,Foreign_Dealer_Self,0
2025-10-31,2454,14600,Investment_Trust,118977
2025-10-31,2454,250600,Dealer_self,7798
2025-10-31,2454,266117,Dealer_Hedging,96863
2025-10-31,2454,3998038,Foreign_Investor,5038501
2025-11-03,2454,0,Foreign_Dealer_Self,0
2025-11-03,2454,63000,Dealer_self,72794
2025-11-03,2454,187369,Dealer_Hedging,168232
2025-11-03,2454,4962885,Foreign_Investor,7286717
2025-11-03,2454,194436,Investment_Trust,417586
2025-11-04,2454,0,Foreign_Dealer_Self,0
2025-11-04,2454,47300,Dealer_self,30000
2025-11-04,2454,54377,Dealer_Hedging,51581
2025-11-04,2454,5189223,Foreign_Investor,2323238
2025-11-04,2454,53217,Investment_Trust,68257
2025-11-05,2454,0,Foreign_Dealer_Self,0
2025-11-05,2454,136729,Investment_Trust,68314
2025-11-05,2454,78300,Dealer_self,39000
2025-11-05,2454,101936,Dealer_Hedging,44648
2025-11-05,2454,4833581,Foreign_Investor,3900503
2025-11-06,2454,0,Foreign_Dealer_Self,0
2025-11-06,2454,77504,Investment_Trust,41215
2025-11-06,2454,178700,Dealer_self,68000
2025-11-06,2454,45719,Dealer_Hedging,40761
2025-11-06,2454,3176676,Foreign_Investor,6392804
2025-11-07,2454,0,Foreign_Dealer_Self,0
2025-11-07,2454,104256,Investment_Trust,42478
2025-11-07,2454,178500,Dealer_self,107114
2025-11-07,2454,116687,Dealer_Hedging,93004
2025-11-07,2454,2045062,Foreign_Investor,5677156
2025-11-10,2454,2596479,Foreign_Investor,4094900
2025-11-10,2454,0,Foreign_Dealer_Self,0
2025-11-10,2454,51200,Dealer_self,165000
2025-11-10,2454,48136,Dealer_Hedging,23750
2025-11-10,2454,50851,Investment_Trust,133000
2025-11-11,2454,0,Foreign_Dealer_Self,0
2025-11-11,2454,72109,Investment_Trust,137478
2025-11-11,2454,173000,Dealer_self,182126
2025-11-11,2454,89914,Dealer_Hedging,79945
2025-11-11,2454,2438227,Foreign_Investor,4065783
2025-11-12,2454,0,Foreign_Dealer_Self,0
2025-11-12,2454,77000,Dealer_self,29098
2025-11-12,2454,87006,Dealer_Hedging,27519
2025-11-12,2454,2691340,Foreign_Investor,3093228
2025-11-12,2454,77000,Investment_Trust,189478
2025-11-13,2454,0,Foreign_Dealer_Self,0
2025-11-13,2454,51800,Investment_Trust,75561
2025-11-13,2454,18000,Dealer_self,26400
2025-11-13,2454,24634,Dealer_Hedging,11114
2025-11-13,2454,2120204,Foreign_Investor,2326155
2025-11-14,2454,1909517,Foreign_Investor,2815850
2025-11-14,2454,0,Foreign_Dealer_Self,0
2025-11-14,2454,88000,Investment_Trust,36749
2025-11-14,2454,62000,Dealer_self,275280
2025-11-14,2454,97100,Dealer_Hedging,69251
2025-11-17,2454,2719304,Foreign_Investor,2854770
2025-11-17,2454,0,Foreign_Dealer_Self,0
2025-11-17,2454,8000,Dealer_self,89200
2025-11-17,2454,94481,Dealer_Hedging,74157
2025-11-17,2454,221643,Investment_Trust,294804
2025-11-18,2454,0,Foreign_Dealer_Self,0
2025-11-18,2454,348000,Investment_Trust,45682
2025-11-18,2454,280000,Dealer_self,179596
2025-11-18,2454,440446,Dealer_Hedging,387316
2025-11-18,2454,3723261,Foreign_Investor,7245504
2025-11-19,2454,0,Foreign_Dealer_Self,0
2025-11-19,2454,66000,Dealer_self,217000
2025-11-19,2454,160229,Dealer_Hedging,209562
2025-11-19,2454,3903407,Foreign_Investor,4429708
2025-11-19,2454,308842,Investment_Trust,256246
2025-11-20,2454,0,Foreign_Dealer_Self,0
2025-11-20,2454,61500,Dealer_self,24556
2025-11-20,2454,116634,Dealer_Hedging,98256
2025-11-20,2454,5018131,Foreign_Investor,5308846
2025-11-20,2454,264147,Investment_Trust,51206
2025-11-21,2454,0,Foreign_Dealer_Self,0
2025-11-21,2454,104000,Dealer_self,13000
2025-11-21,2454,250869,Dealer_Hedging,55985
2025-11-21,2454,3978480,Foreign_Investor,6008277
2025-11-21,2454,411708,Investment_Trust,36000
2025-11-24,2454,0,Foreign_Dealer_Self,0
2025-11-24,2454,367000,Investment_Trust,25085
2025-11-24,2454,60000,Dealer_self,13537
2025-11-24,2454,142348,Dealer_Hedging,60491
2025-11-24,2454,7648773,Foreign_Investor,8744301
2025-11-25,2454,0,Foreign_Dealer_Self,0
2025-11-25,2454,554000,Investment_Trust,74369
2025-11-25,2454,53500,Dealer_self,15366
2025-11-25,2454,70686,Dealer_Hedging,55476
2025-11-25,2454,4922587,Foreign_Investor,5624926
2025-11-26,2454,0,Foreign_Dealer_Self,0
2025-11-26,2454,451000,Investment_Trust,8902
2025-11-26,2454,57593,Dealer_self,45100
2025-11-26,2454,412115,Dealer_Hedging,196776
2025-11-26,2454,5368889,Foreign_Investor,4865814
2025-11-27,2454,0,Foreign_Dealer_Self,0
2025-11-27,2454,1747000,Investment_Trust,92687
2025-11-27,2454,201398,Dealer_self,169000
2025-11-27,2454,210404,Dealer_Hedging,218243
2025-11-27,2454,11549659,Foreign_Investor,11904164
2025-11-28,2454,0,Foreign_Dealer_Self,0
2025-11-28,2454,485450,Dealer_self,281000
2025-11-28,2454,637464,Dealer_Hedging,457585
2025-11-28,2454,14687971,Foreign_Investor,7507642
2025-11-28,2454,631000,Investment_Trust,91537
2025-12-01,2454,0,Foreign_Dealer_Self,0
2025-12-01,2454,542319,Dealer_self,382000
2025-12-01,2454,660607,Dealer_Hedging,444209
2025-12-01,2454,11564533,Foreign_Investor,8363344
2025-12-01,2454,1977900,Investment_Trust,48000
2025-12-02,2454,6859083,Foreign_Investor,5544423
2025-12-02,2454,0,Foreign_Dealer_Self,0
2025-12-02,2454,665573,Investment_Trust,53679
2025-12-02,2454,187300,Dealer_self,115000
2025-12-02,2454,103337,Dealer_Hedging,136015
2025-12-03,2454,6726911,Foreign_Investor,5035901
2025-12-03,2454,0,Foreign_Dealer_Self,0
2025-12-03,2454,142300,Dealer_self,37000
2025-12-03,2454,74040,Dealer_Hedging,40450
2025-12-03,2454,91800,Investment_Trust,74743
2025-12-04,2454,4184134,Foreign_Investor,2727622
2025-12-04,2454,0,Foreign_Dealer_Self,0
2025-12-04,2454,51000,Investment_Trust,62268
2025-12-04,2454,32000,Dealer_self,8000
2025-12-04,2454,77354,Dealer_Hedging,52437
2025-12-05,2454,5760008,Foreign_Investor,3863015
2025-12-05,2454,0,Foreign_Dealer_Self,0
2025-12-05,2454,133000,Investment_Trust,178537
2025-12-05,2454,89000,Dealer_self,66000
2025-12-05,2454,57535,Dealer_Hedging,48703
2025-12-08,2454,0,Foreign_Dealer_Self,0
2025-12-08,2454,95000,Investment_Trust,65040
2025-12-08,2454,129100,Dealer_self,25000
2025-12-08,2454,71737,Dealer_Hedging,47297
2025-12-08,2454,3829497,Foreign_Investor,1920661
2025-12-09,2454,0,Foreign_Dealer_Self,0
2025-12-09,2454,90000,Investment_Trust,67230
2025-12-09,2454,120400,Dealer_self,15000
2025-12-09,2454,21377,Dealer_Hedging,11943
2025-12-09,2454,3476705,Foreign_Investor,3616582
2025-12-10,2454,5696459,Foreign_Investor,2376808
2025-12-10,2454,0,Foreign_Dealer_Self,0
2025-12-10,2454,32021,Investment_Trust,45784
2025-12-10,2454,291775,Dealer_self,21000
2025-12-10,2454,352222,Dealer_Hedging,148653
2025-12-11,2454,0,Foreign_Dealer_Self,0
2025-12-11,2454,68000,Investment_Trust,165291
2025-12-11,2454,103823,Dealer_self,29000
2025-12-11,2454,174305,Dealer_Hedging,269291
2025-12-11,2454,2922831,Foreign_Investor,6306188
2025-12-12,2454,0,Foreign_Dealer_Self,0
2025-12-12,2454,37000,Investment_Trust,201528
2025-12-12,2454,441900,Dealer_self,26000
2025-12-12,2454,213829,Dealer_Hedging,37139
2025-12-12,2454,1940591,Foreign_Investor,2104761
2025-12-15,2454,0,Foreign_Dealer_Self,0
2025-12-15,2454,162000,Investment_Trust,55701
2025-12-15,2454,165528,Dealer_self,57000
2025-12-15,2454,199326,Dealer_Hedging,98552
2025-12-15,2454,5696511,Foreign_Investor,4379820
2025-12-16,2454,4275634,Foreign_Investor,4167779
2025-12-16,2454,0,Foreign_Dealer_Self,0
2025-12-16,2454,79700,Dealer_self,180000
2025-12-16,2454,210822,Dealer_Hedging,206241
2025-12-16,2454,192949,Investment_Trust,186891
2025-12-17,2454,0,Foreign_Dealer_Self,0
2025-12-17,2454,508000,Investment_Trust,25472
2025-12-17,2454,285893,Dealer_Hedging,45399
2025-12-17,2454,4405562,Foreign_Investor,4621551
2025-12-17,2454,296500,Dealer_self,2000
2025-12-18,2454,0,Foreign_Dealer_Self,0
2025-12-18,2454,415000,Investment_Trust,16000
2025-12-18,2454,451325,Dealer_self,31300
2025-12-18,2454,128366,Dealer_Hedging,29904
2025-12-18,2454,1788328,Foreign_Investor,3199787
2025-12-19,2454,0,Foreign_Dealer_Self,0
2025-12-19,2454,352161,Investment_Trust,134700
2025-12-19,2454,397900,Dealer_self,56000
2025-12-19,2454,107098,Dealer_Hedging,83262
2025-12-19,2454,3977731,Foreign_Investor,5820351
2025-12-22,2454,0,Foreign_Dealer_Self,0
2025-12-22,2454,349000,Investment_Trust,44442
2025-12-22,2454,190300,Dealer_self,64560
2025-12-22,2454,223832,Dealer_Hedging,183346
2025-12-22,2454,1564141,Foreign_Investor,2750284
2025-12-23,2454,1533021,Foreign_Investor,3130400
2025-12-23,2454,0,Foreign_Dealer_Self,0
2025-12-23,2454,391000,Investment_Trust,130269
2025-12-23,2454,81000,Dealer_self,69000
2025-12-23,2454,195576,Dealer_Hedging,208757
2025-12-24,2454,0,Foreign_Dealer_Self,0
2025-12-24,2454,310630,Investment_Trust,451307
2025-12-24,2454,53060,Dealer_self,1000
2025-12-24,2454,33499,Dealer_Hedging,24714
2025-12-24,2454,863557,Foreign_Investor,1941100
2025-12-26,2454,236865,Foreign_Investor,1523316
2025-12-26,2454,0,Foreign_Dealer_Self,0
2025-12-26,2454,856000,Investment_Trust,414269
2025-12-26,2454,167000,Dealer_self,71496
2025-12-26,2454,101108,Dealer_Hedging,82556
2025-12-29,2454,2419774,Foreign_Investor,3189342
2025-12-29,2454,0,Foreign_Dealer_Self,0
2025-12-29,2454,856000,Investment_Trust,6042
2025-12-29,2454,123000,Dealer_self,43999
2025-12-29,2454,183360,Dealer_Hedging,43929
2025-12-30,2454,0,Foreign_Dealer_Self,0
2025-12-30,2454,837000,Investment_Trust,288712
2025-12-30,2454,158000,Dealer_self,7998
2025-12-30,2454,87820,Dealer_Hedging,49163
2025-12-30,2454,1079459,Foreign_Investor,2119143
2025-12-31,2454,2860850,Foreign_Investor,2405501
2025-12-31,2454,0,Foreign_Dealer_Self,0
2025-12-31,2454,1003200,Investment_Trust,426524
2025-12-31,2454,83950,Dealer_self,61713
2025-12-31,2454,126246,Dealer_Hedging,46921
2026-01-02,2454,0,Foreign_Dealer_Self,0
2026-01-02,2454,996326,Investment_Trust,12538
2026-01-02,2454,521339,Dealer_self,11950
2026-01-02,2454,529140,Dealer_Hedging,315320
2026-01-02,2454,4096148,Foreign_Investor,4467438
2026-01-05,2454,5595717,Foreign_Investor,5383135
2026-01-05,2454,0,Foreign_Dealer_Self,0
2026-01-05,2454,1396000,Investment_Trust,54181
2026-01-05,2454,784499,Dealer_self,78920
2026-01-05,2454,653506,Dealer_Hedging,472917
2026-01-06,2454,0,Foreign_Dealer_Self,0
2026-01-06,2454,83000,Dealer_self,147899
2026-01-06,2454,148303,Dealer_Hedging,194082
2026-01-06,2454,2496237,Foreign_Investor,4805328
2026-01-06,2454,507002,Investment_Trust,205440
2026-01-07,2454,0,Foreign_Dealer_Self,0
2026-01-07,2454,775500,Investment_Trust,35200
2026-01-07,2454,178382,Dealer_self,63497
2026-01-07,2454,135646,Dealer_Hedging,133988
2026-01-07,2454,3340948,Foreign_Investor,3813529
2026-01-08,2454,3068551,Foreign_Investor,4240200
2026-01-08,2454,0,Foreign_Dealer_Self,0
2026-01-08,2454,134000,Investment_Trust,116211
2026-01-08,2454,28000,Dealer_self,223085
2026-01-08,2454,147715,Dealer_Hedging,478602
2026-01-09,2454,0,Foreign_Dealer_Self,0
2026-01-09,2454,47000,Investment_Trust,281055
2026-01-09,2454,118000,Dealer_self,90400
2026-01-09,2454,261396,Dealer_Hedging,315788
2026-01-09,2454,4459740,Foreign_Investor,5369166
2026-01-12,2454,0,Foreign_Dealer_Self,0
2026-01-12,2454,9000,Dealer_self,44600
2026-01-12,2454,15117,Dealer_Hedging,20635
2026-01-12,2454,2460852,Foreign_Investor,2348416
2026-01-12,2454,10700,Investment_Trust,357576
2026-01-13,2454,0,Foreign_Dealer_Self,0
2026-01-13,2454,65500,Dealer_self,70000
2026-01-13,2454,172561,Dealer_Hedging,138717
2026-01-13,2454,7592497,Foreign_Investor,3806226
2026-01-13,2454,53000,Investment_Trust,687620
2026-01-14,2454,0,Foreign_Dealer_Self,0
2026-01-14,2454,130000,Investment_Trust,89540
2026-01-14,2454,16200,Dealer_self,64500
2026-01-14,2454,68571,Dealer_Hedging,97186
2026-01-14,2454,3742234,Foreign_Investor,2982291
2026-01-15,2454,0,Foreign_Dealer_Self,0
2026-01-15,2454,183000,Investment_Trust,780581
2026-01-15,2454,22300,Dealer_self,49938
2026-01-15,2454,44784,Dealer_Hedging,135697
2026-01-15,2454,5376202,Foreign_Investor,3863404
2026-01-16,2454,0,Foreign_Dealer_Self,0
2026-01-16,2454,75000,Investment_Trust,331177
2026-01-16,2454,29348,Dealer_self,118000
2026-01-16,2454,204653,Dealer_Hedging,210991
2026-01-16,2454,7301295,Foreign_Investor,4674993
2026-01-19,2454,0,Foreign_Dealer_Self,0
2026-01-19,2454,274000,Investment_Trust,460666
2026-01-19,2454,26000,Dealer_self,54620
2026-01-19,2454,80946,Dealer_Hedging,157741
2026-01-19,2454,2071390,Foreign_Investor,3253465
2026-01-20,2454,0,Foreign_Dealer_Self,0
2026-01-20,2454,68880,Dealer_self,96077
2026-01-20,2454,101104,Dealer_Hedging,98104
2026-01-20,2454,4468319,Foreign_Investor,4141117
2026-01-20,2454,206000,Investment_Trust,86034
2026-01-21,2454,4782586,Foreign_Investor,4746675
2026-01-21,2454,0,Foreign_Dealer_Self,0
2026-01-21,2454,280080,Investment_Trust,1142722
2026-01-21,2454,28077,Dealer_self,70000
2026-01-21,2454,226866,Dealer_Hedging,155675
2026-01-22,2454,0,Foreign_Dealer_Self,0
2026-01-22,2454,122000,Investment_Trust,203116
2026-01-22,2454,78000,Dealer_self,110000
2026-01-22,2454,119251,Dealer_Hedging,66382
2026-01-22,2454,5533910,Foreign_Investor,4373759
2026-01-23,2454,0,Foreign_Dealer_Self,0
2026-01-23,2454,368000,Investment_Trust,1759742
2026-01-23,2454,382523,Dealer_self,100180
2026-01-23,2454,987983,Dealer_Hedging,501258
2026-01-23,2454,12086583,Foreign_Investor,2569320
2026-01-26,2454,12994358,Foreign_Investor,11794750
2026-01-26,2454,0,Foreign_Dealer_Self,0
2026-01-26,2454,149000,Dealer_self,155003
2026-01-26,2454,341156,Dealer_Hedging,374656
2026-01-26,2454,1070900,Investment_Trust,89294
2026-01-27,2454,0,Foreign_Dealer_Self,0
2026-01-27,2454,92000,Dealer_self,71100
2026-01-27,2454,165538,Dealer_Hedging,239648
2026-01-27,2454,7080909,Foreign_Investor,5679202
2026-01-27,2454,458000,Investment_Trust,77414
2026-01-28,2454,0,Foreign_Dealer_Self,0
2026-01-28,2454,590000,Investment_Trust,4712
2026-01-28,2454,37620,Dealer_self,10300
2026-01-28,2454,88337,Dealer_Hedging,84730
2026-01-28,2454,4881437,Foreign_Investor,5896989
2026-01-29,2454,0,Foreign_Dealer_Self,0
2026-01-29,2454,99000,Dealer_self,126300
2026-01-29,2454,110281,Dealer_Hedging,113552
2026-01-29,2454,5920414,Foreign_Investor,4078077
2026-01-29,2454,548000,Investment_Trust,634382
2026-01-30,2454,5699288,Foreign_Investor,6241636
2026-01-30,2454,0,Foreign_Dealer_Self,0
2026-01-30,2454,448374,Investment_Trust,44786
2026-01-30,2454,78093,Dealer_self,82199
2026-01-30,2454,49372,Dealer_Hedging,219655
2026-02-02,2454,0,Foreign_Dealer_Self,0
2026-02-02,2454,212000,Dealer_self,417193
2026-02-02,2454,206104,Dealer_Hedging,269510
2026-02-02,2454,3898753,Foreign_Investor,5987100
2026-02-02,2454,320000,Investment_Trust,60832
2026-02-03,2454,0,Foreign_Dealer_Self,0
2026-02-03,2454,127000,Dealer_self,79000
2026-02-03,2454,309843,Dealer_Hedging,49972
2026-02-03,2454,5771681,Foreign_Investor,4687028
2026-02-03,2454,871733,Investment_Trust,14526
2026-02-04,2454,0,Foreign_Dealer_Self,0
2026-02-04,2454,339887,Investment_Trust,117650
2026-02-04,2454,111000,Dealer_self,44000
2026-02-04,2454,408029,Dealer_Hedging,179517
2026-02-04,2454,5193412,Foreign_Investor,5725778
2026-02-05,2454,0,Foreign_Dealer_Self,0
2026-02-05,2454,782355,Investment_Trust,21722
2026-02-05,2454,180000,Dealer_self,54000
2026-02-05,2454,144375,Dealer_Hedging,210172
2026-02-05,2454,7467121,Foreign_Investor,6779200
2026-02-06,2454,0,Foreign_Dealer_Self,0
2026-02-06,2454,32000,Dealer_self,157498
2026-02-06,2454,84164,Dealer_Hedging,315648
2026-02-06,2454,3412495,Foreign_Investor,7162391
2026-02-06,2454,265980,Investment_Trust,6447
2026-02-09,2454,0,Foreign_Dealer_Self,0
2026-02-09,2454,145400,Dealer_self,12000
2026-02-09,2454,442964,Dealer_Hedging,347752
2026-02-09,2454,7087976,Foreign_Investor,2928793
2026-02-09,2454,323573,Investment_Trust,6000
2026-02-10,2454,0,Foreign_Dealer_Self,0
2026-02-10,2454,58000,Dealer_self,18000
2026-02-10,2454,53448,Dealer_Hedging,180017
2026-02-10,2454,5928057,Foreign_Investor,6582011
2026-02-10,2454,592900,Investment_Trust,44644
2026-02-11,2454,0,Foreign_Dealer_Self,0
2026-02-11,2454,104256,Dealer_self,82000
2026-02-11,2454,90230,Dealer_Hedging,291195
2026-02-11,2454,4477636,Foreign_Investor,4108659
2026-02-11,2454,109000,Investment_Trust,103000
2026-02-23,2454,0,Foreign_Dealer_Self,0
2026-02-23,2454,153000,Dealer_self,229000
2026-02-23,2454,577638,Dealer_Hedging,632992
2026-02-23,2454,8437343,Foreign_Investor,12940451
2026-02-23,2454,288120,Investment_Trust,199710
2026-02-24,2454,4120677,Foreign_Investor,2513236
2026-02-24,2454,0,Foreign_Dealer_Self,0
2026-02-24,2454,80156,Dealer_self,63556
2026-02-24,2454,128150,Dealer_Hedging,89996
2026-02-24,2454,198061,Investment_Trust,312197
2026-02-25,2454,0,Foreign_Dealer_Self,0
2026-02-25,2454,98900,Dealer_self,441503
2026-02-25,2454,250771,Dealer_Hedging,92982
2026-02-25,2454,5527543,Foreign_Investor,2459974
2026-02-25,2454,332000,Investment_Trust,374421
2026-02-26,2454,0,Foreign_Dealer_Self,0
2026-02-26,2454,140200,Dealer_self,117350
2026-02-26,2454,240652,Dealer_Hedging,156728
2026-02-26,2454,8258915,Foreign_Investor,7501153
2026-02-26,2454,929000,Investment_Trust,619180
2026-03-02,2454,0,Foreign_Dealer_Self,0
2026-03-02,2454,355000,Investment_Trust,160251
2026-03-02,2454,57000,Dealer_self,119000
2026-03-02,2454,259695,Dealer_Hedging,342576
2026-03-02,2454,4483349,Foreign_Investor,5296506
2026-03-03,2454,3292341,Foreign_Investor,6882808
2026-03-03,2454,0,Foreign_Dealer_Self,0
2026-03-03,2454,82000,Dealer_self,200250
2026-03-03,2454,585323,Dealer_Hedging,628365
2026-03-03,2454,215200,Investment_Trust,223252
2026-03-04,2454,0,Foreign_Dealer_Self,0
2026-03-04,2454,122000,Dealer_self,427559
2026-03-04,2454,545368,Dealer_Hedging,370437
2026-03-04,2454,4780404,Foreign_Investor,7844675
2026-03-04,2454,457000,Investment_Trust,123022
2026-03-05,2454,0,Foreign_Dealer_Self,0
2026-03-05,2454,204000,Investment_Trust,212752
2026-03-05,2454,153600,Dealer_self,360000
2026-03-05,2454,129164,Dealer_Hedging,139852
2026-03-05,2454,2969386,Foreign_Investor,4525211
2026-03-06,2454,1962397,Foreign_Investor,2917690
2026-03-06,2454,0,Foreign_Dealer_Self,0
2026-03-06,2454,101000,Investment_Trust,166233
2026-03-06,2454,110000,Dealer_self,61500
2026-03-06,2454,91354,Dealer_Hedging,85162
2026-03-09,2454,0,Foreign_Dealer_Self,0
2026-03-09,2454,552326,Investment_Trust,57719
2026-03-09,2454,101000,Dealer_self,211657
2026-03-09,2454,743451,Dealer_Hedging,527189
2026-03-09,2454,5756629,Foreign_Investor,8029076
2026-03-10,2454,2591823,Foreign_Investor,3184908
2026-03-10,2454,0,Foreign_Dealer_Self,0
2026-03-10,2454,286326,Investment_Trust,395000
2026-03-10,2454,32000,Dealer_self,81444
2026-03-10,2454,102787,Dealer_Hedging,139195
2026-03-11,2454,2327882,Foreign_Investor,3276035
2026-03-11,2454,0,Foreign_Dealer_Self,0
2026-03-11,2454,92000,Investment_Trust,188533
2026-03-11,2454,215000,Dealer_self,45620
2026-03-11,2454,211327,Dealer_Hedging,52800
2026-03-12,2454,2764460,Foreign_Investor,3494421
2026-03-12,2454,0,Foreign_Dealer_Self,0
2026-03-12,2454,156120,Dealer_self,79000
2026-03-12,2454,119639,Dealer_Hedging,144379
2026-03-12,2454,71000,Investment_Trust,354256
2026-03-13,2454,0,Foreign_Dealer_Self,0
2026-03-13,2454,71300,Dealer_self,84198
2026-03-13,2454,195846,Dealer_Hedging,269193
2026-03-13,2454,1703119,Foreign_Investor,5181876
2026-03-13,2454,47000,Investment_Trust,241297
2026-03-16,2454,0,Foreign_Dealer_Self,0
2026-03-16,2454,77000,Dealer_self,39380
2026-03-16,2454,116136,Dealer_Hedging,83543
2026-03-16,2454,2288487,Foreign_Investor,2973829
2026-03-16,2454,28011,Investment_Trust,290267
2026-03-17,2454,0,Foreign_Dealer_Self,0
2026-03-17,2454,38000,Dealer_self,44000
2026-03-17,2454,111811,Dealer_Hedging,60280
2026-03-17,2454,2177026,Foreign_Investor,2720888
2026-03-17,2454,152000,Investment_Trust,264637
2026-03-18,2454,0,Foreign_Dealer_Self,0
2026-03-18,2454,16326,Investment_Trust,172186
2026-03-18,2454,134000,Dealer_self,69968
2026-03-18,2454,99491,Dealer_Hedging,103601
2026-03-18,2454,3021881,Foreign_Investor,3942514
2026-03-19,2454,0,Foreign_Dealer_Self,0
2026-03-19,2454,2000,Investment_Trust,223900
2026-03-19,2454,32200,Dealer_self,137988
2026-03-19,2454,399290,Dealer_Hedging,373244
2026-03-19,2454,2059497,Foreign_Investor,5064714
2026-03-20,2454,0,Foreign_Dealer_Self,0
2026-03-20,2454,27000,Dealer_self,92300
2026-03-20,2454,123770,Dealer_Hedging,41116
2026-03-20,2454,5703475,Foreign_Investor,4603368
2026-03-20,2454,55546,Investment_Trust,278351
2026-03-23,2454,2426089,Foreign_Investor,4101407
2026-03-23,2454,0,Foreign_Dealer_Self,0
2026-03-23,2454,100444,Investment_Trust,86227
2026-03-23,2454,44840,Dealer_self,164999
2026-03-23,2454,647851,Dealer_Hedging,539628
2026-03-24,2454,0,Foreign_Dealer_Self,0
2026-03-24,2454,37000,Investment_Trust,166246
2026-03-24,2454,31270,Dealer_self,74200
2026-03-24,2454,78243,Dealer_Hedging,140935
2026-03-24,2454,3266555,Foreign_Investor,3121800
2026-03-25,2454,0,Foreign_Dealer_Self,0
2026-03-25,2454,14000,Investment_Trust,181976
2026-03-25,2454,109000,Dealer_self,61000
2026-03-25,2454,149641,Dealer_Hedging,124882
2026-03-25,2454,2683365,Foreign_Investor,3526713
2026-03-26,2454,0,Foreign_Dealer_Self,0
2026-03-26,2454,13000,Investment_Trust,351826
2026-03-26,2454,101000,Dealer_self,115000
2026-03-26,2454,253484,Dealer_Hedging,231554
2026-03-26,2454,2956972,Foreign_Investor,5122738
2026-03-27,2454,0,Foreign_Dealer_Self,0
2026-03-27,2454,47000,Investment_Trust,831763
2026-03-27,2454,129000,Dealer_self,32060
2026-03-27,2454,425538,Dealer_Hedging,291464
2026-03-27,2454,4586946,Foreign_Investor,4041857
2026-03-30,2454,0,Foreign_Dealer_Self,0
2026-03-30,2454,274331,Investment_Trust,178145
2026-03-30,2454,75340,Dealer_self,180990
2026-03-30,2454,420624,Dealer_Hedging,317345
2026-03-30,2454,3717576,Foreign_Investor,4976630
2026-03-31,2454,0,Foreign_Dealer_Self,0
2026-03-31,2454,241300,Investment_Trust,1097053
2026-03-31,2454,136000,Dealer_self,76190
2026-03-31,2454,460619,Dealer_Hedging,155256
2026-03-31,2454,7480503,Foreign_Investor,7167170
2026-04-01,2454,0,Foreign_Dealer_Self,0
2026-04-01,2454,194331,Investment_Trust,257304
2026-04-01,2454,193000,Dealer_self,79891
2026-04-01,2454,403870,Dealer_Hedging,381211
2026-04-01,2454,5397847,Foreign_Investor,8934964
2026-04-02,2454,5606650,Foreign_Investor,6430986
2026-04-02,2454,0,Foreign_Dealer_Self,0
2026-04-02,2454,124723,Investment_Trust,152000
2026-04-02,2454,58000,Dealer_self,150481
2026-04-02,2454,318533,Dealer_Hedging,214813
2026-04-07,2454,0,Foreign_Dealer_Self,0
2026-04-07,2454,90100,Dealer_self,28555
2026-04-07,2454,250370,Dealer_Hedging,186271
2026-04-07,2454,3628831,Foreign_Investor,4458008
2026-04-07,2454,222230,Investment_Trust,908600
2026-04-08,2454,0,Foreign_Dealer_Self,0
2026-04-08,2454,108200,Dealer_self,85926
2026-04-08,2454,317656,Dealer_Hedging,141210
2026-04-08,2454,9516021,Foreign_Investor,9596843
2026-04-08,2454,127438,Investment_Trust,182918
2026-04-09,2454,0,Foreign_Dealer_Self,0
2026-04-09,2454,56200,Dealer_self,88750
2026-04-09,2454,49883,Dealer_Hedging,96487
2026-04-09,2454,5203018,Foreign_Investor,5930969
2026-04-09,2454,57436,Investment_Trust,235278
2026-04-10,2454,2342832,Foreign_Investor,3784191
2026-04-10,2454,0,Foreign_Dealer_Self,0
2026-04-10,2454,5272,Investment_Trust,281566
2026-04-10,2454,43200,Dealer_self,32600
2026-04-10,2454,49498,Dealer_Hedging,58279
2026-04-13,2454,5357213,Foreign_Investor,4917767
2026-04-13,2454,0,Foreign_Dealer_Self,0
2026-04-13,2454,62000,Dealer_self,80000
2026-04-13,2454,144603,Dealer_Hedging,115906
2026-04-13,2454,213208,Investment_Trust,738650
2026-04-14,2454,0,Foreign_Dealer_Self,0
2026-04-14,2454,150300,Dealer_self,147100
2026-04-14,2454,406831,Dealer_Hedging,268070
2026-04-14,2454,6163913,Foreign_Investor,6042723
2026-04-14,2454,640797,Investment_Trust,497734
2026-04-15,2454,0,Foreign_Dealer_Self,0
2026-04-15,2454,671445,Investment_Trust,407249
2026-04-15,2454,610923,Dealer_Hedging,563166
2026-04-15,2454,15120631,Foreign_Investor,10629865
2026-04-15,2454,578701,Dealer_self,292050
2026-04-16,2454,0,Foreign_Dealer_Self,0
2026-04-16,2454,440491,Dealer_self,66285
2026-04-16,2454,598750,Dealer_Hedging,291811
2026-04-16,2454,7418206,Foreign_Investor,6238235
2026-04-16,2454,1749373,Investment_Trust,363171
2026-04-17,2454,0,Foreign_Dealer_Self,0
2026-04-17,2454,152300,Dealer_self,56000
2026-04-17,2454,281168,Dealer_Hedging,229451
2026-04-17,2454,9893707,Foreign_Investor,4553411
2026-04-17,2454,1788154,Investment_Trust,504527
2026-04-20,2454,6106219,Foreign_Investor,6151687
2026-04-20,2454,0,Foreign_Dealer_Self,0
2026-04-20,2454,442695,Investment_Trust,272910
2026-04-20,2454,42025,Dealer_self,28000
2026-04-20,2454,60801,Dealer_Hedging,104286
2026-04-21,2454,0,Foreign_Dealer_Self,0
2026-04-21,2454,1191582,Investment_Trust,139254
2026-04-21,2454,175000,Dealer_self,137160
2026-04-21,2454,1185722,Dealer_Hedging,954376
2026-04-21,2454,8279839,Foreign_Investor,3958696
2026-04-22,2454,0,Foreign_Dealer_Self,0
2026-04-22,2454,229350,Dealer_self,54000
2026-04-22,2454,489109,Dealer_Hedging,436993
2026-04-22,2454,8863843,Foreign_Investor,9431628
2026-04-22,2454,2637106,Investment_Trust,109088
2026-04-23,2454,0,Foreign_Dealer_Self,0
2026-04-23,2454,450670,Dealer_self,272080
2026-04-23,2454,584744,Dealer_Hedging,530978
2026-04-23,2454,17391960,Foreign_Investor,16645303
2026-04-23,2454,690000,Investment_Trust,94926
2026-04-24,2454,0,Foreign_Dealer_Self,0
2026-04-24,2454,1832500,Investment_Trust,63436
2026-04-24,2454,223000,Dealer_self,212150
2026-04-24,2454,499286,Dealer_Hedging,391501
2026-04-24,2454,9263756,Foreign_Investor,8434846
2026-04-27,2454,0,Foreign_Dealer_Self,0
2026-04-27,2454,695000,Investment_Trust,129168
2026-04-27,2454,269300,Dealer_self,122953
2026-04-27,2454,365432,Dealer_Hedging,349418
2026-04-27,2454,13385959,Foreign_Investor,13242327
2026-04-28,2454,0,Foreign_Dealer_Self,0
2026-04-28,2454,112598,Dealer_self,136060
2026-04-28,2454,534902,Dealer_Hedging,555063
2026-04-28,2454,10819669,Foreign_Investor,9628435
2026-04-28,2454,1290500,Investment_Trust,75983
2026-04-29,2454,0,Foreign_Dealer_Self,0
2026-04-29,2454,43000,Dealer_self,83000
2026-04-29,2454,150509,Dealer_Hedging,176487
2026-04-29,2454,6231877,Foreign_Investor,8234616
2026-04-29,2454,1463000,Investment_Trust,88820
2026-04-30,2454,0,Foreign_Dealer_Self,0
2026-04-30,2454,198000,Investment_Trust,123066
2026-04-30,2454,102400,Dealer_self,172100
2026-04-30,2454,95307,Dealer_Hedging,126835
2026-04-30,2454,11265968,Foreign_Investor,9818523
2026-05-04,2454,0,Foreign_Dealer_Self,0
2026-05-04,2454,0,Investment_Trust,120757
2026-05-04,2454,1000,Dealer_self,1000
2026-05-04,2454,59950,Dealer_Hedging,19000
2026-05-04,2454,286986,Foreign_Investor,1109701
2026-05-05,2454,0,Foreign_Dealer_Self,0
2026-05-05,2454,25000,Dealer_self,41150
2026-05-05,2454,117205,Dealer_Hedging,88213
2026-05-05,2454,5494838,Foreign_Investor,3473351
2026-05-05,2454,196500,Investment_Trust,149387
2026-05-06,2454,0,Foreign_Dealer_Self,0
2026-05-06,2454,190200,Dealer_self,256496
2026-05-06,2454,870909,Dealer_Hedging,1179549
2026-05-06,2454,24696090,Foreign_Investor,20471272
2026-05-06,2454,778816,Investment_Trust,184952
2026-05-07,2454,4406921,Foreign_Investor,5286393
2026-05-07,2454,0,Foreign_Dealer_Self,0
2026-05-07,2454,103386,Dealer_self,40600
2026-05-07,2454,105739,Dealer_Hedging,76846
2026-05-07,2454,80005,Investment_Trust,142164
2026-05-08,2454,0,Foreign_Dealer_Self,0
2026-05-08,2454,119760,Dealer_self,52000
2026-05-08,2454,193725,Dealer_Hedging,48101
2026-05-08,2454,5348067,Foreign_Investor,5849061
2026-05-08,2454,223000,Investment_Trust,37636
2026-05-11,2454,0,Foreign_Dealer_Self,0
2026-05-11,2454,78000,Dealer_self,73535
2026-05-11,2454,46108,Dealer_Hedging,225643
2026-05-11,2454,4559459,Foreign_Investor,4930998
2026-05-11,2454,112000,Investment_Trust,93504
2026-05-12,2454,0,Foreign_Dealer_Self,0
2026-05-12,2454,123060,Dealer_self,57235
2026-05-12,2454,122371,Dealer_Hedging,159866
2026-05-12,2454,6047091,Foreign_Investor,7777353
2026-05-12,2454,42000,Investment_Trust,140649
2026-05-13,2454,4642722,Foreign_Investor,5334996
2026-05-13,2454,0,Foreign_Dealer_Self,0
2026-05-13,2454,146600,Dealer_self,107070
2026-05-13,2454,310656,Dealer_Hedging,240796
2026-05-13,2454,155311,Investment_Trust,283849
2026-05-14,2454,0,Foreign_Dealer_Self,0
2026-05-14,2454,49200,Dealer_self,55050
2026-05-14,2454,138898,Dealer_Hedging,185771
2026-05-14,2454,3457978,Foreign_Investor,3721259
2026-05-14,2454,76000,Investment_Trust,235312
2026-05-15,2454,3992213,Foreign_Investor,3657493
2026-05-15,2454,0,Foreign_Dealer_Self,0
2026-05-15,2454,14323,Dealer_self,160500
2026-05-15,2454,85329,Dealer_Hedging,207116
2026-05-15,2454,97672,Investment_Trust,445385
2026-05-18,2454,0,Foreign_Dealer_Self,0
2026-05-18,2454,141700,Dealer_self,110369
2026-05-18,2454,116648,Dealer_Hedging,111705
2026-05-18,2454,3026773,Foreign_Investor,3509093
2026-05-18,2454,181000,Investment_Trust,305123
2026-05-19,2454,0,Foreign_Dealer_Self,0
2026-05-19,2454,75800,Dealer_self,151938
2026-05-19,2454,62554,Dealer_Hedging,298427
2026-05-19,2454,4946752,Foreign_Investor,6030347
2026-05-19,2454,96448,Investment_Trust,586068
2026-05-20,2454,0,Foreign_Dealer_Self,0
2026-05-20,2454,190920,Dealer_self,141736
2026-05-20,2454,205375,Dealer_Hedging,98079
2026-05-20,2454,4273812,Foreign_Investor,5962066
2026-05-20,2454,174000,Investment_Trust,199998
2026-05-21,2454,0,Foreign_Dealer_Self,0
2026-05-21,2454,106000,Dealer_self,8080
2026-05-21,2454,191030,Dealer_Hedging,7350
2026-05-21,2454,1295016,Foreign_Investor,1725837
2026-05-21,2454,423000,Investment_Trust,823000
2026-05-22,2454,0,Foreign_Dealer_Self,0
2026-05-22,2454,593360,Dealer_self,51599
2026-05-22,2454,334171,Dealer_Hedging,423899
2026-05-22,2454,8103647,Foreign_Investor,9674001
2026-05-22,2454,2384000,Investment_Trust,847439
2026-05-25,2454,0,Foreign_Dealer_Self,0
2026-05-25,2454,28000,Investment_Trust,989000
2026-05-25,2454,4300,Dealer_self,2000
2026-05-25,2454,180831,Dealer_Hedging,14000
2026-05-25,2454,447751,Foreign_Investor,1622259
2026-05-26,2454,0,Foreign_Dealer_Self,0
2026-05-26,2454,490586,Dealer_self,164885
2026-05-26,2454,473735,Dealer_Hedging,592156
2026-05-26,2454,10056786,Foreign_Investor,8689489
2026-05-26,2454,721400,Investment_Trust,1319832
2026-05-27,2454,0,Foreign_Dealer_Self,0
2026-05-27,2454,197979,Dealer_self,73963
2026-05-27,2454,367968,Dealer_Hedging,364607
2026-05-27,2454,8223062,Foreign_Investor,5225227
2026-05-27,2454,452661,Investment_Trust,1732270
2026-05-28,2454,0,Foreign_Dealer_Self,0
2026-05-28,2454,98600,Dealer_self,198558
2026-05-28,2454,794742,Dealer_Hedging,766756
2026-05-28,2454,7198789,Foreign_Investor,8055220
2026-05-28,2454,577320,Investment_Trust,1201000
2026-05-29,2454,0,Foreign_Dealer_Self,0
2026-05-29,2454,125000,Dealer_self,122684
2026-05-29,2454,310560,Dealer_Hedging,443160
2026-05-29,2454,14087996,Foreign_Investor,16412803
2026-05-29,2454,138862,Investment_Trust,1159372
2026-06-01,2454,0,Foreign_Dealer_Self,0
2026-06-01,2454,213739,Dealer_self,320310
2026-06-01,2454,467164,Dealer_Hedging,537375
2026-06-01,2454,11527916,Foreign_Investor,7741112
2026-06-01,2454,596424,Investment_Trust,1057610
2026-06-02,2454,0,Foreign_Dealer_Self,0
2026-06-02,2454,110013,Dealer_self,462910
2026-06-02,2454,423104,Dealer_Hedging,462071
2026-06-02,2454,7671780,Foreign_Investor,8332840
2026-06-02,2454,285852,Investment_Trust,1031624
2026-06-03,2454,0,Foreign_Dealer_Self,0
2026-06-03,2454,99500,Dealer_self,48182
2026-06-03,2454,234148,Dealer_Hedging,222343
2026-06-03,2454,5467018,Foreign_Investor,4759922
2026-06-03,2454,129768,Investment_Trust,1037983
2026-06-04,2454,0,Foreign_Dealer_Self,0
2026-06-04,2454,45012,Dealer_self,169704
2026-06-04,2454,301410,Dealer_Hedging,243431
2026-06-04,2454,6190626,Foreign_Investor,5873460
2026-06-04,2454,385357,Investment_Trust,716308
2026-06-05,2454,0,Foreign_Dealer_Self,0
2026-06-05,2454,110662,Investment_Trust,218919
2026-06-05,2454,117422,Dealer_self,513798
2026-06-05,2454,428160,Dealer_Hedging,389208
2026-06-05,2454,5221164,Foreign_Investor,4806442
2026-06-08,2454,0,Foreign_Dealer_Self,0
2026-06-08,2454,655500,Investment_Trust,119060
2026-06-08,2454,124300,Dealer_self,383374
2026-06-08,2454,622004,Dealer_Hedging,634357
2026-06-08,2454,6428534,Foreign_Investor,8926612
2026-06-09,2454,0,Foreign_Dealer_Self,0
2026-06-09,2454,126200,Dealer_self,247726
2026-06-09,2454,371932,Dealer_Hedging,412603
2026-06-09,2454,7061738,Foreign_Investor,8270847
2026-06-09,2454,872000,Investment_Trust,45316
2026-06-10,2454,0,Foreign_Dealer_Self,0
2026-06-10,2454,6851904,Foreign_Investor,9000811
2026-06-10,2454,453009,Investment_Trust,34875
2026-06-10,2454,206400,Dealer_self,146878
2026-06-10,2454,741836,Dealer_Hedging,669022
2026-06-11,2454,0,Foreign_Dealer_Self,0
2026-06-11,2454,475967,Investment_Trust,260000
2026-06-11,2454,211550,Dealer_self,207638
2026-06-11,2454,779394,Dealer_Hedging,650048
2026-06-11,2454,7329050,Foreign_Investor,8767145
2026-06-12,2454,0,Foreign_Dealer_Self,0
2026-06-12,2454,4037363,Foreign_Investor,4269421
2026-06-12,2454,308001,Investment_Trust,58756
2026-06-12,2454,59517,Dealer_self,67174
2026-06-12,2454,111946,Dealer_Hedging,97550
2026-06-15,2454,0,Foreign_Dealer_Self,0
2026-06-15,2454,547526,Investment_Trust,11300
2026-06-15,2454,384837,Dealer_self,31000
2026-06-15,2454,214462,Dealer_Hedging,184158
2026-06-15,2454,5941569,Foreign_Investor,4896724
2026-06-16,2454,0,Foreign_Dealer_Self,0
2026-06-16,2454,6324564,Foreign_Investor,4863960
2026-06-16,2454,142662,Investment_Trust,77457
2026-06-16,2454,205368,Dealer_self,118801
2026-06-16,2454,140292,Dealer_Hedging,258077
2026-06-17,2454,0,Foreign_Dealer_Self,0
2026-06-17,2454,3471855,Foreign_Investor,4523677
2026-06-17,2454,40000,Investment_Trust,405849
2026-06-17,2454,231828,Dealer_self,248753
2026-06-17,2454,274510,Dealer_Hedging,277046
2026-06-18,2454,0,Foreign_Dealer_Self,0
2026-06-18,2454,8370014,Foreign_Investor,6714346
2026-06-18,2454,67300,Investment_Trust,2455210
2026-06-18,2454,44129,Dealer_self,39376
2026-06-18,2454,169942,Dealer_Hedging,156284
2026-06-19,2454,0,Foreign_Dealer_Self,0
2026-06-19,2454,2717052,Foreign_Investor,2555000
2026-06-19,2454,42000,Investment_Trust,171000
2026-06-19,2454,25000,Dealer_self,21000
2026-06-19,2454,337000,Dealer_Hedging,81000
2026-06-22,2454,6993637,Foreign_Investor,3342591
2026-06-22,2454,0,Foreign_Dealer_Self,0
2026-06-22,2454,270381,Investment_Trust,2182960
2026-06-22,2454,251200,Dealer_self,68421
2026-06-22,2454,291436,Dealer_Hedging,271457
2026-06-23,2454,0,Foreign_Dealer_Self,0
2026-06-23,2454,1081734,Investment_Trust,2211000
2026-06-23,2454,139700,Dealer_self,114100
2026-06-23,2454,379594,Dealer_Hedging,326788
2026-06-23,2454,10184303,Foreign_Investor,8809352
2026-06-24,2454,0,Foreign_Dealer_Self,0
2026-06-24,2454,127000,Dealer_self,246895
2026-06-24,2454,791280,Dealer_Hedging,710411
2026-06-24,2454,6216803,Foreign_Investor,8857736
2026-06-24,2454,467000,Investment_Trust,1938300
2026-06-25,2454,0,Foreign_Dealer_Self,0
2026-06-25,2454,6041418,Foreign_Investor,4678870
2026-06-25,2454,284599,Investment_Trust,1973392
2026-06-25,2454,41300,Dealer_self,85317
2026-06-25,2454,160359,Dealer_Hedging,133255
2026-06-26,2454,0,Foreign_Dealer_Self,0
2026-06-26,2454,204620,Investment_Trust,1146339
2026-06-26,2454,280150,Dealer_self,1272271
2026-06-26,2454,2460133,Dealer_Hedging,2795274
2026-06-26,2454,5317176,Foreign_Investor,10556224
2026-06-29,2454,0,Foreign_Dealer_Self,0
2026-06-29,2454,248600,Dealer_self,92600
2026-06-29,2454,350423,Dealer_Hedging,264333
2026-06-29,2454,6373569,Foreign_Investor,5247969
2026-06-29,2454,259375,Investment_Trust,875040
2026-06-30,2454,0,Foreign_Dealer_Self,0
2026-06-30,2454,122661,Investment_Trust,801257
2026-06-30,2454,118096,Dealer_self,46031
2026-06-30,2454,408926,Dealer_Hedging,350852
2026-06-30,2454,8424167,Foreign_Investor,7609922
2026-07-01,2454,0,Foreign_Dealer_Self,0
2026-07-01,2454,114900,Dealer_self,74000
2026-07-01,2454,106232,Dealer_Hedging,117186
2026-07-01,2454,5354015,Foreign_Investor,4859760
2026-07-01,2454,317116,Investment_Trust,470365
2026-07-02,2454,0,Foreign_Dealer_Self,0
2026-07-02,2454,122100,Dealer_self,52200
2026-07-02,2454,61848,Dealer_Hedging,31261
2026-07-02,2454,4089369,Foreign_Investor,5202653
2026-07-02,2454,512089,Investment_Trust,425100
2026-07-03,2454,0,Foreign_Dealer_Self,0
2026-07-03,2454,4700614,Foreign_Investor,8066940
2026-07-03,2454,517383,Investment_Trust,587000
2026-07-03,2454,194250,Dealer_self,86100
2026-07-03,2454,762867,Dealer_Hedging,706621
2026-07-06,2454,0,Foreign_Dealer_Self,0
2026-07-06,2454,186726,Investment_Trust,800000
2026-07-06,2454,66300,Dealer_self,126000
2026-07-06,2454,113851,Dealer_Hedging,113177
2026-07-06,2454,3246979,Foreign_Investor,2237515
2026-07-07,2454,0,Foreign_Dealer_Self,0
2026-07-07,2454,53108,Dealer_self,404108
2026-07-07,2454,335822,Dealer_Hedging,523714
2026-07-07,2454,3886943,Foreign_Investor,3674806
2026-07-07,2454,384856,Investment_Trust,549233
2026-07-08,2454,0,Foreign_Dealer_Self,0
2026-07-08,2454,163650,Dealer_self,152875
2026-07-08,2454,178824,Dealer_Hedging,145928
2026-07-08,2454,3255300,Foreign_Investor,4323977
2026-07-08,2454,618933,Investment_Trust,28000
2026-07-09,2454,0,Foreign_Dealer_Self,0
2026-07-09,2454,139504,Dealer_self,36103
2026-07-09,2454,273092,Dealer_Hedging,261627
2026-07-09,2454,3957446,Foreign_Investor,4646583
2026-07-09,2454,46996,Investment_Trust,261653
